id,word,article,plural,sort_key,level,book,chapter,pos,english,german_meaning,example_de,synonyms,antonyms,memory_trick,frequency_rank,grammar_group,preposition,govern_case,verb_present_3rd,verb_past,verb_perfect,verb_aux,adj_comparative,adj_superlative,tags,order_index
A2-0001,Büro,das,-s,buro,A2,Linie A2,Kapitel 1 – Sind Sie neu hier?,n,office,"Ein Raum, in dem man am Schreibtisch arbeitet.",Ich arbeite jeden Tag im Büro.,Amt,,,,,,,,,,,,,Abschnitt 1,1
A2-0002,vorstellen,,,vorstellen,A2,Linie A2,Kapitel 1 – Sind Sie neu hier?,v,to introduce / imagine,"Sagen, wer jemand ist (z. B. den Namen sagen).",Darf ich Ihnen Frau Berg vorstellen?,,,,,,,,stellt vor,stellte vor,hat vorgestellt,haben,,,Abschnitt 1,2
A2-0003,dürfen,,,durfen,A2,Linie A2,Kapitel 1 – Sind Sie neu hier?,v,to be allowed to / may,"Die Erlaubnis haben, etwas zu tun.",Darf ich hier parken?,,,,,,,,darf,durfte,hat gedurft,haben,,,Abschnitt 1,3
A2-0004,Entschuldigung,die,-en,entschuldigung,A2,Linie A2,Kapitel 1 – Sind Sie neu hier?,n,apology / excuse,"Das Wort, das man sagt, wenn man einen Fehler gemacht hat.","Entschuldigung, wie ist Ihr Name?",,,,,,,,,,,,,,Abschnitt 1,4
A2-0005,heißen,,,heissen,A2,Linie A2,Kapitel 1 – Sind Sie neu hier?,v,to be called,Einen Namen haben.,Ich heiße Thomas.,,,,,,,,heißt,hieß,hat geheißen,haben,,,Abschnitt 1,5
A2-0006,freuen,,,freuen,A2,Linie A2,Kapitel 1 – Sind Sie neu hier?,v,to be glad / pleased,Sich über etwas glücklich oder zufrieden fühlen.,"Es freut mich, Sie kennenzulernen.",,,,,,,,freut,freute,hat gefreut,haben,,,Abschnitt 1,6
A2-0007,kennen,,,kennen,A2,Linie A2,Kapitel 1 – Sind Sie neu hier?,v,to know (someone/something),Eine Person oder einen Ort aus Erfahrung wissen.,Kennt ihr euch schon lange?,,,,,,,,kennt,kannte,hat gekannt,haben,,,Abschnitt 1,7
A2-0008,zusammenarbeiten,,,zusammenarbeiten,A2,Linie A2,Kapitel 1 – Sind Sie neu hier?,v,to work together,Mit anderen Personen an einer Aufgabe arbeiten.,Wir müssen im Team zusammenarbeiten.,,,,,,,,zusammenarbeitet,zusammenarbeitete,hat gezusammenarbeitet,haben,,,Abschnitt 1,8
A2-0009,ansehen,,,ansehen,A2,Linie A2,Kapitel 1 – Sind Sie neu hier?,v,to look at,Etwas oder jemanden mit den Augen genau betrachten.,Wir sehen uns das Foto an.,,,,,,,,sieht an,sah an,hat angesehen,haben,,,Abschnitt 1,9
A2-0010,zuordnen,,,zuordnen,A2,Linie A2,Kapitel 1 – Sind Sie neu hier?,v,to match / assign,"Zwei Dinge, die zusammenpassen, zusammenbringen.",Bitte ordnen Sie die Wörter den Bildern zu.,zusammenpassen,,,,,,,ordnt zu,ordnte zu,hat zugeordnt,haben,,,Abschnitt 1,10
A2-0011,reagieren,,,reagieren,A2,Linie A2,Kapitel 1 – Sind Sie neu hier?,v,to react / respond,"Etwas machen oder sagen, wenn etwas passiert.",Wie reagieren Sie auf die Frage?,,,,,,,,reagiert,reagierte,hat reagiert,haben,,,Abschnitt 1,11
A2-0012,anfangen,,,anfangen,A2,Linie A2,Kapitel 1 – Sind Sie neu hier?,v,to start / begin,Mit einer Aktivität oder Arbeit beginnen.,Ich fange morgen früh an.,gründen|starten,,,,,,,fängt an,fing an,hat angefangen,haben,,,Abschnitt 1,12
A2-0013,früh,,,fruh,A2,Linie A2,Kapitel 1 – Sind Sie neu hier?,adj,early,Am Beginn des Tages oder vor der normalen Zeit.,Ich muss morgen sehr früh aufstehen.,,,,,,,,,,,,früher,am frühsten,Abschnitt 1,13
A2-0014,spät,,,spat,A2,Linie A2,Kapitel 1 – Sind Sie neu hier?,adj,late,Am Ende des Tages oder nach der normalen Zeit.,"Es ist schon spät, ich muss nach Hause.",unpünktlich,,,,,,,,,,,später,am spätesten,Abschnitt 1,14
A2-0015,müde,,,mude,A2,Linie A2,Kapitel 1 – Sind Sie neu hier?,adj,tired,Wenn man keine Energie hat und schlafen möchte.,Nach der Arbeit bin ich oft sehr müde.,,,,,,,,,,,,müder,am müdesten,Abschnitt 1,15
A2-0016,vorher,,,vorher,A2,Linie A2,Kapitel 1 – Sind Sie neu hier?,adv,before / earlier,"Zu einem früheren Zeitpunkt; nicht jetzt, sondern davor.","Wir essen gleich, aber vorher wasche ich meine Hände.",,,,,,,,,,,,,,Abschnitt 1,16
A2-0017,Café,das,-s,cafe,A2,Linie A2,Kapitel 1 – Sind Sie neu hier?,n,café,"Ein Ort, an dem man Kaffee trinken und Kuchen essen kann.",Treffen wir uns im Café?,,,,,,,,,,,,,,Abschnitt 1,17
A2-0018,weil,,,weil,A2,Linie A2,Kapitel 1 – Sind Sie neu hier?,adj,because,"Das Wort benutzt man, um einen Grund zu nennen.","Ich bleibe im Bett, weil ich krank bin.",nämlich,,,,,,,,,,,weiler,am weilsten,Abschnitt 1,18
A2-0019,Grund,der,Gründe,grund,A2,Linie A2,Kapitel 1 – Sind Sie neu hier?,n,reason,Die Ursache; warum man etwas macht.,Was ist der Grund für deine Verspätung?,,,,,,,,,,,,,,Abschnitt 1,19
A2-0020,für,,,fur,A2,Linie A2,Kapitel 1 – Sind Sie neu hier?,adj,for,"Ein Wort, das zeigt, wer etwas bekommt oder wozu es dient.",Das Geschenk ist für dich.,,,,,,,,,,,,fürer,am fürsten,Abschnitt 1,20
A2-0021,LG,,,lg,A2,Linie A2,Kapitel 1 – Sind Sie neu hier?,n,Kind regards / Best wishes,Ein netter Gruß am Ende einer SMS oder E-Mail an Freunde.,"Bis bald, LG Sarah.",,,,,,,,,,,,,,Abschnitt 1,21
A2-0022,Führerschein,der,-e,fuhrerschein,A2,Linie A2,Kapitel 1 – Sind Sie neu hier?,n,driver's license,"Ein offizielles Papier, mit dem man ein Auto fahren darf.",Ich habe meinen Führerschein gemacht.,,,,,,,,,,,,,,Abschnitt 2,22
A2-0023,Lkw,der,-s,lkw,A2,Linie A2,Kapitel 1 – Sind Sie neu hier?,n,truck,"Ein großes Auto, das schwere Sachen transportiert.",Der Lkw bringt die Pakete zur Firma.,,,,,,,,,,,,,,Abschnitt 2,23
A2-0024,Ausbildung,die,-en,ausbildung,A2,Linie A2,Kapitel 1 – Sind Sie neu hier?,n,apprenticeship / training,"Die Zeit, in der man einen Beruf in der Praxis lernt.",Er macht eine Ausbildung als Automechaniker.,Schulung,,,,,,,,,,,,,Abschnitt 2,24
A2-0025,Praktikum,das,Praktika,praktikum,A2,Linie A2,Kapitel 1 – Sind Sie neu hier?,n,internship,"Eine kurze Arbeit in einer Firma, um den Beruf kennenzulernen.",Schüler machen oft ein Praktikum in den Ferien.,,,,,,,,,,,,,,Abschnitt 2,25
A2-0026,umziehen,,,umziehen,A2,Linie A2,Kapitel 1 – Sind Sie neu hier?,v,to move (houses),In ein neues Haus oder eine neue Wohnung ziehen.,Nächsten Monat ziehen wir nach Berlin um.,,,,,,,,zieht um,zog um,ist umgezogen,sein,,,Abschnitt 2,26
A2-0027,Ausdruck,der,Ausdrücke,ausdruck,A2,Linie A2,Kapitel 1 – Sind Sie neu hier?,n,expression / printout,Ein Wort/eine Phrase ODER ein gedrucktes Papier.,"Dieser Ausdruck bedeutet ""Guten Tag"".",,,,,,,,,,,,,,Abschnitt 2,27
A2-0028,frei haben,,,frei haben,A2,Linie A2,Kapitel 1 – Sind Sie neu hier?,v,to have time off,Keine Arbeit und keine Schule haben; Freizeit haben.,Wann hast du frei?,,,,,,,,,,,,,,Abschnitt 3,28
A2-0029,stressig,,,stressig,A2,Linie A2,Kapitel 1 – Sind Sie neu hier?,adj,stressful,Wenn man viel Arbeit und keine Ruhe hat.,Die letzte Woche war sehr stressig.,,,,,,,,,,,,stressiger,am stressigsten,Abschnitt 3,29
A2-0030,aufstehen,,,aufstehen,A2,Linie A2,Kapitel 1 – Sind Sie neu hier?,v,to get up,Das Bett am Morgen verlassen.,Ich muss jeden Tag um 6 Uhr aufstehen.,,,,,,,,steht auf,stand auf,ist aufgestanden,sein,,,Abschnitt 3,30
A2-0031,gehören,,,gehoren,A2,Linie A2,Kapitel 1 – Sind Sie neu hier?,v,to belong to,Wenn eine Sache das Eigentum von jemandem ist.,Wem gehört das Auto dort?,,,,,,,,gehört,gehörte,hat gehört,haben,,,Abschnitt 4,31
A2-0032,danken,,,danken,A2,Linie A2,Kapitel 1 – Sind Sie neu hier?,v,to thank,"""Danke"" sagen für etwas, das man bekommen hat.",Ich danke dir für deine Hilfe.,,,,,,,,dankt,dankte,hat gedankt,haben,,,Abschnitt 4,32
A2-0033,Wagen,der,,wagen,A2,Linie A2,Kapitel 1 – Sind Sie neu hier?,n,car / cart,Ein Fahrzeug mit Rädern (z. B. ein Auto oder Einkaufswagen).,Er kauft einen neuen Wagen.,,,,,,,,,,,,,,Abschnitt 4,33
A2-0034,Willkommen!,,,willkommen!,A2,Linie A2,Kapitel 1 – Sind Sie neu hier?,n,Welcome!,"Ein Gruß, wenn ein Gast ankommt.",Herzlich willkommen in unserem neuen Haus!,,,,,,,,,,,,,,Abschnitt 5,34
A2-0035,Firma,die,Firmen,firma,A2,Linie A2,Kapitel 1 – Sind Sie neu hier?,n,company / business,"Ein Betrieb oder Geschäft, wo Leute arbeiten.",Meine Firma produziert Kaffeemaschinen.,Betrieb,,,,,,,,,,,,,Abschnitt 5,35
A2-0036,Chef,der,-s,chef,A2,Linie A2,Kapitel 1 – Sind Sie neu hier?,n,boss (male),Der Leiter einer Firma oder einer Abteilung.,Mein Chef gibt mir neue Aufgaben.,Chefin,,,,,,,,,,,,,Abschnitt 5,36
A2-0037,Chefin,die,-nen,chefin,A2,Linie A2,Kapitel 1 – Sind Sie neu hier?,n,boss (female),"Eine Frau, die eine Firma oder Abteilung leitet.",Unsere Chefin ist sehr nett.,Chef,,,,,,,,,,,,,Abschnitt 5,37
A2-0038,Team,das,-s,team,A2,Linie A2,Kapitel 1 – Sind Sie neu hier?,n,team,"Eine Gruppe von Menschen, die zusammenarbeiten.",Unser Team hat das Projekt erfolgreich beendet.,Mannschaft,,,,,,,,,,,,,Abschnitt 5,38
A2-0039,Teamleiter,der,,teamleiter,A2,Linie A2,Kapitel 1 – Sind Sie neu hier?,n,team leader (male),"Die Person, die ein Team organisiert und leitet.",Herr Schmidt ist der neue Teamleiter.,Teamleiterin,,,,,,,,,,,,,Abschnitt 5,39
A2-0040,Teamleiterin,die,-nen,teamleiterin,A2,Linie A2,Kapitel 1 – Sind Sie neu hier?,n,team leader (female),"Eine Frau, die ein Team organisiert und leitet.",Frau Weber arbeitet als Teamleiterin.,Teamleiter,,,,,,,,,,,,,Abschnitt 5,40
A2-0041,erklären,,,erklaren,A2,Linie A2,Kapitel 1 – Sind Sie neu hier?,v,to explain,"Etwas so beschreiben, dass andere es verstehen.",Können Sie mir die Aufgabe bitte erklären?,,,,,,,,erklärt,erklärte,hat erklärt,haben,,,Abschnitt 5,41
A2-0042,Hausmeister,der,,hausmeister,A2,Linie A2,Kapitel 1 – Sind Sie neu hier?,n,caretaker / janitor (male),"Eine Person, die sich um ein Gebäude kümmert und Dinge repariert.",Der Hausmeister repariert das Licht im Flur.,Hausmeisterin,,,,,,,,,,,,,Abschnitt 5,42
A2-0043,Hausmeisterin,die,-nen,hausmeisterin,A2,Linie A2,Kapitel 1 – Sind Sie neu hier?,n,caretaker / janitor (female),"Eine Frau, die sich um ein Gebäude kümmert.","Rufen Sie die Hausmeisterin an, wenn die Heizung kaputt ist.",Hausmeister,,,,,,,,,,,,,Abschnitt 5,43
A2-0044,Arbeitskleidung,die,,arbeitskleidung,A2,Linie A2,Kapitel 1 – Sind Sie neu hier?,n,work clothes,"Spezielle Kleidung, die man nur bei der Arbeit trägt.",In der Fabrik müssen wir Arbeitskleidung tragen.,,,,,,,,,,,,,,Abschnitt 5|nur Singular,44
A2-0045,Schlüssel,der,,schlussel,A2,Linie A2,Kapitel 1 – Sind Sie neu hier?,n,key,"Ein Gegenstand aus Metall, mit dem man eine Tür öffnet.",Ich kann meinen Schlüssel nicht finden.,,,,,,,,,,,,,,Abschnitt 5,45
A2-0046,leiten,,,leiten,A2,Linie A2,Kapitel 1 – Sind Sie neu hier?,v,to lead / manage,Die Verantwortung für ein Projekt oder eine Gruppe haben.,Sie leitet die Abteilung seit zwei Jahren.,schaffen|zurechtkommen,,,,,,,leitet,leitete,hat geleitet,haben,,,Abschnitt 5,46
A2-0047,Personalbüro,das,-s,personalburo,A2,Linie A2,Kapitel 1 – Sind Sie neu hier?,n,HR office,"Die Abteilung in einer Firma, die sich um die Mitarbeiter kümmert.",Bringen Sie den Vertrag bitte ins Personalbüro.,,,,,,,,,,,,,,Abschnitt 5,47
A2-0048,Freude,die,,freude,A2,Linie A2,Kapitel 1 – Sind Sie neu hier?,n,joy / pleasure,Ein Gefühl von Glück und Zufriedenheit.,Wir wünschen Ihnen viel Freude bei der Arbeit!,,,,,,,,,,,,,,Abschnitt 5|nur Singular,48
A2-0049,wünschen,,,wunschen,A2,Linie A2,Kapitel 1 – Sind Sie neu hier?,v,to wish,"Sagen, was man sich für sich selbst oder für andere erhofft.",Ich wünsche dir alles Gute zum Geburtstag.,,,,,,,,wünscht,wünschte,hat gewünscht,haben,,,Abschnitt 5,49
A2-0050,Mail,die,-s,mail,A2,Linie A2,Kapitel 1 – Sind Sie neu hier?,n,e-mail,Eine elektronische Nachricht am Computer oder Smartphone.,Ich schreibe dir heute Abend eine Mail.,,,,,,,,,,,,,,Abschnitt 5,50
A2-0051,Bescheid sagen,,,bescheid sagen,A2,Linie A2,Kapitel 1 – Sind Sie neu hier?,v,to let someone know,Jemandem eine Information geben oder Bescheid geben.,"Kannst du mir bitte Bescheid sagen, wenn du fertig bist?",Bescheid geben,,,,,,,,,,,,,Abschnitt 6,51
A2-0052,schließen,,,schliessen,A2,Linie A2,Kapitel 1 – Sind Sie neu hier?,v,to close,Eine Tür oder ein Fenster zumachen.,"Bitte schließen Sie die Tür, es zieht.",,,,,,,,schließt,schloss,hat geschlossen,haben,,,Abschnitt 6,52
A2-0053,Tür,die,-en,tur,A2,Linie A2,Kapitel 1 – Sind Sie neu hier?,n,door,"Die Öffnung, durch die man in ein Zimmer geht.",Die Tür zum Büro ist offen.,,,,,,,,,,,,,,Abschnitt 6,53
A2-0054,Blatt,das,Blätter,blatt,A2,Linie A2,Kapitel 1 – Sind Sie neu hier?,n,sheet / leaf,Ein Stück Papier zum Schreiben ODER der grüne Teil einer Pflanze.,Ich brauche ein leeres Blatt Papier.,,,,,,,,,,,,,,Abschnitt 6,54
A2-0055,höflich,,,hoflich,A2,Linie A2,Kapitel 1 – Sind Sie neu hier?,adj,polite,Wenn man freundlich ist und gute Manieren hat.,Am Telefon muss man immer höflich sein.,,,,,,,,,,,,höflicher,am höflichsten,Abschnitt 6,55
A2-0056,freundlich,,,freundlich,A2,Linie A2,Kapitel 1 – Sind Sie neu hier?,adj,friendly,Nett und liebenswürdig zu anderen Menschen.,Die Kollegen in der neuen Firma sind sehr freundlich.,sympathisch,,,,,,,,,,,freundlicher,am freundlichsten,Abschnitt 6,56
A2-0057,unfreundlich,,,unfreundlich,A2,Linie A2,Kapitel 1 – Sind Sie neu hier?,adj,unfriendly,Nicht nett; schlecht gelaunt zu anderen Menschen.,Der Kellner im Restaurant war leider sehr unfreundlich.,,,,,,,,,,,,unfreundlicher,am unfreundlichsten,Abschnitt 6,57
A2-0058,klingen,,,klingen,A2,Linie A2,Kapitel 1 – Sind Sie neu hier?,v,to sound,Wie ein Geräusch oder eine Stimme wirkt.,Das Lied klingt sehr schön.,,,,,,,,klingt,klang,hat geklungen,haben,,,Abschnitt 6,58
A2-0059,aufschreiben,,,aufschreiben,A2,Linie A2,Kapitel 1 – Sind Sie neu hier?,v,to write down,"Etwas mit einem Stift auf Papier notieren, um es nicht zu vergessen.",Ich muss mir deine Telefonnummer aufschreiben.,,,,,,,,schreibt auf,schrieb auf,hat aufgeschrieben,haben,,,Abschnitt 6,59
A2-0060,Formular,das,-e,formular,A2,Linie A2,Kapitel 1 – Sind Sie neu hier?,n,form,"Ein Dokument mit Fragen, das man ausfüllen muss.",Bitte füllen Sie dieses Formular aus.,Antrag,,,,,,,,,,,,,Abschnitt 7,60
A2-0061,ausfüllen,,,ausfullen,A2,Linie A2,Kapitel 1 – Sind Sie neu hier?,v,to fill out,Informationen in ein Formular schreiben.,Sie müssen den Antrag komplett ausfüllen.,,,,,,,,füllt aus,füllte aus,hat ausgefüllt,haben,,,Abschnitt 7,61
A2-0062,Verkehr,der,,verkehr,A2,Linie A2,Kapitel 1 – Sind Sie neu hier?,n,traffic,"Viele Autos, Busse und Fahrräder auf der Straße.",Um 8 Uhr morgens gibt es immer viel Verkehr.,,,,,,,,,,,,,,Abschnitt 7|nur Singular,62
A2-0063,zurückkommen,,,zuruckkommen,A2,Linie A2,Kapitel 1 – Sind Sie neu hier?,v,to come back / return,"Wieder an den Ort gehen, wo man vorher war.",Wann wirst du von der Reise zurückkommen?,,,,,,,,kommt zurück,kam zurück,ist zurückgekommen,sein,,,Abschnitt 7,63
A2-0064,Pizzeria,die,Pizzerien,pizzeria,A2,Linie A2,Kapitel 1 – Sind Sie neu hier?,n,pizzeria,"Ein Restaurant, in dem man Pizza essen kann.",Gehen wir heute Abend in die Pizzeria?,,,,,,,,,,,,,,Abschnitt 7,64
A2-0065,Kantine,die,-n,kantine,A2,Linie A2,Kapitel 1 – Sind Sie neu hier?,n,cafeteria / canteen,Ein Restaurant in einer Firma oder Schule für die Mitarbeiter.,Wir essen mittags meistens in der Kantine.,,,,,,,,,,,,,,Abschnitt 7,65
A2-0066,kennenlernen,,,kennenlernen,A2,Linie A2,Kapitel 1 – Sind Sie neu hier?,v,to get to know,Eine Person zum ersten Mal treffen und Informationen austauschen.,Ich möchte die neuen Kollegen kennenlernen.,,,,,,,,kennenlernt,kennenlernte,hat gekennenlernt,haben,,,Abschnitt 7,66
A2-0067,hoffen,,,hoffen,A2,Linie A2,Kapitel 1 – Sind Sie neu hier?,v,to hope,"Wünschen und glauben, dass etwas Gutes passiert.","Ich hoffe, dass das Wetter morgen gut wird.",,,,,,,,hofft,hoffte,hat gehofft,haben,,,Abschnitt 7,67
A2-0068,Auftrag,der,Aufträge,auftrag,A2,Linie A2,Kapitel 1 – Sind Sie neu hier?,n,order / assignment,"Eine Arbeit oder ein Projekt, das ein Kunde bestellt hat.",Die Firma hat einen großen Auftrag bekommen.,,,,,,,,,,,,,,Abschnitt 7,68
A2-0069,vorbei,,,vorbei,A2,Linie A2,Kapitel 1 – Sind Sie neu hier?,adj,over / past,Wenn etwas zu Ende ist.,Die erste Woche ist vorbei!,,,,,,,,,,,,vorbeier,am vorbeisten,Abschnitt 7,69
A2-0070,Einstand,der,,einstand,A2,Linie A2,Kapitel 1 – Sind Sie neu hier?,n,inaugural party,"Eine kleine Feier, wenn man einen neuen Job beginnt.",Wann feiern wir deinen Einstand?,Einstandsfeier,,,,,,,,,,,,,Abschnitt 8|nur Singular,70
A2-0071,Einstandsfeier,die,-n,einstandsfeier,A2,Linie A2,Kapitel 1 – Sind Sie neu hier?,n,inaugural party / celebration,"Das Fest, das man zur Feier des neuen Jobs macht.",Ich lade alle Kollegen zu meiner Einstandsfeier ein.,Einstand,,,,,,,,,,,,,Abschnitt 8,71
A2-0072,Fahrer,der,,fahrer,A2,Linie A2,Kapitel 1 – Sind Sie neu hier?,n,driver (male),"Eine Person, die ein Auto, einen Bus oder Lkw fährt.",Der Fahrer des Taxis war sehr nett.,Fahrerin,,,,,,,,,,,,,Abschnitt 8,72
A2-0073,Fahrerin,die,-nen,fahrerin,A2,Linie A2,Kapitel 1 – Sind Sie neu hier?,n,driver (female),"Eine Frau, die ein Fahrzeug lenkt.",Die Busfahrerin hält an der Station.,Fahrer,,,,,,,,,,,,,Abschnitt 8,73
A2-0074,am besten,,,am besten,A2,Linie A2,Kapitel 1 – Sind Sie neu hier?,v,best,Die beste Option von allen Möglichkeiten.,Wie mache ich das am besten?,,,,,,,,,,,,,,Abschnitt 8,74
A2-0075,Brötchen,das,,brotchen,A2,Linie A2,Kapitel 1 – Sind Sie neu hier?,n,bread roll,"Ein kleines, rundes Brot, das man oft zum Frühstück isst.",Ich kaufe zwei Brötchen beim Bäcker.,,,,,,,,,,,,,,Abschnitt 8,75
A2-0076,Knabberzeug,das,,knabberzeug,A2,Linie A2,Kapitel 1 – Sind Sie neu hier?,n,snacks,Snacks wie Chips oder Nüsse für eine Party.,Wir brauchen noch Bier und Knabberzeug für den Abend.,,,,,,,,,,,,,,Abschnitt 8|nur Singular,76
A2-0077,Spezialität,die,-en,spezialitat,A2,Linie A2,Kapitel 1 – Sind Sie neu hier?,n,specialty,Ein besonderes Essen aus einer bestimmten Region oder einem Land.,Die bayerische Spezialität schmeckt sehr gut.,,,,,,,,,,,,,,Abschnitt 8,77
A2-0078,Getränk,das,-e,getrank,A2,Linie A2,Kapitel 1 – Sind Sie neu hier?,n,drink / beverage,"Eine Flüssigkeit, die man trinken kann (z. B. Wasser, Saft, Bier).",Welches Getränk möchten Sie bestellen?,,,,,,,,,,,,,,Abschnitt 8,78
A2-0079,peinlich,,,peinlich,A2,Linie A2,Kapitel 1 – Sind Sie neu hier?,adj,embarrassing,"Eine Situation, in der man sich unwohl oder beschämt fühlt.","Es war mir peinlich, dass ich den Namen vergessen habe.",,,,,,,,,,,,peinlicher,am peinlichsten,Abschnitt 8,79
A2-0080,spätestens,,,spatestens,A2,Linie A2,Kapitel 1 – Sind Sie neu hier?,adj,at the latest,Nicht nach einer bestimmten Uhrzeit oder einem Datum.,Du musst spätestens um 20 Uhr zu Hause sein.,,,,,,,,,,,,spätestenser,am spätestensesten,Abschnitt 8,80
A2-0081,übrigens,,,ubrigens,A2,Linie A2,Kapitel 1 – Sind Sie neu hier?,adj,by the way,"Ein Wort, um eine neue, zusätzliche Information zu sagen.","Ich gehe heute einkaufen, übrigens: Brauchst du noch Milch?",,,,,,,,,,,,übrigenser,am übrigensesten,Abschnitt 8,81
A2-0082,natürlich,,,naturlich,A2,Linie A2,Kapitel 1 – Sind Sie neu hier?,adv,of course / naturally,Selbstverständlich; klar.,"Kommst du zu meiner Party? – Ja, natürlich!",,,,,,,,,,,,,,Abschnitt 8,82
A2-0083,ungefähr,,,ungefahr,A2,Linie A2,Kapitel 1 – Sind Sie neu hier?,adj,approximately / about,"Nicht exakt, aber fast; circa.",Der Weg zur Arbeit dauert ungefähr zwanzig Minuten.,etwa,,,,,,,,,,,ungefährer,am ungefährsten,Abschnitt 8,83
A2-0084,Kaffeepause,die,-n,kaffeepause,A2,Linie A2,Kapitel 1 – Sind Sie neu hier?,n,coffee break,"Eine kurze Pause bei der Arbeit, um Kaffee zu trinken.",Um 15 Uhr machen wir eine kurze Kaffeepause.,,,,,,,,,,,,,,Abschnitt 8,84
A2-0085,Nachbarschaft,die,,nachbarschaft,A2,Linie A2,Kapitel 1 – Sind Sie neu hier?,n,neighborhood,"Die Menschen, die in der Nähe wohnen, oder die Umgebung.",Wir haben eine sehr nette Nachbarschaft.,Umgebung|Stadtteil,,,,,,,,,,,,,Abschnitt 8|nur Singular,85
A2-0086,Verein,der,-e,verein,A2,Linie A2,Kapitel 1 – Sind Sie neu hier?,n,club / association,"Eine Organisation, in der Menschen mit gleichen Interessen zusammenkommen (z. B. Sportverein).",Er spielt Fußball in einem Verein.,,,,,,,,,,,,,,Abschnitt 8,86
A2-0087,Möbel,die,,mobel,A2,Linie A2,Kapitel 2 – Zusammen wohnen,n,furniture,"Gegenstände in der Wohnung wie Tische, Stühle oder Schränke.",Wir müssen neue Möbel für das Wohnzimmer kaufen.,,,,,,,,,,,,,,Abschnitt 1,87
A2-0088,Einrichtung,die,,einrichtung,A2,Linie A2,Kapitel 2 – Zusammen wohnen,n,interior design / furnishing,Alle Möbel und Dekorationen zusammen in einer Wohnung.,Deine Wohnung hat eine sehr moderne Einrichtung.,,,,,,,,,,,,,,Abschnitt 1|nur Singular,88
A2-0089,Ding,das,-e,ding,A2,Linie A2,Kapitel 2 – Zusammen wohnen,n,thing,"Ein Gegenstand, dessen Name man oft im Moment nicht weiß.",Was ist das für ein Ding auf dem Tisch?,,,,,,,,,,,,,,Abschnitt 1,89
A2-0090,Couch,die,-s,couch,A2,Linie A2,Kapitel 2 – Zusammen wohnen,n,couch / sofa,Ein bequemes Möbelstück für mehrere Personen zum Sitzen oder Liegen.,Abends sitze ich gern auf der Couch und sehe fern.,,,,,,,,,,,,,,Abschnitt 1,90
A2-0091,Matratze,die,-n,matratze,A2,Linie A2,Kapitel 2 – Zusammen wohnen,n,mattress,"Das weiche Teil im Bett, auf dem man schläft.","Ich brauche eine neue Matratze, weil mein Rücken wehtut.",,,,,,,,,,,,,,Abschnitt 1,91
A2-0092,Kissen,das,,kissen,A2,Linie A2,Kapitel 2 – Zusammen wohnen,n,pillow / cushion,Ein weicher Gegenstand für den Kopf im Bett oder auf dem Sofa.,Ich schlafe am besten mit einem großen Kissen.,,,,,,,,,,,,,,Abschnitt 1,92
A2-0093,Schreibtisch,der,-e,schreibtisch,A2,Linie A2,Kapitel 2 – Zusammen wohnen,n,desk,"Ein Tisch, an dem man arbeitet, schreibt oder am Computer sitzt.",Mein Schreibtisch steht direkt am Fenster.,,,,,,,,,,,,,,Abschnitt 1,93
A2-0094,Stehlampe,die,-n,stehlampe,A2,Linie A2,Kapitel 2 – Zusammen wohnen,n,floor lamp,"Eine Lampe, die auf dem Boden steht.",Die Stehlampe macht ein sehr gemütliches Licht.,,,,,,,,,,,,,,Abschnitt 1,94
A2-0095,Teppich,der,-e,teppich,A2,Linie A2,Kapitel 2 – Zusammen wohnen,n,carpet / rug,"Ein Stück Stoff, das als Dekoration auf dem Boden liegt.",Der Teppich im Wohnzimmer ist weich und warm.,,,,,,,,,,,,,,Abschnitt 1,95
A2-0096,Vorhang,der,Vorhänge,vorhang,A2,Linie A2,Kapitel 2 – Zusammen wohnen,n,curtain,"Ein Stück Stoff vor dem Fenster, um das Licht zu stoppen.","Bitte mach den Vorhang zu, die Sonne blendet.",,,,,,,,,,,,,,Abschnitt 1,96
A2-0097,Spülmaschine,die,-n,spulmaschine,A2,Linie A2,Kapitel 2 – Zusammen wohnen,n,dishwasher,"Eine Maschine, die schmutziges Geschirr automatisch wäscht.",Wir stellen die Teller in die Spülmaschine.,,,,,,,,,,,,,,Abschnitt 1,97
A2-0098,Geschirr,das,,geschirr,A2,Linie A2,Kapitel 2 – Zusammen wohnen,n,dishes,"Alle Teller, Tassen und Schüsseln, die man zum Essen benutzt.",Wer wäscht heute das Geschirr ab?,,,,,,,,,,,,,,Abschnitt 1|nur Singular,98
A2-0099,Besteck,das,,besteck,A2,Linie A2,Kapitel 2 – Zusammen wohnen,n,cutlery,"Messer, Gabeln und Löffel, mit denen man isst.",Leg bitte das Besteck auf den Tisch.,,,,,,,,,,,,,,Abschnitt 1|nur Singular,99
A2-0100,Staubsauger,der,,staubsauger,A2,Linie A2,Kapitel 2 – Zusammen wohnen,n,vacuum cleaner,"Ein Gerät, mit dem man den Staub vom Boden sauber macht.","Der Staubsauger ist laut, aber er macht den Teppich sauber.",,,,,,,,,,,,,,Abschnitt 1,100
A2-0101,Umzug,der,Umzüge,umzug,A2,Linie A2,Kapitel 2 – Zusammen wohnen,n,move (relocation),Wenn man von einer Wohnung in eine andere Wohnung wechselt.,Der Umzug in die neue Stadt war sehr anstrengend.,,,,,,,,,,,,,,Abschnitt 1,101
A2-0102,Karton,der,-s,karton,A2,Linie A2,Kapitel 2 – Zusammen wohnen,n,cardboard box,"Eine Kiste aus Papier, in die man Sachen für den Umzug packt.",Wir müssen die Bücher in einen Karton legen.,,,,,,,,,,,,,,Abschnitt 1,102
A2-0103,ausziehen,,,ausziehen,A2,Linie A2,Kapitel 2 – Zusammen wohnen,v,to move out,Eine Wohnung komplett verlassen und die Schlüssel abgeben.,Mein Bruder möchte von zu Hause ausziehen.,,,,,,,,zieht aus,zog aus,hat ausgezogen,haben,,,Abschnitt 1,103
A2-0104,mitnehmen,,,mitnehmen,A2,Linie A2,Kapitel 2 – Zusammen wohnen,v,to take along,Eine Sache an einen anderen Ort bringen oder transportieren.,"Vergiss nicht, deinen Regenschirm mitzunehmen.",,,,,,,,nimmt mit,nahm mit,hat mitgenommen,haben,,,Abschnitt 1,104
A2-0105,Wie oft?,,,wie oft?,A2,Linie A2,Kapitel 2 – Zusammen wohnen,phrase,How often?,Eine Frage nach der Frequenz oder Häufigkeit von einer Aktivität.,Wie oft gehst du in der Woche zum Sport?,,,,,,,,,,,,,,Abschnitt 1,105
A2-0106,abgeben,,,abgeben,A2,Linie A2,Kapitel 2 – Zusammen wohnen,v,to hand in / deliver,Jemandem eine Sache geben (z. B. ein Formular oder ein Paket).,Ich muss das Paket bei der Post abgeben.,,,,,,,,gibt ab,gab ab,hat abgegeben,haben,,,Abschnitt 2,106
A2-0107,allein,,,allein,A2,Linie A2,Kapitel 2 – Zusammen wohnen,adj,alone,Ohne andere Menschen; ganz für sich selbst.,Sie wohnt allein in einer kleinen Wohnung.,,,,,,,,,,,,alleiner,am alleinsten,Abschnitt 2,107
A2-0108,außerdem,,,ausserdem,A2,Linie A2,Kapitel 2 – Zusammen wohnen,adv,besides / furthermore,"Ein Wort, um eine weitere Information zu ergänzen; auch.","Das Kleid ist schön, außerdem ist es billig.",,,,,,,,,,,,,,Abschnitt 2,108
A2-0109,Badewanne,die,-n,badewanne,A2,Linie A2,Kapitel 2 – Zusammen wohnen,n,bathtub,"Ein großes Objekt im Badezimmer, in dem man sitzen und baden kann.",Nach einem langen Tag liege ich gern in der Badewanne.,,,,,,,,,,,,,,Abschnitt 2,109
A2-0110,glücklich,,,glucklich,A2,Linie A2,Kapitel 2 – Zusammen wohnen,adj,happy,Wenn man sehr froh und mit dem Leben zufrieden ist.,Sie ist glücklich in ihrer neuen Partnerschaft.,froh,,,,,,,,,,,glücklicher,am glücklichsten,Abschnitt 2,110
A2-0111,nämlich,,,namlich,A2,Linie A2,Kapitel 2 – Zusammen wohnen,adj,namely / because,"Ein Wort, das eine Erklärung für den Satz davor gibt.","Ich kann nicht kommen, ich bin nämlich krank.",weil,,,,,,,,,,,nämlicher,am nämlichsten,Abschnitt 2,111
A2-0112,Tier,das,-e,tier,A2,Linie A2,Kapitel 2 – Zusammen wohnen,n,animal,"Ein Lebewesen, das kein Mensch und keine Pflanze ist (z. B. Hund, Katze).",Habt ihr ein Tier zu Hause?,,,,,,,,,,,,,,Abschnitt 2,112
A2-0113,zurückgehen,,,zuruckgehen,A2,Linie A2,Kapitel 2 – Zusammen wohnen,v,to go back,Wieder an den Startpunkt oder den alten Ort gehen.,"Wir müssen zurückgehen, ich habe mein Handy vergessen.",,,,,,,,geht zurück,ging zurück,ist zurückgegangen,sein,,,Abschnitt 2,113
A2-0114,beschreiben,,,beschreiben,A2,Linie A2,Kapitel 2 – Zusammen wohnen,v,to describe,"Mit Worten genau sagen, wie eine Person oder Sache aussieht.",Können Sie mir den Weg zum Bahnhof beschreiben?,,,,,,,,beschreibt,beschreibte,hat beschreibt,haben,,,Abschnitt 3,114
A2-0115,Bettdecke,die,-n,bettdecke,A2,Linie A2,Kapitel 2 – Zusammen wohnen,n,duvet / blanket,"Eine große, warme Decke, die man im Bett über sich legt.",Im Winter brauche ich eine dicke Bettdecke.,Decke,,,,,,,,,,,,,Abschnitt 3,115
A2-0116,Boden,der,die Böden,boden,A2,Linie A2,Kapitel 2 – Zusammen wohnen,n,floor / ground,"Der Teil im Zimmer, auf dem man steht und geht.",Auf dem Boden liegen viele Spielzeuge.,Stock  / im ersten/zweiten/... Stock,,,,,,,,,,,,,Abschnitt 3,116
A2-0117,Decke,die,-n,decke,A2,Linie A2,Kapitel 2 – Zusammen wohnen,n,ceiling / blanket,Die obere Wand in einem Raum ODER ein Stoff zum Wärmen.,An der Decke hängt eine schöne Lampe.,Bettdecke,,,,,,,,,,,,,Abschnitt 3,117
A2-0118,Jeans,die,,jeans,A2,Linie A2,Kapitel 2 – Zusammen wohnen,n,jeans,"Eine Hose aus blauem, festem Baumwollstoff.",Ich trage in der Freizeit am liebsten eine Jeans.,,,,,,,,,,,,,,Abschnitt 3,118
A2-0119,Leiter,die,-n,leiter,A2,Linie A2,Kapitel 2 – Zusammen wohnen,n,ladder,"Ein Gerät aus Holz oder Metall, mit dem man nach oben klettern kann.","Der Maler braucht eine Leiter, um die Wand zu streichen.",,,,,,,,,,,,,,Abschnitt 3,119
A2-0120,hinter,,,hinter,A2,Linie A2,Kapitel 2 – Zusammen wohnen,adj,behind,"Eine Position, die sich im Rücken von etwas befindet.",Das Auto parkt hinter dem Haus.,,,,,,,,,,,,hinterer,am hintersten,Abschnitt 3,120
A2-0121,neben,,,neben,A2,Linie A2,Kapitel 2 – Zusammen wohnen,v,next to,"Eine Position, die sich direkt auf der Seite von etwas befindet.",Mein Stuhl steht neben deinem Tisch.,,,,,,,,nebt,nebte,hat genebt,haben,,,Abschnitt 3,121
A2-0122,Papierkorb,der,Papierkörbe,papierkorb,A2,Linie A2,Kapitel 2 – Zusammen wohnen,n,wastepaper basket,Ein kleiner Eimer im Büro für altes Papier und Müll.,Wirf den Zettel bitte in den Papierkorb.,,,,,,,,,,,,,,Abschnitt 3,122
A2-0123,üben,,,uben,A2,Linie A2,Kapitel 2 – Zusammen wohnen,v,to practice,"Etwas oft wiederholen, um darin besser zu werden.",Du musst jeden Tag ein bisschen Deutsch üben.,,,,,,,,übt,übte,hat geübt,haben,,,Abschnitt 3,123
A2-0124,Werkzeug,das,-e,werkzeug,A2,Linie A2,Kapitel 2 – Zusammen wohnen,n,tool,"Objekte wie Hammer oder Schraubenzieher, mit denen man Dinge repariert.",Mein Vater hat viel Werkzeug im Keller.,,,,,,,,,,,,,,Abschnitt 3,124
A2-0125,darauf,,,darauf,A2,Linie A2,Kapitel 2 – Zusammen wohnen,adj,on it,Auf einer bestimmten Sache (Ort oder Thema).,Das Buch liegt auf dem Tisch und ein Stift liegt darauf.,,,,,,,,,,,,daraufer,am daraufsten,Abschnitt 4,125
A2-0126,einrichten,,,einrichten,A2,Linie A2,Kapitel 2 – Zusammen wohnen,v,to furnish,"Möbel in eine Wohnung stellen, so dass man darin wohnen kann.",Wie wollen wir das neue Wohnzimmer einrichten?,,,,,,,,richtet ein,richtete ein,hat eingerichtet,haben,,,Abschnitt 4,126
A2-0127,Grundriss,der,-e,grundriss,A2,Linie A2,Kapitel 2 – Zusammen wohnen,n,floor plan,"Eine Zeichnung, die die Zimmer einer Wohnung von oben zeigt.",Auf dem Grundriss sieht man die Größe der Küche.,,,,,,,,,,,,,,Abschnitt 4,127
A2-0128,hängen,,,hangen,A2,Linie A2,Kapitel 2 – Zusammen wohnen,v,to hang,"An einer Wand oder Decke befestigt sein, ohne den Boden zu berühren.",Das Bild soll an der Wand hängen.,,,,,,,,hängt,hing,hat gehangen,haben,,,Abschnitt 4,128
A2-0129,Kiste,die,-n,kiste,A2,Linie A2,Kapitel 2 – Zusammen wohnen,n,box / crate,"Eine Box aus Holz oder Plastik, um Dinge zu transportieren.",In der Küche steht eine Kiste mit Äpfeln.,,,,,,,,,,,,,,Abschnitt 4,129
A2-0130,Müll,der,,mull,A2,Linie A2,Kapitel 2 – Zusammen wohnen,n,trash / garbage,"Sachen, die man nicht mehr braucht und wegwirft.",Bringst du bitte den Müll nach draußen?,,,,,,,,,,,,,,Abschnitt 4|nur Singular,130
A2-0131,stellen,,,stellen,A2,Linie A2,Kapitel 2 – Zusammen wohnen,v,to put / place (upright),Einen Gegenstand vertikal oder stehend an einen Platz bringen.,Bitte stellen Sie die Flasche auf den Tisch.,,,,,,,,stellt,stellte,hat gestellt,haben,,,Abschnitt 4,131
A2-0132,Vase,die,-n,vase,A2,Linie A2,Kapitel 2 – Zusammen wohnen,n,vase,"Ein hoher Behälter, in den man Blumen mit Wasser stellt.",Die Blumen stehen in einer schönen Vase.,,,,,,,,,,,,,,Abschnitt 4,132
A2-0133,Wand,die,Wände,wand,A2,Linie A2,Kapitel 2 – Zusammen wohnen,n,wall,"Die Seite von einem Zimmer, die den Raum trennt.",Wir streichen die Wand weiß.,Mauer,,,,,,,,,,,,,Abschnitt 4,133
A2-0134,werfen,,,werfen,A2,Linie A2,Kapitel 2 – Zusammen wohnen,v,to throw,Ein Objekt mit der Hand mit Kraft durch die Luft bewegen.,Der Junge kann den Ball sehr weit werfen.,,,,,,,,wirft,warf,hat geworfen,haben,,,Abschnitt 4,134
A2-0135,Mitbewohner,der,,mitbewohner,A2,Linie A2,Kapitel 2 – Zusammen wohnen,n,flatmate (male),"Eine Person, mit der man zusammen in einer Wohngemeinschaft (WG) wohnt.",Mein Mitbewohner kocht heute das Abendessen.,Mitbewohnerin,,,,,,,,,,,,,Abschnitt 5,135
A2-0136,Mitbewohnerin,die,-nen,mitbewohnerin,A2,Linie A2,Kapitel 2 – Zusammen wohnen,n,flatmate (female),"Eine Frau, mit der man zusammen in einer Wohnung lebt.",Meine neue Mitbewohnerin studiert Medizin.,Mitbewohner,,,,,,,,,,,,,Abschnitt 5,136
A2-0137,Musikgruppe,die,-n,musikgruppe,A2,Linie A2,Kapitel 2 – Zusammen wohnen,n,band / music group,"Mehrere Musiker, die zusammen Musik machen; eine Band.",Meine Lieblings-Musikgruppe gibt ein Konzert in der Stadt.,,,,,,,,,,,,,,Abschnitt 5,137
A2-0138,Nähe,die,,nahe,A2,Linie A2,Kapitel 2 – Zusammen wohnen,n,closeness / vicinity,Ein kurzer Weg oder eine kurze Distanz zu einem Ort.,In der Nähe vom Bahnhof gibt es ein gutes Hotel.,,,,,,,,,,,,,,Abschnitt 5|nur Singular,138
A2-0139,neugierig,,,neugierig,A2,Linie A2,Kapitel 2 – Zusammen wohnen,adj,curious,Wenn man unbedingt alles wissen möchte.,Kinder sind immer sehr neugierig und fragen viel.,,,,,,,,,,,,neugieriger,am neugierigsten,Abschnitt 5,139
A2-0140,niedrig,,,niedrig,A2,Linie A2,Kapitel 2 – Zusammen wohnen,adj,low,Nicht hoch; klein im Preis oder in der Höhe.,In diesem Dorf ist die Miete sehr niedrig.,,,,,,,,,,,,niedriger,am niedrigsten,Abschnitt 5,140
A2-0141,schön,,,schon,A2,Linie A2,Kapitel 2 – Zusammen wohnen,adj,beautiful / nice,Angenehm für die Augen oder Gefühle; hübsch.,Das Wetter heute ist wirklich schön.,wunderschön,,,,,,,,,,,schöner,am schönsten,Abschnitt 5,141
A2-0142,groß,,,gross,A2,Linie A2,Kapitel 2 – Zusammen wohnen,adj,big / tall,Nicht klein; mit viel Volumen oder Höhe.,Wir wohnen in einem großen Haus mit Garten.,,,,,,,,,,,,größer,am größten,Abschnitt 5,142
A2-0143,Baderegal,das,-e,baderegal,A2,Linie A2,Kapitel 2 – Zusammen wohnen,n,bathroom shelf,Ein Regal im Badezimmer für Handtücher oder Shampoo.,Das Baderegal ist aus praktischem Plastik.,,,,,,,,,,,,,,Abschnitt 6,143
A2-0144,Kühlschrank,der,Kühlschränke,kuhlschrank,A2,Linie A2,Kapitel 2 – Zusammen wohnen,n,refrigerator,"Ein elektrisches Küchenmöbel, das Essen und Getränke kalt hält.",Die Milch steht im Kühlschrank.,,,,,,,,,,,,,,Abschnitt 6,144
A2-0145,Gefrierfach,das,Gefrierfächer,gefrierfach,A2,Linie A2,Kapitel 2 – Zusammen wohnen,n,freezer compartment,Der sehr kalte Teil im Kühlschrank für Eis oder Tiefkühlpizza.,Das Speiseeis liegt im Gefrierfach.,,,,,,,,,,,,,,Abschnitt 6,145
A2-0146,aufhängen,,,aufhangen,A2,Linie A2,Kapitel 2 – Zusammen wohnen,v,to hang up,Kleidung auf einen Bügel oder ein Bild an die Wand hängen.,Kannst du bitte die Wäsche aufhängen?,,,,,,,,hängt auf,hing auf,hat aufgehangen,haben,,,Abschnitt 6,146
A2-0147,Energie,die,-n,energie,A2,Linie A2,Kapitel 2 – Zusammen wohnen,n,energy,"Strom oder Gas, das Maschinen und Lampen brauchen.",Was verbraucht im Haushalt wenig Energie?,,,,,,,,,,,,,,Abschnitt 6,147
A2-0148,verbrauchen,,,verbrauchen,A2,Linie A2,Kapitel 2 – Zusammen wohnen,v,to consume / use up,"Eine bestimmte Menge von Energie, Geld oder Zeit nutzen.",Alte Autos verbrauchen oft viel Benzin.,,,,,,,,verbraucht,verbrauchte,hat verbraucht,haben,,,Abschnitt 6,148
A2-0149,breit,,,breit,A2,Linie A2,Kapitel 2 – Zusammen wohnen,adj,wide,Die Dimension von einer Seite zur anderen; nicht schmal.,Die Straße hier ist sehr breit.,,,,,,,,,,,,breiter,am breitesten,Abschnitt 6,149
A2-0150,Breite,die,-n,breite,A2,Linie A2,Kapitel 2 – Zusammen wohnen,n,width,"Das Nomen zu ""breit""; das Maß von links nach rechts.",Das Bett hat eine Breite von 140 Zentimetern.,,,,,,,,,,,,,,Abschnitt 6,150
A2-0151,Höhe,die,-n,hohe,A2,Linie A2,Kapitel 2 – Zusammen wohnen,n,height,"Das Nomen zu ""hoch""; das Maß von unten nach oben.",Die Höhe des Schranks ist zwei Meter.,,,,,,,,,,,,,,Abschnitt 6,151
A2-0152,Tiefe,die,-n,tiefe,A2,Linie A2,Kapitel 2 – Zusammen wohnen,n,depth,"Das Nomen zu ""tief""; das Maß von vorne nach hinten.",Wie groß ist die Tiefe von diesem Regal?,,,,,,,,,,,,,,Abschnitt 6,152
A2-0153,cm,,,cm,A2,Linie A2,Kapitel 2 – Zusammen wohnen,adj,centimeter,Eine Maßeinheit für die Länge (100 cm = 1 Meter).,Mein neues Buch ist 3 cm dick.,,,,,,,,,,,,cmer,am cmsten,Abschnitt 6,153
A2-0154,gebraucht,,,gebraucht,A2,Linie A2,Kapitel 2 – Zusammen wohnen,adj,used / second-hand,"Nicht neu; eine Sache, die schon jemandem gehört hat.","Ich kaufe ein gebrauchtes Fahrrad, weil es billiger ist.",benutzt,,,,,,,,,,,gebrauchter,am gebrauchtesten,Abschnitt 6,154
A2-0155,benutzt,,,benutzt,A2,Linie A2,Kapitel 2 – Zusammen wohnen,adj,used,Wenn eine Sache bereits für eine Aktivität verwendet wurde.,"Das Handtuch ist nass, es ist schon benutzt.",gebraucht,,,,,,,,,,,benutzter,am benutztesten,Abschnitt 6,155
A2-0156,geschehen,,,geschehen,A2,Linie A2,Kapitel 2 – Zusammen wohnen,v,to happen,"Passieren; eine Situation, die Realität wird.",Was ist gestern auf der Straße geschehen?,vorkommen,,,,,,,geschieht,geschah,ist geschehen,sein,,,Abschnitt 6,156
A2-0157,Material,das,Materialien,material,A2,Linie A2,Kapitel 2 – Zusammen wohnen,n,material,"Der Stoff, aus dem Dinge gemacht sind (z. B. Holz, Metall).",Welches Material ist am besten für den Tisch?,Stoff,,,,,,,,,,,,,Abschnitt 6,157
A2-0158,Holz,das,,holz,A2,Linie A2,Kapitel 2 – Zusammen wohnen,n,wood,"Das Material, das von Bäumen kommt.",Das neue Küchenregal ist aus Holz.,,,,,,,,,,,,,,Abschnitt 6|nur Singular,158
A2-0159,Metall,das,,metall,A2,Linie A2,Kapitel 2 – Zusammen wohnen,n,metal,Ein hartes Material wie Eisen oder Stahl.,Die Stühle auf dem Balkon sind aus Metall.,,,,,,,,,,,,,,Abschnitt 6|nur Singular,159
A2-0160,Plastik,das,,plastik,A2,Linie A2,Kapitel 2 – Zusammen wohnen,n,plastic,Ein künstliches Material; Kunststoff.,Flaschen aus Plastik sind sehr leicht.,,,,,,,,,,,,,,Abschnitt 6|nur Singular,160
A2-0161,Edelstahl,der,,edelstahl,A2,Linie A2,Kapitel 2 – Zusammen wohnen,n,stainless steel,"Ein sehr hochwertiges Metall, das nicht rostet.",Die Spüle in der Küche ist aus Edelstahl.,,,,,,,,,,,,,,Abschnitt 6|nur Singular,161
A2-0162,kaufen und verkaufen,,,kaufen und verkaufen,A2,Linie A2,Kapitel 2 – Zusammen wohnen,phrase,to buy and sell,Waren gegen Geld erwerben und anbieten.,Auf dem Flohmarkt kann man Dinge kaufen und verkaufen.,,,,,,,,,,,,,,Abschnitt 6,162
A2-0163,Käufer,der,,kaufer,A2,Linie A2,Kapitel 2 – Zusammen wohnen,n,buyer (male),"Die Person, die ein Produkt mit Geld bezahlt.",Der Käufer bezahlt das Auto in bar.,Käuferin,,,,,,,,,,,,,Abschnitt 6,163
A2-0164,Käuferin,die,-nen,kauferin,A2,Linie A2,Kapitel 2 – Zusammen wohnen,n,buyer (female),"Eine Frau, die etwas im Geschäft oder online kauft.",Die Käuferin ist mit dem Produkt sehr zufrieden.,Käufer,,,,,,,,,,,,,Abschnitt 6,164
A2-0165,Verkäufer,der,,verkaufer,A2,Linie A2,Kapitel 2 – Zusammen wohnen,n,seller / clerk (male),"Die Person, die in einem Geschäft arbeitet und Produkte anbietet.",Der Verkäufer im Elektronikladen berät mich gut.,Verkäuferin|Sachbearbeiter|Sachbearbeiterin,,,,,,,,,,,,,Abschnitt 6,165
A2-0166,Verkäuferin,die,-nen,verkauferin,A2,Linie A2,Kapitel 2 – Zusammen wohnen,n,seller / clerk (female),"Eine Frau, die im Laden Waren an Kunden verkauft.",Die Verkäuferin grüßt die Kunden freundlich.,Verkäufer|Sachbearbeiter|Sachbearbeiterin,,,,,,,,,,,,,Abschnitt 6,166
A2-0167,verhandeln,,,verhandeln,A2,Linie A2,Kapitel 2 – Zusammen wohnen,v,to negotiate,"Mit jemandem über den Preis sprechen, um weniger zu bezahlen.",Auf dem Markt kann man gut über den Preis verhandeln.,,,,,,,,verhandelt,verhandelte,hat verhandelt,haben,,,Abschnitt 6,167
A2-0168,Schnäppchen,das,,schnappchen,A2,Linie A2,Kapitel 2 – Zusammen wohnen,n,bargain,"Ein Produkt, das man sehr billig gekauft hat.",Diese Schuhe waren ein echtes Schnäppchen!,,,,,,,,,,,,,,Abschnitt 6,168
A2-0169,Gebot,das,-e,gebot,A2,Linie A2,Kapitel 2 – Zusammen wohnen,n,bid / offer,"Der Preis, den man bei einer Auktion für eine Sache bietet.",Mein Gebot für das Bild liegt bei 50 Euro.,,,,,,,,,,,,,,Abschnitt 6,169
A2-0170,einverstanden,,,einverstanden,A2,Linie A2,Kapitel 2 – Zusammen wohnen,v,agreed / in agreement,Wenn man die gleiche Meinung wie eine andere Person hat.,"Gehen wir ins Kino? – Ja, ich bin einverstanden.",,,,,,,,einverstandet,einverstandete,hat geeinverstandet,haben,,,Abschnitt 6,170
A2-0171,akzeptieren,,,akzeptieren,A2,Linie A2,Kapitel 2 – Zusammen wohnen,v,to accept,Mit einer Sache zufrieden sein; Ja zu einem Angebot sagen.,Ich akzeptiere Ihre Bedingungen für den Vertrag.,,,,,,,,akzeptiert,akzeptierte,hat akzeptiert,haben,,,Abschnitt 6,171
A2-0172,Versand,der,,versand,A2,Linie A2,Kapitel 2 – Zusammen wohnen,n,shipping / delivery,Der Transport von einer gekauften Sache zum Kunden.,Wie viel kostet der Versand für dieses Paket?,,,,,,,,,,,,,,Abschnitt 6|nur Singular,172
A2-0173,niemand,,,niemand,A2,Linie A2,Kapitel 2 – Zusammen wohnen,adj,no one,Keine einzige Person.,Am Sonntag ist niemand im Büro.,,,,,,,,,,,,niemander,am niemandesten,Abschnitt 6,173
A2-0174,verschicken,,,verschicken,A2,Linie A2,Kapitel 2 – Zusammen wohnen,v,to send out,"Briefe, Pakete oder Mails an eine Person senden.",Ich muss heute noch drei Pakete verschicken.,,,,,,,,verschickt,verschickte,hat verschickt,haben,,,Abschnitt 6,174
A2-0175,Haushalt,der,-e,haushalt,A2,Linie A2,Kapitel 2 – Zusammen wohnen,n,household / housework,"Die Arbeit im Haus (Putzen, Kochen) ODER die Personen, die zusammen wohnen.",Wer macht in eurer Wohnung den Haushalt?,,,,,,,,,,,,,,Abschnitt 7,175
A2-0176,Küche,die,-n,kuche,A2,Linie A2,Kapitel 2 – Zusammen wohnen,n,kitchen,"Der Raum im Haus, in dem man das Essen kocht.",Ich koche jeden Abend in der Küche.,,,,,,,,,,,,,,Abschnitt 7,176
A2-0177,Arbeitsplatte,die,-n,arbeitsplatte,A2,Linie A2,Kapitel 2 – Zusammen wohnen,n,countertop,"Die feste Fläche in der Küche, auf der man das Essen schneidet und vorbereitet.",Auf der Arbeitsplatte steht die Kaffeemaschine.,,,,,,,,,,,,,,Abschnitt 7,177
A2-0178,aufräumen,,,aufraumen,A2,Linie A2,Kapitel 2 – Zusammen wohnen,v,to clean up / tidy up,"Sachen an ihren richtigen Platz legen, damit es ordentlich ist.",Jeden Samstag muss ich meine Wohnung aufräumen.,,,,,,,,räumt auf,räumte auf,hat aufgeräumt,haben,,,Abschnitt 7,178
A2-0179,ausräumen,,,ausraumen,A2,Linie A2,Kapitel 2 – Zusammen wohnen,v,to empty / clear out,Alle Sachen aus einem Schrank oder einer Maschine nehmen.,Kannst du bitte die Spülmaschine ausräumen?,,,,,,,,räumt aus,räumte aus,hat ausgeräumt,haben,,,Abschnitt 7,179
A2-0180,einkaufen,,,einkaufen,A2,Linie A2,Kapitel 2 – Zusammen wohnen,v,to shop,Lebensmittel oder Kleidung in einem Geschäft besorgen.,Ich gehe im Supermarkt einkaufen.,,,,,,,,kauft ein,kaufte ein,hat eingekauft,haben,,,Abschnitt 7,180
A2-0181,gießen,,,giessen,A2,Linie A2,Kapitel 2 – Zusammen wohnen,v,to water / pour,"Wasser auf Pflanzen geben, damit sie wachsen.","Vergiss bitte nicht, die Blumen zu gießen.",,,,,,,,gießt,goss,hat gegossen,haben,,,Abschnitt 7,181
A2-0182,reinigen,,,reinigen,A2,Linie A2,Kapitel 2 – Zusammen wohnen,v,to clean,Etwas sehr sauber machen (oft mit Putzmitteln).,Wir müssen die Fenster reinigen.,,,,,,,,reinigt,reinigte,hat gereinigt,haben,,,Abschnitt 7,182
A2-0183,Topf,der,Töpfe,topf,A2,Linie A2,Kapitel 2 – Zusammen wohnen,n,pot,"Ein Küchengerät aus Metall, in dem man Suppe oder Nudeln kocht.",Das Wasser kocht im Topf.,,,,,,,,,,,,,,Abschnitt 7,183
A2-0184,spülen,,,spulen,A2,Linie A2,Kapitel 2 – Zusammen wohnen,v,to wash dishes,Geschirr mit Wasser und Seife sauber machen.,Nach dem Essen müssen wir die Gläser spülen.,,,,,,,,spült,spülte,hat gespült,haben,,,Abschnitt 7,184
A2-0185,staubsaugen,,,staubsaugen,A2,Linie A2,Kapitel 2 – Zusammen wohnen,v,to vacuum,Den Boden mit einem Staubsauger sauber machen.,Ich muss heute im Wohnzimmer staubsaugen.,,,,,,,,staubsaugt,staubsaugte,hat gestaubsaugt,haben,,,Abschnitt 7,185
A2-0186,Staub,der,,staub,A2,Linie A2,Kapitel 2 – Zusammen wohnen,n,dust,"Schmutz aus ganz kleinen Partikeln, der auf den Möbeln liegt.",Auf dem Fernseher ist viel Staub.,,,,,,,,,,,,,,Abschnitt 7|nur Singular,186
A2-0187,Staub wischen,,,staub wischen,A2,Linie A2,Kapitel 2 – Zusammen wohnen,v,to dust,Den Staub mit einem Tuch von den Möbeln wegmachen.,Einmal in der Woche muss ich Staub wischen.,,,,,,,,,,,,,,Abschnitt 7,187
A2-0188,wegbringen,,,wegbringen,A2,Linie A2,Kapitel 2 – Zusammen wohnen,v,to take away,"Eine Sache an einen anderen Ort transportieren, wo sie hingehört.",Kannst du bitte den Müll wegbringen?,,,,,,,,bringt weg,brachte weg,hat weggebracht,haben,,,Abschnitt 7,188
A2-0189,wegwerfen,,,wegwerfen,A2,Linie A2,Kapitel 2 – Zusammen wohnen,v,to throw away,"Eine Sache in den Müll tun, weil man sie nicht mehr braucht.","Das Brot ist alt, wir müssen es wegwerfen.",,,,,,,,wirft weg,warf weg,hat weggeworfen,haben,,,Abschnitt 7,189
A2-0190,dran,,,dran,A2,Linie A2,Kapitel 2 – Zusammen wohnen,adj,to be one's turn,"Wenn man an der Reihe ist, eine Aufgabe zu machen.",Wer ist heute mit Staubsaugen dran?,,,,,,,,,,,,draner,am dransten,Abschnitt 7,190
A2-0191,sonstiges,,,sonstiges,A2,Linie A2,Kapitel 2 – Zusammen wohnen,adj,miscellaneous / other,"Andere Dinge, die nicht in eine spezielle Kategorie passen.",Auf der Liste stehen Lebensmittel und unter „Sonstiges“ steht ein Stift.,,,,,,,,,,,,sonstigeser,am sonstigesesten,Abschnitt 7,191
A2-0192,verteilen,,,verteilen,A2,Linie A2,Kapitel 2 – Zusammen wohnen,v,to distribute / share out,Aufgaben oder Dinge an verschiedene Personen geben.,Wir müssen die Arbeit im Haushalt fair verteilen.,,,,,,,,verteilt,verteilte,hat verteilt,haben,,,Abschnitt 7,192
A2-0193,online,,,online,A2,Linie A2,Kapitel 3 – Arbeit und Freizeit,adj,online,Im Internet sein oder dort Aktivitäten machen.,Ich kaufe meine Kleidung oft online.,,,,,,,,,,,,,,Abschnitt 1-2,193
A2-0194,Besprechung,die,-en,besprechung,A2,Linie A2,Kapitel 3 – Arbeit und Freizeit,n,meeting,"Ein Treffen bei der Arbeit, um über wichtige Themen zu sprechen.",Um 10 Uhr haben wir eine wichtige Besprechung.,Treffen|Gesprächstermin,,,,,,,,,,,,,Abschnitt 1-2,194
A2-0195,bauen,,,bauen,A2,Linie A2,Kapitel 3 – Arbeit und Freizeit,v,to build,"Ein Haus, eine Brücke oder ein Möbelstück herstellen.",Mein Bruder möchte ein neues Haus bauen.,,,,,,,,baut,baute,hat gebaut,haben,,,Abschnitt 1-2,195
A2-0196,Stelle,die,-n,stelle,A2,Linie A2,Kapitel 3 – Arbeit und Freizeit,n,job / position,Ein Arbeitsplatz in einer Firma.,Ich suche eine neue Stelle als Sekretärin.,Beruf,,,,,,,,,,,,,Abschnitt 1-2,196
A2-0197,später,,,spater,A2,Linie A2,Kapitel 3 – Arbeit und Freizeit,adj,later,"Nicht jetzt, sondern zu einem Zeitpunkt in der Zukunft.","Ich rufe dich später an, ich habe jetzt keine Zeit.",,,,,,,,,,,,späterer,am spätersten,Abschnitt 1-2,197
A2-0198,Treffen,das,,treffen,A2,Linie A2,Kapitel 3 – Arbeit und Freizeit,n,meeting / encounter,Wenn man eine andere Person sieht und mit ihr spricht.,Das Treffen mit den Kollegen war sehr nett.,Besprechung|Gesprächstermin,,,,,,,,,,,,,Abschnitt 1-2,198
A2-0199,Tätigkeit,die,-en,tatigkeit,A2,Linie A2,Kapitel 3 – Arbeit und Freizeit,n,activity,"Eine Aktivität, Arbeit oder eine Sache, die man tut.",Welche Tätigkeit macht Ihnen im Büro am meisten Spaß?,Aktivität|Beschäftigung,,,,,,,,,,,,,Abschnitt 1-2,199
A2-0200,Koch,der,Köche,koch,A2,Linie A2,Kapitel 3 – Arbeit und Freizeit,n,cook / chef (male),"Ein Mann, der beruflich in einem Restaurant das Essen zubereitet.",Der Koch macht eine sehr leckere Suppe.,Köchin,,,,,,,,,,,,,Abschnitt 1-2,200
A2-0201,Köchin,die,-nen,kochin,A2,Linie A2,Kapitel 3 – Arbeit und Freizeit,n,cook / chef (female),"Eine Frau, die als Beruf in der Küche arbeitet und kocht.",Meine Schwester arbeitet als Köchin in einem Hotel.,Koch,,,,,,,,,,,,,Abschnitt 1-2,201
A2-0202,schneiden,,,schneiden,A2,Linie A2,Kapitel 3 – Arbeit und Freizeit,v,to cut,Etwas mit einem Messer oder einer Schere kleiner machen.,Bitte schneiden Sie das Brot in Scheiben.,,,,,,,,schneidet,schnitt,hat geschnitten,haben,,,Abschnitt 1-2,202
A2-0203,Sänger,der,,sanger,A2,Linie A2,Kapitel 3 – Arbeit und Freizeit,n,singer (male),"Ein Mann, der Lieder mit seiner Stimme singt.",Der Sänger hat eine wunderschöne Stimme.,Sängerin,,,,,,,,,,,,,Abschnitt 1-2,203
A2-0204,Sängerin,die,-nen,sangerin,A2,Linie A2,Kapitel 3 – Arbeit und Freizeit,n,singer (female),"Eine Frau, die beruflich oder als Hobby singt.",Die Sängerin gibt heute Abend ein großes Konzert.,Sänger,,,,,,,,,,,,,Abschnitt 1-2,204
A2-0205,Aktivität,die,-en,aktivitat,A2,Linie A2,Kapitel 3 – Arbeit und Freizeit,n,activity,"Etwas, das man in seiner Freizeit oder bei der Arbeit macht.",Sport ist eine gesunde Aktivität.,Tätigkeit|Beschäftigung,,,,,,,,,,,,,Abschnitt 1-2,205
A2-0206,Ausstellung,die,-en,ausstellung,A2,Linie A2,Kapitel 3 – Arbeit und Freizeit,n,exhibition,"Ein Ort oder Event, an dem man Bilder, Kunst oder Objekte ansehen kann.",Am Wochenende besuchen wir eine Ausstellung im Museum.,,,,,,,,,,,,,,Abschnitt 1-2,206
A2-0207,basteln,,,basteln,A2,Linie A2,Kapitel 3 – Arbeit und Freizeit,v,to do crafts,"Mit den Händen, Papier oder Holz kleine Dinge machen.",Die Kinder basteln im Kindergarten ein Geschenk für die Eltern.,,,,,,,,bastelt,bastelte,hat gebastelt,haben,,,Abschnitt 1-2,207
A2-0208,chillen,,,chillen,A2,Linie A2,Kapitel 3 – Arbeit und Freizeit,v,to chill / relax,"Sich ausruhen, entspannen und nichts tun.",Am Sonntag möchte ich nur auf dem Sofa chillen.,entspannen,,,,,,,chillt,chillte,hat gechillt,haben,,,Abschnitt 1-2,208
A2-0209,Flohmarkt,der,Flohmärkte,flohmarkt,A2,Linie A2,Kapitel 3 – Arbeit und Freizeit,n,flea market,"Ein Markt auf der Straße, auf dem man gebrauchte Sachen kauft.",Auf dem Flohmarkt habe ich eine alte Lampe gefunden.,,,,,,,,,,,,,,Abschnitt 1-2,209
A2-0210,Neuigkeit,die,-en,neuigkeit,A2,Linie A2,Kapitel 3 – Arbeit und Freizeit,n,news,Eine neue Information über eine Person oder eine Situation.,Ich habe eine gute Neuigkeit für dich: Ich habe den Job!,,,,,,,,,,,,,,Abschnitt 3,210
A2-0211,gründen,,,grunden,A2,Linie A2,Kapitel 3 – Arbeit und Freizeit,v,to found / start,Eine neue Organisation oder Firma starten.,Wir wollen zusammen ein neues Projekt gründen.,anfangen|starten,,,,,,,gründet,gründete,hat gegründet,haben,,,Abschnitt 3,211
A2-0212,eine Firma gründen,,,eine firma grunden,A2,Linie A2,Kapitel 3 – Arbeit und Freizeit,phrase,to start a company,Ein neues eigenes Geschäft oder Unternehmen eröffnen.,Mein Freund möchte eine Firma gründen.,,,,,,,,,,,,,,Abschnitt 3,212
A2-0213,Erfolg,der,-e,erfolg,A2,Linie A2,Kapitel 3 – Arbeit und Freizeit,n,success,Wenn man ein Ziel erreicht oder ein gutes Resultat hat.,Ich wünsche Ihnen viel Erfolg bei der Prüfung!,,,,,,,,,,,,,,Abschnitt 3,213
A2-0214,fest,,,fest,A2,Linie A2,Kapitel 3 – Arbeit und Freizeit,adj,permanent / firm,"Stabil, sicher ODER eine feste Arbeitsstelle.",Nach der Ausbildung sucht er eine feste Arbeit.,,,,,,,,,,,,fester,am festesten,Abschnitt 3,214
A2-0215,eine feste Stelle,,,eine feste stelle,A2,Linie A2,Kapitel 3 – Arbeit und Freizeit,phrase,a permanent job,Ein Arbeitsvertrag ohne zeitliches Ende.,Sie hat endlich eine feste Stelle bekommen.,,,,,,,,,,,,,,Abschnitt 3,215
A2-0216,spannend,,,spannend,A2,Linie A2,Kapitel 3 – Arbeit und Freizeit,adj,exciting / thrilling,"Sehr interessant, so dass es nicht langweilig ist.","Das Buch ist so spannend, ich kann nicht aufhören zu lesen.",,,,,,,,,,,,spannender,am spannendesten,Abschnitt 3,216
A2-0217,Kontakt,der,-e,kontakt,A2,Linie A2,Kapitel 3 – Arbeit und Freizeit,n,contact,Die Verbindung zu anderen Menschen.,Ich habe noch guten Kontakt zu meinen alten Schulfreunden.,,,,,,,,,,,,,,Abschnitt 3,217
A2-0218,Vollzeit,die,,vollzeit,A2,Linie A2,Kapitel 3 – Arbeit und Freizeit,n,full-time,"Die normale Arbeitszeit, meistens ca. 40 Stunden pro Woche.",Er arbeitet jetzt in Vollzeit.,,,,,,,,,,,,,,Abschnitt 3|nur Singular,218
A2-0219,Vollzeit arbeiten,,,vollzeit arbeiten,A2,Linie A2,Kapitel 3 – Arbeit und Freizeit,v,to work full-time,Den ganzen Tag oder die komplette Wochenarbeitszeit arbeiten.,Seit Januar muss ich wieder Vollzeit arbeiten.,,,,,,,,,,,,,,Abschnitt 3,219
A2-0220,zum Glück,,,zum gluck,A2,Linie A2,Kapitel 3 – Arbeit und Freizeit,phrase,fortunately / luckily,"Ein Ausdruck, wenn man über eine Situation froh ist.","Ich habe meinen Schlüssel verloren, aber zum Glück war meine Frau zu Hause.",,,,,,,,,,,,,,Abschnitt 3,220
A2-0221,verantwortlich,,,verantwortlich,A2,Linie A2,Kapitel 3 – Arbeit und Freizeit,adj,responsible,"Wenn man die Pflicht hat, sich um eine Aufgabe oder Person zu kümmern.",Wer ist für das Projekt verantwortlich?,,,,,,,,,,,,verantwortlicher,am verantwortlichsten,Abschnitt 3,221
A2-0222,Lösung,die,-en,losung,A2,Linie A2,Kapitel 3 – Arbeit und Freizeit,n,solution,Die richtige Antwort auf eine Frage oder das Ende von einem Problem.,Wir müssen schnell eine Lösung für das Problem finden.,,,,,,,,,,,,,,Abschnitt 3,222
A2-0223,Teilzeitstelle,die,-n,teilzeitstelle,A2,Linie A2,Kapitel 3 – Arbeit und Freizeit,n,part-time job,"Ein Arbeitsplatz, an dem man weniger als 40 Stunden in der Woche arbeitet.",Nach der Geburt ihres Kindes sucht sie eine Teilzeitstelle.,,,,,,,,,,,,,,Abschnitt 3,223
A2-0224,Sport treiben,,,sport treiben,A2,Linie A2,Kapitel 3 – Arbeit und Freizeit,v,to do sports,"Sport machen, um fit und gesund zu bleiben.",Wie oft in der Woche treiben Sie Sport?,,,,,,,,,,,,,,Abschnitt 3,224
A2-0225,anstrengend,,,anstrengend,A2,Linie A2,Kapitel 3 – Arbeit und Freizeit,adj,exhausting / tiring,Wenn eine Aktivität viel Energie oder Kraft kostet.,Die Arbeit im Garten war heute sehr anstrengend.,,,,,,,,,,,,anstrengender,am anstrengendesten,Abschnitt 3,225
A2-0226,Reaktion,die,-en,reaktion,A2,Linie A2,Kapitel 3 – Arbeit und Freizeit,n,reaction / response,"Was man macht oder sagt, wenn etwas passiert.",Seine Reaktion auf das Geschenk war sehr positiv.,,,,,,,,,,,,,,Abschnitt 4,226
A2-0227,erzählen,,,erzahlen,A2,Linie A2,Kapitel 3 – Arbeit und Freizeit,v,to tell / narrate,Informationen über eine Geschichte oder ein Erlebnis geben.,Opa erzählt den Kindern eine schöne Geschichte.,,,,,,,,erzählt,erzählte,hat erzählt,haben,,,Abschnitt 4,227
A2-0228,wissen,,,wissen,A2,Linie A2,Kapitel 3 – Arbeit und Freizeit,v,to know (facts),Informationen im Kopf haben.,"Weißt du, wie spät es ist?",,,,,,,,weiß,wusste,hat gewusst,haben,,,Abschnitt 4,228
A2-0229,klappen,,,klappen,A2,Linie A2,Kapitel 3 – Arbeit und Freizeit,v,to work out / go smoothly,Wenn etwas ohne Probleme funktioniert.,Das klappt sicher!,,,,,,,,klappt,klappte,hat geklappt,haben,,,Abschnitt 4,229
A2-0230,Ferien,die,,ferien,A2,Linie A2,Kapitel 3 – Arbeit und Freizeit,n,vacation / holidays,"Die Zeit, in der Schüler keine Schule haben oder man Urlaub macht.",In den Ferien fahren wir ans Meer.,,,,,,,,,,,,,,Abschnitt 4,230
A2-0231,Betriebsausflug,der,Betriebsausflüge,betriebsausflug,A2,Linie A2,Kapitel 3 – Arbeit und Freizeit,n,company outing,Eine gemeinsame Reise oder Aktivität mit allen Kollegen einer Firma.,Unser nächster Betriebsausflug geht nach München.,,,,,,,,,,,,,,Abschnitt 4,231
A2-0232,verliebt sein,,,verliebt sein,A2,Linie A2,Kapitel 3 – Arbeit und Freizeit,phrase,to be in love,"Starke, romantische Gefühle für eine Person haben.",Die beiden sind seit zwei Monaten sehr verliebt.,,,,,,,,,,,,,,Abschnitt 4,232
A2-0233,Überstunde,die,-n,uberstunde,A2,Linie A2,Kapitel 3 – Arbeit und Freizeit,n,overtime,"Die Zeit, die man länger als normal bei der Arbeit bleibt.",Diese Woche musste ich fünf Überstunden machen.,,,,,,,,,,,,,,Abschnitt 4,233
A2-0234,Spaß,der,,spass,A2,Linie A2,Kapitel 3 – Arbeit und Freizeit,n,fun,Ein Gefühl von Freude bei einer Aktivität.,Die Arbeit macht mir großen Spaß.,,,,,,,,,,,,,,Abschnitt 4|nur Singular,234
A2-0235,echt,,,echt,A2,Linie A2,Kapitel 3 – Arbeit und Freizeit,adj,real / really,"Authentisch, wahr ODER als Frage: Wirklich?",Ist das ein echter Diamant? / Echt? Das wusste ich nicht.,wahr,,,,,,,,,,,echter,am echtesten,Abschnitt 4,235
A2-0236,schade,,,schade,A2,Linie A2,Kapitel 3 – Arbeit und Freizeit,adj,a pity / shame,Ein Wort für eine traurige oder enttäuschende Situation.,"Wie schade, dass du nicht zur Party kommen kannst!",,,,,,,,,,,,schader,am schadesten,Abschnitt 4,236
A2-0237,Kalender,der,,kalender,A2,Linie A2,Kapitel 3 – Arbeit und Freizeit,n,calendar,Ein Buch oder Dokument mit den Tagen und Monaten für Termine.,Ich muss den Termin in meinen Kalender schreiben.,,,,,,,,,,,,,,Abschnitt 5,237
A2-0238,Elternabend,der,-e,elternabend,A2,Linie A2,Kapitel 3 – Arbeit und Freizeit,n,parents' evening,Ein Treffen von Lehrern und Eltern in der Schule.,Heute Abend gehe ich zum Elternabend meines Sohnes.,,,,,,,,,,,,,,Abschnitt 5,238
A2-0239,Eröffnung,die,-en,eroffnung,A2,Linie A2,Kapitel 3 – Arbeit und Freizeit,n,opening,"Das erste Mal, dass ein neues Geschäft oder eine Ausstellung öffnet.",Die Eröffnung des neuen Supermarkts ist am Montag.,,,,,,,,,,,,,,Abschnitt 5,239
A2-0240,Fotografie,die,,fotografie,A2,Linie A2,Kapitel 3 – Arbeit und Freizeit,n,photography,"Das Hobby oder der Beruf, Fotos mit einer Kamera zu machen.",Er interessiert sich sehr für moderne Fotografie.,,,,,,,,,,,,,,Abschnitt 5|nur Singular,240
A2-0241,Friseur,der,-e,friseur,A2,Linie A2,Kapitel 3 – Arbeit und Freizeit,n,hairdresser / barber (male),"Ein Mann, der beruflich Haare schneidet und stylt.",Mein Bruder geht alle vier Wochen zum Friseur.,Friseurin,,,,,,,,,,,,,Abschnitt 5,241
A2-0242,Friseurin,die,-nen,friseurin,A2,Linie A2,Kapitel 3 – Arbeit und Freizeit,n,hairdresser (female),"Eine Frau, die Kunden die Haare schneidet.",Die Friseurin hat meine Haare sehr schön gemacht.,Friseur,,,,,,,,,,,,,Abschnitt 5,242
A2-0243,Nachhilfe,die,,nachhilfe,A2,Linie A2,Kapitel 3 – Arbeit und Freizeit,n,tutoring,"Extra Unterricht für Schüler, die Probleme in einem Schulfach haben.",Er braucht Nachhilfe in Mathematik.,,,,,,,,,,,,,,Abschnitt 5|nur Singular,243
A2-0244,vereinbaren,,,vereinbaren,A2,Linie A2,Kapitel 3 – Arbeit und Freizeit,v,to arrange / agree on,Einen Termin mit einer Person festmachen.,Ich möchte einen Termin für die Besprechung vereinbaren.,,,,,,,,vereinbart,vereinbarte,hat vereinbart,haben,,,Abschnitt 5,244
A2-0245,ab,,,ab,A2,Linie A2,Kapitel 3 – Arbeit und Freizeit,adj,from (time/place),Startpunkt für eine Zeit oder einen Ort.,Der Kurs beginnt ab nächster Woche.,,,,,,,,,,,,aber,am absten,Abschnitt 5,245
A2-0246,bis,,,bis,A2,Linie A2,Kapitel 3 – Arbeit und Freizeit,adj,until / to,Der Endpunkt für eine Zeit oder einen Ort.,Ich muss heute von 8 Uhr bis 16 Uhr arbeiten.,,,,,,,,,,,,biser,am bisesten,Abschnitt 5,246
A2-0247,Strand,der,Strände,strand,A2,Linie A2,Kapitel 3 – Arbeit und Freizeit,n,beach,Der Platz mit Sand direkt am Meer oder an einem See.,Im Urlaub liegen wir den ganzen Tag am Strand.,,,,,,,,,,,,,,Abschnitt 5,247
A2-0248,Chor,der,Chöre,chor,A2,Linie A2,Kapitel 3 – Arbeit und Freizeit,n,choir,"Eine Gruppe von Menschen, die zusammen Lieder singen.",Sie singt jeden Dienstag im Chor.,,,,,,,,,,,,,,Abschnitt 5,248
A2-0249,Mitternacht,,,mitternacht,A2,Linie A2,Kapitel 3 – Arbeit und Freizeit,n,midnight,Genau 24:00 Uhr in der Nacht.,Der Film war erst um Mitternacht zu Ende.,,,,,,,,,,,,,,Abschnitt 6|nur Singular,249
A2-0250,Serie,die,-n,serie,A2,Linie A2,Kapitel 3 – Arbeit und Freizeit,n,series / show,Eine Geschichte im Fernsehen mit vielen verschiedenen Folgen.,Ich sehe mir abends gern eine Folge meiner Lieblings-Serie an.,,,,,,,,,,,,,,Abschnitt 6,250
A2-0251,privat,,,privat,A2,Linie A2,Kapitel 3 – Arbeit und Freizeit,adj,private,Nicht für die Öffentlichkeit; persönlich.,"Das ist meine private Telefonnummer, nicht die Büronummer.",,,,,,,,,,,,privater,am privatesten,Abschnitt 6,251
A2-0252,Babysitter,der,,babysitter,A2,Linie A2,Kapitel 3 – Arbeit und Freizeit,n,babysitter,"Eine Person, die auf kleine Kinder aufpasst, wenn die Eltern nicht da sind.",Am Freitagabend kommt ein Babysitter zu uns nach Hause.,,,,,,,,,,,,,,Abschnitt 6,252
A2-0253,unterwegs,,,unterwegs,A2,Linie A2,Kapitel 3 – Arbeit und Freizeit,adj,on the way / on the road,Wenn man auf Reisen ist oder sich auf der Straße bewegt.,Ich bin gerade unterwegs nach Hause.,,,,,,,,,,,,unterwegser,am unterwegsesten,Abschnitt 6,253
A2-0254,Nachtisch,der,-e,nachtisch,A2,Linie A2,Kapitel 3 – Arbeit und Freizeit,n,dessert,Süßes Essen wie Eis oder Kuchen nach dem Hauptgericht.,Als Nachtisch gibt es heute Schokoladenpudding.,,,,,,,,,,,,,,Abschnitt 6,254
A2-0255,rechtzeitig,,,rechtzeitig,A2,Linie A2,Kapitel 3 – Arbeit und Freizeit,adj,in time / early enough,Nicht zu spät; pünktlich ankommen.,"Bitte komm rechtzeitig zum Bahnhof, der Zug wartet nicht.",,,,,,,,,,,,rechtzeitiger,am rechtzeitigsten,Abschnitt 6,255
A2-0256,pünktlich,,,punktlich,A2,Linie A2,Kapitel 3 – Arbeit und Freizeit,adj,on time,Genau zur vereinbarten Uhrzeit kommen.,Der Bus kommt heute leider nicht pünktlich.,,,,,,,,,,,,pünktlicher,am pünktlichsten,Abschnitt 6,256
A2-0257,Werkstatt,die,Werkstätten,werkstatt,A2,Linie A2,Kapitel 3 – Arbeit und Freizeit,n,workshop / garage,"Ein Raum oder Ort, an dem Handwerker Dinge reparieren oder bauen.",Mein Auto steht zur Reparatur in der Werkstatt.,,,,,,,,,,,,,,Abschnitt 7,257
A2-0258,Projekt,das,-e,projekt,A2,Linie A2,Kapitel 3 – Arbeit und Freizeit,n,project,"Eine große Aufgabe, an der man oft im Team arbeitet.",Unser neues Projekt in der Firma beginnt im Juni.,,,,,,,,,,,,,,Abschnitt 7,258
A2-0259,unterstützen,,,unterstutzen,A2,Linie A2,Kapitel 3 – Arbeit und Freizeit,v,to support / assist,Jemandem bei einer Arbeit oder einem Problem helfen.,Meine Familie unterstützt mich immer bei meinen Plänen.,,,,,,,,unterstützt,unterstützte,hat unterstützt,haben,,,Abschnitt 7,259
A2-0260,Bürger,der,,burger,A2,Linie A2,Kapitel 3 – Arbeit und Freizeit,n,citizen (male),Ein Einwohner oder Mitglied von einer Stadt oder einem Land.,Jeder Bürger hat Rechte und Pflichten.,Bürgerin,,,,,,,,,,,,,Abschnitt 7,260
A2-0261,Bürgerin,die,-nen,burgerin,A2,Linie A2,Kapitel 3 – Arbeit und Freizeit,n,citizen (female),Eine weibliche Einwohnerin eines Landes oder einer Stadt.,Die Bürgerin wählt am Sonntag das neue Parlament.,Bürger,,,,,,,,,,,,,Abschnitt 7,261
A2-0262,Rede,die,-n,rede,A2,Linie A2,Kapitel 3 – Arbeit und Freizeit,n,speech,Ein offizieller Vortrag vor vielen Menschen.,Der Chef hält eine lange Rede auf der Feier.,,,,,,,,,,,,,,Abschnitt 7,262
A2-0263,Kostüm,das,-e,kostum,A2,Linie A2,Kapitel 3 – Arbeit und Freizeit,n,costume,"Spezielle Kleidung für Karneval, eine Party oder Schauspieler.",Für die Party kaufe ich mir ein lustiges Kostüm.,,,,,,,,,,,,,,Abschnitt 7,263
A2-0264,Kind,das,-er,kind,A2,Linie A2,Kapitel 3 – Arbeit und Freizeit,n,child,"Ein junger Mensch, der noch kein Jugendlicher oder Erwachsener ist.",Das Kind spielt im Garten mit dem Ball.,,,,,,,,,,,,,,Abschnitt 7,264
A2-0265,Jugendliche,der/die,-n,jugendliche,A2,Linie A2,Kapitel 3 – Arbeit und Freizeit,n,teenager / youth,Eine Person im Alter zwischen ca. 12 und 18 Jahren.,Viele Jugendliche surfen stundenlang im Internet.,Jugend,,,,,,,,,,,,,Abschnitt 7,265
A2-0266,Erwachsene,der/die,-n,erwachsene,A2,Linie A2,Kapitel 3 – Arbeit und Freizeit,n,adult,"Eine Person, die über 18 Jahre alt und kein Kind mehr ist.",Der Eintritt kostet für Erwachsene 10 Euro.,,,,,,,,,,,,,,Abschnitt 7,266
A2-0267,Senior,der,-en,senior,A2,Linie A2,Kapitel 3 – Arbeit und Freizeit,n,senior / elderly man,"Ein älterer Mann, der meistens nicht mehr arbeitet (Rentner).",Der Senior geht jeden Morgen im Park spazieren.,Seniorin,,,,,,,,,,,,,Abschnitt 7,267
A2-0268,Seniorin,die,-nen,seniorin,A2,Linie A2,Kapitel 3 – Arbeit und Freizeit,n,senior / elderly woman,Eine ältere Frau im Ruhestand.,Die Seniorin liest gern ein Buch im Garten.,Senior,,,,,,,,,,,,,Abschnitt 7,268
A2-0269,professionell,,,professionell,A2,Linie A2,Kapitel 3 – Arbeit und Freizeit,adj,professional,Wenn man eine Arbeit als Beruf macht und sehr gut darin ist.,Das Foto sieht wirklich professionell aus.,,,,,,,,,,,,professioneller,am professionellsten,Abschnitt 7,269
A2-0270,Sportart,die,-en,sportart,A2,Linie A2,Kapitel 3 – Arbeit und Freizeit,n,type of sport,"Eine bestimmte Kategorie von Sport (z. B. Tennis, Fußball).",Welche Sportart findest du am besten?,,,,,,,,,,,,,,Abschnitt 8,270
A2-0271,Tennis,,,tennis,A2,Linie A2,Kapitel 3 – Arbeit und Freizeit,n,tennis,"Ein Sport, bei dem zwei Personen einen gelben Ball über ein Netz schlagen.",Wir spielen jeden Samstag zusammen Tennis.,,,,,,,,,,,,,,Abschnitt 8,271
A2-0272,Fußball,,,fussball,A2,Linie A2,Kapitel 3 – Arbeit und Freizeit,n,soccer / football,"Ein Sport, bei dem zwei Mannschaften versuchen, einen Ball ins Tor zu schießen.",In Deutschland ist Fußball sehr populär.,,,,,,,,,,,,,,Abschnitt 8,272
A2-0273,Basketball,,,basketball,A2,Linie A2,Kapitel 3 – Arbeit und Freizeit,n,basketball,"Ein Sport, bei dem man den Ball in einen hohen Korb werfen muss.",Mein Sohn spielt im Verein Basketball.,,,,,,,,,,,,,,Abschnitt 8,273
A2-0274,Volleyball,,,volleyball,A2,Linie A2,Kapitel 3 – Arbeit und Freizeit,n,volleyball,"Ein Sport, bei dem man den Ball mit den Händen über ein hohes Netz schlägt.",Im Sommer spielen wir am Strand oft Volleyball.,,,,,,,,,,,,,,Abschnitt 8,274
A2-0275,Joggen / Laufen,,,joggen / laufen,A2,Linie A2,Kapitel 3 – Arbeit und Freizeit,phrase,jogging / running,Schnell gehen oder laufen als Fitness-Aktivität.,Ich gehe morgens im Wald joggen.,,,,,,,,,,,,,,Abschnitt 8,275
A2-0276,Schwimmen,,,schwimmen,A2,Linie A2,Kapitel 3 – Arbeit und Freizeit,n,swimming,Sich im Wasser vorwärtsbewegen.,Im Sommer gehe ich gern im See schwimmen.,,,,,,,,,,,,,,Abschnitt 8,276
A2-0277,Tanzen,,,tanzen,A2,Linie A2,Kapitel 3 – Arbeit und Freizeit,n,dancing,Den Körper rhythmisch zur Musik bewegen.,Sie möchte am Wochenende in der Disco tanzen.,,,,,,,,,,,,,,Abschnitt 8,277
A2-0278,Reiten,,,reiten,A2,Linie A2,Kapitel 3 – Arbeit und Freizeit,n,horse riding,Auf einem Pferd sitzen und reiten.,Meine Tochter liebt Pferde und geht jede Woche reiten.,,,,,,,,,,,,,,Abschnitt 8,278
A2-0279,Ski fahren,,,ski fahren,A2,Linie A2,Kapitel 3 – Arbeit und Freizeit,v,skiing,Auf zwei Brettern über den Schnee im Gebirge gleiten.,Im Winter möchten wir in Österreich Ski fahren.,,,,,,,,,,,,,,Abschnitt 8,279
A2-0280,Tischtennis,,,tischtennis,A2,Linie A2,Kapitel 3 – Arbeit und Freizeit,n,table tennis,"Ein Sport, bei dem man einen kleinen Ball auf einem Tisch hin und her schlägt.",Wir haben im Garten eine Platte für Tischtennis.,,,,,,,,,,,,,,Abschnitt 8,280
A2-0281,Klettern,,,klettern,A2,Linie A2,Kapitel 3 – Arbeit und Freizeit,n,climbing,An einer Wand oder an Bergen nach oben steigen.,Die Jugendlichen gehen oft in der Halle klettern.,,,,,,,,,,,,,,Abschnitt 8,281
A2-0282,Segeln,,,segeln,A2,Linie A2,Kapitel 3 – Arbeit und Freizeit,n,sailing,"Mit einem Boot fahren, das der Wind bewegt.",Mein Onkel hat ein Schiff und geht gern auf dem Bodensee segeln.,,,,,,,,,,,,,,Abschnitt 8,282
A2-0283,Yoga,,,yoga,A2,Linie A2,Kapitel 3 – Arbeit und Freizeit,n,yoga,Übungen für den Körper und den Geist zur Entspannung.,Nach der Arbeit mache ich eine Stunde Yoga.,,,,,,,,,,,,,,Abschnitt 8,283
A2-0284,Schach,,,schach,A2,Linie A2,Kapitel 3 – Arbeit und Freizeit,n,chess,Ein sehr altes und strategisches Spiel für zwei Personen auf einem Brett.,Mein Großvater spielt jeden Tag mit mir Schach.,,,,,,,,,,,,,,Abschnitt 8,284
A2-0285,Gymnastik,,,gymnastik,A2,Linie A2,Kapitel 3 – Arbeit und Freizeit,n,gymnastics / exercise,"Leichte Übungen für den Körper, um fit zu bleiben.","Der Arzt sagt, ich muss jeden Tag Gymnastik machen.",,,,,,,,,,,,,,Abschnitt 8,285
A2-0286,Mitgliedsbeitrag,der,Mitgliedsbeiträge,mitgliedsbeitrag,A2,Linie A2,Kapitel 3 – Arbeit und Freizeit,n,membership fee,"Das Geld, das man pro Monat oder Jahr an einen Verein bezahlt.",Der Mitgliedsbeitrag für den Sportverein ist nicht teuer.,,,,,,,,,,,,,,Abschnitt 8,286
A2-0287,Anmeldung,die,-en,anmeldung,A2,Linie A2,Kapitel 3 – Arbeit und Freizeit,n,registration,"Ein Dokument oder Formular, mit dem man sich für einen Kurs oder Verein registriert.",Bitte schicken Sie die Anmeldung bis Freitag zurück.,,,,,,,,,,,,,,Abschnitt 8,287
A2-0288,im Voraus,,,im voraus,A2,Linie A2,Kapitel 3 – Arbeit und Freizeit,phrase,in advance,Bevor eine Aktivität beginnt.,Vielen Dank im Voraus für Ihre Hilfe!,,,,,,,,,,,,,,Abschnitt 8,288
A2-0289,sich anmelden,,,sich anmelden,A2,Linie A2,Kapitel 3 – Arbeit und Freizeit,v,to register / sign up,"Seinen Namen in eine Liste eintragen, um teilzunehmen.",Wie kann ich mich für den Deutschkurs anmelden?,,,,,,,,meldet an,meldete an,hat angemeldet,haben,,,Abschnitt 8,289
A2-0290,anbieten,,,anbieten,A2,Linie A2,Kapitel 3 – Arbeit und Freizeit,v,to offer,Jemandem eine Sache oder Hilfe vorschlagen.,Kann ich Ihnen ein Glas Wasser anbieten?,,,,,,,,bietet an,bot an,hat angeboten,haben,,,Abschnitt 8,290
A2-0291,Anfänger,der,,anfanger,A2,Linie A2,Kapitel 3 – Arbeit und Freizeit,n,beginner (male),"Eine Person, die eine Aktivität oder Sprache neu lernt.",Der Computerkurs ist ideal für Anfänger.,Anfängerin,,,,,,,,,,,,,Abschnitt 8,291
A2-0292,Anfängerin,die,-nen,anfangerin,A2,Linie A2,Kapitel 3 – Arbeit und Freizeit,n,beginner (female),"Eine Frau, die gerade erst mit etwas beginnt.","Sie spielt erst seit einer Woche Tennis, sie ist noch Anfängerin.",Anfänger,,,,,,,,,,,,,Abschnitt 8,292
A2-0293,Fortgeschrittene,der/die,-n,fortgeschrittene,A2,Linie A2,Kapitel 3 – Arbeit und Freizeit,n,advanced student / learner,"Eine Person, die schon viel Erfahrung in einer Sache hat.","Dieser Kurs ist nicht für Anfänger, sondern für Fortgeschrittene.",,,,,,,,,,,,,,Abschnitt 8,293
A2-0294,Kleidung,die,,kleidung,A2,Linie A2,Kapitel 4 – Was ziehe ich an?,n,clothing / clothes,*Header für das Thema Anziehsachen.*,Wir kaufen heute neue Kleidung für den Winter.,Klamotten,,,,,,,,,,,,,Abschnitt 1-2|nur Singular,294
A2-0295,Kleidungsstück,das,-e,kleidungsstuck,A2,Linie A2,Kapitel 4 – Was ziehe ich an?,n,piece of clothing,Ein einzelnes Produkt zum Anziehen (z. B. ein Hemd).,Jedes Kleidungsstück auf diesem Tisch kostet zehn Euro.,,,,,,,,,,,,,,Abschnitt 1-2,295
A2-0296,Anzug,der,Anzüge,anzug,A2,Linie A2,Kapitel 4 – Was ziehe ich an?,n,suit,Eine Kombination aus einer eleganten Hose und einer Jacke.,Er trägt im Büro meistens einen dunklen Anzug.,,,,,,,,,,,,,,Abschnitt 1-2,296
A2-0297,Bluse,die,-n,bluse,A2,Linie A2,Kapitel 4 – Was ziehe ich an?,n,blouse,Ein elegantes Hemd speziell für Frauen.,Sie kauft eine weiße Bluse für das Fest.,,,,,,,,,,,,,,Abschnitt 1-2,297
A2-0298,Gürtel,der,,gurtel,A2,Linie A2,Kapitel 4 – Was ziehe ich an?,n,belt,"Ein Band aus Leder oder Stoff, das die Hose feststellt.","Mein Gürtel ist zu lang, ich brauche ein neues Loch.",,,,,,,,,,,,,,Abschnitt 1-2,298
A2-0299,Hemd,das,-en,hemd,A2,Linie A2,Kapitel 4 – Was ziehe ich an?,n,shirt,Ein Kleidungsstück für den Oberkörper mit Knöpfen und Kragen.,Er trägt ein blaues Hemd zur Jeans.,,,,,,,,,,,,,,Abschnitt 1-2,299
A2-0300,Hose,die,-n,hose,A2,Linie A2,Kapitel 4 – Was ziehe ich an?,n,pants / trousers,Ein Kleidungsstück für die Beine.,Diese Hose ist mir leider ein bisschen zu kurz.,,,,,,,,,,,,,,Abschnitt 1-2,300
A2-0301,Jacke,die,-n,jacke,A2,Linie A2,Kapitel 4 – Was ziehe ich an?,n,jacket,"Ein Kleidungsstück für draußen, das man vorne öffnet.","Nimm eine Jacke mit, draußen ist es kühl.",Jackett,,,,,,,,,,,,,Abschnitt 1-2,301
A2-0302,Jackett,das,-s,jackett,A2,Linie A2,Kapitel 4 – Was ziehe ich an?,n,jacket / blazer,"Eine elegante Jacke, die Teil von einem Anzug ist.",Er zieht sein Jackett im Büro bei der Hitze aus.,Jacke,,,,,,,,,,,,,Abschnitt 1-2,302
A2-0303,Kleid,das,-er,kleid,A2,Linie A2,Kapitel 4 – Was ziehe ich an?,n,dress,Ein komplettes Kleidungsstück für Frauen (Oberteil und Rock zusammen).,Sie hat ein wunderschönes rotes Kleid gekauft.,,,,,,,,,,,,,,Abschnitt 1-2,303
A2-0304,Krawatte,die,-n,krawatte,A2,Linie A2,Kapitel 4 – Was ziehe ich an?,n,tie,"Ein langes, elegantes Stoffband, das man um den Hemdkragen bindet.",Zum Anzug trägt man meistens eine passende Krawatte.,,,,,,,,,,,,,,Abschnitt 1-2,304
A2-0305,Mantel,der,Mäntel,mantel,A2,Linie A2,Kapitel 4 – Was ziehe ich an?,n,coat,"Eine lange, warme Jacke für den Winter.","Wenn es schneit, brauche ich meinen dicken Mantel.",,,,,,,,,,,,,,Abschnitt 1-2,305
A2-0306,Pullover,der,,pullover,A2,Linie A2,Kapitel 4 – Was ziehe ich an?,n,sweater / jumper,Ein warmes Kleidungsstück für den Oberkörper ohne Knöpfe.,Ich ziehe mir einen gemütlichen Pullover an.,Pulli,,,,,,,,,,,,,Abschnitt 1-2,306
A2-0307,Rock,der,Röcke,rock,A2,Linie A2,Kapitel 4 – Was ziehe ich an?,n,skirt,"Ein Kleidungsstück für Frauen, das ab der Hüfte nach unten hängt.",Röcke ziehe ich nicht gern an.,,,,,,,,,,,,,,Abschnitt 1-2,307
A2-0308,Socke,die,-n,socke,A2,Linie A2,Kapitel 4 – Was ziehe ich an?,n,sock,Ein kurzes Kleidungsstück aus Stoff für die Füße.,Wo ist die zweite weiße Socke?,,,,,,,,,,,,,,Abschnitt 1-2,308
A2-0309,Strumpf,der,Strümpfe,strumpf,A2,Linie A2,Kapitel 4 – Was ziehe ich an?,n,stocking / long sock,"Eine lange Socke, die oft bis zum Knie geht.",Im Winter trägt sie warme Strümpfe unter der Hose.,,,,,,,,,,,,,,Abschnitt 1-2,309
A2-0310,T-Shirt,das,-s,t-shirt,A2,Linie A2,Kapitel 4 – Was ziehe ich an?,n,T-shirt,Ein leichtes Hemd mit kurzen Ärmeln ohne Knöpfe.,Im Sommer trage ich am liebsten ein einfaches T-Shirt.,,,,,,,,,,,,,,Abschnitt 1-2,310
A2-0311,BH,der,-s,bh,A2,Linie A2,Kapitel 4 – Was ziehe ich an?,n,bra,"Unterwäsche für Frauen, die die Brust hält.",Sie sucht einen bequemen BH im Kaufhaus.,,,,,,,,,,,,,,Abschnitt 1-2,311
A2-0312,Unterhemd,das,-en,unterhemd,A2,Linie A2,Kapitel 4 – Was ziehe ich an?,n,undershirt / vest,"Ein leichtes Hemd ohne Ärmel, das man unter der Kleidung trägt.",Er zieht im Winter ein Unterhemd unter das normale Hemd.,,,,,,,,,,,,,,Abschnitt 1-2,312
A2-0313,Unterhose,die,-n,unterhose,A2,Linie A2,Kapitel 4 – Was ziehe ich an?,n,underpants / underpants,Unterwäsche für den unteren Teil des Körpers.,Pack bitte drei saubere Unterhosen in den Koffer.,,,,,,,,,,,,,,Abschnitt 1-2,313
A2-0314,Schuh,der,-e,schuh,A2,Linie A2,Kapitel 4 – Was ziehe ich an?,n,shoe,Ein festes Produkt aus Leder oder Plastik für die Füße beim Gehen.,Meine neuen Schuhe tun am Anfang ein bisschen weh.,,,,,,,,,,,,,,Abschnitt 1-2,314
A2-0315,Stiefel,der,,stiefel,A2,Linie A2,Kapitel 4 – Was ziehe ich an?,n,boot,"Ein fester, hoher Schuh, der auch das Bein schützt.",Für den Schnee im Winter brauchen wir warme Stiefel.,,,,,,,,,,,,,,Abschnitt 1-2,315
A2-0316,Gummistiefel,der,,gummistiefel,A2,Linie A2,Kapitel 4 – Was ziehe ich an?,n,wellington boot,Ein wasserdichter Stiefel aus Gummi für den Regen.,"Wenn es stark regnet, tragen die Kinder ihre Gummistiefel.",,,,,,,,,,,,,,Abschnitt 1-2,316
A2-0317,Handschuh,der,-e,handschuh,A2,Linie A2,Kapitel 4 – Was ziehe ich an?,n,glove,Ein Kleidungsstück aus Stoff oder Leder für die Hände im Winter.,"Vergiss deine Handschuhe nicht, es ist sehr kalt draußen.",,,,,,,,,,,,,,Abschnitt 1-2,317
A2-0318,Hut,der,Hüte,hut,A2,Linie A2,Kapitel 4 – Was ziehe ich an?,n,hat,Eine Kopfbedeckung mit einem runden Rand.,Der Mann trägt einen eleganten schwarzen Hut auf dem Kopf.,,,,,,,,,,,,,,Abschnitt 1-2,318
A2-0319,Schal,der,-s,schal,A2,Linie A2,Kapitel 4 – Was ziehe ich an?,n,scarf,"Ein langes Stück Stoff, das man im Winter um den Hals wickelt.","Ich brauche einen warmen Schal, mein Hals tut weh.",,,,,,,,,,,,,,Abschnitt 1-2,319
A2-0320,Badeanzug,der,Badeanzüge,badeanzug,A2,Linie A2,Kapitel 4 – Was ziehe ich an?,n,swimsuit,Kleidung für Frauen zum Schwimmen im Schwimmbad oder Meer.,Sie packt ihren Badeanzug für den Strandurlaub ein.,,,,,,,,,,,,,,Abschnitt 1-2,320
A2-0321,Badehose,die,-n,badehose,A2,Linie A2,Kapitel 4 – Was ziehe ich an?,n,swimming trunks,Eine kurze Hose für Männer zum Schwimmen.,Mein Sohn braucht eine neue Badehose für den Schwimmkurs.,,,,,,,,,,,,,,Abschnitt 1-2,321
A2-0322,Kette,die,-n,kette,A2,Linie A2,Kapitel 4 – Was ziehe ich an?,n,necklace / chain,"Ein Schmuckstück, das man um den Hals trägt.",Sie trägt eine schöne goldene Kette.,Goldkette,,,,,,,,,,,,,Abschnitt 1-2,322
A2-0323,Schirm,der,-e,schirm,A2,Linie A2,Kapitel 4 – Was ziehe ich an?,n,umbrella,"Ein Gegenstand, den man über den Kopf hält, damit man im Regen nicht nass wird.",Hast du einen Schirm dabei? Es regnet gleich.,Regenschirm,,,,,,,,,,,,,Abschnitt 1-2,323
A2-0324,tragen,,,tragen,A2,Linie A2,Kapitel 4 – Was ziehe ich an?,v,to wear / carry,Kleidung am Körper haben ODER schwere Sachen transportieren.,Ich trage gern Hosen.,,,,,,,,trägt,trug,hat getragen,haben,,,Abschnitt 1-2,324
A2-0325,anziehen,,,anziehen,A2,Linie A2,Kapitel 4 – Was ziehe ich an?,v,to put on,Ein Kleidungsstück an den Körper machen.,Röcke ziehe ich nicht gern an.,,,,,,,,zieht an,zog an,hat angezogen,haben,,,Abschnitt 1-2,325
A2-0326,im Kaufhaus,,,im kaufhaus,A2,Linie A2,Kapitel 4 – Was ziehe ich an?,phrase,in the department store,*Header für den Bereich Einkaufen.*,Wir gehen heute im Kaufhaus einkaufen.,,,,,,,,,,,,,,Abschnitt 3,326
A2-0327,Orientierungstafel,die,-n,orientierungstafel,A2,Linie A2,Kapitel 4 – Was ziehe ich an?,n,orientation board / directory,"Ein großes Schild im Kaufhaus, das zeigt, wo welche Produkte sind.","Auf der Orientierungstafel steht, wo man die Mode findet.",,,,,,,,,,,,,,Abschnitt 3,327
A2-0328,Damenmode,die,-n,damenmode,A2,Linie A2,Kapitel 4 – Was ziehe ich an?,n,women's fashion,Die Abteilung im Kaufhaus mit Kleidung speziell für Frauen.,Die Damenmode befindet sich im ersten Stock.,,,,,,,,,,,,,,Abschnitt 3,328
A2-0329,Herrenmode,die,-n,herrenmode,A2,Linie A2,Kapitel 4 – Was ziehe ich an?,n,men's fashion,Die Abteilung im Kaufhaus mit Kleidung speziell für Männer.,Mein Mann sucht eine neue Hose in der Herrenmode.,,,,,,,,,,,,,,Abschnitt 3,329
A2-0330,Kinderabteilung,die,-en,kinderabteilung,A2,Linie A2,Kapitel 4 – Was ziehe ich an?,n,children's department,Die Abteilung im Kaufhaus mit Kleidung für Babys und Kinder.,Spielzeug und T-Shirts für Kinder gibt es in der Kinderabteilung.,,,,,,,,,,,,,,Abschnitt 3,330
A2-0331,Unterwäsche,die,,unterwasche,A2,Linie A2,Kapitel 4 – Was ziehe ich an?,n,underwear,"Kleidung, die man direkt auf der Haut unter den normalen Anziehsachen trägt.",Socken und Unterhosen findet man bei der Unterwäsche.,,,,,,,,,,,,,,Abschnitt 3|nur Singular,331
A2-0332,Fundbüro,das,-s,fundburo,A2,Linie A2,Kapitel 4 – Was ziehe ich an?,n,lost and found,"Das Büro, in dem man verlorene Sachen abholen kann.",Ich habe meine Tasche verloren und frage im Fundbüro nach.,,,,,,,,,,,,,,Abschnitt 3,332
A2-0333,Parfümerie,die,-n,parfumerie,A2,Linie A2,Kapitel 4 – Was ziehe ich an?,n,perfumery,Ein Geschäft oder eine Abteilung für Parfum und Kosmetik.,In der Parfümerie riecht es sehr gut nach verschiedenen Düften.,,,,,,,,,,,,,,Abschnitt 3,333
A2-0334,Erdgeschoss,das,-e,erdgeschoss,A2,Linie A2,Kapitel 4 – Was ziehe ich an?,n,ground floor,"Die Etage von einem Gebäude, die direkt auf dem Niveau der Straße ist.",Der Eingang zum Supermarkt befindet sich im Erdgeschoss.,,,,,,,,,,,,,,Abschnitt 3,334
A2-0335,Untergeschoss,das,-e,untergeschoss,A2,Linie A2,Kapitel 4 – Was ziehe ich an?,n,basement,"Die Etage von einem Gebäude, die unter der Erde liegt.",Die Parkgarage ist im Untergeschoss.,,,,,,,,,,,,,,Abschnitt 3,335
A2-0336,Stock  / im ersten/zweiten/... Stock,der,,stock  / im ersten/zweiten/... stock,A2,Linie A2,Kapitel 4 – Was ziehe ich an?,n,floor / on the 1st/2nd floor,Die Etage in einem großen Haus.,Die Sportabteilung befindet sich im ersten Stock.,Boden,,,,,,,,,,,,,Abschnitt 3|nur Singular,336
A2-0337,achtjährig,,,achtjahrig,A2,Linie A2,Kapitel 4 – Was ziehe ich an?,adj,eight years old,Wenn eine Person oder Sache genau acht Jahre alt ist.,Mein achtjähriger Sohn geht in die dritte Klasse.,,,,,,,,,,,,achtjähriger,am achtjährigsten,Abschnitt 3,337
A2-0338,Ring,der,-e,ring,A2,Linie A2,Kapitel 4 – Was ziehe ich an?,n,ring,Ein rundes Schmuckstück aus Gold oder Silber für den Finger.,Sie trägt einen schönen Ring am Finger.,,,,,,,,,,,,,,Abschnitt 3,338
A2-0339,Make-up,das,-s,make-up,A2,Linie A2,Kapitel 4 – Was ziehe ich an?,n,make-up,"Kosmetik für das Gesicht, damit die Haut schöner aussieht.",Vor der Party macht sie sich ein leichtes Make-up ins Gesicht.,,,,,,,,,,,,,,Abschnitt 3,339
A2-0340,Mode,die,-n,mode,A2,Linie A2,Kapitel 4 – Was ziehe ich an?,n,fashion,"Der aktuelle Stil von Kleidung, den viele Menschen in einer Zeit gut finden.",Sie interessiert sich sehr für moderne Mode.,,,,,,,,,,,,,,Abschnitt 3,340
A2-0341,Schmuck,der,,schmuck,A2,Linie A2,Kapitel 4 – Was ziehe ich an?,n,jewelry,"Schöne Dinge wie Ringe, Ketten oder Ohrringe aus Gold und Silber.",Im Schaufenster steht teurer Schmuck.,,,,,,,,,,,,,,Abschnitt 3|nur Singular,341
A2-0342,Kosmetik,die,,kosmetik,A2,Linie A2,Kapitel 4 – Was ziehe ich an?,n,cosmetics,"Produkte für die Pflege von Haut, Haaren und Gesicht.",In der Drogerie kaufe ich meine Kosmetik.,,,,,,,,,,,,,,Abschnitt 3|nur Singular,342
A2-0343,Koffer,der,,koffer,A2,Linie A2,Kapitel 4 – Was ziehe ich an?,n,suitcase,Eine große Tasche aus festem Material für Kleidung bei einer Reise.,Ich packe meinen Koffer für den Urlaub.,,,,,,,,,,,,,,Abschnitt 3,343
A2-0344,Second-Hand-Laden,der,-läden,second-hand-laden,A2,Linie A2,Kapitel 4 – Was ziehe ich an?,n,second-hand shop,"Ein Geschäft, in dem man gebrauchte Kleidung oder Dinge billiger kauft.",In diesem Second-Hand-Laden gibt es tolle alte Jacken.,Secondhand-Laden,,,,,,,,,,,,,Abschnitt 3,344
A2-0345,Schuhgeschäft,das,-e,schuhgeschaft,A2,Linie A2,Kapitel 4 – Was ziehe ich an?,n,shoe store,"Ein Laden, in dem man nur Schuhe kaufen kann.","Ich gehe ins Schuhgeschäft, um neue Turnschuhe zu suchen.",,,,,,,,,,,,,,Abschnitt 3,345
A2-0346,anprobieren,,,anprobieren,A2,Linie A2,Kapitel 4 – Was ziehe ich an?,v,to try on,"Ein Kleidungsstück im Laden anziehen, um zu sehen, ob die Größe passt.",Ich möchte diese Jacke gerne kurz anprobieren.,,,,,,,,anprobiert,anprobierte,hat anprobiert,haben,,,Abschnitt 4,346
A2-0347,Größe,die,-n,grosse,A2,Linie A2,Kapitel 4 – Was ziehe ich an?,n,size,"Die Maßeinheit für Kleidung (z. B. M, L, XL oder Schuhgröße 40).",Welche Größe brauchen Sie bei dieser Hose?,,,,,,,,,,,,,,Abschnitt 4,347
A2-0348,stehen,,,stehen,A2,Linie A2,Kapitel 4 – Was ziehe ich an?,v,to suit,Wenn ein Kleidungsstück optisch gut zu einer Person passt.,Die Hose steht dir gut.,,,,,,,,steht,stand,hat gestanden,haben,,,Abschnitt 4,348
A2-0349,Stoff,der,-e,stoff,A2,Linie A2,Kapitel 4 – Was ziehe ich an?,n,fabric / material,"Das Material, aus dem Kleidung gemacht wird (z. B. Baumwolle).",Dieser Mantel ist aus einem sehr weichen Stoff gemacht.,Material,,,,,,,,,,,,,Abschnitt 4,349
A2-0350,Qualität,die,-en,qualitat,A2,Linie A2,Kapitel 4 – Was ziehe ich an?,n,quality,Wie gut oder schlecht ein Produkt gemacht ist.,"Das T-Shirt ist billig, aber die Qualität ist sehr gut.",Eigenschaft,,,,,,,,,,,,,Abschnitt 4,350
A2-0351,passen,,,passen,A2,Linie A2,Kapitel 4 – Was ziehe ich an?,v,to fit,"Die richtige Größe haben, so dass es nicht zu eng oder zu weit ist.",Die Hose passt mir nicht.,,,,,,,,passt,passte,hat gepasst,haben,,,Abschnitt 4,351
A2-0352,Pulli,der,-s,pulli,A2,Linie A2,Kapitel 4 – Was ziehe ich an?,n,sweater (colloquial),"Das kurze, informelle Wort für Pullover.",Ich ziehe mir einen warmen Pulli an.,Pullover,,,,,,,,,,,,,Abschnitt 4,352
A2-0353,Kunde,der,-n,kunde,A2,Linie A2,Kapitel 4 – Was ziehe ich an?,n,customer / client (male),"Ein Mann, der in einem Geschäft eine Ware kauft.",Der Kunde bezahlt die Kleidung an der Kasse.,Kundin,,,,,,,,,,,,,Abschnitt 4,353
A2-0354,Kundin,die,-nen,kundin,A2,Linie A2,Kapitel 4 – Was ziehe ich an?,n,customer / client (female),"Eine Frau, die ein Produkt in einem Laden kauft.",Die Kundin probiert ein neues Kleid an.,Kunde,,,,,,,,,,,,,Abschnitt 4,354
A2-0355,Anprobe,die,-n,anprobe,A2,Linie A2,Kapitel 4 – Was ziehe ich an?,n,fitting room ODER fitting,"Der kleine Raum im Laden, in dem man Kleidung testet.",Wo ist denn hier bitte die Anprobe?,,,,,,,,,,,,,,Abschnitt 4,355
A2-0356,eng,,,eng,A2,Linie A2,Kapitel 4 – Was ziehe ich an?,adj,tight ↔ wide/loose,Zu klein und fest am Körper ↔ groß und mit viel Platz.,"Die Jeans ist mir am Bauch zu eng, ich brauche eine weite Hose.",,weit,,,,,,,,,,enger,am engsten,Abschnitt 4,356
A2-0357,bunt,,,bunt,A2,Linie A2,Kapitel 4 – Was ziehe ich an?,adj,colorful,"Mit vielen verschiedenen, hellen Farben.",Das Sommerkleid hat ein sehr buntes Muster.,farbig,,,,,,,,,,,bunter,am buntesten,Abschnitt 4,357
A2-0358,würfeln,,,wurfeln,A2,Linie A2,Kapitel 4 – Was ziehe ich an?,v,to roll dice,Ein Spiel mit einem kleinen Würfel mit Punkten machen.,Wir sitzen am Tisch und würfeln für das Spiel.,,,,,,,,würfelt,würfelte,hat gewürfelt,haben,,,Abschnitt 4,358
A2-0359,Schneiderei,die,-en,schneiderei,A2,Linie A2,Kapitel 4 – Was ziehe ich an?,n,tailor's shop,"Die Werkstatt, in der ein Schneider Kleidung repariert oder neu macht.",Ich bringe meine kaputte Hose zur Schneiderei.,,,,,,,,,,,,,,Abschnitt 4,359
A2-0360,gestreift,,,gestreift,A2,Linie A2,Kapitel 4 – Was ziehe ich an?,adj,striped,Mit langen Linien als Muster auf dem Stoff.,Er trägt ein rot-weiß gestreiftes Hemd.,,,,,,,,,,,,gestreifter,am gestreiftesten,Abschnitt 4,360
A2-0361,kariert,,,kariert,A2,Linie A2,Kapitel 4 – Was ziehe ich an?,adj,checked / plaid,Mit einem Muster aus vielen kleinen Quadraten.,Mein Opa trägt gern ein blau kariertes Hemd.,,,,,,,,,,,,karierter,am kariertesten,Abschnitt 4,361
A2-0362,nachher,,,nachher,A2,Linie A2,Kapitel 4 – Was ziehe ich an?,adv,afterwards / later,Ein bisschen später; nach einer anderen Aktivität.,"Ich muss erst arbeiten, nachher können wir Kaffee trinken.",,,,,,,,,,,,,,Abschnitt 5-6,362
A2-0363,Klamotten,die,,klamotten,A2,Linie A2,Kapitel 4 – Was ziehe ich an?,n,clothes (colloquial),Ein informelles Wort für Kleidung.,"Deine Klamotten liegen überall im Zimmer, räum bitte auf!",Kleidung,,,,,,,,,,,,,Abschnitt 5-6,363
A2-0364,schick,,,schick,A2,Linie A2,Kapitel 4 – Was ziehe ich an?,adj,chic / elegant,Sehr elegant und schön anzusehen.,Du siehst heute aber wirklich sehr schick aus!,elegant,,,,,,,,,,,schicker,am schicksten,Abschnitt 5-6,364
A2-0365,doof,,,doof,A2,Linie A2,Kapitel 4 – Was ziehe ich an?,adj,stupid / dumb (colloquial),Ein anderes Wort für blöd oder langweilig; negativ.,Ich finde das regnerische Wetter heute absolut doof.,dumm|blöd,,,,,,,,,,,doofer,am doofsten,Abschnitt 5-6,365
A2-0366,auffallen,,,auffallen,A2,Linie A2,Kapitel 4 – Was ziehe ich an?,v,to stand out / notice,"Sofort gesehen werden, weil man eine Besonderheit hat.",Mit den hellgelben Schuhen fällst du auf der Straße sofort auf.,,,,,,,,fällt auf,fiel auf,ist aufgefallen,sein,,,Abschnitt 5-6,366
A2-0367,skaten,,,skaten,A2,Linie A2,Kapitel 4 – Was ziehe ich an?,v,to skateboard / skate,Mit einem Skateboard oder Inlineskates fahren.,Die Jugendlichen möchten im Park skaten gehen.,,,,,,,,skatet,skatete,hat geskatet,haben,,,Abschnitt 5-6,367
A2-0368,Turnschuh,der,-e,turnschuh,A2,Linie A2,Kapitel 4 – Was ziehe ich an?,n,sneaker / sports shoe,"Ein bequemer Schuh, den man für den Sport oder in der Freizeit trägt.",Zum Joggen ziehe ich meine blauen Turnschuhe an.,,,,,,,,,,,,,,Abschnitt 5-6,368
A2-0369,Was für ein ...,,,was fur ein ...,A2,Linie A2,Kapitel 4 – Was ziehe ich an?,phrase,What kind of a ...,Eine Frage nach der genauen Sorte oder dem Stil von einer Sache.,Was für ein Hemd möchtest du?,,,,,,,,,,,,,,Abschnitt 5-6,369
A2-0370,bestellen,,,bestellen,A2,Linie A2,Kapitel 4 – Was ziehe ich an?,v,to order,"Ein Produkt im Restaurant oder im Internet kaufen, damit es geliefert wird.",Ich möchte mir eine Pizza online bestellen.,,,,,,,,bestellt,bestellte,hat bestellt,haben,,,Abschnitt 5-6,370
A2-0371,elegant,,,elegant,A2,Linie A2,Kapitel 4 – Was ziehe ich an?,adj,elegant,"Sehr schick, formell und mit einem exzellenten Stil.",Zum Hochzeitsfest trägt er einen sehr eleganten Anzug.,schick,,,,,,,,,,,eleganter,am elegantesten,Abschnitt 5-6,371
A2-0372,zusammenpassen,,,zusammenpassen,A2,Linie A2,Kapitel 4 – Was ziehe ich an?,v,to match / fit together,Wenn zwei Dinge optisch oder charakterlich sehr gut harmonieren.,Die Schuhe und die Tasche passen perfekt zusammen.,zuordnen,,,,,,,passt zusammen,passte zusammen,hat zusammengepasst,haben,,,Abschnitt 7-8,372
A2-0373,Beitrag,der,Beiträge,beitrag,A2,Linie A2,Kapitel 4 – Was ziehe ich an?,n,contribution / post,Ein Text oder Kommentar in einem Internet-Forum ODER Geld.,Ich lese einen interessanten Beitrag im Internet.,,,,,,,,,,,,,,Abschnitt 7-8,373
A2-0374,Forum,das,Foren,forum,A2,Linie A2,Kapitel 4 – Was ziehe ich an?,n,forum,"Eine Internetseite, auf der viele Menschen über ein Thema diskutieren.",Im Online-Forum schreiben die Leute über ihre Hobbys.,,,,,,,,,,,,,,Abschnitt 7-8,374
A2-0375,Stellensuche,die,-n,stellensuche,A2,Linie A2,Kapitel 4 – Was ziehe ich an?,n,job search,"Die Aktivität, wenn man eine neue Arbeit oder einen Job sucht.",Nach dem Studium beginnt für sie die Stellensuche.,,,,,,,,,,,,,,Abschnitt 7-8,375
A2-0376,Hilfe,die,-n,hilfe,A2,Linie A2,Kapitel 4 – Was ziehe ich an?,n,help / assistance,Die Unterstützung für eine andere Person bei einem Problem.,Vielen Dank für Ihre freundliche Hilfe im Büro.,Unterstützung,,,,,,,,,,,,,Abschnitt 7-8,376
A2-0377,Vorstellungsgespräch,das,-gespräche,vorstellungsgesprach,A2,Linie A2,Kapitel 4 – Was ziehe ich an?,n,job interview,"Ein offizieller Termin bei einer Firma, bei dem man sich für einen Job vorstellt.",Morgen habe ich ein wichtiges Vorstellungsgespräch.,Job-Interview,,,,,,,,,,,,,Abschnitt 7-8,377
A2-0378,Branche,die,-n,branche,A2,Linie A2,Kapitel 4 – Was ziehe ich an?,n,industry / sector,Ein bestimmter Wirtschaftssektor (z. B. die Auto-Branche oder IT).,Er arbeitet seit vielen Jahren in der IT-Branche.,Industrie,,,,,,,,,,,,,Abschnitt 7-8,378
A2-0379,Job-Interview,das,-s,job-interview,A2,Linie A2,Kapitel 4 – Was ziehe ich an?,n,job interview,Ein anderes Wort für Vorstellungsgespräch.,Mein Job-Interview gestern lief wirklich sehr gut.,Vorstellungsgespräch,,,,,,,,,,,,,Abschnitt 7-8,379
A2-0380,gepflegt,,,gepflegt,A2,Linie A2,Kapitel 4 – Was ziehe ich an?,adj,neat / well-groomed,"Sauber, ordentlich und gut aussehend.",Er trägt immer sehr saubere und gepflegte Kleidung.,,,,,,,,,,,,gepflegter,am gepflegtesten,Abschnitt 7-8,380
A2-0381,aussehen,,,aussehen,A2,Linie A2,Kapitel 4 – Was ziehe ich an?,v,to look like / appear,Einen bestimmten optischen Eindruck machen.,Du siehst heute sehr glücklich aus.,,,,,,,,sieht aus,sah aus,hat ausgesehen,haben,,,Abschnitt 7-8,381
A2-0382,Erinnerung,die,-en,erinnerung,A2,Linie A2,Kapitel 4 – Was ziehe ich an?,n,memory,Ein Gedanke an eine Situation aus der Vergangenheit.,Ich habe eine schöne Erinnerung an meinen letzten Urlaub.,,,,,,,,,,,,,,Abschnitt 7-8,382
A2-0383,Vorsicht,die,,vorsicht,A2,Linie A2,Kapitel 4 – Was ziehe ich an?,n,caution / care,"Aufmerksam handeln, damit kein Fehler oder Unfall passiert.","Achtung, Vorsicht an der Baustelle!",Betreuung,,,,,,,,,,,,,Abschnitt 7-8|nur Singular,383
A2-0384,verrückt,,,verruckt,A2,Linie A2,Kapitel 4 – Was ziehe ich an?,adj,crazy,Nicht normal; sehr speziell oder lustig im Verhalten.,"Das ist eine völlig verrückte Idee, aber ich finde sie gut.",,,,,,,,,,,,verrückter,am verrücktesten,Abschnitt 7-8,384
A2-0385,blond,,,blond,A2,Linie A2,Kapitel 4 – Was ziehe ich an?,adj,blond,"Eine helle, gelbliche Haarfarbe.","Das Mädchen hat lange, blonde Haare.",,,,,,,,,,,,blonder,am blondesten,Abschnitt 7-8,385
A2-0386,unsicher,,,unsicher,A2,Linie A2,Kapitel 4 – Was ziehe ich an?,adj,insecure / uncertain,Nicht sicher sein; Angst haben oder eine Information nicht genau wissen.,Am Anfang im neuen Job fühlt man sich manchmal ein bisschen unsicher.,,,,,,,,,,,,unsicherer,am unsichersten,Abschnitt 7-8,386
A2-0387,hellblond,,,hellblond,A2,Linie A2,Kapitel 4 – Was ziehe ich an?,adj,light blond,Eine sehr helle Variante der blonden Haarfarbe.,Sie hat ihre Haare hellblond gefärbt.,,,,,,,,,,,,hellblonder,am hellblondesten,Abschnitt 7-8,387
A2-0388,egal,,,egal,A2,Linie A2,Kapitel 4 – Was ziehe ich an?,adj,all the same / doesn't matter,Nicht wichtig; wenn eine Entscheidung für eine Person keinen Unterschied macht.,"Es ist mir egal, ob wir Pizza oder Pasta essen.",,,,,,,,,,,,egaler,am egalsten,Abschnitt 7-8,388
A2-0389,Hauptsache,die,-n,hauptsache,A2,Linie A2,Kapitel 4 – Was ziehe ich an?,n,main thing,Die wichtigste Sache in einer Situation oder bei einem Plan.,"Es hat geregnet, aber wir hatten Spaß – das ist die Hauptsache.",,,,,,,,,,,,,,Abschnitt 7-8,389
A2-0390,Arbeitskollege,der,-n,arbeitskollege,A2,Linie A2,Kapitel 4 – Was ziehe ich an?,n,colleague (male),"Ein Mann, mit dem man in derselben Firma zusammenarbeitet.",Mein Arzeitskollege hilft mir bei dem Computerprogramm.,Arbeitskollegin,,,,,,,,,,,,,Abschnitt 7-8,390
A2-0391,Arbeitskollegin,die,-nen,arbeitskollegin,A2,Linie A2,Kapitel 4 – Was ziehe ich an?,n,colleague (female),"Eine Frau, mit der man zusammen in einer Firma arbeitet.",Eine neue Arbeitskollegin beginnt nächste Woche auf unserer Station.,Arbeitskollege,,,,,,,,,,,,,Abschnitt 7-8,391
A2-0392,Verkehrsmittel,das,,verkehrsmittel,A2,Linie A2,"Kapitel 5 – Fahrrad, Auto oder Bus",n,means of transportation,"Ein Fahrzeug, mit dem Personen oder Sachen fahren (z. B. Bus, Zug).",Welches Verkehrsmittel nutzen Sie für den Weg zur Arbeit?,,,,,,,,,,,,,,Abschnitt 1,392
A2-0393,Straßenbahn,die,-en,strassenbahn,A2,Linie A2,"Kapitel 5 – Fahrrad, Auto oder Bus",n,tram / streetcar,"Ein öffentliches Fahrzeug, das auf Schienen durch die Stadt fährt.",Ich nehme die Straßenbahn Linie 4 zum Zentrum.,,,,,,,,,,,,,,Abschnitt 1,393
A2-0394,Bus,der,Busse,bus,A2,Linie A2,"Kapitel 5 – Fahrrad, Auto oder Bus",n,bus,Ein großes Auto für viele Passagiere im öffentlichen Verkehr.,Der Bus kommt morgens alle zehn Minuten.,,,,,,,,,,,,,,Abschnitt 1,394
A2-0395,S-Bahn,die,-en,s-bahn,A2,Linie A2,"Kapitel 5 – Fahrrad, Auto oder Bus",n,suburban train,Ein schneller Zug für eine Stadt und die Region um die Stadt.,Die S-Bahn bringt die Menschen schnell zur Arbeit.,,,,,,,,,,,,,,Abschnitt 1,395
A2-0396,U-Bahn,die,-en,u-bahn,A2,Linie A2,"Kapitel 5 – Fahrrad, Auto oder Bus",n,subway / metro,"Ein Zug, der meistens unter der Erde fährt.",In Berlin fährt die U-Bahn sehr oft.,,,,,,,,,,,,,,Abschnitt 1,396
A2-0397,Zug,der,Züge,zug,A2,Linie A2,"Kapitel 5 – Fahrrad, Auto oder Bus",n,train,Ein langes Fahrzeug auf Schienen für weite Reisen.,Der Zug nach Hamburg hat heute leider Verspätung.,Bahn,,,,,,,,,,,,,Abschnitt 1,397
A2-0398,Bahn,die,-en,bahn,A2,Linie A2,"Kapitel 5 – Fahrrad, Auto oder Bus",n,train / railway,Das kurze Wort für die Eisenbahn oder das Zug-System.,Wir fahren am Wochenende mit der Bahn nach München.,Zug,,,,,,,,,,,,,Abschnitt 1,398
A2-0399,Haltestelle,die,-n,haltestelle,A2,Linie A2,"Kapitel 5 – Fahrrad, Auto oder Bus",n,stop / station (bus/tram),"Der Platz, an dem ein Bus oder eine Straßenbahn stoppt.",Ich warte an der Haltestelle auf den Bus.,,,,,,,,,,,,,,Abschnitt 1,399
A2-0400,Bahnhof,der,Bahnhöfe,bahnhof,A2,Linie A2,"Kapitel 5 – Fahrrad, Auto oder Bus",n,train station,"Das Gebäude, an dem Züge ankommen und abfahren.",Treffen wir uns morgen direkt am Bahnhof?,,,,,,,,,,,,,,Abschnitt 1,400
A2-0401,Flughafen,der,Flughäfen,flughafen,A2,Linie A2,"Kapitel 5 – Fahrrad, Auto oder Bus",n,airport,"Der Ort, an dem Flugzeuge starten und landen.","Mein Flug geht um 8 Uhr, ich muss früh am Flughafen sein.",,,,,,,,,,,,,,Abschnitt 1,401
A2-0402,Verspätung,die,-en,verspatung,A2,Linie A2,"Kapitel 5 – Fahrrad, Auto oder Bus",n,delay,Wenn ein Verkehrsmittel später kommt als geplant.,Der Zug hat leider zwanzig Minuten Verspätung.,,,,,,,,,,,,,,Abschnitt 1,402
A2-0403,Einstieg,der,-e,einstieg,A2,Linie A2,"Kapitel 5 – Fahrrad, Auto oder Bus",n,entrance / boarding,"Die Tür oder der Platz, wo man in ein Fahrzeug hineingeht.",Der Einstieg in den Bus ist vorne beim Fahrer.,,,,,,,,,,,,,,Abschnitt 1,403
A2-0404,barrierefrei,,,barrierefrei,A2,Linie A2,"Kapitel 5 – Fahrrad, Auto oder Bus",adj,accessible / barrier-free,Ohne Treppen oder Probleme für Rollstühle und Kinderwagen.,Dieser Bahnhof ist modern und komplett barrierefrei.,,,,,,,,,,,,barrierefreier,am barrierefreisten,Abschnitt 1,404
A2-0405,Fahrplan,der,Fahrpläne,fahrplan,A2,Linie A2,"Kapitel 5 – Fahrrad, Auto oder Bus",n,timetable / schedule,"Eine Liste, die zeigt, wann Busse oder Züge abfahren.","Auf dem Fahrplan steht, dass der nächste Bus um 14:15 Uhr kommt.",Stundenplan|Programm,,,,,,,,,,,,,Abschnitt 1,405
A2-0406,aussteigen,,,aussteigen,A2,Linie A2,"Kapitel 5 – Fahrrad, Auto oder Bus",v,to get off ↔ to get on,Ein Fahrzeug verlassen ↔ in ein Fahrzeug hineingehen.,"Hier müssen wir aussteigen, und dort drüben müssen wir in die Tram einsteigen.",,einsteigen,,,,,,steigt aus,stieg aus,ist ausgestiegen,sein,,,Abschnitt 1,406
A2-0407,umsteigen,,,umsteigen,A2,Linie A2,"Kapitel 5 – Fahrrad, Auto oder Bus",v,to transfer / change trains,Von einem Verkehrsmittel in ein anderes wechseln.,Ich fahre nach Köln und muss in Frankfurt umsteigen.,überweisen,,,,,,,steigt um,stieg um,ist umgestiegen,sein,,,Abschnitt 1,407
A2-0408,Fahrrad,das,,fahrrad,A2,Linie A2,"Kapitel 5 – Fahrrad, Auto oder Bus",n,bicycle,"Ein Fahrzeug mit zwei Rädern, das man mit den Beinen bewegt.",Ich fahre jeden Tag mit dem Fahrrad zur Arbeit.,,,,,,,,,,,,,,Abschnitt 1,408
A2-0409,Rad,das,Räder,rad,A2,Linie A2,"Kapitel 5 – Fahrrad, Auto oder Bus",n,bike / wheel,Das kurze Wort für Fahrrad ODER das runde Teil am Auto.,Mein Rad hat einen kaputten Reifen.,,,,,,,,,,,,,,Abschnitt 1,409
A2-0410,Lastenfahrrad,das,Lastenfahrräder,lastenfahrrad,A2,Linie A2,"Kapitel 5 – Fahrrad, Auto oder Bus",n,cargo bike,"Ein großes Fahrrad, mit dem man Kinder oder schwere Sachen transportiert.",Sie bringt die Kinder mit dem Lastenfahrrad zum Kindergarten.,,,,,,,,,,,,,,Abschnitt 1,410
A2-0411,E-Bike,das,-s,e-bike,A2,Linie A2,"Kapitel 5 – Fahrrad, Auto oder Bus",n,e-bike,Ein Fahrrad mit einem elektrischen Motor.,Mit dem E-Bike kann man sehr leicht den Berg hinauffahren.,,,,,,,,,,,,,,Abschnitt 1,411
A2-0412,Batterie,die,-n,batterie,A2,Linie A2,"Kapitel 5 – Fahrrad, Auto oder Bus",n,battery,"Das Objekt, das Strom für Geräte, Autos oder E-Bikes liefert.",Die Batterie von meinem Handy ist leider fast leer.,Akku,,,,,,,,,,,,,Abschnitt 1,412
A2-0413,Bremse,die,-n,bremse,A2,Linie A2,"Kapitel 5 – Fahrrad, Auto oder Bus",n,brake,"Das Teil am Fahrzeug, mit dem man langsamer wird oder stoppt.","Du musst die Bremse kontrollieren, das Fahrrad stoppt nicht gut.",,,,,,,,,,,,,,Abschnitt 1,413
A2-0414,Helm,der,-e,helm,A2,Linie A2,"Kapitel 5 – Fahrrad, Auto oder Bus",n,helmet,Ein Schutz für den Kopf beim Fahrrad- oder Motorradfahren.,Beim Radfahren trage ich immer einen Helm.,,,,,,,,,,,,,,Abschnitt 1,414
A2-0415,Klingel,die,-n,klingel,A2,Linie A2,"Kapitel 5 – Fahrrad, Auto oder Bus",n,bell,"Ein kleines Ding am Fahrrad, das ein Geräusch zur Warnung macht.","Bitte benutze die Klingel, wenn Fußgänger auf dem Weg sind.",Glocke,,,,,,,,,,,,,Abschnitt 1,415
A2-0416,Reifen,der,,reifen,A2,Linie A2,"Kapitel 5 – Fahrrad, Auto oder Bus",n,tire,Das runde Teil aus Gummi am Rad oder Auto.,Ich muss Luft in den Reifen pumpen.,,,,,,,,,,,,,,Abschnitt 1,416
A2-0417,Motor,der,-en,motor,A2,Linie A2,"Kapitel 5 – Fahrrad, Auto oder Bus",n,engine / motor,"Die Maschine, die ein Auto oder ein E-Bike bewegt.","Das Auto macht ein komisches Geräusch, der Motor ist vielleicht kaputt.",,,,,,,,,,,,,,Abschnitt 1,417
A2-0418,Taxi,das,-s,taxi,A2,Linie A2,"Kapitel 5 – Fahrrad, Auto oder Bus",n,taxi,"Ein Auto mit Fahrer, das man bezahlt, um an ein Ziel zu kommen.",Nach der Party nehmen wir ein Taxi nach Hause.,,,,,,,,,,,,,,Abschnitt 1,418
A2-0419,Stau,der,-s,stau,A2,Linie A2,"Kapitel 5 – Fahrrad, Auto oder Bus",n,traffic jam,Wenn viele Autos auf der Straße stehen und nicht weiterfahren können.,Auf der Autobahn gibt es heute einen langen Stau.,,,,,,,,,,,,,,Abschnitt 1,419
A2-0420,im Stau stehen,,,im stau stehen,A2,Linie A2,"Kapitel 5 – Fahrrad, Auto oder Bus",phrase,to be stuck in traffic,Wegen zu vielen Autos auf der Straße blockiert sein.,"Ich komme später, weil wir im Stau stehen.",,,,,,,,,,,,,,Abschnitt 1,420
A2-0421,öffentlich,,,offentlich,A2,Linie A2,"Kapitel 5 – Fahrrad, Auto oder Bus",adj,public,Für alle Menschen da; nicht privat (z. B. Bus und Bahn).,Ich nutze am liebsten die öffentlichen Verkehrsmittel.,staatlich,,,,,,,,,,,öffentlicher,am öffentlichsten,Abschnitt 1,421
A2-0422,mobil,,,mobil,A2,Linie A2,"Kapitel 5 – Fahrrad, Auto oder Bus",adj,mobile,Wenn man sich leicht von einem Ort zum anderen bewegen kann.,Mit einem Auto ist man in der Region sehr mobil.,,,,,,,,,,,,,,Abschnitt 1,422
A2-0423,Rollstuhl,der,Rollstühle,rollstuhl,A2,Linie A2,"Kapitel 5 – Fahrrad, Auto oder Bus",n,wheelchair,"Ein Stuhl mit Rädern für Menschen, die nicht gehen können.",Nach dem Unfall sitzt er im Rollstuhl.,,,,,,,,,,,,,,Abschnitt 1,423
A2-0424,Parkplatz,der,Parkplätze,parkplatz,A2,Linie A2,"Kapitel 5 – Fahrrad, Auto oder Bus",n,parking space / lot,"Ein Platz, an dem man sein Auto abstellen darf.",Ich muss einen freien Parkplatz suchen.,,,,,,,,,,,,,,Abschnitt 1,424
A2-0425,ab und zu,,,ab und zu,A2,Linie A2,"Kapitel 5 – Fahrrad, Auto oder Bus",phrase,now and then / sometimes,"Nicht oft, aber manchmal.","Ich fahre meistens mit dem Rad, aber ab und zu nehme ich den Bus.",,,,,,,,,,,,,,Abschnitt 2-3,425
A2-0426,Klimaanlage,die,-n,klimaanlage,A2,Linie A2,"Kapitel 5 – Fahrrad, Auto oder Bus",n,air conditioning,"Ein Gerät im Auto oder Zimmer, das die Luft kalt macht.",Im Sommer ist die Klimaanlage im Auto sehr wichtig.,,,,,,,,,,,,,,Abschnitt 2-3,426
A2-0427,ideal,,,ideal,A2,Linie A2,"Kapitel 5 – Fahrrad, Auto oder Bus",adj,ideal / perfect,Absolut perfekt für eine Situation.,Das Wetter heute ist ideal für einen Ausflug mit dem Fahrrad.,,,,,,,,,,,,idealer,am idealsten,Abschnitt 2-3,427
A2-0428,meistens / meist,,,meistens / meist,A2,Linie A2,"Kapitel 5 – Fahrrad, Auto oder Bus",phrase,mostly / usually,Fast immer; in den meisten Fällen.,Am Wochenende schlafe ich meistens bis 9 Uhr.,,,,,,,,,,,,,,Abschnitt 2-3,428
A2-0429,nachfragen,,,nachfragen,A2,Linie A2,"Kapitel 5 – Fahrrad, Auto oder Bus",v,to inquire / ask again,"Noch einmal fragen, um eine Information sicher zu wissen.","Wenn Sie die Adresse nicht wissen, müssen Sie im Büro nachfragen.",,,,,,,,nachfragt,nachfragte,hat genachfragt,haben,,,Abschnitt 2-3,429
A2-0430,nass,,,nass,A2,Linie A2,"Kapitel 5 – Fahrrad, Auto oder Bus",adj,wet,Wenn viel Wasser auf einer Sache ist; das Gegenteil von trocken.,"Geh nicht ohne Schirm raus, sonst wirst du nass.",,,,,,,,,,,,nasser,am nassesten,Abschnitt 2-3,430
A2-0431,Strecke,die,-n,strecke,A2,Linie A2,"Kapitel 5 – Fahrrad, Auto oder Bus",n,distance / route,Ein Weg von einem Punkt zu einem anderen Punkt.,Die Strecke von Frankfurt nach Berlin ist ziemlich lang.,,,,,,,,,,,,,,Abschnitt 2-3,431
A2-0432,Wetter,das,,wetter,A2,Linie A2,"Kapitel 5 – Fahrrad, Auto oder Bus",n,weather,"Sonne, Regen, Wind oder Schnee im Moment.",Wie ist das Wetter heute in Hamburg?,,,,,,,,,,,,,,Abschnitt 2-3|nur Singular,432
A2-0433,Hitze,die,,hitze,A2,Linie A2,"Kapitel 5 – Fahrrad, Auto oder Bus",n,heat,Sehr große Wärme (z. B. im Sommer bei 35 Grad).,Bei dieser Hitze gehe ich am liebsten schwimmen.,,,,,,,,,,,,,,Abschnitt 2-3|nur Singular,433
A2-0434,Kälte,die,,kalte,A2,Linie A2,"Kapitel 5 – Fahrrad, Auto oder Bus",n,coldness,Sehr niedrige Temperaturen (z. B. im Winter bei -5 Grad).,"Zieh eine warme Jacke an, die Kälte draußen ist gefährlich.",,,,,,,,,,,,,,Abschnitt 2-3|nur Singular,434
A2-0435,Regenkleidung,die,,regenkleidung,A2,Linie A2,"Kapitel 5 – Fahrrad, Auto oder Bus",n,rainwear,"Spezielle Kleidung (wie eine Regenjacke), die vor Wasser schützt.",Die Kinder tragen im Wald Regenkleidung.,,,,,,,,,,,,,,Abschnitt 2-3|nur Singular,435
A2-0436,Regen,der,,regen,A2,Linie A2,"Kapitel 5 – Fahrrad, Auto oder Bus",n,rain,"Wasser, das aus den Wolken auf die Erde fällt.",Nach dem großen Regen ist die Straße ganz nass.,,,,,,,,,,,,,,Abschnitt 2-3|nur Singular,436
A2-0437,regnen,,,regnen,A2,Linie A2,"Kapitel 5 – Fahrrad, Auto oder Bus",v,to rain,Wenn Wasser aus den Wolken fällt.,Es regnet heute schon den ganzen Tag.,,,,,,,,regnt,regnte,hat geregnt,haben,,,Abschnitt 2-3,437
A2-0438,Schnee,der,,schnee,A2,Linie A2,"Kapitel 5 – Fahrrad, Auto oder Bus",n,snow,"Weißes, kaltes Wasser, das gefroren aus den Wolken fällt.",Im Januar liegt in den Bergen viel Schnee.,,,,,,,,,,,,,,Abschnitt 2-3|nur Singular,438
A2-0439,schneien,,,schneien,A2,Linie A2,"Kapitel 5 – Fahrrad, Auto oder Bus",v,to snow,Wenn weißer Schnee auf die Erde fällt.,Schau mal aus dem Fenster: Es schneit!,,,,,,,,schneit,schneite,hat geschneit,haben,,,Abschnitt 2-3,439
A2-0440,Sonne,die,,sonne,A2,Linie A2,"Kapitel 5 – Fahrrad, Auto oder Bus",n,sun,"Der helle Stern am Himmel, der Licht und Wärme bringt.",Im Sommer scheint die Sonne viele Stunden.,,,,,,,,,,,,,,Abschnitt 2-3,440
A2-0441,Temperatur,die,-en,temperatur,A2,Linie A2,"Kapitel 5 – Fahrrad, Auto oder Bus",n,temperature,Wie warm oder kalt es ist (gemessen in Grad).,Die Temperatur liegt heute bei angenehmen 22 Grad.,,,,,,,,,,,,,,Abschnitt 2-3,441
A2-0442,kalt,,,kalt,A2,Linie A2,"Kapitel 5 – Fahrrad, Auto oder Bus",adj,cold ↔ warm,"Niedrige Temperatur ↔ höhere, angenehme Temperatur.","Im Winter ist es kalt, aber im Frühling wird es endlich wieder warm.",,warm,,,,,,,,,,kälter,am kältesten,Abschnitt 2-3,442
A2-0443,transportieren,,,transportieren,A2,Linie A2,"Kapitel 5 – Fahrrad, Auto oder Bus",v,to transport,Waren oder Personen von einem Ort zum anderen bringen.,Lkw transportieren Produkte zu den Geschäften.,,,,,,,,transportiert,transportierte,hat transportiert,haben,,,Abschnitt 2-3,443
A2-0444,wenn,,,wenn,A2,Linie A2,"Kapitel 5 – Fahrrad, Auto oder Bus",adj,if / when,Ein Wort für eine Bedingung oder eine Zeit.,"Wenn es regnet, fahre ich mit dem Bus.",,,,,,,,,,,,wenner,am wennsten,Abschnitt 2-3,444
A2-0445,jung,,,jung,A2,Linie A2,"Kapitel 5 – Fahrrad, Auto oder Bus",adj,young ↔ old,Am Beginn des Lebens ↔ am Ende des Lebens oder mit vielen Jahren.,"Mein Sohn ist noch sehr jung, aber mein Großvater ist schon alt.",,alt,,,,,,,,,,jünger,am jüngsten,Abschnitt 4-6,445
A2-0446,klug,,,klug,A2,Linie A2,"Kapitel 5 – Fahrrad, Auto oder Bus",adj,smart / clever,Intelligent; wenn man viel weiß und gute Ideen hat.,Sie ist eine kluge Studentin und lernt sehr schnell.,intelligent,,,,,,,,,,,klüger,am klügsten,Abschnitt 4-6,446
A2-0447,lang,,,lang,A2,Linie A2,"Kapitel 5 – Fahrrad, Auto oder Bus",adj,long ↔ short,Mit großer Distanz/Zeit ↔ mit kleiner Distanz/Zeit.,"Der Film dauert sehr lang, aber die Pause ist nur kurz.",,kurz,,,,,,,,,,länger,am längsten,Abschnitt 4-6,447
A2-0448,oft,,,oft,A2,Linie A2,"Kapitel 5 – Fahrrad, Auto oder Bus",adv,often ↔ rarely,Sehr viele Male ↔ fast nie; nur wenige Male.,"Ich gehe oft ins Kino, aber ich gehe nur selten ins Theater.",,selten,,,,,,,,,,,,Abschnitt 4-6,448
A2-0449,praktisch,,,praktisch,A2,Linie A2,"Kapitel 5 – Fahrrad, Auto oder Bus",adj,practical / useful,Einfach zu benutzen; nützlich für das tägliche Leben.,Ein Smartphone ist im Alltag wirklich sehr praktisch.,nützlich,,,,,,,,,,,praktischer,am praktischesten,Abschnitt 4-6,449
A2-0450,Mist!,,,mist!,A2,Linie A2,"Kapitel 5 – Fahrrad, Auto oder Bus",n,Damn! / Crap!,"Ein Wort, das man sagt, wenn man sich ärgert oder etwas schlecht läuft.",So ein Mist! Ich habe meinen Zug verpasst.,,,,,,,,,,,,,,Abschnitt 4-6,450
A2-0451,meinen,,,meinen,A2,Linie A2,"Kapitel 5 – Fahrrad, Auto oder Bus",v,to think / mean / opine,Eine Meinung über ein Thema haben oder etwas sagen wollen.,Was meinen Sie zu diesem Projekt? / Meinen Sie?,,,,,,,,meint,meinte,hat gemeint,haben,,,Abschnitt 4-6,451
A2-0452,zu Fuß,,,zu fuss,A2,Linie A2,"Kapitel 5 – Fahrrad, Auto oder Bus",phrase,on foot,Gehen ohne Fahrzeug; mit den eigenen Beinen laufen.,"Der Bahnhof ist nah, wir können zu Fuß gehen.",,,,,,,,,,,,,,Abschnitt 4-6,452
A2-0453,langsam,,,langsam,A2,Linie A2,"Kapitel 5 – Fahrrad, Auto oder Bus",adj,slow ↔ fast,Ohne Tempo; viel Zeit brauchen ↔ mit viel Tempo.,"Die Schildkröte ist langsam, aber das Auto fährt sehr schnell.",,schnell,,,,,,,,,,langsamer,am langsamsten,Abschnitt 4-6,453
A2-0454,schneller als,,,schneller als,A2,Linie A2,"Kapitel 5 – Fahrrad, Auto oder Bus",phrase,faster than,Mit mehr Tempo im Vergleich zu einer anderen Sache.,Der Zug ist viel schneller als das Fahrrad.,,,,,,,,,,,,,,Abschnitt 4-6,454
A2-0455,genauso schnell wie,,,genauso schnell wie,A2,Linie A2,"Kapitel 5 – Fahrrad, Auto oder Bus",phrase,just as fast as,Mit exakt dem gleichen Tempo wie eine andere Sache.,Mein Bruder läuft genauso schnell wie ich.,,,,,,,,,,,,,,Abschnitt 4-6,455
A2-0456,lustig,,,lustig,A2,Linie A2,"Kapitel 5 – Fahrrad, Auto oder Bus",adj,funny,Wenn eine Situation oder Person einen zum Lachen bringt.,"Der Film war sehr lustig, wir haben viel gelacht.",,,,,,,,,,,,lustiger,am lustigsten,Abschnitt 4-6,456
A2-0457,bequem,,,bequem,A2,Linie A2,"Kapitel 5 – Fahrrad, Auto oder Bus",adj,comfortable,Komfortabel; wenn man sich an einem Ort sehr wohlfühlt.,Das neue Sofa im Wohnzimmer ist unglaublich bequem.,gemütlich,,,,,,,,,,,bequemer,am bequemsten,Abschnitt 4-6,457
A2-0458,gefährlich,,,gefahrlich,A2,Linie A2,"Kapitel 5 – Fahrrad, Auto oder Bus",adj,dangerous,Nicht sicher; wenn eine Situation Probleme oder Unfälle bringen kann.,"Es ist gefährlich, ohne Licht im Dunkeln Fahrrad zu fahren.",,,,,,,,,,,,gefährlicher,am gefährlichsten,Abschnitt 4-6,458
A2-0459,etwa,,,etwa,A2,Linie A2,"Kapitel 5 – Fahrrad, Auto oder Bus",adj,approximately / about,Circa; ungefähr; ein ungenauer Wert.,Die Fahrt mit dem Bus dauert etwa fünfzehn Minuten.,ungefähr,,,,,,,,,,,etwaer,am etwasten,Abschnitt 4-6,459
A2-0460,Dank,der,,dank,A2,Linie A2,"Kapitel 5 – Fahrrad, Auto oder Bus",n,thanks / gratitude,"Das Nomen zu ""danken""; der Ausdruck für ""Danke"".",Vielen Dank für Ihre Hilfe! / Besten Dank!,,,,,,,,,,,,,,Abschnitt 4-6|nur Singular,460
A2-0461,hinkommen,,,hinkommen,A2,Linie A2,"Kapitel 5 – Fahrrad, Auto oder Bus",v,to get there,Einen bestimmten Ort erreichen können.,Wie kann ich zum Museum hinkommen?,,,,,,,,kommt hin,kam hin,ist hingekommen,sein,,,Abschnitt 4-6,461
A2-0462,klimafreundlich,,,klimafreundlich,A2,Linie A2,"Kapitel 5 – Fahrrad, Auto oder Bus",adj,eco-friendly / climate-friendly,Gut für das Klima und die Umwelt (z. B. Fahrrad fahren).,Bus und Bahn zu nutzen ist sehr klimafreundlich.,,,,,,,,,,,,klimafreundlicher,am klimafreundlichsten,Abschnitt 4-6,462
A2-0463,sicher,,,sicher,A2,Linie A2,"Kapitel 5 – Fahrrad, Auto oder Bus",adv,safe / sure,Ohne Gefahr ODER ohne Zweifel.,In diesem Viertel kann man nachts sicher auf der Straße gehen.,,,,,,,,,,,,,,Abschnitt 4-6,463
A2-0464,E-Auto,das,-s,e-auto,A2,Linie A2,"Kapitel 5 – Fahrrad, Auto oder Bus",n,electric car,"Ein Auto, das mit einem elektrischen Motor fährt (ohne Benzin).",Mein Nachbar hat sich ein neues E-Auto gekauft.,,,,,,,,,,,,,,Abschnitt 4-6,464
A2-0465,Benzin,das,,benzin,A2,Linie A2,"Kapitel 5 – Fahrrad, Auto oder Bus",n,gasoline / petrol,"Die Flüssigkeit, die normale Autos für den Motor brauchen.",Das Benzin an der Tankstelle ist momentan sehr teuer.,,,,,,,,,,,,,,Abschnitt 4-6|nur Singular,465
A2-0466,Autobahn,die,-en,autobahn,A2,Linie A2,"Kapitel 5 – Fahrrad, Auto oder Bus",n,highway / motorway,Eine große Straße nur für schnelle Autos und Lkw (ohne Ampeln).,Auf der Autobahn darf man schnell fahren.,,,,,,,,,,,,,,Abschnitt 4-6,466
A2-0467,einsammeln,,,einsammeln,A2,Linie A2,"Kapitel 5 – Fahrrad, Auto oder Bus",v,to collect / pick up,Dinge oder Personen von verschiedenen Plätzen abholen.,Ich muss am Nachmittag die Kinder von der Schule einsammeln.,,,,,,,,einsammelt,einsammelte,hat geeinsammelt,haben,,,Abschnitt 4-6,467
A2-0468,gemütlich,,,gemutlich,A2,Linie A2,"Kapitel 5 – Fahrrad, Auto oder Bus",adj,cozy / comfortable,"Eine entspannte, angenehme Atmosphäre haben.",Am Abend machen wir es uns im Wohnzimmer gemütlich.,bequem,,,,,,,,,,,gemütlicher,am gemütlichsten,Abschnitt 4-6,468
A2-0469,hart,,,hart,A2,Linie A2,"Kapitel 5 – Fahrrad, Auto oder Bus",adj,hard / tough,Nicht weich ODER sehr anstrengend und schwierig.,Das Bett im Hotel war leider sehr hart.,,,,,,,,,,,,härter,am härtesten,Abschnitt 4-6,469
A2-0470,vorlesen,,,vorlesen,A2,Linie A2,"Kapitel 5 – Fahrrad, Auto oder Bus",v,to read aloud,"Einen Text mit lauter Stimme lesen, damit andere ihn hören können.",Die Mutter liest dem Kind eine Geschichte vor.,,,,,,,,liest vor,las vor,hat vorgelesen,haben,,,Abschnitt 4-6,470
A2-0471,schwierig,,,schwierig,A2,Linie A2,"Kapitel 5 – Fahrrad, Auto oder Bus",adj,difficult ↔ easy,"Kompliziert, braucht viel Arbeit ↔ unkompliziert, braucht wenig Arbeit.","Die deutsche Grammatik ist manchmal schwierig, aber die Aussprache ist einfach.",,einfach,,,,,,,,,,schwieriger,am schwierigsten,Abschnitt 4-6,471
A2-0472,ähnlich,,,ahnlich,A2,Linie A2,"Kapitel 5 – Fahrrad, Auto oder Bus",adj,similar,Fast gleich; mit vielen Gemeinsamkeiten.,Mein Bruder und ich sehen uns sehr ähnlich.,,,,,,,,,,,,ähnlicher,am ähnlichsten,Abschnitt 7,472
A2-0473,anders,,,anders,A2,Linie A2,"Kapitel 5 – Fahrrad, Auto oder Bus",adj,different,Nicht gleich; auf eine andere Art und Weise.,Heute machen wir das anders als gestern.,unterschiedlich,,,,,,,,,,,anderser,am andersesten,Abschnitt 7,473
A2-0474,Leserbrief,der,-e,leserbrief,A2,Linie A2,"Kapitel 5 – Fahrrad, Auto oder Bus",n,letter to the editor,"Ein Text, den ein Leser an eine Zeitung schreibt, um seine Meinung zu sagen.",Ich habe einen kritischen Leserbrief in der Zeitung veröffentlicht.,,,,,,,,,,,,,,Abschnitt 7,474
A2-0475,kritisch,,,kritisch,A2,Linie A2,"Kapitel 5 – Fahrrad, Auto oder Bus",adj,critical,Wenn man eine Sache genau kontrolliert und Fehler oder Probleme nennt.,Er sieht die Situation sehr kritisch.,,,,,,,,,,,,kritischer,am kritischesten,Abschnitt 7,475
A2-0476,Meinung,die,-en,meinung,A2,Linie A2,"Kapitel 5 – Fahrrad, Auto oder Bus",n,opinion,Was man über ein Thema oder eine Person denkt.,Was ist Ihre Meinung zu den neuen Verkehrsmitteln?,,,,,,,,,,,,,,Abschnitt 7,476
A2-0477,Behinderung,die,-en,behinderung,A2,Linie A2,"Kapitel 5 – Fahrrad, Auto oder Bus",n,disability,Eine körperliche oder geistige Einschränkung (z. B. wenn man nicht gehen kann).,Der Bahnhof muss für Menschen mit einer Behinderung barrierefrei sein.,,,,,,,,,,,,,,Abschnitt 7,477
A2-0478,Chance,die,-n,chance,A2,Linie A2,"Kapitel 5 – Fahrrad, Auto oder Bus",n,chance / opportunity,"Eine gute Möglichkeit, um ein Ziel zu erreichen.",Nutze deine Chance und bewirb dich für den Job!,,,,,,,,,,,,,,Abschnitt 7,478
A2-0479,Fortschritt,der,-e,fortschritt,A2,Linie A2,"Kapitel 5 – Fahrrad, Auto oder Bus",n,progress,Eine positive Entwicklung; wenn eine Sache besser wird.,Beim Deutschlernen mache ich jeden Tag einen kleinen Fortschritt.,,,,,,,,,,,,,,Abschnitt 7,479
A2-0480,Bürgersteig,der,-e,burgersteig,A2,Linie A2,"Kapitel 5 – Fahrrad, Auto oder Bus",n,sidewalk / pavement,"Der Weg neben der Straße, auf dem nur Fußgänger gehen.",Auf dem Bürgersteig darf man nicht mit dem Auto fahren.,,,,,,,,,,,,,,Abschnitt 7,480
A2-0481,Fußgänger,der,,fussganger,A2,Linie A2,"Kapitel 5 – Fahrrad, Auto oder Bus",n,pedestrian (male),"Eine Person, die zu Fuß auf der Straße geht.",Autofahrer müssen auf der Straße auf Fußgänger achten.,Fußgängerin,,,,,,,,,,,,,Abschnitt 7,481
A2-0482,Fußgängerin,die,-nen,fussgangerin,A2,Linie A2,"Kapitel 5 – Fahrrad, Auto oder Bus",n,pedestrian (female),"Eine Frau, die zu Fuß in der Stadt unterwegs ist.",Die Fußgängerin wartet an der roten Ampel.,Fußgänger,,,,,,,,,,,,,Abschnitt 7,482
A2-0483,Mobilität,die,,mobilitat,A2,Linie A2,"Kapitel 5 – Fahrrad, Auto oder Bus",n,mobility,"Die Fähigkeit, sich frei und flexibel zu bewegen.",Für ältere Menschen ist Mobilität sehr wichtig.,,,,,,,,,,,,,,Abschnitt 7|nur Singular,483
A2-0484,Rollstuhlfahrer,der,,rollstuhlfahrer,A2,Linie A2,"Kapitel 5 – Fahrrad, Auto oder Bus",n,wheelchair user (male),"Ein Mann, der sich mit einem Rollstuhl bewegt.",Der Bus hat eine Rampe für Rollstuhlfahrer.,Rollstuhlfahrerin,,,,,,,,,,,,,Abschnitt 7,484
A2-0485,Rollstuhlfahrerin,die,-nen,rollstuhlfahrerin,A2,Linie A2,"Kapitel 5 – Fahrrad, Auto oder Bus",n,wheelchair user (female),"Eine Frau, die im Rollstuhl sitzt und fährt.",Die Rollstuhlfahrerin kommt gut in den Zug hinein.,Rollstuhlfahrer,,,,,,,,,,,,,Abschnitt 7,485
A2-0486,Schulweg,der,-e,schulweg,A2,Linie A2,"Kapitel 5 – Fahrrad, Auto oder Bus",n,way to school,"Der Weg, den Kinder von zu Hause bis zur Schule laufen oder fahren.",Der Schulweg meiner Tochter ist glücklicherweise sehr kurz.,,,,,,,,,,,,,,Abschnitt 7,486
A2-0487,Überschrift,die,-en,uberschrift,A2,Linie A2,"Kapitel 5 – Fahrrad, Auto oder Bus",n,title / heading,"Der Text, der ganz oben über einem Artikel oder Kapitel steht.",Welche Überschrift passt am besten zu diesem Text?,,,,,,,,,,,,,,Abschnitt 7,487
A2-0488,Bahnsteig,der,-e,bahnsteig,A2,Linie A2,"Kapitel 5 – Fahrrad, Auto oder Bus",n,platform,"Der Platz am Bahnhof direkt neben den Schienen, wo man auf den Zug wartet.",Der Zug nach Berlin fährt heute an Bahnsteig 4 ab.,,,,,,,,,,,,,,Abschnitt 7,488
A2-0489,deshalb,,,deshalb,A2,Linie A2,"Kapitel 5 – Fahrrad, Auto oder Bus",adv,therefore / that's why,"Ein Wort, um eine Konsequenz zu nennen; darum.","Ich bin krank, deshalb bleibe ich heute im Bett.",,,,,,,,,,,,,,Abschnitt 7,489
A2-0490,direkt,,,direkt,A2,Linie A2,"Kapitel 5 – Fahrrad, Auto oder Bus",adj,direct / directly,Ohne Stopp; geradeaus oder sofort.,Dieser Bus fährt direkt zum Flughafen.,,,,,,,,,,,,direkter,am direktesten,Abschnitt 7,490
A2-0491,Kinderwagen,der,,kinderwagen,A2,Linie A2,"Kapitel 5 – Fahrrad, Auto oder Bus",n,stroller / pram,"Ein kleiner Wagen, in dem man ein Baby transportiert.",Sie schiebt den Kinderwagen durch den Park.,,,,,,,,,,,,,,Abschnitt 7,491
A2-0492,leicht,,,leicht,A2,Linie A2,"Kapitel 5 – Fahrrad, Auto oder Bus",adj,easy / light,Nicht schwer (Gewicht) ODER einfach zu verstehen.,"Die Tasche ist nicht schwer, sie ist ganz leicht.",einfach,,,,,,,,,,,leichter,am leichtesten,Abschnitt 7,492
A2-0493,ohne,,,ohne,A2,Linie A2,"Kapitel 5 – Fahrrad, Auto oder Bus",adj,without,"Das Gegenteil von ""mit""; wenn eine Sache fehlt.",Ich trinke meinen Kaffee immer ohne Zucker.,,,,,,,,,,,,ohner,am ohnesten,Abschnitt 7,493
A2-0494,parken,,,parken,A2,Linie A2,"Kapitel 5 – Fahrrad, Auto oder Bus",v,to park,Ein Auto auf einem Parkplatz abstellen.,Hier darf man am Rand der Straße nicht parken.,,,,,,,,parkt,parkte,hat geparkt,haben,,,Abschnitt 7,494
A2-0495,positiv,,,positiv,A2,Linie A2,"Kapitel 5 – Fahrrad, Auto oder Bus",adj,positive,Gut; optimistisch; das Gegenteil von negativ.,Das Resultat der Prüfung war sehr positiv.,,,,,,,,,,,,positiver,am positivsten,Abschnitt 7,495
A2-0496,Verwandte,der,-n,verwandte,A2,Linie A2,Kapitel 6 – Eine Familie – viele Länder,n,relative,"Eine Person, die zur Familie gehört (z. B. Onkel, Tante).",An Weihnachten besuchen wir alle unsere Verwandten.,,,,,,,,,,,,,,Abschnitt 1,496
A2-0497,Cousin,der,-s,cousin,A2,Linie A2,Kapitel 6 – Eine Familie – viele Länder,n,cousin (male),Der Sohn von dem Onkel oder von der Tante.,Mein Cousin wohnt in Frankreich.,Cousine,,,,,,,,,,,,,Abschnitt 1,497
A2-0498,Cousine,die,-n,cousine,A2,Linie A2,Kapitel 6 – Eine Familie – viele Länder,n,cousin (female),Die Tochter von dem Onkel oder von der Tante.,Ich telefoniere oft mit meiner Cousine.,Cousin,,,,,,,,,,,,,Abschnitt 1,498
A2-0499,Großvater,der,Großväter,grossvater,A2,Linie A2,Kapitel 6 – Eine Familie – viele Länder,n,grandfather,Der Vater von der Mutter oder vom Vater; der Opa.,Mein Großvater erzählt gern Geschichten von früher.,,,,,,,,,,,,,,Abschnitt 1,499
A2-0500,Großmutter,die,Großmütter,grossmutter,A2,Linie A2,Kapitel 6 – Eine Familie – viele Länder,n,grandmother,Die Mutter von der Mutter oder vom Vater; die Oma.,Meine Großmutter backt den besten Kuchen.,,,,,,,,,,,,,,Abschnitt 1,500
A2-0501,Vater,der,Väter,vater,A2,Linie A2,Kapitel 6 – Eine Familie – viele Länder,n,father,Ein männlicher Elternteil.,Mein Vater arbeitet als Ingenieur.,,,,,,,,,,,,,,Abschnitt 1,501
A2-0502,Mutter,die,Mütter,mutter,A2,Linie A2,Kapitel 6 – Eine Familie – viele Länder,n,mother,Ein weiblicher Elternteil.,Meine Mutter kocht heute das Abendessen.,,,,,,,,,,,,,,Abschnitt 1,502
A2-0503,Opa,der,-s,opa,A2,Linie A2,Kapitel 6 – Eine Familie – viele Länder,n,grandpa,"Das kurze, familiäre Wort für Großvater.",Mein Opa geht jeden Tag im Park spazieren.,,,,,,,,,,,,,,Abschnitt 1,503
A2-0504,Oma,die,-s,oma,A2,Linie A2,Kapitel 6 – Eine Familie – viele Länder,n,grandma,"Das kurze, familiäre Wort für Großmutter.",Ich helfe meiner Oma beim Einkaufen.,,,,,,,,,,,,,,Abschnitt 1,504
A2-0505,Onkel,der,,onkel,A2,Linie A2,Kapitel 6 – Eine Familie – viele Länder,n,uncle,Der Bruder von der Mutter oder vom Vater.,Mein Onkel hat mir ein Buch geschenkt.,,,,,,,,,,,,,,Abschnitt 1,505
A2-0506,Tante,die,-n,tante,A2,Linie A2,Kapitel 6 – Eine Familie – viele Länder,n,aunt,Die Schwester von der Mutter oder vom Vater.,Meine Tante wohnt in einer großen Stadt.,,,,,,,,,,,,,,Abschnitt 1,506
A2-0507,Schwager,der,Schwäger,schwager,A2,Linie A2,Kapitel 6 – Eine Familie – viele Länder,n,brother-in-law,Der Bruder vom Ehepartner oder der Mann der Schwester.,Mein Schwager spielt gut Fußball.,,,,,,,,,,,,,,Abschnitt 1,507
A2-0508,Schwägerin,die,-nen,schwagerin,A2,Linie A2,Kapitel 6 – Eine Familie – viele Länder,n,sister-in-law,Die Schwester vom Ehepartner oder die Frau des Bruders.,Meine Schwägerin kommt morgen zu Besuch.,,,,,,,,,,,,,,Abschnitt 1,508
A2-0509,Schwiegervater,der,Schwiegerväter,schwiegervater,A2,Linie A2,Kapitel 6 – Eine Familie – viele Länder,n,father-in-law,Der Vater vom Ehepartner (Ehemann oder Ehefrau).,Mein Schwiegervater ist ein sehr netter Mann.,,,,,,,,,,,,,,Abschnitt 1,509
A2-0510,Schwiegermutter,die,Schwiegermütter,schwiegermutter,A2,Linie A2,Kapitel 6 – Eine Familie – viele Länder,n,mother-in-law,Die Mutter vom Ehepartner.,Ich verstehe mich gut mit meiner Schwiegermutter.,,,,,,,,,,,,,,Abschnitt 1,510
A2-0511,Schwiegereltern,die,,schwiegereltern,A2,Linie A2,Kapitel 6 – Eine Familie – viele Länder,n,parents-in-law,Die Eltern vom Ehepartner zusammen.,Am Sonntag essen wir bei meinen Schwiegereltern.,,,,,,,,,,,,,,Abschnitt 1,511
A2-0512,Sohn,der,Söhne,sohn,A2,Linie A2,Kapitel 6 – Eine Familie – viele Länder,n,son,Das männliche Kind von Eltern.,Ihr Sohn geht schon in die Schule.,,,,,,,,,,,,,,Abschnitt 1,512
A2-0513,Tochter,die,Töchter,tochter,A2,Linie A2,Kapitel 6 – Eine Familie – viele Länder,n,daughter,Das weibliche Kind von Eltern.,Unsere Tochter studiert in Berlin.,,,,,,,,,,,,,,Abschnitt 1,513
A2-0514,Trauzeuge,der,-n,trauzeuge,A2,Linie A2,Kapitel 6 – Eine Familie – viele Länder,n,best man / wedding witness,Der offizielle Zeuge (Mann) bei einer Hochzeit.,Mein bester Freund ist mein Trauzeuge.,Trauzeugin,,,,,,,,,,,,,Abschnitt 1,514
A2-0515,Trauzeugin,die,-nen,trauzeugin,A2,Linie A2,Kapitel 6 – Eine Familie – viele Länder,n,maid of honor / wedding witness,Die offizielle Zeugin (Frau) bei einer Hochzeit.,Meine Schwester war meine Trauzeugin.,Trauzeuge,,,,,,,,,,,,,Abschnitt 1,515
A2-0516,zukünftig,,,zukunftig,A2,Linie A2,Kapitel 6 – Eine Familie – viele Länder,adj,future,In der Zukunft; kommend.,Mein zukünftiger Chef hat mich heute angerufen.,,,,,,,,,,,,zukünftiger,am zukünftigsten,Abschnitt 1,516
A2-0517,verlassen,,,verlassen,A2,Linie A2,Kapitel 6 – Eine Familie – viele Länder,v,to leave,Von einem Ort weggehen oder eine Person alleine lassen.,Sie musste ihre Heimat verlassen.,lassen,,,,,,,verlasst,verlasste,hat verlasst,haben,,,Abschnitt 2,517
A2-0518,Krieg,der,-e,krieg,A2,Linie A2,Kapitel 6 – Eine Familie – viele Länder,n,war,"Ein großer, bewaffneter Konflikt zwischen Ländern.",Viele Menschen fliehen vor dem Krieg.,,,,,,,,,,,,,,Abschnitt 2,518
A2-0519,fliehen,,,fliehen,A2,Linie A2,Kapitel 6 – Eine Familie – viele Länder,v,to flee / escape,"Schnell von einem Ort weggehen, weil es dort gefährlich ist.",Die Familie musste aus dem Land fliehen.,,,,,,,,flieht,floh,ist geflohen,sein,,,Abschnitt 2,519
A2-0520,auswandern,,,auswandern,A2,Linie A2,Kapitel 6 – Eine Familie – viele Länder,v,to emigrate,"Sein eigenes Land verlassen, um in einem anderen Land zu leben.",Meine Großeltern sind nach Amerika ausgewandert.,,,,,,,,auswandert,auswanderte,hat geauswandert,haben,,,Abschnitt 2,520
A2-0521,vermissen,,,vermissen,A2,Linie A2,Kapitel 6 – Eine Familie – viele Länder,v,to miss,"Traurig sein, weil eine Person oder ein Ort nicht da ist.",Ich vermisse meine Familie sehr.,,,,,,,,vermisst,vermisste,hat vermisst,haben,,,Abschnitt 2,521
A2-0522,arm,,,arm,A2,Linie A2,Kapitel 6 – Eine Familie – viele Länder,adj,poor,Wenn man sehr wenig Geld hat; das Gegenteil von reich.,Die Familie war damals sehr arm.,mangelhaft,,,,,,,,,,,ärmer,am ärmsten,Abschnitt 2,522
A2-0523,damals,,,damals,A2,Linie A2,Kapitel 6 – Eine Familie – viele Länder,adv,back then / at that time,Zu einer bestimmten Zeit in der Vergangenheit.,Damals gab es noch keine Smartphones.,,,,,,,,,,,,,,Abschnitt 2,523
A2-0524,Berufsausbildung,die,-en,berufsausbildung,A2,Linie A2,Kapitel 6 – Eine Familie – viele Länder,n,vocational training,"Die Ausbildung, bei der man einen praktischen Beruf lernt.",Er macht eine Berufsausbildung als Mechaniker.,,,,,,,,,,,,,,Abschnitt 2,524
A2-0525,Blumenladen,der,Blumenläden,blumenladen,A2,Linie A2,Kapitel 6 – Eine Familie – viele Länder,n,flower shop,"Ein Geschäft, in dem man Blumen kaufen kann.",Er kauft Rosen im Blumenladen.,,,,,,,,,,,,,,Abschnitt 2,525
A2-0526,DDR,die,,ddr,A2,Linie A2,Kapitel 6 – Eine Familie – viele Länder,n,GDR (East Germany),Die Deutsche Demokratische Republik (historischer Staat bis 1990).,Meine Eltern haben früher in der DDR gewohnt.,,,,,,,,,,,,,,Abschnitt 2,526
A2-0527,Autofabrik,die,-en,autofabrik,A2,Linie A2,Kapitel 6 – Eine Familie – viele Länder,n,car factory,"Eine große Halle, in der Autos gebaut werden.",Mein Onkel arbeitet in einer Autofabrik.,,,,,,,,,,,,,,Abschnitt 2,527
A2-0528,Textilfabrik,die,-en,textilfabrik,A2,Linie A2,Kapitel 6 – Eine Familie – viele Länder,n,textile factory,"Eine Fabrik, in der Kleidung und Stoffe gemacht werden.",In dieser Textilfabrik arbeiten viele Menschen.,,,,,,,,,,,,,,Abschnitt 2,528
A2-0529,Autofirma,die,Autofirmen,autofirma,A2,Linie A2,Kapitel 6 – Eine Familie – viele Länder,n,car company,"Ein Unternehmen, das Autos produziert oder verkauft.",BMW ist eine bekannte deutsche Autofirma.,,,,,,,,,,,,,,Abschnitt 2,529
A2-0530,Autohändler,der,,autohandler,A2,Linie A2,Kapitel 6 – Eine Familie – viele Länder,n,car dealer (male),"Eine Person, die beruflich Autos verkauft.",Der Autohändler hat mir ein gutes Angebot gemacht.,Autohändlerin,,,,,,,,,,,,,Abschnitt 2,530
A2-0531,Autohändlerin,die,-nen,autohandlerin,A2,Linie A2,Kapitel 6 – Eine Familie – viele Länder,n,car dealer (female),"Eine Frau, die Autos verkauft.",Die Autohändlerin erklärt mir das neue Auto.,Autohändler,,,,,,,,,,,,,Abschnitt 2,531
A2-0532,gegenseitig,,,gegenseitig,A2,Linie A2,Kapitel 6 – Eine Familie – viele Länder,adj,each other / mutual,Wenn zwei Personen dasselbe füreinander tun.,Wir müssen uns gegenseitig helfen.,,,,,,,,,,,,gegenseitiger,am gegenseitigsten,Abschnitt 2,532
A2-0533,Heimatland,das,Heimatländer,heimatland,A2,Linie A2,Kapitel 6 – Eine Familie – viele Länder,n,home country,"Das Land, aus dem man kommt oder in dem man geboren ist.",Ich fliege im Sommer in mein Heimatland.,,,,,,,,,,,,,,Abschnitt 2,533
A2-0534,Heimweh,das,,heimweh,A2,Linie A2,Kapitel 6 – Eine Familie – viele Länder,n,homesickness,"Das traurige Gefühl, wenn man seine Heimat vermisst.","Wenn ich lange im Ausland bin, bekomme ich Heimweh.",,,,,,,,,,,,,,Abschnitt 2|nur Singular,534
A2-0535,Rente,die,-n,rente,A2,Linie A2,Kapitel 6 – Eine Familie – viele Länder,n,pension,"Das Geld, das man vom Staat bekommt, wenn man alt ist und nicht mehr arbeitet.",Mein Opa bekommt eine gute Rente.,,,,,,,,,,,,,,Abschnitt 2,535
A2-0536,in Rente gehen,,,in rente gehen,A2,Linie A2,Kapitel 6 – Eine Familie – viele Länder,phrase,to retire,"Aufhören zu arbeiten, weil man das Alter für Rentner erreicht hat.",Nächstes Jahr wird meine Mutter in Rente gehen.,,,,,,,,,,,,,,Abschnitt 2,536
A2-0537,endgültig,,,endgultig,A2,Linie A2,Kapitel 6 – Eine Familie – viele Länder,adj,final / definitive,"Für immer; so, dass es sich nicht mehr ändert.",Sie ist endgültig nach Spanien gezogen.,,,,,,,,,,,,endgültiger,am endgültigsten,Abschnitt 2,537
A2-0538,Wohnheim,das,-e,wohnheim,A2,Linie A2,Kapitel 6 – Eine Familie – viele Länder,n,dormitory / hostel,"Ein Haus, in dem viele Studenten oder Arbeiter zusammen wohnen.",Ich wohne in einem Wohnheim in der Nähe der Universität.,,,,,,,,,,,,,,Abschnitt 2,538
A2-0539,Zuhause,das,,zuhause,A2,Linie A2,Kapitel 6 – Eine Familie – viele Länder,n,home,"Der Ort, an dem man wohnt und sich wohlfühlt.",Deutschland ist jetzt mein Zuhause.,,,,,,,,,,,,,,Abschnitt 2|nur Singular,539
A2-0540,dringend,,,dringend,A2,Linie A2,Kapitel 6 – Eine Familie – viele Länder,adj,urgent,Sehr wichtig und schnell; man kann nicht warten.,Ich muss den Chef dringend sprechen.,,,,,,,,,,,,dringender,am dringendesten,Abschnitt 3,540
A2-0541,recht haben,,,recht haben,A2,Linie A2,Kapitel 6 – Eine Familie – viele Länder,v,to be right,Wenn die eigene Meinung korrekt oder wahr ist.,"Du hast recht, das Wetter ist heute wirklich schön.",,,,,,,,,,,,,,Abschnitt 3,541
A2-0542,lassen,,,lassen,A2,Linie A2,Kapitel 6 – Eine Familie – viele Länder,v,to let / allow / leave,Eine Sache an einem Ort lassen ODER eine Aktion erlauben.,Lass uns morgen telefonieren!,verlassen,,,,,,,lässt,ließ,hat gelassen,haben,,,Abschnitt 3,542
A2-0543,im Freien,,,im freien,A2,Linie A2,Kapitel 6 – Eine Familie – viele Länder,phrase,outdoors / in the open air,Draußen; nicht in einem Haus oder Gebäude.,Im Sommer schlafen wir gern im Freien.,,,,,,,,,,,,,,Abschnitt 3,543
A2-0544,im Freien übernachten,,,im freien ubernachten,A2,Linie A2,Kapitel 6 – Eine Familie – viele Länder,phrase,to camp out / sleep outdoors,Draußen unter dem Himmel schlafen.,Wir wollen am Wochenende im Freien übernachten.,,,,,,,,,,,,,,Abschnitt 3,544
A2-0545,Wanderung,die,-en,wanderung,A2,Linie A2,Kapitel 6 – Eine Familie – viele Länder,n,hike,Ein langer Spaziergang in der Natur oder in den Bergen.,Am Sonntag machen wir eine Wanderung.,,,,,,,,,,,,,,Abschnitt 3,545
A2-0546,abwechselnd,,,abwechselnd,A2,Linie A2,Kapitel 6 – Eine Familie – viele Länder,adj,alternately / in turns,"Erst die eine Person, dann die andere Person; nacheinander.",Wir müssen beim Fahren abwechselnd Pause machen.,,,,,,,,,,,,abwechselnder,am abwechselndesten,Abschnitt 3,546
A2-0547,betonen,,,betonen,A2,Linie A2,Kapitel 6 – Eine Familie – viele Länder,v,to emphasize / stress,Ein Wort oder eine Silbe beim Sprechen lauter und wichtiger machen.,Markieren Sie die betonten Wörter im Satz.,,,,,,,,betont,betonte,hat betont,haben,,,Abschnitt 3,547
A2-0548,hassen,,,hassen,A2,Linie A2,Kapitel 6 – Eine Familie – viele Länder,v,to hate,Eine Person oder Sache absolut nicht mögen; das Gegenteil von lieben.,"Ich hasse es, im Stau zu stehen.",,,,,,,,hasst,hasste,hat gehasst,haben,,,Abschnitt 3,548
A2-0549,Jugend,die,,jugend,A2,Linie A2,Kapitel 6 – Eine Familie – viele Länder,n,youth,"Die Zeit im Leben, in der man ein Jugendlicher ist.",In meiner Jugend habe ich viel Sport gemacht.,Jugendliche,,,,,,,,,,,,,Abschnitt 3|nur Singular,549
A2-0550,Kindheit,die,,kindheit,A2,Linie A2,Kapitel 6 – Eine Familie – viele Länder,n,childhood,"Die Zeit im Leben, in der man ein Kind ist.",Ich hatte eine sehr glückliche Kindheit.,,,,,,,,,,,,,,Abschnitt 3|nur Singular,550
A2-0551,gleichzeitig,,,gleichzeitig,A2,Linie A2,Kapitel 6 – Eine Familie – viele Länder,adj,at the same time,Zwei Dinge passieren im exakt selben Moment.,Man kann nicht zwei Sprachen gleichzeitig sprechen.,,,,,,,,,,,,gleichzeitiger,am gleichzeitigsten,Abschnitt 4,551
A2-0552,brasilianisch,,,brasilianisch,A2,Linie A2,Kapitel 6 – Eine Familie – viele Länder,adj,Brazilian,Aus dem Land Brasilien kommend.,Ich esse gern brasilianische Spezialitäten.,,,,,,,,,,,,brasilianischer,am brasilianischesten,Abschnitt 4,552
A2-0553,Portugal,,,portugal,A2,Linie A2,Kapitel 6 – Eine Familie – viele Länder,n,Portugal,Ein Land im Süden von Europa.,Wir machen Urlaub in Portugal.,,,,,,,,,,,,,,Abschnitt 4,553
A2-0554,Portugiesisch,,,portugiesisch,A2,Linie A2,Kapitel 6 – Eine Familie – viele Länder,n,Portuguese,"Die Sprache, die man in Portugal und Brasilien spricht.",Er spricht perfekt Portugiesisch.,,,,,,,,,,,,,,Abschnitt 4,554
A2-0555,Eiffelturm,der,,eiffelturm,A2,Linie A2,Kapitel 6 – Eine Familie – viele Länder,n,Eiffel Tower,"Ein sehr bekanntes, großes Bauwerk aus Metall in Paris.",Der Eiffelturm ist die bekannteste Sehenswürdigkeit in Paris.,,,,,,,,,,,,,,Abschnitt 4,555
A2-0556,froh,,,froh,A2,Linie A2,Kapitel 6 – Eine Familie – viele Länder,adj,glad / happy,Glücklich und zufrieden über eine Situation.,"Ich bin froh, dass du Zeit für mich hast.",glücklich,,,,,,,,,,,froher,am frohsten,Abschnitt 4,556
A2-0557,Fußballweltmeisterschaft,die,-en,fussballweltmeisterschaft,A2,Linie A2,Kapitel 6 – Eine Familie – viele Länder,n,soccer World Cup,"Ein großes Sportturnier, bei dem Länder im Fußball gegeneinander spielen.",Wir sehen zusammen die Fußballweltmeisterschaft im Fernsehen.,,,,,,,,,,,,,,Abschnitt 4,557
A2-0558,inzwischen,,,inzwischen,A2,Linie A2,Kapitel 6 – Eine Familie – viele Länder,v,meanwhile / by now,Jetzt; in der Zeit zwischen der Vergangenheit und heute.,"Früher konnte ich kein Deutsch, aber inzwischen verstehe ich fast alles.",,,,,,,,inzwischt,inzwischte,hat geinzwischt,haben,,,Abschnitt 4,558
A2-0559,sportlich,,,sportlich,A2,Linie A2,Kapitel 6 – Eine Familie – viele Länder,adj,athletic / sporty,Wenn man fit ist und viel Sport macht.,"Meine Schwester ist sehr sportlich, sie läuft jeden Tag.",,,,,,,,,,,,sportlicher,am sportlichsten,Abschnitt 4,559
A2-0560,verlieren,,,verlieren,A2,Linie A2,Kapitel 6 – Eine Familie – viele Länder,v,to lose,Ein Spiel nicht gewinnen ODER einen Gegenstand nicht mehr finden.,Wir dürfen das Spiel heute nicht verliert.,,,,,,,,verliert,verlor,hat verloren,haben,,,Abschnitt 4,560
A2-0561,mehrmals,,,mehrmals,A2,Linie A2,Kapitel 6 – Eine Familie – viele Länder,adj,several times,Mehr als ein- oder zweimal; oft.,Ich habe den Film schon mehrmals gesehen.,,,,,,,,,,,,mehrmalser,am mehrmalsesten,Abschnitt 5,561
A2-0562,nervös,,,nervos,A2,Linie A2,Kapitel 6 – Eine Familie – viele Länder,adj,nervous,Unruhig und gestresst (z. B. vor einer wichtigen Prüfung).,Vor dem Vorstellungsgespräch bin ich immer sehr nervös.,,,,,,,,,,,,nervöser,am nervösesten,Abschnitt 5,562
A2-0563,Vergangenheit,die,,vergangenheit,A2,Linie A2,Kapitel 6 – Eine Familie – viele Länder,n,past,"Die Zeit, die schon vorbei ist; das Gegenteil von Zukunft.",In der Vergangenheit gab es hier viele Probleme.,,,,,,,,,,,,,,Abschnitt 5|nur Singular,563
A2-0564,Migration,die,-en,migration,A2,Linie A2,Kapitel 6 – Eine Familie – viele Länder,n,migration,"Wenn Menschen ihr Land verlassen, um in einem anderen Land zu leben.",Das Thema Migration ist sehr wichtig in der Politik.,,,,,,,,,,,,,,Abschnitt 7,564
A2-0565,Migrant,der,-en,migrant,A2,Linie A2,Kapitel 6 – Eine Familie – viele Länder,n,migrant (male),"Ein Mann, der aus seiner Heimat in ein anderes Land gezogen ist.",Mein Nachbar ist ein Migrant aus Italien.,Migrantin,,,,,,,,,,,,,Abschnitt 7,565
A2-0566,Migrantin,die,-nen,migrantin,A2,Linie A2,Kapitel 6 – Eine Familie – viele Länder,n,migrant (female),"Eine Frau, die in ein anderes Land eingewandert ist.",Die neue Kollegin ist eine Migrantin aus Spanien.,Migrant,,,,,,,,,,,,,Abschnitt 7,566
A2-0567,Vietnamese,der,-n,vietnamese,A2,Linie A2,Kapitel 6 – Eine Familie – viele Länder,n,Vietnamese man,"Ein Mann, der aus dem Land Vietnam kommt.",Der neue Koch im Restaurant ist Vietnamese.,,,,,,,,,,,,,,Abschnitt 7,567
A2-0568,Vietnamesin,die,-nen,vietnamesin,A2,Linie A2,Kapitel 6 – Eine Familie – viele Länder,n,Vietnamese woman,Eine Frau aus Vietnam.,Eine Vietnamesin leitet den kleinen Lebensmittelladen.,,,,,,,,,,,,,,Abschnitt 7,568
A2-0569,Umgebung,die,-en,umgebung,A2,Linie A2,Kapitel 6 – Eine Familie – viele Länder,n,surroundings / neighborhood,Die Region oder Natur rund um einen Ort oder eine Stadt.,In der Umgebung von Berlin kann man schön wandern.,Nachbarschaft|Stadtteil,,,,,,,,,,,,,Abschnitt 7,569
A2-0570,Barbershop,der,-s,barbershop,A2,Linie A2,Kapitel 6 – Eine Familie – viele Länder,n,barbershop,Ein spezieller Friseurladen für Männer (oft für Haare und Bart).,Mein Bruder geht jeden Monat in den Barbershop.,,,,,,,,,,,,,,Abschnitt 7,570
A2-0571,rasieren,,,rasieren,A2,Linie A2,Kapitel 6 – Eine Familie – viele Länder,v,to shave,Die Haare (oft den Bart) direkt auf der Haut mit einem Messer wegschneiden.,Er muss sich vor dem Vorstellungsgespräch rasieren.,,,,,,,,rasiert,rasierte,hat rasiert,haben,,,Abschnitt 7,571
A2-0572,Shishabar,die,-s,shishabar,A2,Linie A2,Kapitel 6 – Eine Familie – viele Länder,n,shisha bar,"Ein Lokal, in dem man Wasserpfeife rauchen und etwas trinken kann.",Am Freitagabend treffen sich die Jugendlichen in der Shishabar.,,,,,,,,,,,,,,Abschnitt 7,572
A2-0573,Wasserpfeife,die,-n,wasserpfeife,A2,Linie A2,Kapitel 6 – Eine Familie – viele Länder,n,shisha / water pipe,"Das Gerät, mit dem man aromatisierten Tabak durch Wasser raucht.",In der Bar kann man eine Wasserpfeife bestellen.,Wasserleitung,,,,,,,,,,,,,Abschnitt 7,573
A2-0574,Nagelstudio,das,-s,nagelstudio,A2,Linie A2,Kapitel 6 – Eine Familie – viele Länder,n,nail salon,"Ein Geschäft, in dem man die Fingernägel schön macht und pflegt.",Meine Freundin arbeitet in einem Nagelstudio.,,,,,,,,,,,,,,Abschnitt 7,574
A2-0575,Nagel,der,Nägel,nagel,A2,Linie A2,Kapitel 6 – Eine Familie – viele Länder,n,nail,Das harte Teil am Ende von Fingern und Zehen ODER ein spitzes Metallteil für die Wand.,Sie schneidet sich die Nägel.,,,,,,,,,,,,,,Abschnitt 7,575
A2-0576,Halal-Fleisch,das,,halal-fleisch,A2,Linie A2,Kapitel 6 – Eine Familie – viele Länder,n,halal meat,"Fleisch von Tieren, das nach den Regeln des Islams vorbereitet wurde.",In diesem Supermarkt kann man Halal-Fleisch kaufen.,,,,,,,,,,,,,,Abschnitt 7|nur Singular,576
A2-0577,Drogerieartikel,der,,drogerieartikel,A2,Linie A2,Kapitel 6 – Eine Familie – viele Länder,n,drugstore item,"Produkte für die Pflege und Sauberkeit (z. B. Shampoo, Zahnpasta).",Im Drogeriemarkt gibt es billige Drogerieartikel.,,,,,,,,,,,,,,Abschnitt 7,577
A2-0578,Trend,der,-s,trend,A2,Linie A2,Kapitel 6 – Eine Familie – viele Länder,n,trend,"Eine neue Entwicklung, die momentan viele Menschen modern finden.",E-Autos zu fahren ist ein aktueller Trend.,,,,,,,,,,,,,,Abschnitt 7,578
A2-0579,Gewohnheit,die,-en,gewohnheit,A2,Linie A2,Kapitel 6 – Eine Familie – viele Länder,n,habit,"Eine Aktivität, die man automatisch und sehr oft im Alltag macht.",Kaffee am Morgen ist eine feste Gewohnheit von mir.,,,,,,,,,,,,,,Abschnitt 7,579
A2-0580,Werbung,die,-en,werbung,A2,Linie A2,Kapitel 6 – Eine Familie – viele Länder,n,advertisement / commercial,"Informationen im Fernsehen oder auf Plakaten, damit Leute Produkte kaufen.",Die Werbung im Fernsehen ist manchmal langweilig.,,,,,,,,,,,,,,Abschnitt 7,580
A2-0581,beliebt,,,beliebt,A2,Linie A2,Kapitel 6 – Eine Familie – viele Länder,adj,popular,Wenn viele Menschen eine Sache oder eine Person sehr mögen.,Fußball ist eine sehr beliebte Sportart.,,,,,,,,,,,,beliebter,am beliebtesten,Abschnitt 7,581
A2-0582,eröffnen,,,eroffnen,A2,Linie A2,Kapitel 6 – Eine Familie – viele Länder,v,to open / establish,"Ein neues Geschäft, Restaurant oder eine Praxis zum ersten Mal aufmachen.",Sie möchte nächsten Monat ein eigenes Café eröffnen.,offen,,,,,,,eröffnt,eröffnte,hat eröffnt,haben,,,Abschnitt 7,582
A2-0583,verändern,,,verandern,A2,Linie A2,Kapitel 6 – Eine Familie – viele Länder,v,to change / modify,Anders machen als vorher; eine Sache modifizieren.,Wir wollen die Einrichtung im Wohnzimmer verändern.,,,,,,,,verändert,veränderte,hat verändert,haben,,,Abschnitt 7,583
A2-0584,Ausflug,der,Ausflüge,ausflug,A2,Linie A2,Kapitel 7 – Wir machen einen Ausflug,n,excursion / trip,"Eine kurze Reise oder Tour, die man am Wochenende macht.",Am Sonntag machen wir einen Ausflug in die Berge.,,,,,,,,,,,,,,Abschnitt 1,584
A2-0585,Schulausflug,der,,schulausflug,A2,Linie A2,Kapitel 7 – Wir machen einen Ausflug,n,school trip,"Eine Reise, die eine Schulklasse zusammen mit dem Lehrer macht.",Die Kinder freuen sich auf den Schulausflug.,Klassenfahrt,,,,,,,,,,,,,Abschnitt 1,585
A2-0586,Kursausflug,der,,kursausflug,A2,Linie A2,Kapitel 7 – Wir machen einen Ausflug,n,course trip,Ein gemeinsamer Ausflug von den Teilnehmern eines Kurses.,Unser Deutschkurs macht am Freitag einen Kursausflug.,,,,,,,,,,,,,,Abschnitt 1,586
A2-0587,besichtigen,,,besichtigen,A2,Linie A2,Kapitel 7 – Wir machen einen Ausflug,v,to sightsee / visit,Sich eine Sehenswürdigkeit oder Stadt genau ansehen.,Wir möchten morgen eine alte Stadt besichtigen.,,,,,,,,besichtigt,besichtigte,hat besichtigt,haben,,,Abschnitt 1,587
A2-0588,Bowling,das,-s,bowling,A2,Linie A2,Kapitel 7 – Wir machen einen Ausflug,n,bowling,"Ein Spiel, bei dem man eine schwere Kugel gegen Kegel rollt.",Gehen wir am Freitag zum Bowling?,,,,,,,,,,,,,,Abschnitt 1,588
A2-0589,entspannen,,,entspannen,A2,Linie A2,Kapitel 7 – Wir machen einen Ausflug,v,to relax,Sich ausruhen und Stress abbauen.,Am Wochenende möchte ich mich in der Natur entspannen.,chillen,,,,,,,entspannt,entspannte,hat entspannt,haben,,,Abschnitt 1,589
A2-0590,Kletterpark,der,-s,kletterpark,A2,Linie A2,Kapitel 7 – Wir machen einen Ausflug,n,climbing park,"Ein Ort im Wald, an dem man auf Seilen klettern kann.",Wir gehen am Nachmittag in den Kletterpark.,,,,,,,,,,,,,,Abschnitt 1,590
A2-0591,Zoo,der,-s,zoo,A2,Linie A2,Kapitel 7 – Wir machen einen Ausflug,n,zoo,"Ein Park, in dem man viele wilde Tiere sehen kann.",Die Kinder möchten den Zoo besuchen.,,,,,,,,,,,,,,Abschnitt 1,591
A2-0592,streicheln,,,streicheln,A2,Linie A2,Kapitel 7 – Wir machen einen Ausflug,v,to pet / stroke,Mit der Hand sanft über das Fell eines Tieres fahren.,Im Streichelzoo darf man die Tiere streicheln.,,,,,,,,streichelt,streichelte,hat gestreichelt,haben,,,Abschnitt 1,592
A2-0593,Puppe,die,-n,puppe,A2,Linie A2,Kapitel 7 – Wir machen einen Ausflug,n,doll,"Ein Spielzeug, das wie ein kleines Kind oder ein Mensch aussieht.",Das kleine Mädchen spielt gern mit ihrer Puppe.,,,,,,,,,,,,,,Abschnitt 1,593
A2-0594,erleben,,,erleben,A2,Linie A2,Kapitel 7 – Wir machen einen Ausflug,v,to experience,Eine Erfahrung machen; eine Situation miterleben.,Auf unserer Reise haben wir etwas Besonderes erlebt.,,,,,,,,erlebt,erlebte,hat erlebt,haben,,,Abschnitt 1,594
A2-0595,regional,,,regional,A2,Linie A2,Kapitel 7 – Wir machen einen Ausflug,adj,regional,Aus einer bestimmten Region oder Umgebung kommend.,Man sollte auf dem Markt regionale Spezialitäten probieren.,,,,,,,,,,,,regionaler,am regionalsten,Abschnitt 1,595
A2-0596,Sehenswürdigkeit,die,-en,sehenswurdigkeit,A2,Linie A2,Kapitel 7 – Wir machen einen Ausflug,n,tourist attraction,"Ein bekanntes Gebäude oder ein Ort, den Touristen besuchen.",Das Brandenburger Tor ist eine berühmte Sehenswürdigkeit.,,,,,,,,,,,,,,Abschnitt 1,596
A2-0597,Berg,der,-e,berg,A2,Linie A2,Kapitel 7 – Wir machen einen Ausflug,n,mountain,Eine sehr hohe Erhebung in der Natur (z. B. die Alpen).,Wir sind am Wochenende auf einen Berg gestiegen.,,,,,,,,,,,,,,Abschnitt 1,597
A2-0598,Tour,die,-en,tour,A2,Linie A2,Kapitel 7 – Wir machen einen Ausflug,n,tour,Eine Reise oder Fahrt mit einem bestimmten Ziel.,Die Tour durch die Stadt war sehr interessant.,,,,,,,,,,,,,,Abschnitt 1,598
A2-0599,Bustour,die,-en,bustour,A2,Linie A2,Kapitel 7 – Wir machen einen Ausflug,n,bus tour,Eine Rundfahrt oder Reise mit einem Bus.,Wir machen eine Bustour durch Berlin.,,,,,,,,,,,,,,Abschnitt 1,599
A2-0600,Schiffstour,die,-en,schiffstour,A2,Linie A2,Kapitel 7 – Wir machen einen Ausflug,n,boat trip,Eine Fahrt auf einem großen Boot oder Schiff.,Eine Schiffstour auf dem Rhein macht viel Spaß.,,,,,,,,,,,,,,Abschnitt 1,600
A2-0601,Fahrradtour,die,-en,fahrradtour,A2,Linie A2,Kapitel 7 – Wir machen einen Ausflug,n,bicycle tour,"Ein Ausflug, den man mit dem Fahrrad macht.",Bei schönem Wetter machen wir eine Fahrradtour.,,,,,,,,,,,,,,Abschnitt 1,601
A2-0602,diskutieren,,,diskutieren,A2,Linie A2,Kapitel 7 – Wir machen einen Ausflug,v,to discuss,Über ein Thema sprechen und verschiedene Meinungen austauschen.,Wir müssen im Kurs über unseren Ausflug diskutieren.,besprechen,,,,,,,diskutiert,diskutierte,hat diskutiert,haben,,,Abschnitt 1,602
A2-0603,Musical,das,-s,musical,A2,Linie A2,Kapitel 7 – Wir machen einen Ausflug,n,musical,"Ein Theaterstück mit viel Musik, Gesang und Tanz.",Möchtest du mit mir in ein Musical gehen?,,,,,,,,,,,,,,Abschnitt 1,603
A2-0604,reden,,,reden,A2,Linie A2,Kapitel 7 – Wir machen einen Ausflug,v,to talk / speak,Mit jemandem sprechen; sich unterhalten.,Wir müssen über den Plan für morgen reden.,,,,,,,,redet,redete,hat geredet,haben,,,Abschnitt 1,604
A2-0605,Stadtführung,die,-en,stadtfuhrung,A2,Linie A2,Kapitel 7 – Wir machen einen Ausflug,n,guided city tour,"Eine Tour durch eine Stadt, bei der ein Guide Informationen gibt.",Die Stadtführung beginnt um 14 Uhr am Marktplatz.,,,,,,,,,,,,,,Abschnitt 1,605
A2-0606,Vergnügungspark,der,-s,vergnugungspark,A2,Linie A2,Kapitel 7 – Wir machen einen Ausflug,n,amusement park,"Ein Park mit Achterbahnen, Karussells und Spielen.",Am Wochenende wollen wir in einen Vergnügungspark gehen.,,,,,,,,,,,,,,Abschnitt 1,606
A2-0607,Vorbereitungsteam,das,-s,vorbereitungsteam,A2,Linie A2,Kapitel 7 – Wir machen einen Ausflug,n,preparation team,"Eine Gruppe von Menschen, die ein Event oder ein Projekt plant.",Das Vorbereitungsteam organisiert das Fest.,,,,,,,,,,,,,,Abschnitt 1,607
A2-0608,Vorschlag,der,Vorschläge,vorschlag,A2,Linie A2,Kapitel 7 – Wir machen einen Ausflug,n,suggestion / proposal,"Eine Idee, die man anderen Personen anbietet.",Ich möchte einen Vorschlag für das Wochenende machen.,,,,,,,,,,,,,,Abschnitt 1,608
A2-0609,vorschlagen,,,vorschlagen,A2,Linie A2,Kapitel 7 – Wir machen einen Ausflug,v,to suggest / propose,Jemandem eine Idee oder einen Plan präsentieren.,"Ich schlage vor, dass wir eine Schiffstour machen.",,,,,,,,schlägt vor,schlug vor,hat vorgeschlagen,haben,,,Abschnitt 1,609
A2-0610,zuschauen,,,zuschauen,A2,Linie A2,Kapitel 7 – Wir machen einen Ausflug,v,to watch / look on,Anderen Menschen bei einer Aktivität mit den Augen folgen.,Die Kinder spielen Fußball und die Eltern schauen zu.,,,,,,,,schaut zu,schaute zu,hat zugeschaut,haben,,,Abschnitt 1,610
A2-0611,auswählen,,,auswahlen,A2,Linie A2,Kapitel 7 – Wir machen einen Ausflug,v,to select / choose,Aus mehreren Möglichkeiten eine Option nehmen.,Bitte wählen Sie einen Vorschlag aus.,wählen|sich aussuchen,,,,,,,wählt aus,wählte aus,hat ausgewählt,haben,,,Abschnitt 3,611
A2-0612,Gegenvorschlag,der,,gegenvorschlag,A2,Linie A2,Kapitel 7 – Wir machen einen Ausflug,n,counter-suggestion,"Ein neuer, anderer Vorschlag, wenn man die erste Idee nicht mag.",Er akzeptiert meine Idee nicht und macht einen Gegenvorschlag.,,,,,,,,,,,,,,Abschnitt 3,612
A2-0613,Widerspruch,der,,widerspruch,A2,Linie A2,Kapitel 7 – Wir machen einen Ausflug,n,contradiction / objection,"Wenn man eine andere Meinung hat und ""Nein"" zu einer Idee sagt.","Es gab keinen Widerspruch, alle waren einverstanden.",Einspruch,,,,,,,,,,,,,Abschnitt 3,613
A2-0614,Zustimmung,die,,zustimmung,A2,Linie A2,Kapitel 7 – Wir machen einen Ausflug,n,agreement / approval,"Wenn man ""Ja"" zu einer Idee oder Meinung sagt.",Ihr Plan fand große Zustimmung im Team.,Absprache,,,,,,,,,,,,,Abschnitt 3,614
A2-0615,super / toll,,,super / toll,A2,Linie A2,Kapitel 7 – Wir machen einen Ausflug,phrase,super / great,Sehr gut; exzellent.,Das ist eine super Idee!,,,,,,,,,,,,,,Abschnitt 3,615
A2-0616,sehr gut,,,sehr gut,A2,Linie A2,Kapitel 7 – Wir machen einen Ausflug,phrase,very good,Höher als gut; eine hohe Qualität.,Das Projekt läuft momentan sehr gut.,,,,,,,,,,,,,,Abschnitt 3,616
A2-0617,nicht so gut,,,nicht so gut,A2,Linie A2,Kapitel 7 – Wir machen einen Ausflug,phrase,not so good,Eine eher negative Bewertung; ein bisschen schlecht.,Das Wetter heute ist leider nicht so gut.,,,,,,,,,,,,,,Abschnitt 3,617
A2-0618,bewölkt,,,bewolkt,A2,Linie A2,Kapitel 7 – Wir machen einen Ausflug,adj,cloudy,Wenn viele Wolken am Himmel sind und man die Sonne nicht sieht.,Heute ist es kalt und bewölkt.,,,,,,,,,,,,bewölkter,am bewölktesten,Abschnitt 4,618
A2-0619,Wolke,die,-n,wolke,A2,Linie A2,Kapitel 7 – Wir machen einen Ausflug,n,cloud,"Das weiße oder graue Ding am Himmel, aus dem Regen kommen kann.",Am blauen Himmel steht keine einzige Wolke.,,,,,,,,,,,,,,Abschnitt 4,619
A2-0620,windig,,,windig,A2,Linie A2,Kapitel 7 – Wir machen einen Ausflug,adj,windy,Wenn die Luft sich stark und schnell bewegt.,Am Strand ist es meistens sehr windig.,,,,,,,,,,,,windiger,am windigsten,Abschnitt 4,620
A2-0621,Wind,der,-e,wind,A2,Linie A2,Kapitel 7 – Wir machen einen Ausflug,n,wind,Die Bewegung der Luft draußen.,Der Wind bläst die Blätter von den Bäumen.,,,,,,,,,,,,,,Abschnitt 4,621
A2-0622,Nebel,der,,nebel,A2,Linie A2,Kapitel 7 – Wir machen einen Ausflug,n,fog,Wenn die Luft feucht ist und man auf der Straße nicht weit sehen kann.,Am Morgen gab es starken Nebel auf der Autobahn.,,,,,,,,,,,,,,Abschnitt 4,622
A2-0623,neblig,,,neblig,A2,Linie A2,Kapitel 7 – Wir machen einen Ausflug,adj,foggy,"Das Adjektiv zu ""Nebel""; wenn man wegen weißer Luft schlecht sieht.","Vorsicht beim Autofahren, es ist sehr neblig.",,,,,,,,,,,,nebliger,am nebligsten,Abschnitt 4,623
A2-0624,heiß,,,heiss,A2,Linie A2,Kapitel 7 – Wir machen einen Ausflug,adj,hot,Sehr warm; hohe Temperaturen.,Im August ist es in Spanien oft sehr heiß.,,,,,,,,,,,,heißer,am heißesten,Abschnitt 4,624
A2-0625,trocken,,,trocken,A2,Linie A2,Kapitel 7 – Wir machen einen Ausflug,v,dry,Wenn kein Wasser oder kein Regen da ist; das Gegenteil von nass.,Nach dem Sommer war der Boden sehr trocken.,,,,,,,,trockt,trockte,hat getrockt,haben,,,Abschnitt 4,625
A2-0626,sonnig,,,sonnig,A2,Linie A2,Kapitel 7 – Wir machen einen Ausflug,adj,sunny,Wenn die Sonne scheint und keine Wolken da sind.,Am Sonntag wird das Wetter schön und sonnig.,,,,,,,,,,,,sonniger,am sonnigsten,Abschnitt 4,626
A2-0627,glatt,,,glatt,A2,Linie A2,Kapitel 7 – Wir machen einen Ausflug,adj,slippery / icy,Wenn der Boden wegen Eis oder Regen rutschig ist.,Pass auf! Die Straßen waren heute Morgen glatt.,,,,,,,,,,,,glatter,am glattesten,Abschnitt 4,627
A2-0628,Gewitter,das,,gewitter,A2,Linie A2,Kapitel 7 – Wir machen einen Ausflug,n,thunderstorm,"Ein starker Sturm mit Regen, Blitz und Donner.",Gestern Abend gab es ein schweres Gewitter.,,,,,,,,,,,,,,Abschnitt 4,628
A2-0629,blitzen,,,blitzen,A2,Linie A2,Kapitel 7 – Wir machen einen Ausflug,v,to flash (lightning),Das helle Licht am Himmel bei einem Gewitter.,"Am Himmel blitzt es schon, gleich regnet es.",,,,,,,,blitzt,blitzte,hat geblitzt,haben,,,Abschnitt 4,629
A2-0630,donnern,,,donnern,A2,Linie A2,Kapitel 7 – Wir machen einen Ausflug,v,to thunder,Das laute Geräusch am Himmel bei einem Gewitter.,Es blitzt und donnert draußen.,,,,,,,,donnert,donnerte,hat gedonnert,haben,,,Abschnitt 4,630
A2-0631,nerven,,,nerven,A2,Linie A2,Kapitel 7 – Wir machen einen Ausflug,v,to annoy / bug,Jemandem auf die Nerven gehen; anstrengend für jemanden sein.,Die laute Musik der Nachbarn nerft mich.,,,,,,,,nervt,nervte,hat genervt,haben,,,Abschnitt 4,631
A2-0632,Regenschirm,der,-e,regenschirm,A2,Linie A2,Kapitel 7 – Wir machen einen Ausflug,n,umbrella,"Ein Gegenstand, den man bei Regen über den Kopf hält.",Ich habe meinen Regenschirm im Bus vergessen.,Schirm,,,,,,,,,,,,,Abschnitt 4,632
A2-0633,Region,die,-en,region,A2,Linie A2,Kapitel 7 – Wir machen einen Ausflug,n,region / area,Ein bestimmter Teil von einem Land oder einer Landschaft.,In unserer Region wird viel Wein produziert.,,,,,,,,,,,,,,Abschnitt 4,633
A2-0634,Zoobesuch,der,-e,zoobesuch,A2,Linie A2,Kapitel 7 – Wir machen einen Ausflug,n,visit to the zoo,"Das Event, wenn man in den Zoo geht, um Tiere zu sehen.",Unser Zoobesuch gestern war für die Kinder toll.,,,,,,,,,,,,,,Abschnitt 5,634
A2-0635,Affe,der,-n,affe,A2,Linie A2,Kapitel 7 – Wir machen einen Ausflug,n,monkey / ape,"Ein Tier, das oft auf Bäume klettert und Bananen isst.",Der Affe im Zoo macht lustige Bewegungen.,,,,,,,,,,,,,,Abschnitt 5,635
A2-0636,Aquarium,das,Aquarien,aquarium,A2,Linie A2,Kapitel 7 – Wir machen einen Ausflug,n,aquarium,Ein großes Haus oder Becken mit Wasser für Fische.,Im Aquarium kann man bunte Fische sehen.,,,,,,,,,,,,,,Abschnitt 5,636
A2-0637,Elefant,der,-en,elefant,A2,Linie A2,Kapitel 7 – Wir machen einen Ausflug,n,elephant,"Ein sehr großes, graues Tier mit einem langen Rüssel und großen Ohren.",Der Elefant frisst viel Gras.,,,,,,,,,,,,,,Abschnitt 5,637
A2-0638,Tierpfleger,der,,tierpfleger,A2,Linie A2,Kapitel 7 – Wir machen einen Ausflug,n,zookeeper (male),"Ein Mann, der im Zoo arbeitet und den Tieren Essen gibt.",Der Tierpfleger reinigt das Gehege der Löwen.,Tierpflegerin,,,,,,,,,,,,,Abschnitt 5,638
A2-0639,Tierpflegerin,die,-nen,tierpflegerin,A2,Linie A2,Kapitel 7 – Wir machen einen Ausflug,n,zookeeper (female),"Eine Frau, die sich beruflich um Tiere kümmert.",Die Tierpflegerin füttert die Affen.,Tierpfleger,,,,,,,,,,,,,Abschnitt 5,639
A2-0640,Tiger,der,,tiger,A2,Linie A2,Kapitel 7 – Wir machen einen Ausflug,n,tiger,"Ein großes, wildes Tier aus der Familie der Katzen mit gelb-schwarzen Streifen.",Der Tiger schläft unter einem Baum.,,,,,,,,,,,,,,Abschnitt 5,640
A2-0641,Highlight,das,-s,highlight,A2,Linie A2,Kapitel 7 – Wir machen einen Ausflug,n,highlight,Der beste oder wichtigste Moment von einem Event.,Das Feuerwerk war das absolute Highlight des Festes.,,,,,,,,,,,,,,Abschnitt 5,641
A2-0642,hinfahren,,,hinfahren,A2,Linie A2,Kapitel 7 – Wir machen einen Ausflug,v,to drive/travel there,Mit einem Fahrzeug zu einem bestimmten Ort reisen.,"Der Bus fährt zum Zoo, wir können direkt hinfahren.",,,,,,,,fährt hin,fuhr hin,ist hingefahren,sein,,,Abschnitt 5,642
A2-0643,Imbiss,der,-e,imbiss,A2,Linie A2,Kapitel 7 – Wir machen einen Ausflug,n,snack bar / snack,"Ein kleiner Laden, an dem man schnell Fast Food (z. B. Pommes) kaufen kann.",Wir essen eine Bratwurst am Imbiss.,,,,,,,,,,,,,,Abschnitt 5,643
A2-0644,Mayonnaise,die,-n,mayonnaise,A2,Linie A2,Kapitel 7 – Wir machen einen Ausflug,n,mayonnaise,"Eine weiße, dicke Soße aus Ei und Öl für Pommes oder Salat.",Möchtest du Pommes mit Ketchup oder Mayonnaise?,,,,,,,,,,,,,,Abschnitt 5,644
A2-0645,Mayo,die,,mayo,A2,Linie A2,Kapitel 7 – Wir machen einen Ausflug,n,mayo,"Das kurze, informelle Wort für Mayonnaise.",Ich nehme Pommes mit Mayo.,,,,,,,,,,,,,,Abschnitt 5|nur Singular,645
A2-0646,wunderschön,,,wunderschon,A2,Linie A2,Kapitel 7 – Wir machen einen Ausflug,adj,beautiful / gorgeous,"Sehr, sehr schön.",Der Blick vom Berg war absolut wunderschön.,schön,,,,,,,,,,,wunderschöner,am wunderschönsten,Abschnitt 5,646
A2-0647,Organisation,die,,organisation,A2,Linie A2,Kapitel 7 – Wir machen einen Ausflug,n,organization / planning,Die Vorbereitung und Planung von einem Event.,Vielen Dank für die gute Organisation der Reise!,,,,,,,,,,,,,,Abschnitt 5|nur Singular,647
A2-0648,Bericht,der,-e,bericht,A2,Linie A2,Kapitel 7 – Wir machen einen Ausflug,n,report,"Ein Text, der sachlich über ein Event oder Thema informiert.",Er schreibt einen kurzen Bericht über den Ausflug.,,,,,,,,,,,,,,Abschnitt 6,648
A2-0649,Abteilung,die,-en,abteilung,A2,Linie A2,Kapitel 7 – Wir machen einen Ausflug,n,department,Ein bestimmter Bereich in einer Firma (z. B. Marketing-Abteilung).,Sie arbeitet in der Personalabteilung.,Amt,,,,,,,,,,,,,Abschnitt 6,649
A2-0650,Stimmung,die,-en,stimmung,A2,Linie A2,Kapitel 7 – Wir machen einen Ausflug,n,atmosphere / mood,Das Gefühl oder die Atmosphäre an einem Ort oder in einer Gruppe.,Auf der Party gab es eine tolle Stimmung.,Laune,,,,,,,,,,,,,Abschnitt 6,650
A2-0651,Dankeschön,das,,dankeschon,A2,Linie A2,Kapitel 7 – Wir machen einen Ausflug,n,thank you,"Ein Wort oder Geschenk, um ""Danke"" zu sagen.",Ein dickes Dankeschön für eure Unterstützung!,,,,,,,,,,,,,,Abschnitt 6|nur Singular,651
A2-0652,bummeln,,,bummeln,A2,Linie A2,Kapitel 7 – Wir machen einen Ausflug,v,to stroll / window-shop,Langsam und ohne Stress durch die Stadt gehen und Geschäfte ansehen.,Am Samstag gehen wir gemütlich in der Stadt bummeln.,,,,,,,,bummelt,bummelte,hat gebummelt,haben,,,Abschnitt 6,652
A2-0653,einige,,,einige,A2,Linie A2,Kapitel 7 – Wir machen einen Ausflug,adj,some / a few,Ein paar; mehrere Personen oder Dinge (Plural).,Einige Kollegen sind mit dem Auto zum Ausflug gefahren.,,,,,,,,,,,,einiger,am einigesten,Abschnitt 6,653
A2-0654,mitten,,,mitten,A2,Linie A2,Kapitel 7 – Wir machen einen Ausflug,v,in the middle of,Exakt im Zentrum von einem Ort.,Unser Hotel liegt mitten im Zentrum. / Das Boot fährt mitten im Rhein.,,,,,,,,mittet,mittete,hat gemittet,haben,,,Abschnitt 6,654
A2-0655,weitergehen,,,weitergehen,A2,Linie A2,Kapitel 7 – Wir machen einen Ausflug,v,to continue / move on,Nach einer Pause eine Aktivität oder einen Weg fortsetzen.,Nach zwei Stunden Pause ging es endlich weiter.,,,,,,,,geht weiter,ging weiter,ist weitergegangen,sein,,,Abschnitt 6,655
A2-0656,Sesselbahn,die,-en,sesselbahn,A2,Linie A2,Kapitel 7 – Wir machen einen Ausflug,n,chairlift,"Ein Lift mit Sitzen, der Menschen auf einen Berg transportiert.",Wir fahren mit der Sesselbahn nach oben.,,,,,,,,,,,,,,Abschnitt 6,656
A2-0657,füttern,,,futtern,A2,Linie A2,Kapitel 7 – Wir machen einen Ausflug,v,to feed (animals),Tieren Essen geben.,Man darf die Enten am See nicht füttern.,,,,,,,,füttert,fütterte,hat gefüttert,haben,,,Abschnitt 6,657
A2-0658,Löwe,der,-n,lowe,A2,Linie A2,Kapitel 7 – Wir machen einen Ausflug,n,lion,"Ein großes, wildes Tier mit einer Mähne, der König der Tiere.",Der Löwe brüllt sehr laut.,,,,,,,,,,,,,,Abschnitt 6,658
A2-0659,brüllen,,,brullen,A2,Linie A2,Kapitel 7 – Wir machen einen Ausflug,v,to roar / shout,Ein sehr lautes Geräusch machen (z. B. ein Löwe oder ein wütender Mensch).,Die Löwen im Zoo brüllen in der Nacht.,schreien,,,,,,,brüllt,brüllte,hat gebrüllt,haben,,,Abschnitt 6,659
A2-0660,Angst,die,Ängste,angst,A2,Linie A2,Kapitel 7 – Wir machen einen Ausflug,n,fear,"Das negative Gefühl, wenn man sich vor einer Gefahr fürchtet.",Ich habe große Angst vor Spinnen.,,,,,,,,,,,,,,Abschnitt 6,660
A2-0661,dabeihaben,,,dabeihaben,A2,Linie A2,Kapitel 7 – Wir machen einen Ausflug,v,to have with oneself,Eine Sache oder Geld im Moment bei sich tragen.,Alex hatte leider kein Geld dabei.,,,,,,,,dabeihabt,dabeihabte,hat gedabeihabt,haben,,,Abschnitt 6,661
A2-0662,Kirche,die,-n,kirche,A2,Linie A2,Kapitel 7 – Wir machen einen Ausflug,n,church,Ein religiöses Gebäude für Christen.,Im Zentrum der Stadt steht eine alte Kirche.,,,,,,,,,,,,,,Abschnitt 6,662
A2-0663,Reiseleiter,der,,reiseleiter,A2,Linie A2,Kapitel 7 – Wir machen einen Ausflug,n,tour guide (male),"Ein Mann, der Touristen eine Stadt zeigt und Informationen gibt.",Der Reiseleiter erklärt uns die Geschichte der Burg.,Reiseleiterin,,,,,,,,,,,,,Abschnitt 6,663
A2-0664,Reiseleiterin,die,-nen,reiseleiterin,A2,Linie A2,Kapitel 7 – Wir machen einen Ausflug,n,tour guide (female),"Eine Frau, die Gruppen auf Reisen führt und informiert.",Unsere Reiseleiterin spricht drei Sprachen.,Reiseleiter,,,,,,,,,,,,,Abschnitt 6,664
A2-0665,Alternative,die,-n,alternative,A2,Linie A2,Kapitel 7 – Wir machen einen Ausflug,n,alternative,"Eine andere Möglichkeit, wenn der erste Plan nicht funktioniert.","Wenn es regnet, ist das Museum eine gute Alternative.",,,,,,,,,,,,,,Abschnitt 6,665
A2-0666,Demonstration,die,-en,demonstration,A2,Linie A2,Kapitel 8 – Auf nach Berlin!,n,demonstration / protest,"Ein Treffen von vielen Menschen auf der Straße, die für oder gegen etwas protestieren.",Heute gibt es eine große Demonstration für den Klimaschutz.,,,,,,,,,,,,,,Abschnitt 1,666
A2-0667,Tor,das,-e,tor,A2,Linie A2,Kapitel 8 – Auf nach Berlin!,n,gate,"Eine große Tür, oft am Eingang von einem Garten, einer Garage oder einer Stadt.",Das Brandenburger Tor steht im Zentrum von Berlin.,,,,,,,,,,,,,,Abschnitt 1,667
A2-0668,Stadion,das,Stadien,stadion,A2,Linie A2,Kapitel 8 – Auf nach Berlin!,n,stadium,"Ein sehr großer Platz mit Sitzen für Zuschauer, wo man Sport (z. B. Fußball) schaut.","Am Samstag gehen wir ins Stadion, um das Spiel zu sehen.",,,,,,,,,,,,,,Abschnitt 1,668
A2-0669,Rest,der,-e,rest,A2,Linie A2,Kapitel 8 – Auf nach Berlin!,n,rest / remainder,"Das, was am Ende übrig bleibt.",Ich esse den Rest der Pizza morgen zum Mittagessen.,,,,,,,,,,,,,,Abschnitt 1,669
A2-0670,Mauer,die,-n,mauer,A2,Linie A2,Kapitel 8 – Auf nach Berlin!,n,wall (outdoor),"Eine feste Wand aus Steinen, die oft ein Grundstück oder eine Stadt trennt.",Die Berliner Mauer hat früher die Stadt geteilt.,Wand,,,,,,,,,,,,,Abschnitt 1,670
A2-0671,Hauptstadt,die,Hauptstädte,hauptstadt,A2,Linie A2,Kapitel 8 – Auf nach Berlin!,n,capital city,"Die wichtigste Stadt eines Landes, in der meistens die Regierung arbeitet.",Berlin ist die Hauptstadt von Deutschland.,,,,,,,,,,,,,,Abschnitt 1,671
A2-0672,fließen,,,fliessen,A2,Linie A2,Kapitel 8 – Auf nach Berlin!,v,to flow,Wenn sich Wasser (z. B. in einem Fluss) bewegt.,Die Spree fließt durch Berlin.,,,,,,,,fließt,floss,ist geflossen,sein,,,Abschnitt 1,672
A2-0673,Einwohner,der,,einwohner,A2,Linie A2,Kapitel 8 – Auf nach Berlin!,n,inhabitant / resident (male),"Ein Mann, der in einer bestimmten Stadt oder einem Land wohnt.",Berlin hat mehr als drei Millionen Einwohner.,Einwohnerin,,,,,,,,,,,,,Abschnitt 1,673
A2-0674,Einwohnerin,die,-nen,einwohnerin,A2,Linie A2,Kapitel 8 – Auf nach Berlin!,n,inhabitant / resident (female),"Eine Frau, die an einem bestimmten Ort wohnt.",Sie ist eine Einwohnerin der Stadt Hamburg.,Einwohner,,,,,,,,,,,,,Abschnitt 1,674
A2-0675,ca. = circa,,,ca. = circa,A2,Linie A2,Kapitel 8 – Auf nach Berlin!,phrase,approximately / about,Ungefähr; nicht exakt.,Der Weg zum Bahnhof dauert ca. zehn Minuten.,,,,,,,,,,,,,,Abschnitt 1,675
A2-0676,Million,die,-en,million,A2,Linie A2,Kapitel 8 – Auf nach Berlin!,n,million,Die Zahl 1.000.000.,In Deutschland leben viele Millionen Menschen.,,,,,,,,,,,,,,Abschnitt 1,676
A2-0677,Prozent,das,-e,prozent,A2,Linie A2,Kapitel 8 – Auf nach Berlin!,n,percent,Ein Teil von einhundert (Symbol: %).,Mehr als 50 Prozent der Deutschen wohnen zur Miete.,,,,,,,,,,,,,,Abschnitt 1,677
A2-0678,Gericht,das,-e,gericht,A2,Linie A2,Kapitel 8 – Auf nach Berlin!,n,dish / meal ODER court,"Ein fertiges Essen auf einem Teller ODER der Ort, wo ein Richter arbeitet.",Schnitzel ist ein sehr bekanntes deutsches Gericht.,,,,,,,,,,,,,,Abschnitt 1,678
A2-0679,Brücke,die,-n,brucke,A2,Linie A2,Kapitel 8 – Auf nach Berlin!,n,bridge,"Ein Bauwerk, auf dem man über einen Fluss oder eine Straße gehen kann.","Wir gehen über die Brücke, um auf die andere Seite zu kommen.",,,,,,,,,,,,,,Abschnitt 1,679
A2-0680,Auszubildende,der/die,-n,auszubildende,A2,Linie A2,Kapitel 8 – Auf nach Berlin!,n,apprentice / trainee,"Eine Person, die in einer Firma einen praktischen Beruf lernt.",Die neue Auszubildende beginnt heute ihre Arbeit in der Werkstatt.,,,,,,,,,,,,,,Abschnitt 2,680
A2-0681,Fernsehturm,der,Fernsehtürme,fernsehturm,A2,Linie A2,Kapitel 8 – Auf nach Berlin!,n,TV tower,"Ein sehr hoher Turm, von dem man Radio- und Fernsehsignale sendet.",Vom Berliner Fernsehturm hat man eine tolle Aussicht über die Stadt.,,,,,,,,,,,,,,Abschnitt 2,681
A2-0682,Stadtteil,der,-e,stadtteil,A2,Linie A2,Kapitel 8 – Auf nach Berlin!,n,neighborhood / district,Ein bestimmtes Viertel oder ein Teil von einer großen Stadt.,Kreuzberg ist ein sehr bekannter Stadtteil in Berlin.,Nachbarschaft|Umgebung,,,,,,,,,,,,,Abschnitt 2,682
A2-0683,Sportveranstaltung,die,-en,sportveranstaltung,A2,Linie A2,Kapitel 8 – Auf nach Berlin!,n,sports event,"Ein Event, bei dem Sportler gegeneinander spielen (z. B. ein Marathon).",Am Wochenende besuche ich eine große Sportveranstaltung.,,,,,,,,,,,,,,Abschnitt 2,683
A2-0684,Klassenfahrt,die,-en,klassenfahrt,A2,Linie A2,Kapitel 8 – Auf nach Berlin!,n,school trip,"Eine Reise, die Schüler mit ihrer Klasse und den Lehrern für mehrere Tage machen.",In der zehnten Klasse machen wir eine Klassenfahrt nach München.,Schulausflug,,,,,,,,,,,,,Abschnitt 3,684
A2-0685,Stadtbesichtigung,die,-en,stadtbesichtigung,A2,Linie A2,Kapitel 8 – Auf nach Berlin!,n,city sightseeing tour,"Eine Tour durch eine Stadt, um die Sehenswürdigkeiten anzusehen.",Am Nachmittag machen wir eine Stadtbesichtigung.,,,,,,,,,,,,,,Abschnitt 3,685
A2-0686,entdecken,,,entdecken,A2,Linie A2,Kapitel 8 – Auf nach Berlin!,v,to discover,Eine neue Sache oder einen neuen Ort zum ersten Mal finden oder sehen.,Im Urlaub wollen wir die Natur entdecken.,,,,,,,,entdeckt,entdeckte,hat entdeckt,haben,,,Abschnitt 3,686
A2-0687,Dauer,die,,dauer,A2,Linie A2,Kapitel 8 – Auf nach Berlin!,n,duration,"Die Zeit, wie lange eine Aktivität oder ein Event dauert.",Die Dauer des Deutschkurses ist genau drei Monate.,,,,,,,,,,,,,,Abschnitt 3|nur Singular,687
A2-0688,täglich,,,taglich,A2,Linie A2,Kapitel 8 – Auf nach Berlin!,adj,daily,Jeden Tag.,Ich lerne täglich eine halbe Stunde neue Vokabeln.,,,,,,,,,,,,,,Abschnitt 3,688
A2-0689,zentral,,,zentral,A2,Linie A2,Kapitel 8 – Auf nach Berlin!,adj,central,"Mitten im Zentrum; so, dass man alles schnell erreichen kann.","Unser Hotel liegt sehr zentral, direkt am Marktplatz.",,,,,,,,,,,,zentraler,am zentralsten,Abschnitt 3,689
A2-0690,Ruhetag,der,-e,ruhetag,A2,Linie A2,Kapitel 8 – Auf nach Berlin!,n,day off / closing day,"Ein Tag, an dem ein Geschäft oder Restaurant geschlossen hat und nicht arbeitet.",Das Restaurant hat am Montag seinen Ruhetag.,,,,,,,,,,,,,,Abschnitt 3,690
A2-0691,starten,,,starten,A2,Linie A2,Kapitel 8 – Auf nach Berlin!,v,to start,Beginnen; eine Aktivität oder eine Reise anfangen.,Wir starten unsere Tour um 9 Uhr am Hotel.,anfangen|gründen,,,,,,,startet,startete,hat gestartet,haben,,,Abschnitt 3,691
A2-0692,landen,,,landen,A2,Linie A2,Kapitel 8 – Auf nach Berlin!,v,to land,Wenn ein Flugzeug aus der Luft auf den Boden kommt.,Wir landen pünktlich um 14 Uhr in Berlin.,,,,,,,,landet,landete,ist gelandet,sein,,,Abschnitt 3,692
A2-0693,verbringen,,,verbringen,A2,Linie A2,Kapitel 8 – Auf nach Berlin!,v,to spend (time),Zeit an einem Ort oder mit einer Aktivität nutzen.,Ich möchte meinen Urlaub am Meer verbringen.,,,,,,,,verbringt,verbrachte,hat verbracht,haben,,,Abschnitt 3,693
A2-0694,demonstrieren,,,demonstrieren,A2,Linie A2,Kapitel 8 – Auf nach Berlin!,v,to demonstrate / protest,Auf der Straße für oder gegen etwas protestieren.,Die Menschen demonstrieren für bessere Gehälter.,protestieren,,,,,,,demonstriert,demonstrierte,hat demonstriert,haben,,,Abschnitt 3,694
A2-0695,Zukunft,die,,zukunft,A2,Linie A2,Kapitel 8 – Auf nach Berlin!,n,future,"Die Zeit, die erst noch kommt; das Gegenteil von Vergangenheit.",In der Zukunft möchte ich fließend Deutsch sprechen.,,,,,,,,,,,,,,Abschnitt 3|nur Singular,695
A2-0696,Reservierung,die,-en,reservierung,A2,Linie A2,Kapitel 8 – Auf nach Berlin!,n,reservation,Wenn man einen Platz im Restaurant oder ein Zimmer im Hotel im Voraus bucht.,Ich habe eine Reservierung auf den Namen Müller.,,,,,,,,,,,,,,Abschnitt 3,696
A2-0697,Führung,die,-en,fuhrung,A2,Linie A2,Kapitel 8 – Auf nach Berlin!,n,guided tour,"Eine Tour mit einem Guide, der Informationen zu einem Museum oder einer Stadt gibt.",Die Führung durch das Schloss dauert eine Stunde.,,,,,,,,,,,,,,Abschnitt 3,697
A2-0698,Klimaschutz,der,,klimaschutz,A2,Linie A2,Kapitel 8 – Auf nach Berlin!,n,climate protection,"Aktivitäten, die die Natur und das Klima auf der Erde schützen.",Fahrradfahren ist ein guter Beitrag für den Klimaschutz.,,,,,,,,,,,,,,Abschnitt 3|nur Singular,698
A2-0699,Wegbeschreibung,die,-en,wegbeschreibung,A2,Linie A2,Kapitel 8 – Auf nach Berlin!,n,route description / directions,"Ein Text oder Informationen, die erklären, wie man an einen Ort kommt.",Kannst du mir bitte eine Wegbeschreibung zum Hotel schicken?,,,,,,,,,,,,,,Abschnitt 4,699
A2-0700,gegenüber,,,gegenuber,A2,Linie A2,Kapitel 8 – Auf nach Berlin!,adj,opposite,Auf der anderen Seite von einer Straße oder einem Raum.,Die Post liegt direkt gegenüber vom Bahnhof.,,,,,,,,,,,,gegenüberer,am gegenübersten,Abschnitt 4,700
A2-0701,da vorne,,,da vorne,A2,Linie A2,Kapitel 8 – Auf nach Berlin!,phrase,up there / just ahead,"Ein Ort, der in Sichtweite vor einer Person liegt.",Die Bushaltestelle ist gleich da vorne.,,,,,,,,,,,,,,Abschnitt 4,701
A2-0702,geradeaus,,,geradeaus,A2,Linie A2,Kapitel 8 – Auf nach Berlin!,adj,straight ahead,"Immer weiter in dieselbe Richtung gehen, nicht nach links oder rechts.",Gehen Sie an der Ampel immer geradeaus.,,,,,,,,,,,,geradeauser,am geradeausesten,Abschnitt 4,702
A2-0703,Ampel,die,-n,ampel,A2,Linie A2,Kapitel 8 – Auf nach Berlin!,n,traffic light,"Ein Lichtzeichen an der Straße mit den Farben Rot, Gelb und Grün für den Verkehr.","Du musst warten, denn die Ampel zeigt Rot.",,,,,,,,,,,,,,Abschnitt 4,703
A2-0704,Kreuzung,die,-en,kreuzung,A2,Linie A2,Kapitel 8 – Auf nach Berlin!,n,intersection / crossroads,"Der Platz, an dem sich zwei oder mehr Straßen treffen.",Biegen Sie an der nächsten Kreuzung nach links ab.,,,,,,,,,,,,,,Abschnitt 4,704
A2-0705,Bundesliga,die,,bundesliga,A2,Linie A2,Kapitel 8 – Auf nach Berlin!,n,Bundesliga,Die höchste und wichtigste Liga im deutschen Fußball.,Bayern München spielt in der Bundesliga.,,,,,,,,,,,,,,Abschnitt 5|nur Singular,705
A2-0706,Fan,der,-s,fan,A2,Linie A2,Kapitel 8 – Auf nach Berlin!,n,fan / supporter,"Eine Person, die eine Fußballmannschaft oder einen Star sehr mag.",Er ist ein großer Fan von Borussia Dortmund.,,,,,,,,,,,,,,Abschnitt 5,706
A2-0707,Mannschaft,die,-en,mannschaft,A2,Linie A2,Kapitel 8 – Auf nach Berlin!,n,team,"Eine Gruppe von Sportlern, die zusammen gegen ein anderes Team spielen.",Unsere Mannschaft hat das Spiel gestern gewonnen.,Team,,,,,,,,,,,,,Abschnitt 5,707
A2-0708,Trainer,der,,trainer,A2,Linie A2,Kapitel 8 – Auf nach Berlin!,n,coach / trainer (male),"Der Chef einer Sportmannschaft, der mit den Spielern trainiert.",Der Trainer gibt der Mannschaft neue Anweisungen.,Trainerinnen|Ausbilder|Ausbilderin,,,,,,,,,,,,,Abschnitt 5,708
A2-0709,Trainerinnen,die,-nen,trainerinnen,A2,Linie A2,Kapitel 8 – Auf nach Berlin!,n,coach / trainer (female),"Eine Frau, die eine Sportmannschaft leitet.","Unsere neue Trainerin ist sehr streng, aber gut.",Trainer|Ausbilder|Ausbilderin,,,,,,,,,,,,,Abschnitt 5,709
A2-0710,Spieler,der,,spieler,A2,Linie A2,Kapitel 8 – Auf nach Berlin!,n,player (male),"Eine Person, die bei einem Spiel mitmacht.",Der Spieler mit der Nummer 10 hat ein Tor geschossen.,Spielerin,,,,,,,,,,,,,Abschnitt 5,710
A2-0711,Spielerin,die,-nen,spielerin,A2,Linie A2,Kapitel 8 – Auf nach Berlin!,n,player (female),"Eine Frau, die aktiv im Sportteam spielt.",Sie ist die beste Spielerin in unserer Mannschaft.,Spieler,,,,,,,,,,,,,Abschnitt 5,711
A2-0712,Profi,der,-s,profi,A2,Linie A2,Kapitel 8 – Auf nach Berlin!,n,professional,"Eine Person, die eine Aktivität (z. B. Sport) als Beruf macht und sehr gut ist.","Er spielt so gut Fußball, er ist ein echter Profi.",,,,,,,,,,,,,,Abschnitt 5,712
A2-0713,Fußballer,der,,fussballer,A2,Linie A2,Kapitel 8 – Auf nach Berlin!,n,soccer player (male),"Ein Mann, der Fußball spielt.",Thomas Müller ist ein bekannter deutscher Fußballer.,Fußballerin,,,,,,,,,,,,,Abschnitt 5,713
A2-0714,Fußballerin,die,-nen,fussballerin,A2,Linie A2,Kapitel 8 – Auf nach Berlin!,n,soccer player (female),"Eine Frau, die Fußball spielt.",Meine Tochter möchte später eine erfolgreiche Fußballerin werden.,Fußballer,,,,,,,,,,,,,Abschnitt 5,714
A2-0715,genial,,,genial,A2,Linie A2,Kapitel 8 – Auf nach Berlin!,adj,brilliant / ingenious,Absolut super; fantastisch; eine exzellente Idee.,Das Konzert gestern Abend war einfach genial!,,,,,,,,,,,,genialer,am genialsten,Abschnitt 5,715
A2-0716,motivieren,,,motivieren,A2,Linie A2,Kapitel 8 – Auf nach Berlin!,v,to motivate,"Jemandem Energie und Lust geben, eine Aufgabe zu machen.",Der Lehrer kann die Schüler sehr gut zum Lernen motivieren.,,,,,,,,motiviert,motivierte,hat motiviert,haben,,,Abschnitt 5,716
A2-0717,schaffen,,,schaffen,A2,Linie A2,Kapitel 8 – Auf nach Berlin!,v,to manage / achieve / create,Eine schwierige Aufgabe erfolgreich beenden.,"Keine Sorge, wir schaffen das!",leiten|zurechtkommen|verwirklichen,,,,,,,schafft,schaffte,hat geschafft,haben,,,Abschnitt 5,717
A2-0718,wunderbar,,,wunderbar,A2,Linie A2,Kapitel 8 – Auf nach Berlin!,adj,wonderful / marvelous,Sehr schön; perfekt; exzellent.,Das Wetter im Urlaub war absolut wunderbar.,großartig,,,,,,,,,,,wunderbarer,am wunderbarsten,Abschnitt 5,718
A2-0719,Arbeiter,der,,arbeiter,A2,Linie A2,Kapitel 8 – Auf nach Berlin!,n,worker (male),"Eine Person, die in einer Fabrik oder Firma körperlich arbeitet.",Mein Großvater war früher Arbeiter in einer Autofabrik.,Arbeiterin,,,,,,,,,,,,,Abschnitt 5,719
A2-0720,Arbeiterin,die,-nen,arbeiterin,A2,Linie A2,Kapitel 8 – Auf nach Berlin!,n,worker (female),"Eine Frau, die eine praktische oder manuelle Arbeit macht.",Die Arbeiterin bedient die große Maschine.,Arbeiter,,,,,,,,,,,,,Abschnitt 5,720
A2-0721,Industrie,die,-n,industrie,A2,Linie A2,Kapitel 8 – Auf nach Berlin!,n,industry,Die Produktion von Waren in großen Fabriken mit Maschinen.,In dieser Region gibt es viel chemische Industrie.,Branche,,,,,,,,,,,,,Abschnitt 5,721
A2-0722,berühmt,,,beruhmt,A2,Linie A2,Kapitel 8 – Auf nach Berlin!,adj,famous,Wenn sehr viele Menschen eine Person oder einen Ort kennen.,Der Eiffelturm ist eine berühmte Sehenswürdigkeit.,,,,,,,,,,,,berühmter,am berühmtesten,Abschnitt 5,722
A2-0723,Gefühl,das,-e,gefuhl,A2,Linie A2,Kapitel 8 – Auf nach Berlin!,n,feeling / emotion,"Eine Emotion wie Freude, Liebe, Traurigkeit oder Angst.","Ich habe das Gefühl, dass heute ein guter Tag wird.",,,,,,,,,,,,,,Abschnitt 5,723
A2-0724,Integration,die,,integration,A2,Linie A2,Kapitel 8 – Auf nach Berlin!,n,integration,Wenn Menschen aus anderen Ländern Teil einer neuen Gesellschaft werden.,Sprache ist der wichtigste Schritt für eine erfolgreiche Integration.,,,,,,,,,,,,,,Abschnitt 5|nur Singular,724
A2-0725,Rassismus,der,,rassismus,A2,Linie A2,Kapitel 8 – Auf nach Berlin!,n,racism,Die unfaire und schlechte Behandlung von Menschen wegen ihrer Herkunft.,In unserer Gesellschaft darf es keinen Platz für Rassismus geben.,,,,,,,,,,,,,,Abschnitt 5|nur Singular,725
A2-0726,engagiert sein,,,engagiert sein,A2,Linie A2,Kapitel 8 – Auf nach Berlin!,phrase,to be dedicated / involved,Viel Energie und Zeit für eine wichtige Sache (z. B. ein soziales Projekt) geben.,Sie ist sehr im Tierschutz engagiert.,,,,,,,,,,,,,,Abschnitt 5,726
A2-0727,sozial,,,sozial,A2,Linie A2,Kapitel 8 – Auf nach Berlin!,adj,social,Die Gesellschaft betreffend ODER hilfsbereit zu anderen Menschen.,Er arbeitet in einem sozialen Beruf und hilft älteren Leuten.,,,,,,,,,,,,,,Abschnitt 5,727
A2-0728,Stück,das,-e,stuck,A2,Linie A2,Kapitel 8 – Auf nach Berlin!,n,piece,Ein Teil von einer ganzen Sache.,Ich hätte gern ein Stück Kuchen zum Kaffee.,,,,,,,,,,,,,,Abschnitt 6,728
A2-0729,übernachten,,,ubernachten,A2,Linie A2,Kapitel 8 – Auf nach Berlin!,v,to stay overnight,Eine Nacht an einem Ort (z. B. im Hotel oder bei Freunden) schlafen.,Am Wochenende übernachte ich bei meiner Freundin.,,,,,,,,übernachtet,übernachtete,hat übernachtet,haben,,,Abschnitt 6,729
A2-0730,zurechtkommen,,,zurechtkommen,A2,Linie A2,Kapitel 8 – Auf nach Berlin!,v,to manage / cope,Eine Aufgabe oder Situation ohne große Probleme schaffen.,"Danke, ich komme mit der Arbeit allein zurecht.",leiten|schaffen,,,,,,,kommt zurecht,kam zurecht,ist zurechtgekommen,sein,,,Abschnitt 6,730
A2-0731,ablehnen,,,ablehnen,A2,Linie A2,Kapitel 8 – Auf nach Berlin!,v,to reject / refuse,"""Nein"" zu einem Angebot oder einer Einladung sagen.","Ich musste die Einladung leider ablehnen, weil ich keine Zeit habe.",,,,,,,,ablehnt,ablehnte,hat geablehnt,haben,,,Abschnitt 6,731
A2-0732,vorhaben,,,vorhaben,A2,Linie A2,Kapitel 8 – Auf nach Berlin!,v,to plan / intend,Einen Plan für eine bestimmte Zeit haben.,Was hast du am Wochenende vor?,,,,,,,,hat vor,hatte vor,hat vorgehabt,haben,,,Abschnitt 6,732
A2-0733,Technik,die,,technik,A2,Linie A2,Kapitel 8 – Auf nach Berlin!,n,technology / technique,"Technische Geräte ODER die Methode, wie man etwas macht.",In modernen Büros ist eine gute Technik sehr wichtig.,,,,,,,,,,,,,,Abschnitt 7-8|nur Singular,733
A2-0734,Ausbilder,der,,ausbilder,A2,Linie A2,Kapitel 8 – Auf nach Berlin!,n,instructor / trainer (male),"Die Person, die den Auszubildenden in der Firma den Beruf zeigt.",Mein Ausbilder erklärt mir die Funktionen der Maschine.,Trainer|Trainerinnen|Ausbilderin,,,,,,,,,,,,,Abschnitt 7-8,734
A2-0735,Ausbilderin,die,-nen,ausbilderin,A2,Linie A2,Kapitel 8 – Auf nach Berlin!,n,instructor / trainer (female),"Eine Frau, die Azubis beruflich ausbildet.",Die Ausbilderin kontrolliert meine Arbeit.,Trainer|Trainerinnen|Ausbilder,,,,,,,,,,,,,Abschnitt 7-8,735
A2-0736,Mittagspause,die,-n,mittagspause,A2,Linie A2,Kapitel 8 – Auf nach Berlin!,n,lunch break,"Eine Pause in der Mitte des Arbeitstages, meistens zum Essen.",Von 12 bis 13 Uhr mache ich meine Mittagspause.,,,,,,,,,,,,,,Abschnitt 7-8,736
A2-0737,erhalten,,,erhalten,A2,Linie A2,Kapitel 8 – Auf nach Berlin!,v,to receive,"Bekommen (z. B. einen Brief, Geld oder eine Information).",Ich habe heute eine wichtige E-Mail erhalten.,,,,,,,,erhaltet,erhaltete,hat erhaltet,haben,,,Abschnitt 7-8,737
A2-0738,notwendig,,,notwendig,A2,Linie A2,Kapitel 8 – Auf nach Berlin!,adj,necessary,Unbedingt erforderlich; man braucht es sicher für ein Ziel.,Für die Reise ist ein gültiger Reisepass notwendig.,,,,,,,,,,,,notwendiger,am notwendigsten,Abschnitt 7-8,738
A2-0739,Personalabteilung,die,-en,personalabteilung,A2,Linie A2,Kapitel 8 – Auf nach Berlin!,n,HR department,"Die Abteilung in einer Firma, die sich um Verträge und Mitarbeiter kümmert.",Schicken Sie Ihre Bewerbung bitte an die Personalabteilung.,,,,,,,,,,,,,,Abschnitt 7-8,739
A2-0740,Personalausweis,der,-e,personalausweis,A2,Linie A2,Kapitel 8 – Auf nach Berlin!,n,ID card,"Ein offizielles Dokument mit Foto und Namen, das zeigt, wer man ist.",Bitte zeigen Sie Ihren Personalausweis an der Kasse.,,,,,,,,,,,,,,Abschnitt 7-8,740
A2-0741,Bankkonto,das,Bankkonten,bankkonto,A2,Linie A2,Kapitel 8 – Auf nach Berlin!,n,bank account,"Ein Konto bei einer Bank, auf das man Geld einzahlt oder überweist.",Die Firma überweist das Gehalt auf mein Bankkonto.,,,,,,,,,,,,,,Abschnitt 7-8,741
A2-0742,selbstständig,,,selbststandig,A2,Linie A2,Kapitel 8 – Auf nach Berlin!,adj,independent / self-employed,Ohne Hilfe von anderen arbeiten ODER der eigene Chef sein.,Er arbeitet seit zwei Jahren als selbstständiger Handwerker.,,,,,,,,,,,,selbstständiger,am selbstständigsten,Abschnitt 7-8,742
A2-0743,Berufserfahrung,die,-en,berufserfahrung,A2,Linie A2,Kapitel 8 – Auf nach Berlin!,n,work experience,"Die Erfahrung und Praxis, die man in seinem Beruf über Jahre gesammelt hat.",Für diesen Job braucht man mindestens drei Jahre Berufserfahrung.,,,,,,,,,,,,,,Abschnitt 7-8,743
A2-0744,Elektroniker,der,,elektroniker,A2,Linie A2,Kapitel 8 – Auf nach Berlin!,n,electronics technician (male),"Ein Handwerker, der elektrische Systeme baut oder repariert.",Der Elektroniker kontrolliert die Kabel im Haus.,Elektronikerin,,,,,,,,,,,,,Berufe,744
A2-0745,Elektronikerin,die,-nen,elektronikerin,A2,Linie A2,Kapitel 8 – Auf nach Berlin!,n,electronics technician (female),"Eine Frau, die beruflich mit Elektronik arbeitet.",Meine Schwester macht eine Ausbildung als Elektronikerin.,Elektroniker,,,,,,,,,,,,,Berufe,745
A2-0746,Ingenieur,der,-e,ingenieur,A2,Linie A2,Kapitel 8 – Auf nach Berlin!,n,engineer (male),"Eine Person, die Maschinen, Gebäude oder Technik plant und baut.",Er arbeitet als Ingenieur bei einer Autofirma.,Ingenieurin,,,,,,,,,,,,,Berufe,746
A2-0747,Ingenieurin,die,-nen,ingenieurin,A2,Linie A2,Kapitel 8 – Auf nach Berlin!,n,engineer (female),"Eine Frau, die Technik oder Konstruktionen plant.",Die Ingenieurin präsentiert den neuen Plan.,Ingenieur,,,,,,,,,,,,,Berufe,747
A2-0748,Journalist,der,-en,journalist,A2,Linie A2,Kapitel 8 – Auf nach Berlin!,n,journalist (male),"Ein Mann, der Berichte für Zeitungen, Radio oder Fernsehen schreibt.",Der Journalist stellt dem Politiker viele Fragen.,Journalistin,,,,,,,,,,,,,Berufe,748
A2-0749,Journalistin,die,-nen,journalistin,A2,Linie A2,Kapitel 8 – Auf nach Berlin!,n,journalist (female),"Eine Frau, die beruflich Nachrichten schreibt oder recherchiert.",Meine Cousine arbeitet als Journalistin bei einer großen Zeitung.,Journalist,,,,,,,,,,,,,Berufe,749
A2-0750,Künstler,der,,kunstler,A2,Linie A2,Kapitel 8 – Auf nach Berlin!,n,artist (male),"Ein Mann, der Kunst macht (z. B. Bilder malt oder Skulpturen baut).",Der Künstler zeigt seine neuen Bilder im Museum.,Künstlerin,,,,,,,,,,,,,Berufe,750
A2-0751,Künstlerin,die,-nen,kunstlerin,A2,Linie A2,Kapitel 8 – Auf nach Berlin!,n,artist (female),"Eine Frau, die beruflich kreative Kunst macht.",Sie ist eine sehr bekannte Künstlerin in dieser Stadt.,Künstler,,,,,,,,,,,,,Berufe,751
A2-0752,Musiker,der,,musiker,A2,Linie A2,Kapitel 8 – Auf nach Berlin!,n,musician (male),"Ein Mann, der beruflich ein Instrument spielt oder Musik macht.",Der Musiker spielt wunderbar Klavier.,Musikerin,,,,,,,,,,,,,Berufe,752
A2-0753,Musikerin,die,-nen,musikerin,A2,Linie A2,Kapitel 8 – Auf nach Berlin!,n,musician (female),"Eine Frau, die Musik komponiert oder ein Instrument spielt.",Die Musikerin gibt am Samstag ein Konzert.,Musiker,,,,,,,,,,,,,Berufe,753
A2-0754,Pförtner,der,,pfortner,A2,Linie A2,Kapitel 8 – Auf nach Berlin!,n,gatekeeper / porter (male),"Eine Person, die am Eingang von einem großen Gebäude sitzt und kontrolliert.",Der Pförtner öffnet das Tor für die Besucher.,Pförtnerin,,,,,,,,,,,,,Berufe,754
A2-0755,Pförtnerin,die,-nen,pfortnerin,A2,Linie A2,Kapitel 8 – Auf nach Berlin!,n,gatekeeper / porter (female),"Eine Frau, die den Eingang eines Gebäudes überwacht.","Fragen Sie die Pförtnerin, wo das Büro von Chef ist.",Pförtner,,,,,,,,,,,,,Berufe,755
A2-0756,Politiker,der,,politiker,A2,Linie A2,Kapitel 8 – Auf nach Berlin!,n,politician (male),Ein Mitglied des Parlaments oder der Regierung.,Der Politiker hält eine lange Rede im Fernsehen.,Politikerin,,,,,,,,,,,,,Berufe,756
A2-0757,Politikerin,die,-nen,politikerin,A2,Linie A2,Kapitel 8 – Auf nach Berlin!,n,politician (female),"Eine Frau, die in der Politik arbeitet.",Die Politikerin spricht mit den Einwohnern über das Problem.,Politiker,,,,,,,,,,,,,Berufe,757
A2-0758,Rechtsanwalt,der,Rechtsanwälte,rechtsanwalt,A2,Linie A2,Kapitel 8 – Auf nach Berlin!,n,lawyer (male),"Eine Person, die Menschen bei rechtlichen Problemen vor Gericht hilft.",Mein Rechtsanwalt liest den Arbeitsvertrag genau.,Rechtsanwältin,,,,,,,,,,,,,Berufe,758
A2-0759,Rechtsanwältin,die,-nen,rechtsanwaltin,A2,Linie A2,Kapitel 8 – Auf nach Berlin!,n,lawyer (female),"Eine Frau, die Kunden in Rechtsfragen berät.",Die Rechtsanwältin hilft der Firma bei dem Prozess.,Rechtsanwalt,,,,,,,,,,,,,Berufe,759
A2-0760,Schauspieler,der,,schauspieler,A2,Linie A2,Kapitel 8 – Auf nach Berlin!,n,actor (male),"Ein Mann, der im Theater oder im Film eine Rolle spielt.","Er ist mein Lieblings-Schauspieler, ich mag seine Filme.",,,,,,,,,,,,,,Berufe,760
A2-0761,Schauspielerin,die,-nen,schauspielerin,A2,Linie A2,Kapitel 8 – Auf nach Berlin!,n,actress (female),"Eine Frau, die in Filmen oder Serien arbeitet.",Die Schauspielerin hat einen wichtigen Preis gewonnen.,,,,,,,,,,,,,,Berufe,761
A2-0762,Sportler,der,,sportler,A2,Linie A2,Kapitel 8 – Auf nach Berlin!,n,athlete (male),"Ein Mann, der aktiv und oft Sport treibt.",Der junge Sportler trainiert für die Meisterschaft.,Sportlerin,,,,,,,,,,,,,Berufe,762
A2-0763,Sportlerin,die,-nen,sportlerin,A2,Linie A2,Kapitel 8 – Auf nach Berlin!,n,athlete (female),"Eine Frau, die aktiv Sport als Hobby oder Beruf macht.",Sie ist eine sehr erfolgreiche Sportlerin.,Sportler,,,,,,,,,,,,,Berufe,763
A2-0764,Anrede,die,-n,anrede,A2,Linie A2,Kapitel 8 – Auf nach Berlin!,n,salutation / greeting,"Das erste Wort in einem Brief oder einer E-Mail (z. B. ""Sehr geehrte Damen und Herren"").",Vergiss bitte nicht die richtige Anrede in der E-Mail.,Gruß,,,,,,,,,,,,,Abschnitt 9,764
A2-0765,Gruß,der,Grüße,gruss,A2,Linie A2,Kapitel 8 – Auf nach Berlin!,n,greeting / regards,Das nette Wort am Ende eines Briefes oder einer Nachricht.,Ich schicke dir einen lieben Gruß aus Berlin.,Anrede,,,,,,,,,,,,,Abschnitt 9,765
A2-0766,HG = Herzliche Grüße,,,hg = herzliche grusse,A2,Linie A2,Kapitel 8 – Auf nach Berlin!,phrase,Warm regards,Ein freundlicher Gruß am Ende einer Nachricht an Freunde oder Kollegen.,"Bis morgen, HG Thomas.",,,,,,,,,,,,,,Abschnitt 9,766
A2-0767,VG = Viele Grüße,,,vg = viele grusse,A2,Linie A2,Kapitel 8 – Auf nach Berlin!,phrase,Many greetings / Kind regards,Eine typische und nette Verabschiedung am Ende einer E-Mail.,"Danke für deine Hilfe, VG Sarah.",,,,,,,,,,,,,,Abschnitt 9,767
A2-0768,LG = Liebe Grüße,,,lg = liebe grusse,A2,Linie A2,Kapitel 8 – Auf nach Berlin!,phrase,Best wishes / Love,Ein informeller Gruß für Familie und sehr gute Freunde.,"Ich freue mich auf unser Treffen, LG Anna.",,,,,,,,,,,,,,Abschnitt 9,768
A2-0769,Schule,die,,schule,A2,Linie A2,Kapitel 9 – Eltern – Kinder – Schule,n,school,"Ein Ort, an dem Kinder lernen und Lehrer unterrichten.",Die Kinder gehen morgens um 8 Uhr in die Schule.,,,,,,,,,,,,,,Abschnitt 1-2,769
A2-0770,Direktor,der,-en,direktor,A2,Linie A2,Kapitel 9 – Eltern – Kinder – Schule,n,principal / headmaster (male),Der Leiter einer Schule oder einer großen Organisation.,Der Direktor begrüßt die neuen Schüler.,Direktorin|Schulleiter|Schulleiterin,,,,,,,,,,,,,Abschnitt 1-2,770
A2-0771,Direktorin,die,-nen,direktorin,A2,Linie A2,Kapitel 9 – Eltern – Kinder – Schule,n,principal / headmistress (female),"Eine Frau, die eine Schule leitet.",Unsere Direktorin hält eine Rede auf dem Schulfest.,Direktor|Schulleiter|Schulleiterin,,,,,,,,,,,,,Abschnitt 1-2,771
A2-0772,Elternsprechtag,der,-e,elternsprechtag,A2,Linie A2,Kapitel 9 – Eltern – Kinder – Schule,n,parent-teacher conference day,"Ein Tag in der Schule, an dem Eltern mit den Lehrern über die Noten sprechen.",Am Elternsprechtag spreche ich mit dem Mathelehrer.,,,,,,,,,,,,,,Abschnitt 1-2,772
A2-0773,Klassenarbeit,die,-en,klassenarbeit,A2,Linie A2,Kapitel 9 – Eltern – Kinder – Schule,n,class test / exam,"Ein schriftlicher Test in einem Schulfach, für den man eine Note bekommt.",Morgen schreiben wir eine wichtige Klassenarbeit in Englisch.,,,,,,,,,,,,,,Abschnitt 1-2,773
A2-0774,Schulfach,das,Schulfächer,schulfach,A2,Linie A2,Kapitel 9 – Eltern – Kinder – Schule,n,school subject,"Ein Fach in der Schule (z. B. Mathematik, Deutsch oder Musik).",Was ist dein Lieblings-Schulfach?,,,,,,,,,,,,,,Abschnitt 1-2,774
A2-0775,Schulfest,das,-e,schulfest,A2,Linie A2,Kapitel 9 – Eltern – Kinder – Schule,n,school festival,"Eine Feier oder Party von einer Schule für Schüler, Eltern und Lehrer.",Zum Schulfest backen viele Eltern einen Kuchen.,,,,,,,,,,,,,,Abschnitt 1-2,775
A2-0776,Schulklasse,die,-n,schulklasse,A2,Linie A2,Kapitel 9 – Eltern – Kinder – Schule,n,school class / grade,"Eine Gruppe von Schülern, die zusammen Unterricht haben.",In meiner Schulklasse sind fünfundzwanzig Kinder.,Note,,,,,,,,,,,,,Abschnitt 1-2,776
A2-0777,Schultag,der,-e,schultag,A2,Linie A2,Kapitel 9 – Eltern – Kinder – Schule,n,school day,"Ein Tag, an dem Kinder Unterricht in der Schule haben.",Der Freitag ist meistens ein kurzer Schultag.,,,,,,,,,,,,,,Abschnitt 1-2,777
A2-0778,Schulzeit,die,-en,schulzeit,A2,Linie A2,Kapitel 9 – Eltern – Kinder – Schule,n,school days / time at school,"Die Jahre, in denen eine Person die Schule besucht hat.",Ich hatte eine sehr schöne Schulzeit.,,,,,,,,,,,,,,Abschnitt 1-2,778
A2-0779,Vorschule,die,-n,vorschule,A2,Linie A2,Kapitel 9 – Eltern – Kinder – Schule,n,preschool,"Eine Klasse vor der Grundschule für Kinder, die bald sechs Jahre alt werden.",In der Vorschule lernen die Kinder spielerisch.,,,,,,,,,,,,,,Abschnitt 1-2,779
A2-0780,Kindergarten,der,Kindergärten,kindergarten,A2,Linie A2,Kapitel 9 – Eltern – Kinder – Schule,n,kindergarten / daycare,"Ein Ort für kleine Kinder vor der Schulzeit, wo sie spielen.",Im Kindergarten haben wir schon die Buchstaben gelernt.,,,,,,,,,,,,,,Abschnitt 1-2,780
A2-0781,sprechen über,,,sprechen uber,A2,Linie A2,Kapitel 9 – Eltern – Kinder – Schule,phrase,to talk about,Über ein bestimmtes Thema oder eine Person sprechen.,Wir sprechen im Unterricht über das Projekt.,,,,,,,,,,,,,,Abschnitt 1-2,781
A2-0782,streng,,,streng,A2,Linie A2,Kapitel 9 – Eltern – Kinder – Schule,adj,strict,"Wenn eine Person (z. B. ein Lehrer) sehr feste Regeln hat, die man machen muss.","Unser Mathelehrer ist sehr streng, aber wir lernen viel bei ihm.",,,,,,,,,,,,strenger,am strengsten,Abschnitt 1-2,782
A2-0783,sich ärgern,,,sich argern,A2,Linie A2,Kapitel 9 – Eltern – Kinder – Schule,v,to get angry / annoyed,Sauer oder unzufrieden über eine Situation oder Person sein.,Ich ärgere mich über den verpassten Bus.,,,,,,,,ärgert,ärgerte,hat geärgert,haben,,,Abschnitt 3,783
A2-0784,sich erschrecken,,,sich erschrecken,A2,Linie A2,Kapitel 9 – Eltern – Kinder – Schule,v,to get frightened / scared,"Plötzlich Angst bekommen, weil etwas Unerwartetes passiert.","Ich erschrecke mich, wenn ein großer Hund laut bellt.",,,,,,,,erschreckt,erschreckte,hat erschreckt,haben,,,Abschnitt 3,784
A2-0785,sich langweilen,,,sich langweilen,A2,Linie A2,Kapitel 9 – Eltern – Kinder – Schule,v,to be bored,"Keine Lust auf eine Aktivität haben, weil sie nicht interessant ist.","Wenn ich nichts zu tun habe, langweile ich mich.",,,,,,,,langweilt,langweilte,hat gelangweilt,haben,,,Abschnitt 3,785
A2-0786,sich beeilen,,,sich beeilen,A2,Linie A2,Kapitel 9 – Eltern – Kinder – Schule,v,to hurry up,"Etwas sehr schnell machen, weil man wenig Zeit hat oder zu spät kommt.","Wir müssen uns beeilen, sonst verpassen wir den Zug.",,,,,,,,beeilt,beeilte,hat beeilt,haben,,,Abschnitt 3,786
A2-0787,sich unterhalten,,,sich unterhalten,A2,Linie A2,Kapitel 9 – Eltern – Kinder – Schule,v,to converse / chat,Mit einer Person über ein Thema sprechen; plaudern.,Die Schüler unterhalten sich in der Pause über den Film.,chatten,,,,,,,,,,,,,Abschnitt 3,787
A2-0788,schreien,,,schreien,A2,Linie A2,Kapitel 9 – Eltern – Kinder – Schule,v,to shout / scream,Mit einer sehr lauten Stimme sprechen oder rufen.,Die Kinder schreien laut auf dem Spielplatz.,brüllen,,,,,,,schreit,schrie,hat geschrien,haben,,,Abschnitt 3,788
A2-0789,Sahne,die,,sahne,A2,Linie A2,Kapitel 9 – Eltern – Kinder – Schule,n,cream,Ein fettiges Milchprodukt für Kuchen oder Soßen.,Möchten Sie Ihren Kaffee mit Sahne?,,,,,,,,,,,,,,Abschnitt 3|nur Singular,789
A2-0790,Abitur,das,,abitur,A2,Linie A2,Kapitel 9 – Eltern – Kinder – Schule,n,high school graduation exam,"Die Abschlussprüfung an einer höheren Schule (Gymnasium), mit der man studieren darf.",Nach dem Abitur möchte sie an einer Universität Medizin studieren.,,,,,,,,,,,,,,Abschnitt 4|nur Singular,790
A2-0791,Erzieher,der,,erzieher,A2,Linie A2,Kapitel 9 – Eltern – Kinder – Schule,n,educator / nursery teacher (male),"Eine Person, die beruflich auf kleine Kinder im Kindergarten aufpasst.",Mein Bruder arbeitet als Erzieher im Kindergarten.,Erzieherin|Lehrkraft,,,,,,,,,,,,,Abschnitt 4,791
A2-0792,Erzieherin,die,-nen,erzieherin,A2,Linie A2,Kapitel 9 – Eltern – Kinder – Schule,n,educator / nursery teacher (female),"Eine Frau, die kleine Kinder pädagogisch betreut.",Die Erzieherin liest den Kindern eine Geschichte vor.,Erzieher|Lehrkraft,,,,,,,,,,,,,Abschnitt 4,792
A2-0793,Fach,das,Fächer,fach,A2,Linie A2,Kapitel 9 – Eltern – Kinder – Schule,n,subject / field ODER compartment,Ein anderes Wort für Schulfach ODER ein Teil im Schrank.,Mathematik ist ein schwieriges Fach.,,,,,,,,,,,,,,Abschnitt 4,793
A2-0794,Grundschule,die,-n,grundschule,A2,Linie A2,Kapitel 9 – Eltern – Kinder – Schule,n,elementary / primary school,Die erste Schule für Kinder (Klasse 1 bis 4).,Mein Sohn geht in die erste Klasse der Grundschule.,,,,,,,,,,,,,,Abschnitt 4,794
A2-0795,Gruppengröße,die,-n,gruppengrosse,A2,Linie A2,Kapitel 9 – Eltern – Kinder – Schule,n,group size,"Die Anzahl von Personen, die zusammen in einer Gruppe sind.",Die Gruppengröße im Sprachkurs ist ideal.,,,,,,,,,,,,,,Abschnitt 4,795
A2-0796,Lehrkraft,die,Lehrkräfte,lehrkraft,A2,Linie A2,Kapitel 9 – Eltern – Kinder – Schule,n,teacher / educator,Ein offizielles Wort für Lehrer oder Lehrerin.,Unsere Schule sucht eine neue Lehrkraft für Sport.,Erzieher|Erzieherin|Lehrer|Lehrerin,,,,,,,,,,,,,Abschnitt 4,796
A2-0797,Ferienzeit,die,,ferienzeit,A2,Linie A2,Kapitel 9 – Eltern – Kinder – Schule,n,vacation period,"Die Wochen im Jahr, in denen es keine Schule gibt und man Urlaub macht.",In der Ferienzeit sind viele Hotels sehr teuer.,,,,,,,,,,,,,,Abschnitt 4|nur Singular,797
A2-0798,Schulferien,die,,schulferien,A2,Linie A2,Kapitel 9 – Eltern – Kinder – Schule,n,school holidays,"Die freien Wochen für Schüler im Sommer, Winter oder Frühling.",Die Kinder freuen sich auf die Schulferien.,,,,,,,,,,,,,,Abschnitt 4,798
A2-0799,Schulschluss,der,,schulschluss,A2,Linie A2,Kapitel 9 – Eltern – Kinder – Schule,n,end of school,Das Ende des Unterrichts an einem Schultag.,Nach dem Schulschluss gehe ich direkt nach Hause.,,,,,,,,,,,,,,Abschnitt 4|nur Singular,799
A2-0800,aufpassen,,,aufpassen,A2,Linie A2,Kapitel 9 – Eltern – Kinder – Schule,v,to pay attention / watch out,Konzentriert zuhören oder auf eine Gefahr achten.,Du musst im Unterricht besser aufpassen.,,,,,,,,passt auf,passte auf,hat aufgepasst,haben,,,Abschnitt 4,800
A2-0801,betreuen,,,betreuen,A2,Linie A2,Kapitel 9 – Eltern – Kinder – Schule,v,to look after / care for,"Sich um eine Person (Kinder, alte Menschen) kümmern.",Die Großeltern betreuen die Kinder am Nachmittag.,sich kümmern um,,,,,,,betreut,betreute,hat betreut,haben,,,Abschnitt 4,801
A2-0802,Betreuung,die,-en,betreuung,A2,Linie A2,Kapitel 9 – Eltern – Kinder – Schule,n,care / supervision,"Das Nomen zu ""betreuen""; die Hilfe und Aufsicht für Personen.",Die Schule bietet eine Betreuung bis 16 Uhr an.,Vorsicht,,,,,,,,,,,,,Abschnitt 4,802
A2-0803,Mittagsimbiss,der,-e,mittagsimbiss,A2,Linie A2,Kapitel 9 – Eltern – Kinder – Schule,n,midday snack / lunch,"Ein kleines, schnelles Essen in der Mitte des Tages.",In der Pause holen wir uns einen kleinen Mittagsimbiss.,,,,,,,,,,,,,,Abschnitt 4,803
A2-0804,individuell,,,individuell,A2,Linie A2,Kapitel 9 – Eltern – Kinder – Schule,adj,individual,Ganz speziell für eine einzelne Person angepasst.,Jeder Schüler bekommt eine individuelle Beratung.,,,,,,,,,,,,individueller,am individuellsten,Abschnitt 4,804
A2-0805,persönlich,,,personlich,A2,Linie A2,Kapitel 9 – Eltern – Kinder – Schule,adj,personal / in person,Direkt von Mensch zu Mensch; die eigene Person betreffend.,Ich möchte das Problem persönlich mit Ihnen besprechen.,,,,,,,,,,,,persönlicher,am persönlichsten,Abschnitt 4,805
A2-0806,Absprache,die,-n,absprache,A2,Linie A2,Kapitel 9 – Eltern – Kinder – Schule,n,agreement / arrangement,"Eine Vereinbarung oder ein Plan, den man mit anderen festmacht.",Nach Absprache mit dem Chef darf ich früher gehen.,Zustimmung,,,,,,,,,,,,,Abschnitt 4,806
A2-0807,Studierende,der/die,-n,studierende,A2,Linie A2,Kapitel 9 – Eltern – Kinder – Schule,n,student (university),"Eine Person, die an einer Universität oder Hochschule studiert.",Die Studierenden lernen in der Bibliothek für die Prüfung.,,,,,,,,,,,,,,Abschnitt 4,807
A2-0808,Stundenplan,der,Stundenpläne,stundenplan,A2,Linie A2,Kapitel 9 – Eltern – Kinder – Schule,n,school timetable / schedule,"Eine Tabelle, die zeigt, wann man welches Schulfach hat.",Auf meinem Stundenplan steht am Montag zuerst Deutsch.,Fahrplan|Programm,,,,,,,,,,,,,Abschnitt 5,808
A2-0809,Mathematik,,,mathematik,A2,Linie A2,Kapitel 9 – Eltern – Kinder – Schule,n,mathematics,"Das Schulfach, in dem man mit Zahlen rechnet (2+2=4).",Mathematik war nie mein Lieblingsfach.,,,,,,,,,,,,,,Abschnitt 5,809
A2-0810,Chemie,,,chemie,A2,Linie A2,Kapitel 9 – Eltern – Kinder – Schule,n,chemistry,"Das Schulfach, in dem man über Elemente und Stoffe lernt.",Im Fach Chemie machen wir heute ein interessantes Experiment.,,,,,,,,,,,,,,Abschnitt 5,810
A2-0811,Physik,,,physik,A2,Linie A2,Kapitel 9 – Eltern – Kinder – Schule,n,physics,"Das Schulfach über Naturgesetze, Energie und Kräfte (E=mc^2).",Der Lehrer erklärt uns die Regeln der Physik.,,,,,,,,,,,,,,Abschnitt 5,811
A2-0812,Geografie,,,geografie,A2,Linie A2,Kapitel 9 – Eltern – Kinder – Schule,n,geography,"Das Schulfach über Länder, Meere, Städte und die Erde.",In Geografie lernen wir gerade die Länder von Europa.,,,,,,,,,,,,,,Abschnitt 5,812
A2-0813,Englisch,,,englisch,A2,Linie A2,Kapitel 9 – Eltern – Kinder – Schule,n,English,Die Weltsprache und ein wichtiges Schulfach.,"Ich spreche gut Englisch, aber ich muss die Grammatik üben.",,,,,,,,,,,,,,Abschnitt 5,813
A2-0814,Französisch,,,franzosisch,A2,Linie A2,Kapitel 9 – Eltern – Kinder – Schule,n,French,"Die Sprache, die man in Frankreich spricht.",Sie lernt in der Schule Französisch als zweite Fremdsprache.,,,,,,,,,,,,,,Abschnitt 5,814
A2-0815,Geschichte,,,geschichte,A2,Linie A2,Kapitel 9 – Eltern – Kinder – Schule,n,history,Das Schulfach über die Vergangenheit der Menschen und alte Zeiten.,In Geschichte lernen wir viel über das alte Rom.,,,,,,,,,,,,,,Abschnitt 5,815
A2-0816,Musik,,,musik,A2,Linie A2,Kapitel 9 – Eltern – Kinder – Schule,n,music,"Das Fach, in dem man singt oder über Instrumente lernt.",Musik hat mir in der Schule immer viel Spaß gemacht.,,,,,,,,,,,,,,Abschnitt 5,816
A2-0817,Kunst,,,kunst,A2,Linie A2,Kapitel 9 – Eltern – Kinder – Schule,n,art,"Das Schulfach, in dem man Bilder malt oder kreativ arbeitet.",Im Fach Kunst zeichnen wir heute ein Porträt.,,,,,,,,,,,,,,Abschnitt 5,817
A2-0818,Sport,,,sport,A2,Linie A2,Kapitel 9 – Eltern – Kinder – Schule,n,sports / PE,"Das Schulfach, in dem man sich bewegt, läuft oder Spiele macht.","Sport hat mir Spaß gemacht, Musik nicht.",,,,,,,,,,,,,,Abschnitt 5,818
A2-0819,ausschalten,,,ausschalten,A2,Linie A2,Kapitel 9 – Eltern – Kinder – Schule,v,to turn off / switch off,Ein elektrisches Gerät (z. B. Handy oder Fernseher) ausmachen.,Bitte schalten Sie Ihr Handy im Unterricht aus.,,,,,,,,schaltet aus,schaltete aus,hat ausgeschaltet,haben,,,Abschnitt 6,819
A2-0820,lächeln,,,lacheln,A2,Linie A2,Kapitel 9 – Eltern – Kinder – Schule,v,to smile,"Den Mund freundlich bewegen, ohne ein Geräusch zu machen.","Die Lehrerin lächelt, weil der Schüler die richtige Antwort weiß.",,,,,,,,lächelt,lächelte,hat gelächelt,haben,,,Abschnitt 6,820
A2-0821,schweigen,,,schweigen,A2,Linie A2,Kapitel 9 – Eltern – Kinder – Schule,v,to be silent / keep quiet,Nichts sagen; absolut ruhig sein.,"Wenn der Direktor spricht, müssen alle Schüler schweigen.",,,,,,,,schweigt,schwieg,hat geschwiegen,haben,,,Abschnitt 6,821
A2-0822,seltsam,,,seltsam,A2,Linie A2,Kapitel 9 – Eltern – Kinder – Schule,adj,strange / odd,"Ungewöhnlich, komisch oder komisch; nicht normal.","Das ist ein seltsames Geräusch, was ist das?",,,,,,,,,,,,seltsamer,am seltsamsten,Abschnitt 6,822
A2-0823,vermutlich,,,vermutlich,A2,Linie A2,Kapitel 9 – Eltern – Kinder – Schule,adj,probably,"Wahrscheinlich; wenn man denkt, dass etwas wahr ist.",Er kommt heute vermutlich etwas später zur Schule.,,,,,,,,,,,,vermutlicher,am vermutlichsten,Abschnitt 6,823
A2-0824,vorne,,,vorne,A2,Linie A2,Kapitel 9 – Eltern – Kinder – Schule,adj,in front,An der vorderen Position; das Gegenteil von hinten.,Der Lehrer steht vorne an der Tafel.,,,,,,,,,,,,vorner,am vornesten,Abschnitt 6,824
A2-0825,hinten,,,hinten,A2,Linie A2,Kapitel 9 – Eltern – Kinder – Schule,adv,in the back,An der hinteren Position; das Gegenteil von vorne.,In der letzten Reihe sitzen die Schüler ganz hinten.,,,,,,,,,,,,,,Abschnitt 6,825
A2-0826,rechts,,,rechts,A2,Linie A2,Kapitel 9 – Eltern – Kinder – Schule,adv,on the right,Die Richtung auf der rechten Seite; das Gegenteil von links.,Das Badezimmer ist die erste Tür auf der rechten Seite (rechts).,,,,,,,,,,,,,,Abschnitt 6,826
A2-0827,links,,,links,A2,Linie A2,Kapitel 9 – Eltern – Kinder – Schule,adv,on the left,Die Richtung auf der linken Seite; das Gegenteil von rechts.,Mein Haus steht auf der linken Seite (links) von der Straße.,,,,,,,,,,,,,,Abschnitt 6,827
A2-0828,in der Mitte,,,in der mitte,A2,Linie A2,Kapitel 9 – Eltern – Kinder – Schule,phrase,in the middle / center,Genau im Zentrum von zwei Seiten oder Dingen.,Der Tisch steht in der Mitte vom Zimmer.,,,,,,,,,,,,,,Abschnitt 6,828
A2-0829,hinaus,,,hinaus,A2,Linie A2,Kapitel 9 – Eltern – Kinder – Schule,adj,out / outside,Von drinnen nach draußen gehen.,Gehen wir nach der Stunde nach draußen (hinaus)?,,,,,,,,,,,,hinauser,am hinausesten,Abschnitt 6,829
A2-0830,Lärm,der,,larm,A2,Linie A2,Kapitel 9 – Eltern – Kinder – Schule,n,noise,"Laute, störende Geräusche (z. B. von Autos oder vielen Menschen).",Der Lärm von der Baustelle nervt mich sehr.,,,,,,,,,,,,,,Abschnitt 6|nur Singular,830
A2-0831,warten auf,,,warten auf,A2,Linie A2,Kapitel 9 – Eltern – Kinder – Schule,phrase,to wait for,"Zeit verbringen, bis eine Person kommt oder eine Sache passiert.",Wir warten an der Haltestelle auf den Bus.,,,,,,,,,,,,,,Abschnitt 6,831
A2-0832,denken an,,,denken an,A2,Linie A2,Kapitel 9 – Eltern – Kinder – Schule,phrase,to think of / about,Einen Gedanken an eine Person oder Sache im Kopf haben.,Ich muss oft an meinen Urlaub denken.,,,,,,,,,,,,,,Abschnitt 6,832
A2-0833,erzählen von,,,erzahlen von,A2,Linie A2,Kapitel 9 – Eltern – Kinder – Schule,phrase,to tell about / narrate,Informationen über ein Erlebnis oder eine Geschichte geben.,Der Großvater erzählt von seiner eigenen Schulzeit.,,,,,,,,,,,,,,Abschnitt 6,833
A2-0834,sprechen mit / über,,,sprechen mit / uber,A2,Linie A2,Kapitel 9 – Eltern – Kinder – Schule,phrase,to speak with / about,Mit einer Person kommunizieren ODER über ein Thema reden.,Ich spreche oft mit meiner Nachbarin über das Wetter.,,,,,,,,,,,,,,Abschnitt 6,834
A2-0835,träumen von,,,traumen von,A2,Linie A2,Kapitel 9 – Eltern – Kinder – Schule,phrase,to dream of,Im Schlaf Bilder sehen ODER einen großen Wunsch für die Zukunft haben.,Ich träume von einer großen Reise nach Amerika.,,,,,,,,,,,,,,Abschnitt 6,835
A2-0836,sich beschäftigen mit,,,sich beschaftigen mit,A2,Linie A2,Kapitel 9 – Eltern – Kinder – Schule,v,to deal with / occupy oneself with,Zeit mit einer bestimmten Aufgabe oder einem Hobby verbringen.,In meiner Freizeit beschäftige ich mich mit Musik.,,,,,,,,,,,,,,Abschnitt 6,836
A2-0837,sich interessieren für,,,sich interessieren fur,A2,Linie A2,Kapitel 9 – Eltern – Kinder – Schule,v,to be interested in,Interesse an einem Thema oder einer Aktivität haben.,Mein Sohn interessiert sich für Computer.,,,,,,,,,,,,,,Abschnitt 6,837
A2-0838,sich streiten mit,,,sich streiten mit,A2,Linie A2,Kapitel 9 – Eltern – Kinder – Schule,v,to argue / fight with,Einen Konflikt oder schlechte Worte mit einer Person haben.,Ich möchte mich nicht mit dir streiten.,streiten,,,,,,,,,,,,,Abschnitt 6,838
A2-0839,Lehrer,der,,lehrer,A2,Linie A2,Kapitel 9 – Eltern – Kinder – Schule,n,teacher (male),"Ein Mann, der Schülern in der Schule Wissen beibringt.",Der Lehrer erklärt die neue Grammatikregel.,Lehrkraft|Lehrerin,,,,,,,,,,,,,Abschnitt 7-8,839
A2-0840,Lehrerin,die,-nen,lehrerin,A2,Linie A2,Kapitel 9 – Eltern – Kinder – Schule,n,teacher (female),"Eine Frau, die beruflich an einer Schule unterrichtet.",Unsere Lehrerin für Deutsch ist sehr nett.,Lehrkraft|Lehrer,,,,,,,,,,,,,Abschnitt 7-8,840
A2-0841,Fachlehrer,der,,fachlehrer,A2,Linie A2,Kapitel 9 – Eltern – Kinder – Schule,n,subject teacher (male),Ein Lehrer für ein ganz bestimmtes Fach (z. B. ein Sportlehrer).,Herr Weber ist unser neuer Fachlehrer für Physik.,Fachlehrerin,,,,,,,,,,,,,Abschnitt 7-8,841
A2-0842,Fachlehrerin,die,-nen,fachlehrerin,A2,Linie A2,Kapitel 9 – Eltern – Kinder – Schule,n,subject teacher (female),"Eine Lehrerin, die auf ein bestimmtes Schulfach spezialisiert ist.",Die Fachlehrerin erklärt das Experiment in Chemie.,Fachlehrer,,,,,,,,,,,,,Abschnitt 7-8,842
A2-0843,Klassenlehrer,der,,klassenlehrer,A2,Linie A2,Kapitel 9 – Eltern – Kinder – Schule,n,class teacher / homeroom teacher (male),"Der Hauptlehrer, der für eine bestimmte Schulklasse verantwortlich ist.",Unser Klassenlehrer organisiert den Schulausflug.,Klassenlehrerin,,,,,,,,,,,,,Abschnitt 7-8,843
A2-0844,Klassenlehrerin,die,-nen,klassenlehrerin,A2,Linie A2,Kapitel 9 – Eltern – Kinder – Schule,n,class teacher / homeroom teacher (female),Die Hauptlehrerin von einer Schulklasse.,Frau Schmidt arbeitet als unsere Klassenlehrerin.,Klassenlehrer,,,,,,,,,,,,,Abschnitt 7-8,844
A2-0845,Schulleiter,der,,schulleiter,A2,Linie A2,Kapitel 9 – Eltern – Kinder – Schule,n,headmaster / principal (male),Der offizielle Leiter von einer kompletten Schule.,Der Schulleiter lädt die Eltern zu einer Versammlung ein.,Direktor|Direktorin|Schulleiterin,,,,,,,,,,,,,Abschnitt 7-8,845
A2-0846,Schulleiterin,die,-nen,schulleiterin,A2,Linie A2,Kapitel 9 – Eltern – Kinder – Schule,n,headmistress / principal (female),Die offizielle Leiterin einer Schule.,Die Schulleiterin kontrolliert die neuen Stundenpläne.,Direktorin|Direktor|Schulleiter,,,,,,,,,,,,,Abschnitt 7-8,846
A2-0847,Ganztagsschule,die,-n,ganztagsschule,A2,Linie A2,Kapitel 9 – Eltern – Kinder – Schule,n,all-day school,"Eine Schule, an der die Kinder auch am Nachmittag Unterricht und Betreuung haben.",Mein Sohn besucht eine moderne Ganztagsschule.,,,,,,,,,,,,,,Abschnitt 7-8,847
A2-0848,Hochschule,die,-n,hochschule,A2,Linie A2,Kapitel 9 – Eltern – Kinder – Schule,n,university / college,"Eine Institution für höhere Bildung, an der man studieren kann.",Nach der Schule möchte sie an die Hochschule gehen.,,,,,,,,,,,,,,Abschnitt 7-8,848
A2-0849,Abschluss,der,Abschlüsse,abschluss,A2,Linie A2,Kapitel 9 – Eltern – Kinder – Schule,n,graduation / degree,Das erfolgreiche Ende von einer Schule oder Ausbildung mit einem Zertifikat.,Herzlichen Glückwunsch zu deinem Schulabschluss!,,,,,,,,,,,,,,Abschnitt 7-8,849
A2-0850,Schulpflicht,die,,schulpflicht,A2,Linie A2,Kapitel 9 – Eltern – Kinder – Schule,n,compulsory education,"Die gesetzliche Regel, dass alle Kinder in die Schule gehen müssen.",In Deutschland gilt die Schulpflicht für mindestens neun Jahre.,,,,,,,,,,,,,,Abschnitt 7-8|nur Singular,850
A2-0851,Schultasche,die,-n,schultasche,A2,Linie A2,Kapitel 9 – Eltern – Kinder – Schule,n,school bag / satchel,Eine Tasche oder ein Rucksack für Bücher und Hefte für die Schule.,Das Kind packt seine Bücher in die Schultasche.,,,,,,,,,,,,,,Abschnitt 7-8,851
A2-0852,Note,die,-n,note,A2,Linie A2,Kapitel 9 – Eltern – Kinder – Schule,n,grade / mark,*Die Bewertung für eine Leistung in der Schule (1 bis 6).*,Welche Note hast du im Test bekommen?,Schulklasse,,,,,,,,,,,,,Abschnitt 7-8,852
A2-0853,gut,,,gut,A2,Linie A2,Kapitel 9 – Eltern – Kinder – Schule,adj,good,Eine gute Note; die zweitbeste Bewertung.,"Mein Zeugnis ist gut, ich habe fast überall eine Zwei (gut).",,,,,,,,,,,,besser,am besten,Abschnitt 7-8,853
A2-0854,befriedigend,,,befriedigend,A2,Linie A2,Kapitel 9 – Eltern – Kinder – Schule,adj,satisfactory,Eine normale Note im Mittelfeld; okay.,"Die Klassenarbeit war okay, ich habe eine Drei (befriedigend).",,,,,,,,,,,,befriedigender,am befriedigendesten,Abschnitt 7-8,854
A2-0855,ausreichend,,,ausreichend,A2,Linie A2,Kapitel 9 – Eltern – Kinder – Schule,adj,sufficient,"Die schlechteste Note, mit der man einen Test noch besteht.","Ich habe nicht viel gelernt, aber es war noch eine Vier (ausreichend).",genügend,,,,,,,,,,,ausreichender,am ausreichendesten,Abschnitt 7-8,855
A2-0856,mangelhaft,,,mangelhaft,A2,Linie A2,Kapitel 9 – Eltern – Kinder – Schule,adj,deficient / poor,Eine negative Note; man hat den Test nicht bestanden.,"Leider war die Arbeit eine Fünf (mangelhaft), ich muss mehr lernen.",arm,,,,,,,,,,,mangelhafter,am mangelhaftesten,Abschnitt 7-8,856
A2-0857,ungenügend,,,ungenugend,A2,Linie A2,Kapitel 9 – Eltern – Kinder – Schule,adj,insufficient / very poor,Die schlechteste Note im deutschen System (sehr schlecht).,"Er hat den Test leer abgegeben, das ist eine Sechs (ungenügend).",,,,,,,,,,,,ungenügender,am ungenügendesten,Abschnitt 7-8,857
A2-0858,Gesprächstermin,der,-e,gesprachstermin,A2,Linie A2,Kapitel 9 – Eltern – Kinder – Schule,n,appointment for a talk / meeting,"Ein fester Termin, um über ein bestimmtes Thema zu sprechen.",Ich muss den Gesprächstermin morgen leider absagen.,Besprechung|Treffen,,,,,,,,,,,,,Abschnitt 7-8,858
A2-0859,Sprechstunde,die,-n,sprechstunde,A2,Linie A2,Kapitel 9 – Eltern – Kinder – Schule,n,office hours / consultation,"Die Zeit, in der ein Lehrer oder Arzt für Fragen da ist.",Die Sprechstunde des Lehrers ist jeden Donnerstag um 14 Uhr.,,,,,,,,,,,,,,Abschnitt 7-8,859
A2-0860,Bescheid geben,,,bescheid geben,A2,Linie A2,Kapitel 9 – Eltern – Kinder – Schule,v,to let someone know,Eine Information an jemanden weitergeben; Bescheid sagen.,"Bitte geben Sie mir bis morgen Bescheid, ob Sie kommen können.",Bescheid sagen,,,,,,,,,,,,,Abschnitt 7-8,860
A2-0861,bestens,,,bestens,A2,Linie A2,Kapitel 9 – Eltern – Kinder – Schule,adj,excellently / very well,Sehr gut; absolut perfekt.,"Vielen Dank, mir geht es bestens!",,,,,,,,,,,,bestenser,am bestensesten,Abschnitt 7-8,861
A2-0862,dankbar,,,dankbar,A2,Linie A2,Kapitel 9 – Eltern – Kinder – Schule,adj,grateful / thankful,"Wenn man einer Person für eine Hilfe oder ein Geschenk ""Danke"" sagen möchte.",Ich bin Ihnen sehr dankbar für Ihre Unterstützung.,,,,,,,,,,,,dankbarer,am dankbarsten,Abschnitt 7-8,862
A2-0863,daran,,,daran,A2,Linie A2,Kapitel 9 – Eltern – Kinder – Schule,adj,about it / at it,An diese bestimmte Sache (Ort oder Thema) denken.,"Ich muss unbedingt daran denken, die Blumen zu gießen.",,,,,,,,,,,,daraner,am daransten,Abschnitt 7-8,863
A2-0864,entscheiden,,,entscheiden,A2,Linie A2,Kapitel 9 – Eltern – Kinder – Schule,v,to decide,Aus mehreren Möglichkeiten eine feste Option wählen.,"Wir müssen jetzt entscheiden, wohin wir in den Urlaub fahren.",,,,,,,,entscheidet,entschied,hat entschieden,haben,,,Abschnitt 7-8,864
A2-0865,hiermit,,,hiermit,A2,Linie A2,Kapitel 9 – Eltern – Kinder – Schule,adj,hereby,Mit diesem Dokument oder mit diesen Worten.,Hiermit lade ich Sie herzlich zu unserer Feier ein.,,,,,,,,,,,,hiermiter,am hiermitesten,Abschnitt 7-8,865
A2-0866,maximal,,,maximal,A2,Linie A2,Kapitel 9 – Eltern – Kinder – Schule,adj,maximum,Nicht mehr als; der höchste Wert oder die höchste Zeit.,Die Klassenarbeit dauert maximal fünfundvierzig Minuten.,,,,,,,,,,,,maximaler,am maximalsten,Abschnitt 7-8,866
A2-0867,selbstverständlich,,,selbstverstandlich,A2,Linie A2,Kapitel 9 – Eltern – Kinder – Schule,adj,of course / naturally,Klar; natürlich; ohne Zweifel.,"Kommst du zu meiner Party? – Ja, selbstverständlich!",,,,,,,,,,,,selbstverständlicher,am selbstverständlichsten,Abschnitt 7-8,867
A2-0868,überrascht,,,uberrascht,A2,Linie A2,Kapitel 9 – Eltern – Kinder – Schule,adj,surprised,Wenn etwas Unerwartetes passiert und man erstaunt ist.,Ich war positiv überrascht von dem guten Ergebnis.,,,,,,,,,,,,überraschter,am überraschtesten,Abschnitt 7-8,868
A2-0869,üblich,,,ublich,A2,Linie A2,Kapitel 9 – Eltern – Kinder – Schule,adj,usual / common,"Normal; so, wie es meistens in einer Kultur oder Situation ist.","In Deutschland ist es üblich, pünktlich zu einem Termin zu kommen.",,,,,,,,,,,,üblicher,am üblichsten,Abschnitt 7-8,869
A2-0870,Behörde,die,-n,behorde,A2,Linie A2,Kapitel 9 – Eltern – Kinder – Schule,n,authority / government office,Ein offizielles Amt vom Staat (z. B. das Arbeitsamt).,Für den neuen Reisepass muss ich zur Behörde gehen.,,,,,,,,,,,,,,Abschnitt 7-8,870
A2-0871,Büroberuf,der,-e,buroberuf,A2,Linie A2,Kapitel 9 – Eltern – Kinder – Schule,n,office job,"Ein Beruf, bei dem man die meiste Zeit an einem Schreibtisch im Büro arbeitet.",Kaufmann ist ein klassischer Büroberuf.,,,,,,,,,,,,,,Abschnitt 7-8,871
A2-0872,häufig,,,haufig,A2,Linie A2,Kapitel 9 – Eltern – Kinder – Schule,adv,frequently / often,Sehr oft; viele Male.,In dieser Region regnet es im Herbst sehr häufig.,,,,,,,,,,,,,,Abschnitt 9,872
A2-0873,staatlich,,,staatlich,A2,Linie A2,Kapitel 9 – Eltern – Kinder – Schule,adj,state-run / public,Vom Staat organisiert oder bezahlt (nicht privat).,Die meisten Schulen in Deutschland sind staatlich.,öffentlich,,,,,,,,,,,staatlicher,am staatlichsten,Abschnitt 9,873
A2-0874,Teil,der,-e,teil,A2,Linie A2,Kapitel 9 – Eltern – Kinder – Schule,n,part / section,Ein Stück von einem großen Ganzen.,Der erste Teil des Films war sehr spannend.,,,,,,,,,,,,,,Abschnitt 9,874
A2-0875,unterschiedlich,,,unterschiedlich,A2,Linie A2,Kapitel 9 – Eltern – Kinder – Schule,adj,different / various,Nicht gleich; verschieden.,Die Schüler in der Klasse kommen aus unterschiedlichen Ländern.,anders,,,,,,,,,,,unterschiedlicher,am unterschiedlichsten,Abschnitt 9,875
A2-0876,stolz,,,stolz,A2,Linie A2,Kapitel 10 – Zusammen geht es besser!,adj,proud,"Ein sehr gutes Gefühl, wenn man etwas Schönes oder Schwieriges geschafft hat.",Der Vater ist stolz auf die guten Noten seiner Tochter.,,,,,,,,,,,,stolzer,am stolzesten,Abschnitt 1,876
A2-0877,sauer,,,sauer,A2,Linie A2,Kapitel 10 – Zusammen geht es besser!,adj,angry / upset (colloquial),Ein anderes Wort für wütend oder verärgert sein.,"Ich bin sauer, weil du zu spät gekommen bist.",wütend,,,,,,,,,,,sauerer,am sauersten,Abschnitt 1,877
A2-0878,genervt,,,genervt,A2,Linie A2,Kapitel 10 – Zusammen geht es besser!,adj,annoyed / irritated,"Wenn man keine Geduld mehr hat, weil eine Sache oder Person anstrengend ist.",Der Arbeiter ist genervt von dem lauten Lärm.,,,,,,,,,,,,genervter,am genervtesten,Abschnitt 1,878
A2-0879,entspannt,,,entspannt,A2,Linie A2,Kapitel 10 – Zusammen geht es besser!,adj,relaxed,Ruhig und ohne Stress; das Gegenteil von nervös oder gestresst.,Nach dem Urlaub fühle ich mich total entspannt.,,,,,,,,,,,,entspannter,am entspanntesten,Abschnitt 1,879
A2-0880,Fieberthermometer,das,,fieberthermometer,A2,Linie A2,Kapitel 10 – Zusammen geht es besser!,n,medical thermometer,"Ein Gerät, mit dem man die Temperatur des Körpers misst, wenn man krank ist.","Ich brauche das Fieberthermometer, weil ich glaube, dass ich krank bin.",,,,,,,,,,,,,,Abschnitt 1,880
A2-0881,zurücklegen,,,zurucklegen,A2,Linie A2,Kapitel 10 – Zusammen geht es besser!,v,to put back ODER to cover a distance,Eine Sache an ihren alten Platz legen ODER eine Strecke fahren/gehen.,Bitte legen Sie die Bücher nach dem Lesen wieder zurück.,,,,,,,,legt zurück,legte zurück,hat zurückgelegt,haben,,,Abschnitt 1,881
A2-0882,unpünktlich,,,unpunktlich,A2,Linie A2,Kapitel 10 – Zusammen geht es besser!,adj,unpunctual / late,Wenn man nicht zur vereinbarten Uhrzeit kommt; zu spät.,Mein Kollege ist leider sehr oft unpünktlich.,spät,,,,,,,,,,,unpünktlicher,am unpünktlichsten,Abschnitt 1,882
A2-0883,aufwachen,,,aufwachen,A2,Linie A2,Kapitel 10 – Zusammen geht es besser!,v,to wake up,Am Morgen mit dem Schlafen aufhören und die Augen öffnen.,Ich wache jeden Tag um 6 Uhr auf.,,,,,,,,aufwacht,aufwachte,hat geaufwacht,haben,,,Abschnitt 2,883
A2-0884,offen,,,offen,A2,Linie A2,Kapitel 10 – Zusammen geht es besser!,v,open,Nicht geschlossen; das Gegenteil von zu.,Das Fenster im Schlafzimmer ist noch offen.,eröffnen,,,,,,,offt,offte,hat geofft,haben,,,Abschnitt 2,884
A2-0885,springen,,,springen,A2,Linie A2,Kapitel 10 – Zusammen geht es besser!,v,to jump,Sich mit Kraft von dem Boden nach oben in die Luft bewegen.,Die Kinder springen fröhlich auf dem Bett.,,,,,,,,springt,sprang,ist gesprungen,sein,,,Abschnitt 2,885
A2-0886,weich,,,weich,A2,Linie A2,Kapitel 10 – Zusammen geht es besser!,adj,soft,Angenehm und elastisch; das Gegenteil von hart.,Das Kissen auf der Couch ist wunderbar weich.,,,,,,,,,,,,weicher,am weichsten,Abschnitt 2,886
A2-0887,sich legen,,,sich legen,A2,Linie A2,Kapitel 10 – Zusammen geht es besser!,v,to lie down,"Den Körper in eine horizontale Position bringen, um sich auszuruhen.",Minka legt sich neben Davi auf den Teppich.,,,,,,,,legt,legte,hat gelegt,haben,,,Abschnitt 2,887
A2-0888,Futter,das,,futter,A2,Linie A2,Kapitel 10 – Zusammen geht es besser!,n,animal feed / food,"Das Essen, das man Tieren (z. B. Hunden oder Katzen) gibt.","Vergiss bitte nicht, neues Futter für die Katze zu kaufen.",,,,,,,,,,,,,,Abschnitt 2|nur Singular,888
A2-0889,Missverständnis,das,-se,missverstandnis,A2,Linie A2,Kapitel 10 – Zusammen geht es besser!,n,misunderstanding,"Eine Situation, in der eine Person ein Wort oder eine Aktion falsch versteht.","Das war ein Missverständnis, ich habe das nicht so gemeint.",,,,,,,,,,,,,,Abschnitt 3,889
A2-0890,Vermutung,die,-en,vermutung,A2,Linie A2,Kapitel 10 – Zusammen geht es besser!,n,assumption / guess,"Ein Gedanke oder eine Idee, wenn man eine Sache nicht genau weiß, aber denkt, dass sie so ist.","Meine Vermutung ist, dass der Chef heute nicht kommt.",,,,,,,,,,,,,,Abschnitt 3,890
A2-0891,Putzplan,der,-pläne,putzplan,A2,Linie A2,Kapitel 10 – Zusammen geht es besser!,n,cleaning schedule,"Eine Tabelle, die zeigt, wer wann die Wohnung sauber machen muss.",Laut Putzplan bist du heute dran mit Putzen!,,,,,,,,,,,,,,Abschnitt 3,891
A2-0892,gleich,,,gleich,A2,Linie A2,Kapitel 10 – Zusammen geht es besser!,adv,immediately ODER identical,Sofort; in einem ganz kurzen Moment ODER exakt gleich.,"Ich komme gleich, wartest du bitte kurz auf mich?",,,,,,,,,,,,,,Abschnitt 3,892
A2-0893,streiten,,,streiten,A2,Linie A2,Kapitel 10 – Zusammen geht es besser!,v,to argue / fight,"Schlechte oder laute Worte mit einer Person benutzen, weil man nicht der gleichen Meinung ist.",Die Nachbarn streiten oft über die laute Musik.,sich streiten mit,,,,,,,streitet,stritt,hat gestritten,haben,,,Abschnitt 3,893
A2-0894,einfach,,,einfach,A2,Linie A2,Kapitel 10 – Zusammen geht es besser!,adj,simple / easy,Nicht kompliziert; unkompliziert.,"Die Übung ist ganz einfach, ich verstehe sie sofort.",leicht,schwierig,,,,,,,,,,einfacher,am einfachsten,Abschnitt 3,894
A2-0895,Urlaub eintragen,,,urlaub eintragen,A2,Linie A2,Kapitel 10 – Zusammen geht es besser!,v,to request / log vacation time,Seine freien Tage offiziell in eine Liste oder den Kalender der Firma schreiben.,"Ich muss morgen meinen Urlaub eintragen, damit der Chef Bescheid weiß.",,,,,,,,,,,,,,Abschnitt 3,895
A2-0896,ausreden lassen,,,ausreden lassen,A2,Linie A2,Kapitel 10 – Zusammen geht es besser!,v,to let someone finish speaking,"Warten und ruhig zuhören, bis eine andere Person ihren Satz komplett fertig gesprochen hat.","Bitte lass mich ausreden, bevor du antwortest.",,,,,,,,,,,,,,Abschnitt 3,896
A2-0897,wütend,,,wutend,A2,Linie A2,Kapitel 10 – Zusammen geht es besser!,adj,angry,"Sehr sauer und voller Energie, weil man sich über etwas ärgert.",Mein Chef war gestern sehr wütend über den Fehler.,sauer,,,,,,,,,,,wütender,am wütendesten,Abschnitt 3,897
A2-0898,unordentlich,,,unordentlich,A2,Linie A2,Kapitel 10 – Zusammen geht es besser!,adj,messy / untidy,Nicht aufgeräumt; wenn Dinge überall im Zimmer liegen; chaotisch.,Das Zimmer meines Sohnes ist sehr unordentlich.,,,,,,,,,,,,unordentlicher,am unordentlichsten,Abschnitt 3,898
A2-0899,stören,,,storen,A2,Linie A2,Kapitel 10 – Zusammen geht es besser!,v,to disturb / bother,Eine andere Person bei einer Aktivität oder beim Denken unterbrechen und anstrengend sein.,"Bitte leise sein, das stört mich beim Lernen!",,,,,,,,stört,störte,hat gestört,haben,,,Abschnitt 3,899
A2-0900,in Ruhe,,,in ruhe,A2,Linie A2,Kapitel 10 – Zusammen geht es besser!,phrase,in peace / quietly,"Ohne Stress, ohne Hektik und ganz entspannt.",Lasst uns das Problem ganz in Ruhe besprechen.,,,,,,,,,,,,,,Abschnitt 3,900
A2-0901,besprechen,,,besprechen,A2,Linie A2,Kapitel 10 – Zusammen geht es besser!,v,to discuss / talk over,"Intensiv über ein Thema oder ein Problem sprechen, um eine Lösung zu finden.",Wir müssen den neuen Plan für das Projekt besprechen.,diskutieren,,,,,,,besprecht,besprechte,hat besprecht,haben,,,Abschnitt 3,901
A2-0902,Rauch,der,,rauch,A2,Linie A2,Kapitel 10 – Zusammen geht es besser!,n,smoke,"Das graue oder weiße Gas, das man sieht, wenn etwas brennt (z. B. eine Zigarette oder ein Feuer).","In der Küche steht viel Rauch, weil das Essen verbrannt ist.",,,,,,,,,,,,,,Abschnitt 3|nur Singular,902
A2-0903,einteilen,,,einteilen,A2,Linie A2,Kapitel 10 – Zusammen geht es besser!,v,to divide / schedule,Eine große Aufgabe oder Zeit in kleinere Teile aufteilen.,Wir müssen uns die Arbeit für die Woche fair einteilen.,teilen,,,,,,,teilt ein,teilte ein,hat eingeteilt,haben,,,Abschnitt 4,903
A2-0904,sich kümmern um,,,sich kummern um,A2,Linie A2,Kapitel 10 – Zusammen geht es besser!,v,to take care of / look after,"Zeit benutzen, um einer Person zu helfen oder eine Sache zu erledigen.","Ich kümmere mich um meine Großmutter, wenn sie krank ist.",betreuen|pflegen,,,,,,,,,,,,,Abschnitt 4,904
A2-0905,erledigen,,,erledigen,A2,Linie A2,Kapitel 10 – Zusammen geht es besser!,v,to do / take care of a task,Eine Aufgabe komplett fertig machen.,Ich habe alle Aufgaben für heute erledigt.,,,,,,,,erledigt,erledigte,hat erledigt,haben,,,Abschnitt 4,905
A2-0906,nächstes Mal,,,nachstes mal,A2,Linie A2,Kapitel 10 – Zusammen geht es besser!,phrase,next time,Beim nächsten Event oder bei der nächsten Situation in der Zukunft.,"Heute habe ich keine Zeit, aber nächstes Mal komme ich mit.",,,,,,,,,,,,,,Abschnitt 4,906
A2-0907,versuchen,,,versuchen,A2,Linie A2,Kapitel 10 – Zusammen geht es besser!,v,to try / attempt,"Eine Aktion testen, um zu sehen, ob man es schafft.","Die Grammatik ist schwer, aber ich versuche es.",,,,,,,,versucht,versuchte,hat versucht,haben,,,Abschnitt 4,907
A2-0908,kurzfristig,,,kurzfristig,A2,Linie A2,Kapitel 10 – Zusammen geht es besser!,adj,short-term / at short notice,Ohne viel Zeit vorher; ganz spontan und schnell.,Der Termin wurde leider sehr kurzfristig abgesagt.,,,,,,,,,,,,kurzfristiger,am kurzfristigsten,Abschnitt 4,908
A2-0909,übernächste Woche,,,ubernachste woche,A2,Linie A2,Kapitel 10 – Zusammen geht es besser!,phrase,the week after next,"Nicht die nächste Woche, sondern die Woche danach (in zwei Wochen).","Ich habe diese Woche viel Arbeit, aber übernächste Woche habe ich frei.",,,,,,,,,,,,,,Abschnitt 4,909
A2-0910,Spätschicht,die,-en,spatschicht,A2,Linie A2,Kapitel 10 – Zusammen geht es besser!,n,late shift,"Die Arbeitszeit, die am Nachmittag beginnt und am späten Abend endet.",Diese Woche muss ich in der Spätschicht arbeiten.,,,,,,,,,,,,,,Abschnitt 4,910
A2-0911,übernehmen,,,ubernehmen,A2,Linie A2,Kapitel 10 – Zusammen geht es besser!,v,to take over / accept a task,Eine Aufgabe von einer anderen Person akzeptieren und selbst machen.,Kannst du bitte morgen meine Spätschicht übernehmen?,,,,,,,,übernimmt,übernahm,hat übernommen,haben,,,Abschnitt 4,911
A2-0912,Gefallen,der,,gefallen,A2,Linie A2,Kapitel 10 – Zusammen geht es besser!,n,favor,"Eine nette Aktion für eine andere Person, um ihr zu helfen.",Kannst du mir bitte einen kleinen Gefallen tun?,,,,,,,,,,,,,,Abschnitt 4,912
A2-0913,in Ordnung,,,in ordnung,A2,Linie A2,Kapitel 10 – Zusammen geht es besser!,phrase,all right / okay,Ein Ausdruck für Einverständnis; okay.,"Gehen wir morgen ins Kino? – Ja, das ist in Ordnung.",,,,,,,,,,,,,,Abschnitt 5,913
A2-0914,telefonisch,,,telefonisch,A2,Linie A2,Kapitel 10 – Zusammen geht es besser!,adj,by phone / via telephone,Per Telefon; mit einem Anruf.,"Bitte sagen Sie mir telefonisch Bescheid, ob der Termin klappt.",,,,,,,,,,,,telefonischer,am telefonischesten,Abschnitt 5,914
A2-0915,Zettel,der,,zettel,A2,Linie A2,Kapitel 10 – Zusammen geht es besser!,n,slip of paper / note,Ein kleines Stück Papier für Notizen.,Ich schreibe die Telefonnummer auf einen kleinen Zettel.,,,,,,,,,,,,,,Abschnitt 5,915
A2-0916,hinlegen,,,hinlegen,A2,Linie A2,Kapitel 10 – Zusammen geht es besser!,v,to lay down / put down,Eine Sache flach auf einen Tisch oder den Boden legen.,Du kannst den Zettel einfach auf meinen Schreibtisch hinlegen.,,,,,,,,legt hin,legte hin,hat hingelegt,haben,,,Abschnitt 5,916
A2-0917,Verzeihung,,,verzeihung,A2,Linie A2,Kapitel 10 – Zusammen geht es besser!,n,forgiveness / pardon,"Ein anderes, höfliches Wort für ""Entschuldigung"".","Verzeihung, das habe ich nicht gewusst.",,,,,,,,,,,,,,Abschnitt 5,917
A2-0918,sich beschweren,,,sich beschweren,A2,Linie A2,Kapitel 10 – Zusammen geht es besser!,v,to complain,"Offiziell sagen oder schreiben, dass man mit einer Situation oder einem Produkt unzufrieden ist.",Die Kunden beschweren sich über das schlechte Essen.,,,,,,,,beschwert,beschwerte,hat beschwert,haben,,,Abschnitt 5,918
A2-0919,in Zukunft,,,in zukunft,A2,Linie A2,Kapitel 10 – Zusammen geht es besser!,phrase,in the future,Ab jetzt; in der kommenden Zeit.,In Zukunft möchte ich pünktlicher zur Arbeit kommen.,,,,,,,,,,,,,,Abschnitt 5,919
A2-0920,wenigstens,,,wenigstens,A2,Linie A2,Kapitel 10 – Zusammen geht es besser!,adj,at least,"Mindestens; eine minimale Sache, die positiv ist.","Der Urlaub war kurz, aber das Wetter war wenigstens schön.",,,,,,,,,,,,wenigstenser,am wenigstensesten,Abschnitt 5,920
A2-0921,klingeln,,,klingeln,A2,Linie A2,Kapitel 10 – Zusammen geht es besser!,v,to ring,Das akustische Signal machen (z. B. das Telefon oder die Haustür).,Das Telefon hat gerade geklingelt.,läuten,,,,,,,klingelt,klingelte,hat geklingelt,haben,,,Abschnitt 5,921
A2-0922,Probe,die,-n,probe,A2,Linie A2,Kapitel 10 – Zusammen geht es besser!,n,rehearsal ODER sample,Das Üben für ein Konzert oder Theaterstück ODER ein kleines Testprodukt.,Am Donnerstagabend haben wir eine wichtige Probe mit dem Chor.,,,,,,,,,,,,,,Abschnitt 6,922
A2-0923,sich bedanken bei,,,sich bedanken bei,A2,Linie A2,Kapitel 10 – Zusammen geht es besser!,v,to thank someone,"Einer Person offiziell ""Danke"" für eine Hilfe sagen.",Ich möchte mich bei Ihnen für das schöne Geschenk bedanken.,,,,,,,,,,,,,,Abschnitt 6,923
A2-0924,Zusammenarbeit,die,,zusammenarbeit,A2,Linie A2,Kapitel 10 – Zusammen geht es besser!,n,cooperation / collaboration,Wenn mehrere Personen oder Firmen erfolgreich an einer gemeinsamen Aufgabe arbeiten.,Vielen Dank für die gute Zusammenarbeit bei diesem Projekt.,,,,,,,,,,,,,,Abschnitt 6|nur Singular,924
A2-0925,Roboter,der,,roboter,A2,Linie A2,Kapitel 10 – Zusammen geht es besser!,n,robot,"Eine automatische Maschine, die oft wie ein Mensch oder ein Gerät funktioniert.",Der neue Roboter reinigt den Boden in der Fabrik.,,,,,,,,,,,,,,Abschnitt 6,925
A2-0926,kreativ,,,kreativ,A2,Linie A2,Kapitel 10 – Zusammen geht es besser!,adj,creative,"Wenn man viele neue, künstlerische und gute Ideen hat.",Für diesen Beruf muss man sehr kreativ sein.,originell,,,,,,,,,,,kreativer,am kreativsten,Abschnitt 6,926
A2-0927,kompliziert,,,kompliziert,A2,Linie A2,Kapitel 10 – Zusammen geht es besser!,adj,complicated,Schwierig zu verstehen; nicht einfach; das Gegenteil von leicht.,Die Regeln für dieses Spiel sind sehr kompliziert.,,,,,,,,,,,,komplizierter,am kompliziertesten,Abschnitt 6,927
A2-0928,effektiv,,,effektiv,A2,Linie A2,Kapitel 10 – Zusammen geht es besser!,adj,effective,Wenn man mit wenig Arbeit oder Zeit ein sehr gutes Resultat erreicht.,Die neue Methode im Büro ist wirklich sehr effektiv.,,,,,,,,,,,,effektiver,am effektivsten,Abschnitt 6,928
A2-0929,miteinander,,,miteinander,A2,Linie A2,Kapitel 10 – Zusammen geht es besser!,adv,with each other / together,Zusammen; eine Person mit einer anderen Person.,"Wir müssen mehr miteinander sprechen, um Probleme zu lösen.",,,,,,,,,,,,,,Abschnitt 7,929
A2-0930,sich engagieren,,,sich engagieren,A2,Linie A2,Kapitel 10 – Zusammen geht es besser!,v,to get involved / volunteer,"Viel Zeit und Energie ohne Geld für ein wichtiges, soziales Thema geben.",Viele Menschen engagieren sich für den Klimaschutz.,,,,,,,,engagiert,engagierte,hat engagiert,haben,,,Abschnitt 7,930
A2-0931,ehrenamtlich,,,ehrenamtlich,A2,Linie A2,Kapitel 10 – Zusammen geht es besser!,adj,voluntary / unpaid work,"Eine wichtige Arbeit für die Gesellschaft machen, ohne dafür Geld zu bekommen.",Sie arbeitet am Wochenende ehrenamtlich im Tierheim.,freiwillig,,,,,,,,,,,,,Abschnitt 7,931
A2-0932,Geduld,die,,geduld,A2,Linie A2,Kapitel 10 – Zusammen geht es besser!,n,patience,"Die Fähigkeit, ruhig zu warten, auch wenn eine Situation anstrengend ist.",Beim Lernen einer Sprache braucht man viel Geduld.,,,,,,,,,,,,,,Abschnitt 7|nur Singular,932
A2-0933,faszinierend,,,faszinierend,A2,Linie A2,Kapitel 10 – Zusammen geht es besser!,adj,fascinating / captivating,"Unglaublich interessant; so schön oder spannend, dass man nur noch hinsehen möchte.",Ich finde die Kultur in diesem Land absolut faszinierend.,,,,,,,,,,,,faszinierender,am faszinierendesten,Abschnitt 7,933
A2-0934,international,,,international,A2,Linie A2,Kapitel 10 – Zusammen geht es besser!,adj,international,Für viele verschiedene Länder geltend; weltweit.,An unserer Universität studieren viele internationale Studenten.,,,,,,,,,,,,internationaler,am internationalsten,Abschnitt 7,934
A2-0935,Kontinent,der,-e,kontinent,A2,Linie A2,Kapitel 10 – Zusammen geht es besser!,n,continent,"Ein sehr großer Teil der Erde mit vielen Ländern (z. B. Europa, Afrika, Asien).",Auf welchem Kontinent liegt das Land Kenia?,,,,,,,,,,,,,,Abschnitt 7,935
A2-0936,Art,die,-en,art,A2,Linie A2,Kapitel 10 – Zusammen geht es besser!,n,type / kind / way,"Eine Kategorie von Dingen ODER die Weise, wie man etwas macht.",Es gibt viele verschiedene Arten von Sport.,,,,,,,,,,,,,,Abschnitt 7,936
A2-0937,sich gewöhnen an,,,sich gewohnen an,A2,Linie A2,Kapitel 10 – Zusammen geht es besser!,v,to get used to,Eine neue Situation oder Umgebung nach einiger Zeit normal und alltäglich finden.,Ich muss mich an das kalte Wetter in Deutschland gewöhnen.,,,,,,,,,,,,,,Abschnitt 7,937
A2-0938,zur Sache kommen,,,zur sache kommen,A2,Linie A2,Kapitel 10 – Zusammen geht es besser!,phrase,to get to the point,"Direkt über das wichtigste Thema sprechen, ohne Zeit mit unwichtigen Details zu verlieren.","Wir haben wenig Zeit, bitte kommen Sie zur Sache.",,,,,,,,,,,,,,Abschnitt 7,938
A2-0939,sich persönlich näher kommen,,,sich personlich naher kommen,A2,Linie A2,Kapitel 10 – Zusammen geht es besser!,v,to get to know each other better,Eine engere und bessere Beziehung zu einer Person aufbauen.,Durch das gemeinsame Projekt sind die Kollegen sich persönlich nähergekommen.,,,,,,,,,,,,,,Abschnitt 7,939
A2-0940,relativ,,,relativ,A2,Linie A2,Kapitel 10 – Zusammen geht es besser!,adj,relatively,Im Vergleich zu anderen Dingen; ziemlich.,"Die Prüfung war relativ einfach, fast alle haben bestanden.",,,,,,,,,,,,relativer,am relativsten,Abschnitt 7,940
A2-0941,geduldig,,,geduldig,A2,Linie A2,Kapitel 10 – Zusammen geht es besser!,adj,patient,"Das Adjektiv zu ""Geduld""; ruhig und entspannt warten können.",Der Lehrer ist sehr geduldig mit den Anfängern.,,,,,,,,,,,,geduldiger,am geduldigsten,Abschnitt 7,941
A2-0942,Bezahlung,die,,bezahlung,A2,Linie A2,Kapitel 10 – Zusammen geht es besser!,n,payment / salary,"Das Geld, das man für eine Arbeit bekommt.","Die Arbeit ist anstrengend, aber die Bezahlung ist gut.",Gehalt,,,,,,,,,,,,,Abschnitt 7,942
A2-0943,Betrieb,der,-e,betrieb,A2,Linie A2,Kapitel 10 – Zusammen geht es besser!,n,company / business / factory,"Ein anderes Wort für eine Firma, ein Geschäft oder eine Fabrik.",In unserem Betrieb arbeiten über fünfzig Personen.,Firma,,,,,,,,,,,,,Abschnitt 7,943
A2-0944,Verschiedenheit,die,,verschiedenheit,A2,Linie A2,Kapitel 10 – Zusammen geht es besser!,n,diversity / difference,Wenn Menschen oder Dinge viele unterschiedliche Eigenschaften haben; Vielfalt.,Die Verschiedenheit in unserem Team bringt viele gute Ideen.,,,,,,,,,,,,,,Abschnitt 7|nur Singular,944
A2-0945,Medium,das,Medien,medium,A2,Linie A2,Kapitel 11 – Alles digital?,n,medium / media,"Ein Mittel zur Kommunikation oder Information (z. B. Zeitung, Fernsehen, Internet).",Das Internet ist heute das wichtigste Medium für Nachrichten.,,,,,,,,,,,,,,Abschnitt 1,945
A2-0946,Gerät,das,-e,gerat,A2,Linie A2,Kapitel 11 – Alles digital?,n,device / appliance,"Ein technisches Objekt, das für eine bestimmte Aufgabe gemacht ist.",In unserer Küche gibt es viele praktische Geräte.,,,,,,,,,,,,,,Abschnitt 1,946
A2-0947,WLAN,das,,wlan,A2,Linie A2,Kapitel 11 – Alles digital?,n,Wi-Fi / wireless network,Ein kabelloses Netzwerk für den Internetzugang.,Wie ist das Passwort für das WLAN im Hotel?,,,,,,,,,,,,,,Abschnitt 1|nur Singular,947
A2-0948,Router,der,,router,A2,Linie A2,Kapitel 11 – Alles digital?,n,router,"Das Gerät, das das Internet in der Wohnung verteilt.","Ich muss den Router neu starten, weil das Internet nicht funktioniert.",,,,,,,,,,,,,,Abschnitt 1,948
A2-0949,Netzwerk,das,-e,netzwerk,A2,Linie A2,Kapitel 11 – Alles digital?,n,network,Eine Verbindung von mehreren Computern oder Systemen.,Die Computer im Büro sind über ein Netzwerk verbunden.,,,,,,,,,,,,,,Abschnitt 1,949
A2-0950,Passwort,das,-wörter,passwort,A2,Linie A2,Kapitel 11 – Alles digital?,n,password,Eine geheime Kombination aus Buchstaben und Zahlen zum Schutz von Daten.,Du darfst dein Passwort niemandem sagen.,,,,,,,,,,,,,,Abschnitt 1,950
A2-0951,Computer,der,,computer,A2,Linie A2,Kapitel 11 – Alles digital?,n,computer,"Ein elektronisches Gerät, mit dem man arbeiten, spielen oder im Internet surfen kann.",Ich sitze jeden Tag viele Stunden am Computer.,,,,,,,,,,,,,,Abschnitt 1,951
A2-0952,Tastatur,die,-en,tastatur,A2,Linie A2,Kapitel 11 – Alles digital?,n,keyboard,"Das Teil mit Tasten, mit dem man am Computer schreibt.",Auf dieser Tastatur kann man sehr schnell tippen.,,,,,,,,,,,,,,Abschnitt 1,952
A2-0953,Monitor,der,-en,monitor,A2,Linie A2,Kapitel 11 – Alles digital?,n,monitor / screen,"Der Bildschirm, der Texte und Bilder vom Computer anzeigt.",Mein neuer Monitor ist sehr groß und klar.,Display,,,,,,,,,,,,,Abschnitt 1,953
A2-0954,Festplatte,die,-n,festplatte,A2,Linie A2,Kapitel 11 – Alles digital?,n,hard drive,"Das Bauteil im Computer, auf dem alle Daten und Dokumente gespeichert sind.",Ich muss meine Fotos auf einer externen Festplatte sichern.,,,,,,,,,,,,,,Abschnitt 1,954
A2-0955,Scanner,der,,scanner,A2,Linie A2,Kapitel 11 – Alles digital?,n,scanner,"Ein Gerät, mit dem man Papierdokumente digital auf den Computer bringt.",Mit dem Scanner kopiere ich das Formular.,,,,,,,,,,,,,,Abschnitt 1,955
A2-0956,Musikanlage,die,-n,musikanlage,A2,Linie A2,Kapitel 11 – Alles digital?,n,stereo system,"Ein System aus Geräten und Lautsprechern, um Musik zu hören.",Er hat eine moderne Musikanlage im Wohnzimmer.,,,,,,,,,,,,,,Abschnitt 1,956
A2-0957,CD,die,-s,cd,A2,Linie A2,Kapitel 11 – Alles digital?,n,CD,"Eine kleine, runde Scheibe aus Plastik, auf der Musik oder Daten gespeichert sind.","Früher habe ich oft eine CD gekauft, heute höre ich Musik online.",,,,,,,,,,,,,,Abschnitt 1,957
A2-0958,Kopfhörer,der,,kopfhorer,A2,Linie A2,Kapitel 11 – Alles digital?,n,headphones,"Ein Gerät, das man auf oder in die Ohren steckt, um alleine Musik zu hören.",Im Bus höre ich Musik immer mit dem Kopfhörer.,,,,,,,,,,,,,,Abschnitt 1,958
A2-0959,Lautsprecher,der,,lautsprecher,A2,Linie A2,Kapitel 11 – Alles digital?,n,speaker,"Ein Gerät, das Töne und Musik laut im Raum hörbar macht.",Die Lautsprecher von der Musikanlage haben einen tollen Sound.,,,,,,,,,,,,,,Abschnitt 1,959
A2-0960,Box,die,-en,box,A2,Linie A2,Kapitel 11 – Alles digital?,n,speaker box,Ein anderes Wort für Lautsprecher.,Stell die Boxen bitte neben den Fernseher.,,,,,,,,,,,,,,Abschnitt 1,960
A2-0961,Fernseher,der,,fernseher,A2,Linie A2,Kapitel 11 – Alles digital?,n,television set,"Das Gerät, auf dem man Fernsehprogramme oder Filme schaut.",Wir haben einen neuen Fernseher gekauft.,,,,,,,,,,,,,,Abschnitt 1,961
A2-0962,Fernbedienung,die,-en,fernbedienung,A2,Linie A2,Kapitel 11 – Alles digital?,n,remote control,"Ein kleines Gerät, mit dem man den Fernseher aus der Distanz steuert.",Wo liegt die Fernbedienung? Ich möchte das Programm wechseln.,,,,,,,,,,,,,,Abschnitt 1,962
A2-0963,E-Book-Reader,der,,e-book-reader,A2,Linie A2,Kapitel 11 – Alles digital?,n,e-book reader,"Ein flaches, elektronisches Gerät, auf dem man digitale Bücher lesen kann.",Im Urlaub lese ich Romane nur auf meinem E-Book-Reader.,,,,,,,,,,,,,,Abschnitt 1,963
A2-0964,Hörbuch,das,-bücher,horbuch,A2,Linie A2,Kapitel 11 – Alles digital?,n,audio book,"Ein Buch, das von einer Person laut vorgelesen und als Tondatei aufgenommen wurde.",Beim Autofahren höre ich gern ein spannendes Hörbuch.,,,,,,,,,,,,,,Abschnitt 1,964
A2-0965,Zeitschrift,die,-en,zeitschrift,A2,Linie A2,Kapitel 11 – Alles digital?,n,magazine,"Ein dünnes Heft mit vielen Artikeln und Fotos, das oft jede Woche oder jeden Monat kommt.",Sie liest eine Zeitschrift über Mode und Lifestyle.,,,,,,,,,,,,,,Abschnitt 1,965
A2-0966,Mobiltelefon,das,-e,mobiltelefon,A2,Linie A2,Kapitel 11 – Alles digital?,n,mobile phone,Das offizielle Wort für Handy oder Smartphone.,Bitte schalten Sie Ihr Mobiltelefon im Kino aus.,,,,,,,,,,,,,,Abschnitt 1,966
A2-0967,Festnetz-Telefon,das,-e,festnetz-telefon,A2,Linie A2,Kapitel 11 – Alles digital?,n,landline phone,"Ein Telefon, das fest mit einem Kabel im Haus verbunden ist.",Meine Oma ruft mich meistens über das Festnetz-Telefon an.,,,,,,,,,,,,,,Abschnitt 1,967
A2-0968,Headset,das,-s,headset,A2,Linie A2,Kapitel 11 – Alles digital?,n,headset,Eine Kombination aus Kopfhörer und Mikrofon für Telefonate oder Computerspiele.,Bei der Arbeit im Kundenservice trage ich immer ein Headset.,,,,,,,,,,,,,,Abschnitt 1,968
A2-0969,SMS,die,-en,sms,A2,Linie A2,Kapitel 11 – Alles digital?,n,text message / SMS,Eine kurze Textnachricht auf dem Mobiltelefon.,"Er hat mir eine SMS geschickt, dass er später kommt.",,,,,,,,,,,,,,Abschnitt 1,969
A2-0970,Podcast,der,-s,podcast,A2,Linie A2,Kapitel 11 – Alles digital?,n,podcast,"Eine Serie von Audiobeiträgen im Internet, die man abonnieren und hören kann.",Ich höre gern einen Podcast zum Deutschlernen.,,,,,,,,,,,,,,Abschnitt 1,970
A2-0971,chatten,,,chatten,A2,Linie A2,Kapitel 11 – Alles digital?,v,to chat,Textnachrichten im Internet hin und her schreiben (z. B. auf WhatsApp).,Am Abend chatte ich oft mit meinen Freunden.,sich unterhalten,,,,,,,chattet,chattete,hat gechattet,haben,,,Abschnitt 1,971
A2-0972,posten,,,posten,A2,Linie A2,Kapitel 11 – Alles digital?,v,to post,"Einen Text, ein Foto oder ein Video im Internet (Social Media) veröffentlichen.",Sie postet viele Fotos von ihrem Urlaub auf Instagram.,,,,,,,,postet,postete,hat gepostet,haben,,,Abschnitt 1,972
A2-0973,streamen,,,streamen,A2,Linie A2,Kapitel 11 – Alles digital?,v,to stream,"Filme, Serien oder Musik direkt aus dem Internet ansehen oder anhören (ohne Download).",Wir streamen am Wochenende gern einen guten Film.,,,,,,,,streamt,streamte,hat gestreamt,haben,,,Abschnitt 1,973
A2-0974,recherchieren,,,recherchieren,A2,Linie A2,Kapitel 11 – Alles digital?,v,to research,Informationen zu einem bestimmten Thema suchen und kontrollieren.,Für das Projekt muss ich viele Fakten im Internet recherchieren.,,,,,,,,recherchiert,recherchierte,hat recherchiert,haben,,,Abschnitt 1,974
A2-0975,überweisen,,,uberweisen,A2,Linie A2,Kapitel 11 – Alles digital?,v,to transfer (money),Geld von einem Bankkonto auf ein anderes Konto senden.,Ich muss morgen die Miete für die Wohnung überweisen.,umsteigen,,,,,,,überweist,überwies,hat überwiesen,haben,,,Abschnitt 1,975
A2-0976,zusammenstellen,,,zusammenstellen,A2,Linie A2,Kapitel 11 – Alles digital?,v,to compile / assemble,Mehrere Dinge auswählen und zu einer Gruppe oder Liste bringen.,Ich möchte eine Playlist mit meinen Lieblingsliedern zusammenstellen.,,,,,,,,stellt zusammen,stellte zusammen,hat zusammengestellt,haben,,,Abschnitt 1,976
A2-0977,damit,,,damit,A2,Linie A2,Kapitel 11 – Alles digital?,adj,with it / so that,"Ein Wort, das ein Werkzeug zeigt ODER ein Ziel beschreibt.",Das ist ein Stift. Was machst du damit?,,,,,,,,,,,,damiter,am damitesten,Abschnitt 1,977
A2-0978,Smartphone,das,-s,smartphone,A2,Linie A2,Kapitel 11 – Alles digital?,n,smartphone,Ein modernes Mobiltelefon mit Touchscreen und Internetzugang.,Auf meinem Smartphone habe ich viele praktische Apps.,,,,,,,,,,,,,,Abschnitt 2,978
A2-0979,Display,das,-s,display,A2,Linie A2,Kapitel 11 – Alles digital?,n,display / screen,"Der Bildschirm von einem Smartphone, Tablet oder einer Kamera.",Das Display von meinem Handy ist leider kaputtgegangen.,Monitor,,,,,,,,,,,,,Abschnitt 2,979
A2-0980,Akku,der,-s,akku,A2,Linie A2,Kapitel 11 – Alles digital?,n,battery (rechargeable),"Die Batterie in elektronischen Geräten, die man wieder mit Strom aufladen kann.","Mein Akku ist leer, ich muss mein Handy laden.",Batterie,,,,,,,,,,,,,Abschnitt 2,980
A2-0981,digital,,,digital,A2,Linie A2,Kapitel 11 – Alles digital?,adj,digital,Elektronisch; mithilfe von Computern und dem Internet; das Gegenteil von analog.,Wir leben in einer digitalen Welt.,,,,,,,,,,,,,,Abschnitt 2,981
A2-0982,checken,,,checken,A2,Linie A2,Kapitel 11 – Alles digital?,v,to check (colloquial),"Kontrollieren; überprüfen, ob alles in Ordnung ist oder ob es Neuigkeiten gibt.",Ich muss kurz meine E-Mails checken.,prüfen|kontrollieren,,,,,,,checkt,checkte,hat gecheckt,haben,,,Abschnitt 2,982
A2-0983,Krimi,der,-s,krimi,A2,Linie A2,Kapitel 11 – Alles digital?,n,crime thriller,"Ein Buch oder ein Film, in dem die Polizei ein Verbrechen (z. B. einen Mord) aufklärt.",Am Sonntagabend schauen viele Deutsche einen Krimi im Fernsehen.,,,,,,,,,,,,,,Abschnitt 2,983
A2-0984,Mediathek,die,-en,mediathek,A2,Linie A2,Kapitel 11 – Alles digital?,n,media library,"Eine Plattform im Internet von einem Fernsehsender, auf der man verpasste Sendungen schauen kann.","Ich habe den Film verpasst, aber er ist noch in der Mediathek.",,,,,,,,,,,,,,Abschnitt 2,984
A2-0985,nervig,,,nervig,A2,Linie A2,Kapitel 11 – Alles digital?,adj,annoying / irritating,"Anstrengend; so, dass es einen ärgert oder stört.",Die Pop-up-Werbung im Internet ist wirklich sehr nervig.,,,,,,,,,,,,nerviger,am nervigsten,Abschnitt 2,985
A2-0986,dumm,,,dumm,A2,Linie A2,Kapitel 11 – Alles digital?,adj,stupid / dumb,Nicht klug; unintelligent; das Gegenteil von intelligent oder schlau.,"Das war eine dumme Idee, jetzt haben wir ein Problem.",doof|blöd,,,,,,,,,,,dümmer,am dümmsten,Abschnitt 2,986
A2-0987,blöd,,,blod,A2,Linie A2,Kapitel 11 – Alles digital?,adj,silly / stupid,Ein anderes Wort für dumm oder ärgerlich.,"Es ist blöd, dass es ausgerechnet heute regnet.",doof|dumm,,,,,,,,,,,blöder,am blödesten,Abschnitt 2,987
A2-0988,nützlich,,,nutzlich,A2,Linie A2,Kapitel 11 – Alles digital?,adj,useful / helpful,"Praktisch; so, dass es einem bei einer Aufgabe hilft.",Diese App ist sehr nützlich für das Lernen von Vokabeln.,hilfsbereit|praktisch,,,,,,,,,,,nützlicher,am nützlichsten,Abschnitt 2,988
A2-0989,überall,,,uberall,A2,Linie A2,Kapitel 11 – Alles digital?,adv,everywhere,An jedem Ort; an allen Plätzen.,Im Zentrum gibt es heute überall kostenloses WLAN.,,,,,,,,,,,,,,Abschnitt 2,989
A2-0990,allerdings,,,allerdings,A2,Linie A2,Kapitel 11 – Alles digital?,adj,however / though,"Ein Wort, das eine Einschränkung oder einen Gegensatz zeigt; aber.","Das Smartphone ist toll, allerdings ist es auch sehr teuer.",,,,,,,,,,,,allerdingser,am allerdingsesten,Abschnitt 2,990
A2-0991,E-Book,das,-s,e-book,A2,Linie A2,Kapitel 11 – Alles digital?,n,e-book,Ein Buch in digitaler Form für den Computer oder E-Reader.,Ich kaufe mir das neue Buch als E-Book.,,,,,,,,,,,,,,Abschnitt 3,991
A2-0992,Cloud,die,,cloud,A2,Linie A2,Kapitel 11 – Alles digital?,n,cloud storage,"Ein Speicherplatz im Internet, auf dem man Daten sichern kann.","Ich speichere meine Fotos in der Cloud, um Platz auf dem Handy zu sparen.",,,,,,,,,,,,,,Abschnitt 3|nur Singular,992
A2-0993,Datei,die,-en,datei,A2,Linie A2,Kapitel 11 – Alles digital?,n,file,"Ein Dokument, ein Bild oder ein Video auf dem Computer.",Bitte senden Sie mir die Datei per E-Mail.,Mappe,,,,,,,,,,,,,Abschnitt 3,993
A2-0994,downloaden,,,downloaden,A2,Linie A2,Kapitel 11 – Alles digital?,v,to download ↔ to upload,Daten aus dem Internet auf den Computer holen ↔ Daten ins Internet senden.,"Hier kann man Musik kostenlos downloaden, aber es dauert lange, große Videos anzuuploaden.",,uploaden,,,,,,downloadet,downloadete,hat gedownloadet,haben,,,Abschnitt 3,994
A2-0995,löschen,,,loschen,A2,Linie A2,Kapitel 11 – Alles digital?,v,to delete,"Eine Datei, ein Foto oder einen Text vom Computer entfernen.","Du solltest die alten Fotos löschen, dein Speicher ist voll.",,,,,,,,löscht,löschte,hat gelöscht,haben,,,Abschnitt 3,995
A2-0996,googeln,,,googeln,A2,Linie A2,Kapitel 11 – Alles digital?,v,to google,Informationen mit der Suchmaschine Google im Internet suchen.,"Wenn ich ein Wort nicht kenne, googel ich es einfach.",,,,,,,,googelt,googelte,hat gegoogelt,haben,,,Abschnitt 3,996
A2-0997,reparieren,,,reparieren,A2,Linie A2,Kapitel 11 – Alles digital?,v,to repair / fix,Eine kaputte Sache wieder ganz und funktionstüchtig machen.,"Mein Fahrrad ist kaputt, ich muss es reparieren.",,,,,,,,repariert,reparierte,hat repariert,haben,,,Abschnitt 4,997
A2-0998,Ein-/Aus-Taste,die,-n,ein-/aus-taste,A2,Linie A2,Kapitel 11 – Alles digital?,n,power button,"Der Knopf, mit dem man ein technisches Gerät startet oder ausschaltet.","Drücken Sie die Ein-/Aus-Taste, um den Computer zu starten.",,,,,,,,,,,,,,Abschnitt 4,998
A2-0999,einschalten,,,einschalten,A2,Linie A2,Kapitel 11 – Alles digital?,v,to turn on / switch on,Ein elektrisches Gerät anmachen (das Gegenteil von ausschalten).,Kannst du bitte das Licht einschalten? Es ist dunkel hier.,,,,,,,,schaltet ein,schaltete ein,hat eingeschaltet,haben,,,Abschnitt 4,999
A2-1000,Garantie,die,-n,garantie,A2,Linie A2,Kapitel 11 – Alles digital?,n,warranty / guarantee,"Das Versprechen einer Firma, ein Produkt kostenlos zu reparieren, wenn es schnell kaputtgeht.",Mein Fernseher hat zwei Jahre Garantie.,,,,,,,,,,,,,,Abschnitt 4,1000
A2-1001,prüfen,,,prufen,A2,Linie A2,Kapitel 11 – Alles digital?,v,to check / test,"Eine Sache genau kontrollieren, ob sie richtig funktioniert oder korrekt ist.",Der Techniker muss die Kabel prüfen.,checken|kontrollieren,,,,,,,prüft,prüfte,hat geprüft,haben,,,Abschnitt 4,1001
A2-1002,Zentrale,die,-n,zentrale,A2,Linie A2,Kapitel 11 – Alles digital?,n,headquarters / central office,Das Hauptbüro oder die wichtigste Abteilung von einer Firma.,Wir müssen das defekte Gerät in die Zentrale schicken.,,,,,,,,,,,,,,Abschnitt 4,1002
A2-1003,wahrscheinlich,,,wahrscheinlich,A2,Linie A2,Kapitel 11 – Alles digital?,adv,probably,"Sehr gut möglich; man denkt, dass es so passieren wird.","Morgen regnet es wahrscheinlich, nimm lieber einen Schirm mit.",,,,,,,,,,,,,,Abschnitt 4,1003
A2-1004,zweieinhalb,,,zweieinhalb,A2,Linie A2,Kapitel 11 – Alles digital?,adj,two and a half,"Die Zahl 2{,}5 (2 und eine Hälfte).",Ich wohne schon seit zweieinhalb Jahren in Deutschland.,,,,,,,,,,,,zweieinhalber,am zweieinhalbsten,Abschnitt 4,1004
A2-1005,Repair-Café,das,-s,repair-cafe,A2,Linie A2,Kapitel 11 – Alles digital?,n,repair café,"Ein Ort, an dem man zusammen mit Experten kaputte Dinge kostenlos reparieren kann.",Ich bringe meine alte Kaffeemaschine ins Repair-Café.,,,,,,,,,,,,,,Abschnitt 5,1005
A2-1006,statt,,,statt,A2,Linie A2,Kapitel 11 – Alles digital?,adj,instead of,"Ein Wort, das eine Alternative zeigt; anstelle von.",Wir sollten kaputte Dinge reparieren statt sie wegzuwerfen.,,,,,,,,,,,,statter,am stattesten,Abschnitt 5,1006
A2-1007,Reparatur-Werkstatt,die,-Werkstätten,reparatur-werkstatt,A2,Linie A2,Kapitel 11 – Alles digital?,n,repair shop,"Ein Geschäft oder Betrieb, in dem professionell Dinge repariert werden.",Mein Auto bringt man zur Reparatur in die Reparatur-Werkstatt.,,,,,,,,,,,,,,Abschnitt 5,1007
A2-1008,Werkraum,der,-räume,werkraum,A2,Linie A2,Kapitel 11 – Alles digital?,n,workshop room,Ein Zimmer mit Werkzeugen für praktische und handwerkliche Arbeiten.,Die Schüler arbeiten heute im Werkraum.,,,,,,,,,,,,,,Abschnitt 5,1008
A2-1009,Ersatzteil,der/das,-e,ersatzteil,A2,Linie A2,Kapitel 11 – Alles digital?,n,spare part,"Ein neues Bauteil, das man in eine Maschine baut, um ein kaputtes Teil zu ersetzen.",Der Mechaniker muss ein Ersatzteil für den Motor bestellen.,,,,,,,,,,,,,,Abschnitt 5,1009
A2-1010,Lieblingsjacke,die,-n,lieblingsjacke,A2,Linie A2,Kapitel 11 – Alles digital?,n,favorite jacket,"Die Jacke, die eine Person am liebsten mag und am häufigsten trägt.",Sie hat einen Fleck auf ihrer Lieblingsjacke.,,,,,,,,,,,,,,Abschnitt 5,1010
A2-1011,Reißverschluss,der,-verschlüsse,reissverschluss,A2,Linie A2,Kapitel 11 – Alles digital?,n,zipper,"Ein langes Teil aus Metall oder Plastik, mit dem man eine Jacke oder Tasche schließt.",Der Reißverschluss an meiner Jacke ist kaputt.,,,,,,,,,,,,,,Abschnitt 5,1011
A2-1012,Kabel,das,,kabel,A2,Linie A2,Kapitel 11 – Alles digital?,n,cable / wire,"Eine Schnur aus Metall und Plastik, die Strom oder Daten transportiert.",Wo ist das Kabel für den Monitor?,,,,,,,,,,,,,,Abschnitt 5,1012
A2-1013,einstecken,,,einstecken,A2,Linie A2,Kapitel 11 – Alles digital?,v,to plug in,Einen Stecker in die Steckdose oder in ein Gerät stecken.,Du musst das Ladekabel zuerst einstecken.,,,,,,,,steckt ein,steckte ein,hat eingesteckt,haben,,,Abschnitt 5,1013
A2-1014,aufladen,,,aufladen,A2,Linie A2,Kapitel 11 – Alles digital?,v,to charge,Strom in einen leeren Akku (z. B. vom Smartphone) bringen.,"Ich muss mein Handy aufladen, der Akku hat nur noch 5 Prozent.",,,,,,,,lädt auf,lud auf,hat aufgeladen,haben,,,Abschnitt 5,1014
A2-1015,Ladekabel,das,,ladekabel,A2,Linie A2,Kapitel 11 – Alles digital?,n,charging cable,"Das spezielle Kabel, mit dem man ein Gerät auflädt.",Hast du ein Ladekabel für ein iPhone dabei?,,,,,,,,,,,,,,Abschnitt 5,1015
A2-1016,Maschine,die,-n,maschine,A2,Linie A2,Kapitel 11 – Alles digital?,n,machine,"Ein mechanisches Gerät, das mit Energie arbeitet (z. B. Waschmaschine).",Die neue Maschine in der Fabrik arbeitet sehr schnell.,,,,,,,,,,,,,,Abschnitt 5,1016
A2-1017,speichern,,,speichern,A2,Linie A2,Kapitel 11 – Alles digital?,v,to save / store,Daten oder Dokumente dauerhaft auf dem Computer sichern.,"Vergiss nicht, den Text zu speichern, bevor du das Programm schließt.",,,,,,,,speichert,speicherte,hat gespeichert,haben,,,Abschnitt 5,1017
A2-1018,App,die,-s,app,A2,Linie A2,Kapitel 11 – Alles digital?,n,app / application,Ein Programm für das Smartphone oder Tablet.,Ich habe eine neue App zum Sprachenlernen installiert.,Antrag,,,,,,,,,,,,,Abschnitt 6,1018
A2-1019,empfehlen,,,empfehlen,A2,Linie A2,Kapitel 11 – Alles digital?,v,to recommend,Einer Person einen guten Tipp geben (z. B. für ein Restaurant oder ein Buch).,Welchen Film kannst du mir empfehlen?,,,,,,,,empfiehlt,empfahl,hat empfohlen,haben,,,Abschnitt 6,1019
A2-1020,los sein,,,los sein,A2,Linie A2,Kapitel 11 – Alles digital?,phrase,to be going on / happening,Wenn an einem Ort etwas passiert oder eine Situation unklar ist.,Warum weinst du? Was ist los?,,,,,,,,,,,,,,Abschnitt 6,1020
A2-1021,Mädel,das,-s,madel,A2,Linie A2,Kapitel 11 – Alles digital?,n,girl (colloquial/regional),"Ein anderes, informelles Wort für Mädchen.",Die Mädels gehen heute Abend zusammen aus.,,,,,,,,,,,,,,Abschnitt 6,1021
A2-1022,Theater,das,,theater,A2,Linie A2,Kapitel 11 – Alles digital?,n,theater,"Ein Gebäude oder Ort, an dem Schauspieler ein Stück auf einer Bühne zeigen.",Am Samstag gehen wir ins Theater.,,,,,,,,,,,,,,Abschnitt 6,1022
A2-1023,Reisezeit,die,-en,reisezeit,A2,Linie A2,Kapitel 11 – Alles digital?,n,travel time / travel season,Die Zeit für eine Reise ODER die beste Saison für Urlaub in einem Land.,Die beste Reisezeit für Spanien ist der Frühling.,,,,,,,,,,,,,,Abschnitt 6,1023
A2-1024,buchen,,,buchen,A2,Linie A2,Kapitel 11 – Alles digital?,v,to book / reserve,"Ein Hotelzimmer, einen Flug oder ein Ticket fest reservieren und bezahlen.",Ich muss noch einen Flug nach Mallorca buchen.,,,,,,,,bucht,buchte,hat gebucht,haben,,,Abschnitt 6,1024
A2-1025,Vogelstimme,die,-n,vogelstimme,A2,Linie A2,Kapitel 11 – Alles digital?,n,bird call / song,Das Geräusch oder der Gesang von einem Vogel.,Am Morgen höre ich gern die Vogelstimmen im Garten.,,,,,,,,,,,,,,Abschnitt 6,1025
A2-1026,Spatz,der,-en,spatz,A2,Linie A2,Kapitel 11 – Alles digital?,n,sparrow,"Ein kleiner, sehr bekannter brauner Vogel.",Ein kleiner Spatz sitzt auf dem Baum.,,,,,,,,,,,,,,Abschnitt 6,1026
A2-1027,gratis,,,gratis,A2,Linie A2,Kapitel 11 – Alles digital?,adj,free of charge / gratis,Kostenlos; für eine Sache muss man kein Geld bezahlen.,Die App ist komplett gratis.,,,,,,,,,,,,gratiser,am gratisesten,Abschnitt 6,1027
A2-1028,Online-Kurs,der,-e,online-kurs,A2,Linie A2,Kapitel 11 – Alles digital?,n,online course,"Ein Kurs, der nicht in einer Schule, sondern im Internet stattfindet.",Ich mache einen Online-Kurs für Deutsch.,,,,,,,,,,,,,,Abschnitt 7,1028
A2-1029,Lernplattform,die,-en,lernplattform,A2,Linie A2,Kapitel 11 – Alles digital?,n,learning platform,"Eine Website im Internet, auf der Schüler Materialien und Aufgaben finden.",Die Hausaufgaben stehen auf unserer Lernplattform.,,,,,,,,,,,,,,Abschnitt 7,1029
A2-1030,Online-Übung,die,-en,online-ubung,A2,Linie A2,Kapitel 11 – Alles digital?,n,online exercise,Eine praktische Aufgabe zum Lernen im Internet.,Nach dem Kurs mache ich eine Online-Übung zur Grammatik.,,,,,,,,,,,,,,Abschnitt 7,1030
A2-1031,Tutor,der,-en,tutor,A2,Linie A2,Kapitel 11 – Alles digital?,n,tutor (male),"Eine Person, die Studenten oder Schüler beim Lernen unterstützt.","Der Tutor hilft mir, wenn ich Fragen zu den Hausaufgaben habe.",Tutorin,,,,,,,,,,,,,Abschnitt 7,1031
A2-1032,Tutorin,die,-nen,tutorin,A2,Linie A2,Kapitel 11 – Alles digital?,n,tutor (female),"Eine Frau, die Schülern bei Fragen hilft oder Nachhilfe gibt.",Unsere Tutorin erklärt die Aufgaben sehr gut.,Tutor,,,,,,,,,,,,,Abschnitt 7,1032
A2-1033,Wortschatz-App,die,-s,wortschatz-app,A2,Linie A2,Kapitel 11 – Alles digital?,n,vocabulary app,Eine Smartphone-App speziell zum Lernen von neuen Wörtern.,Ich trainiere meine Vokabeln mit einer Wortschatz-App.,,,,,,,,,,,,,,Abschnitt 7,1033
A2-1034,Vokabeltrainer,der,,vokabeltrainer,A2,Linie A2,Kapitel 11 – Alles digital?,n,vocabulary trainer,"Ein Programm oder Buch, mit dem man Wörter einer Fremdsprache übt.",Ein digitaler Vokabeltrainer ist sehr praktisch für unterwegs.,,,,,,,,,,,,,,Abschnitt 7,1034
A2-1035,Aussprache-Video,das,-s,aussprache-video,A2,Linie A2,Kapitel 11 – Alles digital?,n,pronunciation video,"Ein Video, das zeigt, wie man Wörter richtig und korrekt spricht.",Ich schaue mir ein Aussprache-Video für schwierige deutsche Wörter an.,,,,,,,,,,,,,,Abschnitt 7,1035
A2-1036,Youtube-Kanal,der,-Kanäle,youtube-kanal,A2,Linie A2,Kapitel 11 – Alles digital?,n,YouTube channel,"Eine eigene Seite von einer Person auf der Plattform YouTube, wo sie Videos zeigt.",Der Youtube-Kanal hat viele interessante Videos über Kochen.,,,,,,,,,,,,,,Abschnitt 7,1036
A2-1037,pflanzen,,,pflanzen,A2,Linie A2,Kapitel 11 – Alles digital?,v,to plant,"Eine Blume, einen Baum oder Gemüse in die Erde setzen, damit es wächst.",Im Frühling möchte ich Tomaten im Garten pflanzen.,,,,,,,,pflanzt,pflanzte,hat gepflanzt,haben,,,Abschnitt 7,1037
A2-1038,äußern,,,aussern,A2,Linie A2,Kapitel 11 – Alles digital?,v,to express / state,Seine Gedanken oder Gefühle mit Worten sagen.,Jeder Mensch darf in Deutschland seine Meinung äußern.,,,,,,,,äußert,äußerte,hat geäußert,haben,,,Abschnitt 7,1038
A2-1039,Gießkanne,die,-n,giesskanne,A2,Linie A2,Kapitel 12 – Das finde ich schön!,n,watering can,"Ein Gefäß aus Plastik oder Metall, mit dem man Pflanzen gießt.","Ich brauche die Gießkanne, um die Blumen auf dem Balkon zu gießen.",,,,,,,,,,,,,,Abschnitt 1-2,1039
A2-1040,farbig,,,farbig,A2,Linie A2,Kapitel 12 – Das finde ich schön!,adj,colored / colorful,Mit einer oder mehreren Farben; das Gegenteil von schwarz-weiß.,"Sie trägt heute ein sehr schönes, farbiges Kleid.",bunt,,,,,,,,,,,farbiger,am farbigsten,Abschnitt 1-2,1040
A2-1041,hübsch,,,hubsch,A2,Linie A2,Kapitel 12 – Das finde ich schön!,adj,pretty / attractive,Schön anzusehen; attraktiv.,Das ist ein wirklich hübsches Foto von deiner Familie.,,,,,,,,,,,,hübscher,am hübschesten,Abschnitt 1-2,1041
A2-1042,kitschig,,,kitschig,A2,Linie A2,Kapitel 12 – Das finde ich schön!,adj,kitschy / tacky,"Ein Objekt, das zu bunt oder übertrieben dekoriert ist und oft billig wirkt.",Die Plastikfiguren im Garten finde ich ein bisschen kitschig.,,,,,,,,,,,,kitschiger,am kitschigsten,Abschnitt 1-2,1042
A2-1043,modisch,,,modisch,A2,Linie A2,Kapitel 12 – Das finde ich schön!,adj,fashionable / stylish,Modern; im aktuellen Stil der Mode.,Sie kleidet sich immer sehr modisch.,,,,,,,,,,,,modischer,am modischesten,Abschnitt 1-2,1043
A2-1044,originell,,,originell,A2,Linie A2,Kapitel 12 – Das finde ich schön!,adj,original / creative,"Besonders und kreativ; eine neue, interessante Idee.","Das ist ein sehr originelles Geschenk, danke!",kreativ,,,,,,,,,,,origineller,am originellsten,Abschnitt 1-2,1044
A2-1045,altmodisch,,,altmodisch,A2,Linie A2,Kapitel 12 – Das finde ich schön!,adj,old-fashioned,Nicht mehr modern; aus einer früheren Zeit.,Die Möbel in diesem Hotel sehen sehr altmodisch aus.,,,,,,,,,,,,altmodischer,am altmodischesten,Abschnitt 1-2,1045
A2-1046,Secondhand-Laden,der,-Läden,secondhand-laden,A2,Linie A2,Kapitel 12 – Das finde ich schön!,n,second-hand shop,"Ein Geschäft, in dem man gebrauchte Kleidung oder Gegenstände kauft.",Ich kaufe meine Jacken oft im Secondhand-Laden.,Second-Hand-Laden,,,,,,,,,,,,,Abschnitt 1-2,1046
A2-1047,Teekanne,die,-n,teekanne,A2,Linie A2,Kapitel 12 – Das finde ich schön!,n,teapot,"Eine Kanne, in der man Tee zubereitet und serviert.",In der Küche steht eine grüne Teekanne.,,,,,,,,,,,,,,Abschnitt 3,1047
A2-1048,Brille,die,-n,brille,A2,Linie A2,Kapitel 12 – Das finde ich schön!,n,glasses,"Ein Gestell mit Gläsern für die Augen, damit man besser sehen kann.",Ohne meine Brille kann ich die Zeitung nicht lesen.,,,,,,,,,,,,,,Abschnitt 3,1048
A2-1049,Nagellack,der,-e,nagellack,A2,Linie A2,Kapitel 12 – Das finde ich schön!,n,nail polish,"Eine farbige Flüssigkeit, die man auf die Fingernägel macht.",Sie trägt heute roten Nagellack.,,,,,,,,,,,,,,Abschnitt 3,1049
A2-1050,gut stehen,,,gut stehen,A2,Linie A2,Kapitel 12 – Das finde ich schön!,v,to suit someone well,Wenn Kleidung oder Farben gut an einer Person aussehen.,Das Kleid steht dir wirklich gut.,,,,,,,,,,,,,,Abschnitt 3,1050
A2-1051,Ohrring,der,-e,ohrring,A2,Linie A2,Kapitel 12 – Das finde ich schön!,n,earring,"Ein Schmuckstück, das man am Ohr trägt.",Sie hat wunderschöne Ohrringe aus Silber bekommen.,,,,,,,,,,,,,,Abschnitt 3,1051
A2-1052,Vordergrund,der,-gründe,vordergrund,A2,Linie A2,Kapitel 12 – Das finde ich schön!,n,foreground ↔ background,Der vordere Teil eines Bildes ↔ der hintere Teil eines Bildes.,"Im Vordergrund sieht man ein Haus, im Hintergrund sind die Berge.",,"der Hintergrund, -gründe",,,,,,,,,,,,Abschnitt 4,1052
A2-1053,im Vordergrund / im Hintergrund,,,im vordergrund / im hintergrund,A2,Linie A2,Kapitel 12 – Das finde ich schön!,phrase,in the foreground / in the background,An der vorderen Stelle ODER an der hinteren Stelle eines Bildes sein.,Auf dem Foto steht mein Bruder im Vordergrund und meine Eltern stehen im Hintergrund.,,,,,,,,,,,,,,Abschnitt 4,1053
A2-1054,Vogel,der,Vögel,vogel,A2,Linie A2,Kapitel 12 – Das finde ich schön!,n,bird,"Ein Tier mit Federn und Flügeln, das fliegen kann.",Ein kleiner Vogel singt im Garten.,,,,,,,,,,,,,,Abschnitt 4,1054
A2-1055,untergehen,,,untergehen,A2,Linie A2,Kapitel 12 – Das finde ich schön!,v,to go down / set (sun),Wenn die Sonne am Abend hinter dem Horizont verschwindet.,Die Sonne geht heute um 20 Uhr unter.,,,,,,,,,,,,,,Abschnitt 4,1055
A2-1056,bellen,,,bellen,A2,Linie A2,Kapitel 12 – Das finde ich schön!,v,to bark,"Das typische Geräusch machen, das ein Hund macht.",Der Hund des Nachbarn bellt sehr laut.,,,,,,,,bellt,bellte,hat bellt,haben,,,Abschnitt 4,1056
A2-1057,begeistert,,,begeistert,A2,Linie A2,Kapitel 12 – Das finde ich schön!,adj,enthusiastic / excited,Sehr glücklich und voller Freude über eine tolle Sache.,Ich bin begeistert von deiner neuen Wohnung!,,,,,,,,,,,,begeisterter,am begeistertesten,Abschnitt 5,1057
A2-1058,Recycling,das,,recycling,A2,Linie A2,Kapitel 12 – Das finde ich schön!,n,recycling,"Die Wiederverwendung von alten Materialien, um die Umwelt zu schützen.",Papier kommt in die blaue Tonne für das Recycling.,,,,,,,,,,,,,,Abschnitt 5|nur Singular,1058
A2-1059,Fahrradschlauch,der,-schläuche,fahrradschlauch,A2,Linie A2,Kapitel 12 – Das finde ich schön!,n,bicycle inner tube,"Das runde Teil aus Gummi mit Luft, das innen im Reifen liegt.","Ich muss den Fahrradschlauch reparieren, weil mein Reifen platt ist.",,,,,,,,,,,,,,Abschnitt 5,1059
A2-1060,Mäppchen,das,,mappchen,A2,Linie A2,Kapitel 12 – Das finde ich schön!,n,pencil case,Eine kleine Tasche für Stifte und Lineale für die Schule oder Arbeit.,Die Schülerin sucht einen Bleistift in ihrem Mäppchen.,,,,,,,,,,,,,,Abschnitt 5,1060
A2-1061,"Metall, -e",,,"metall, -e",A2,Linie A2,Kapitel 12 – Das finde ich schön!,phrase,metal,Ein hartes Material wie Eisen oder Stahl.,Der Löffel in der Küche ist aus Metall.,,,,,,,,,,,,,,Abschnitt 5,1061
A2-1062,Silber,,,silber,A2,Linie A2,Kapitel 12 – Das finde ich schön!,n,silver,"Ein wertvolles, grau-weißes Metall für Schmuck oder Münzen.",Der schöne Ring ist aus Silber.,,,,,,,,,,,,,,Abschnitt 5|nur Singular,1062
A2-1063,Designer,der,,designer,A2,Linie A2,Kapitel 12 – Das finde ich schön!,n,designer (male),"Eine Person, die Kleidung, Möbel oder Autos kreativ plant.",Der Designer präsentiert seine neue Kollektion in Paris.,Designerin,,,,,,,,,,,,,Abschnitt 5,1063
A2-1064,Designerin,die,-nen,designerin,A2,Linie A2,Kapitel 12 – Das finde ich schön!,n,designer (female),"Eine Frau, die beruflich Designs entwirft.",Sie arbeitet als erfolgreiche Modedesignerin.,Designer,,,,,,,,,,,,,Abschnitt 5,1064
A2-1065,herstellen,,,herstellen,A2,Linie A2,Kapitel 12 – Das finde ich schön!,v,to produce / manufacture,Produkte in einer Fabrik oder Firma produzieren.,In diesem Werk stellen wir Autoteile her.,,,,,,,,stellt her,stellte her,hat hergestellt,haben,,,Abschnitt 5,1065
A2-1066,Holzpalette,die,-n,holzpalette,A2,Linie A2,Kapitel 12 – Das finde ich schön!,n,wooden pallet,"Eine flache Plattform aus Holz, um schwere Sachen zu transportieren.",Aus einer alten Holzpalette kann man tolle Möbel für den Garten bauen.,,,,,,,,,,,,,,Abschnitt 5,1066
A2-1067,vermuten,,,vermuten,A2,Linie A2,Kapitel 12 – Das finde ich schön!,v,to assume / suspect,"Glauben oder denken, dass etwas so ist, ohne sich ganz sicher zu sein.","Ich vermute, dass der Kurs pünktlich beginnt.",,,,,,,,vermutet,vermutete,hat vermutet,haben,,,Abschnitt 6,1067
A2-1068,Tennisball,der,-bälle,tennisball,A2,Linie A2,Kapitel 12 – Das finde ich schön!,n,tennis ball,"Der kleine, gelbe Ball, den man beim Tennis benutzt.",Er wirft den Tennisball über das Netz.,,,,,,,,,,,,,,Abschnitt 6,1068
A2-1069,Korken,der,,korken,A2,Linie A2,Kapitel 12 – Das finde ich schön!,n,cork,"Der Verschluss von einer Weinflasche, der aus der Rinde eines Baumes gemacht ist.",Er öffnet die Flasche und legt den Korken auf den Tisch.,,,,,,,,,,,,,,Abschnitt 6,1069
A2-1070,Luftballon,der,-s,luftballon,A2,Linie A2,Kapitel 12 – Das finde ich schön!,n,balloon,"Ein buntes Ding aus Gummi, das man mit Luft füllt, um für eine Party zu dekorieren.",Zum Geburtstag hängen wir viele Luftballons auf.,,,,,,,,,,,,,,Abschnitt 6,1070
A2-1071,Autoreifen,der,,autoreifen,A2,Linie A2,Kapitel 12 – Das finde ich schön!,n,car tire,Das runde Teil aus Gummi am Auto.,Ich muss den Autoreifen wechseln lassen.,,,,,,,,,,,,,,Abschnitt 6,1071
A2-1072,Blumenvase,die,-n,blumenvase,A2,Linie A2,Kapitel 12 – Das finde ich schön!,n,flower vase,Eine Vase speziell für schöne Blumen.,Stell die Tulpen bitte in die Blumenvase.,,,,,,,,,,,,,,Abschnitt 6,1072
A2-1073,Traum,der,Träume,traum,A2,Linie A2,Kapitel 12 – Das finde ich schön!,n,dream,"Bilder, die man im Schlaf sieht ODER ein großer Wunsch für die Zukunft.",Mein großer Traum ist eine Reise nach Australien.,,,,,,,,,,,,,,Abschnitt 6,1073
A2-1074,Pech,das,,pech,A2,Linie A2,Kapitel 12 – Das finde ich schön!,n,bad luck,Eine unglückliche Situation; das Gegenteil von Glück.,"Oh nein, mein Zug ist weg, ich habe heute echt Pech!",,,,,,,,,,,,,,Abschnitt 7|nur Singular,1074
A2-1075,Online-Buchung,die,-en,online-buchung,A2,Linie A2,Kapitel 12 – Das finde ich schön!,n,online booking,Eine Reservierung im Internet (z. B. für ein Hotel oder ein Ticket).,Nach der Online-Buchung bekommt man eine Bestätigung per E-Mail.,,,,,,,,,,,,,,Abschnitt 7,1075
A2-1076,Schritt,der,-e,schritt,A2,Linie A2,Kapitel 12 – Das finde ich schön!,n,step,Eine Bewegung mit den Füßen beim Gehen ODER eine Phase in einem Prozess.,Wir müssen das Problem Schritt für Schritt lösen.,,,,,,,,,,,,,,Abschnitt 7,1076
A2-1077,Veranstaltung,die,-en,veranstaltung,A2,Linie A2,Kapitel 12 – Das finde ich schön!,n,event,"Ein offizielles Event wie ein Konzert, ein Fest oder ein Vortrag.",Am Wochenende besuche ich eine kulturelle Veranstaltung.,,,,,,,,,,,,,,Abschnitt 7,1077
A2-1078,wählen,,,wahlen,A2,Linie A2,Kapitel 12 – Das finde ich schön!,v,to choose / select ODER to vote,Eine Option aus mehreren Möglichkeiten nehmen ODER ein Parlament wählen.,Bitte wählen Sie die richtige Antwort aus.,auswählen|sich aussuchen,,,,,,,wählt,wählte,hat gewählt,haben,,,Abschnitt 7,1078
A2-1079,Warenkorb,der,-körbe,warenkorb,A2,Linie A2,Kapitel 12 – Das finde ich schön!,n,shopping cart / basket (online),"Die virtuelle Liste in einem Online-Shop, in die man Produkte legt, die man kaufen möchte.",Ich habe drei Bücher in den Warenkorb gelegt.,,,,,,,,,,,,,,Abschnitt 7,1079
A2-1080,Anzahl,die,,anzahl,A2,Linie A2,Kapitel 12 – Das finde ich schön!,n,number / quantity,Die Menge oder Zahl von Dingen oder Personen.,Die Anzahl der Teilnehmer im Kurs ist auf fünfzehn Personen limitiert.,,,,,,,,,,,,,,Abschnitt 7|nur Singular,1080
A2-1081,Platz,der,Plätze,platz,A2,Linie A2,Kapitel 12 – Das finde ich schön!,n,seat / space / square,Ein Stuhl im Theater/Kino ODER ein großer freier Ort in der Stadt.,Haben Sie schon einen Platz im Restaurant reserviert?,,,,,,,,,,,,,,Abschnitt 7,1081
A2-1082,Daten,die,,daten,A2,Linie A2,Kapitel 12 – Das finde ich schön!,n,data / information,"Offizielle Informationen wie Name, Adresse oder Telefonnummer.",Bitte geben Sie Ihre persönlichen Daten in das Formular ein.,,,,,,,,,,,,,,Abschnitt 7,1082
A2-1083,eingeben,,,eingeben,A2,Linie A2,Kapitel 12 – Das finde ich schön!,v,to enter / input,Informationen oder ein Passwort mit der Tastatur in den Computer schreiben.,Sie müssen den Code am Computer eingeben.,,,,,,,,gibt ein,gab ein,hat eingegeben,haben,,,Abschnitt 7,1083
A2-1084,anklicken,,,anklicken,A2,Linie A2,Kapitel 12 – Das finde ich schön!,v,to click on,Mit der Maus auf ein Symbol auf dem Bildschirm drücken.,"Bitte klicken Sie auf den Link, um das Video zu starten.",,,,,,,,anklickt,anklickte,hat geanklickt,haben,,,Abschnitt 7,1084
A2-1085,Zahlungsart,die,-en,zahlungsart,A2,Linie A2,Kapitel 12 – Das finde ich schön!,n,payment method,"Die Methode, wie man eine Ware bezahlt (z. B. bar, Kreditkarte).",Welche Zahlungsart möchten Sie wählen?,,,,,,,,,,,,,,Abschnitt 7,1085
A2-1086,Saxofon,das,-e,saxofon,A2,Linie A2,Kapitel 12 – Das finde ich schön!,n,saxophone,"Ein Instrument aus Metall, mit dem man oft Jazz-Musik macht.",Er spielt seit fünf Jahren Saxofon in einer Band.,,,,,,,,,,,,,,Abschnitt 7,1086
A2-1087,Neffe,der,-n,neffe,A2,Linie A2,Kapitel 12 – Das finde ich schön!,n,nephew,Der Sohn von der Schwester oder vom Bruder.,Mein Neffe feiert heute seinen zehnten Geburtstag.,,,,,,,,,,,,,,Abschnitt 7,1087
A2-1088,Nichte,die,-n,nichte,A2,Linie A2,Kapitel 12 – Das finde ich schön!,n,niece,Die Tochter von der Schwester oder vom Bruder.,Meine Nichte studiert jetzt in München.,,,,,,,,,,,,,,Abschnitt 7,1088
A2-1089,mitspielen,,,mitspielen,A2,Linie A2,Kapitel 12 – Das finde ich schön!,v,to play along / join in,Bei einem Spiel oder in einer Musikgruppe mitmachen.,Darf ich bei eurem Spiel mitspielen?,,,,,,,,mitspielt,mitspielte,hat gemitspielt,haben,,,Abschnitt 7,1089
A2-1090,Talent,das,-e,talent,A2,Linie A2,Kapitel 12 – Das finde ich schön!,n,talent,Eine natürliche Fähigkeit; wenn man eine Sache ohne viel Training sehr gut kann.,Sie hat ein großes Talent für Sprachen.,,,,,,,,,,,,,,Abschnitt 7,1090
A2-1091,Straßenfest,das,-e,strassenfest,A2,Linie A2,Kapitel 12 – Das finde ich schön!,n,street festival,Eine große Party oder Feier von Menschen direkt auf der Straße.,Im Sommer organisieren die Nachbarn ein tolles Straßenfest.,,,,,,,,,,,,,,Abschnitt 7,1091
A2-1092,Lieblingsband,die,-s,lieblingsband,A2,Linie A2,Kapitel 12 – Das finde ich schön!,n,favorite band,"Die Musikgruppe, die eine Person am meisten mag.",Coldplay ist meine absolute Lieblingsband.,,,,,,,,,,,,,,Abschnitt 8,1092
A2-1093,Lieblingslied,das,-er,lieblingslied,A2,Linie A2,Kapitel 12 – Das finde ich schön!,n,favorite song,"Das Lied, das man am liebsten und am häufigsten hört.",Welches Lied ist momentan dein Lieblingslied?,,,,,,,,,,,,,,Abschnitt 8,1093
A2-1094,Musikstil,der,-e,musikstil,A2,Linie A2,Kapitel 12 – Das finde ich schön!,n,musical style,*Die Kategorie oder Art von Musik.*,Welcher Musikstil gefällt dir am besten?,,,,,,,,,,,,,,Abschnitt 8,1094
A2-1095,Country,,,country,A2,Linie A2,Kapitel 12 – Das finde ich schön!,n,country music,"Ein traditioneller Musikstil, der oft aus den USA kommt.",Mein Vater hört gern alte Country-Musik.,,,,,,,,,,,,,,Abschnitt 8,1095
A2-1096,Hip-Hop,,,hip-hop,A2,Linie A2,Kapitel 12 – Das finde ich schön!,n,hip hop,Ein moderner Musikstil mit Sprechgesang und viel Rhythmus.,Jugendliche hören heute sehr oft Hip-Hop.,,,,,,,,,,,,,,Abschnitt 8,1096
A2-1097,Jazz,,,jazz,A2,Linie A2,Kapitel 12 – Das finde ich schön!,n,jazz,"Ein Musikstil mit vielen Instrumenten (z. B. Saxofon), der oft improvisiert ist.",In dieser Bar läuft jeden Freitagabend Jazz.,,,,,,,,,,,,,,Abschnitt 8,1097
A2-1098,Klassik,,,klassik,A2,Linie A2,Kapitel 12 – Das finde ich schön!,n,classical music,"Traditionelle, alte Musik von berühmten Komponisten wie Mozart oder Bach.",Ich entspanne mich am besten bei Klassik.,,,,,,,,,,,,,,Abschnitt 8,1098
A2-1099,Pop,,,pop,A2,Linie A2,Kapitel 12 – Das finde ich schön!,n,pop music,"Moderne, populäre Musik, die man oft im Radio hört.",Meine Schwester mag einfache Pop-Musik.,,,,,,,,,,,,,,Abschnitt 8,1099
A2-1100,Rap,,,rap,A2,Linie A2,Kapitel 12 – Das finde ich schön!,n,rap,"Ein Sprechgesang, der oft Teil von der Hip-Hop-Kultur ist.",Er kann sehr schnell Texte im Rap singen.,,,,,,,,,,,,,,Abschnitt 8,1100
A2-1101,Reggae,,,reggae,A2,Linie A2,Kapitel 12 – Das finde ich schön!,n,reggae,"Ein entspannter Musikstil, der ursprünglich aus Jamaika kommt.",Bob Marley war ein weltbekannter Musiker für Reggae.,,,,,,,,,,,,,,Abschnitt 8,1101
A2-1102,Schlager,,,schlager,A2,Linie A2,Kapitel 12 – Das finde ich schön!,n,schlager / german pop,"Ein fröhlicher, deutscher Musikstil mit einfachen Texten zum Mitsingen.",Auf dem Volksfest hören die Menschen viel Schlager.,,,,,,,,,,,,,,Abschnitt 8,1102
A2-1103,Volksmusik,,,volksmusik,A2,Linie A2,Kapitel 12 – Das finde ich schön!,n,folk music,Traditionelle Musik aus einer bestimmten Region oder Kultur.,Meine Großeltern hören am Sonntag gern Volksmusik.,,,,,,,,,,,,,,Abschnitt 8,1103
A2-1104,romantisch,,,romantisch,A2,Linie A2,Kapitel 12 – Das finde ich schön!,adj,romantic,Voller Liebe und Gefühl; mit einer schönen Atmosphäre.,Wir haben ein sehr romantisches Abendessen bei Kerzenlicht gemacht.,,,,,,,,,,,,romantischer,am romantischesten,Abschnitt 8,1104
A2-1105,Stimme,die,-n,stimme,A2,Linie A2,Kapitel 12 – Das finde ich schön!,n,voice,"Der Ton, den ein Mensch beim Sprechen oder Singen mit dem Hals macht.",Die Sängerin hat eine wunderschöne Stimme.,,,,,,,,,,,,,,Abschnitt 8,1105
A2-1106,Melodie,die,-n,melodie,A2,Linie A2,Kapitel 12 – Das finde ich schön!,n,melody / tune,Die schöne Kombination von Tönen in einem Lied.,Das Lied hat eine sehr fröhliche Melodie.,,,,,,,,,,,,,,Abschnitt 8,1106
A2-1107,Lieblingsmusiker,der,,lieblingsmusiker,A2,Linie A2,Kapitel 12 – Das finde ich schön!,n,favorite musician (male),"Der Musiker, den man am besten findet.",Wer ist dein Lieblingsmusiker?,Lieblingsmusikerin,,,,,,,,,,,,,Abschnitt 8,1107
A2-1108,Lieblingsmusikerin,die,-nen,lieblingsmusikerin,A2,Linie A2,Kapitel 12 – Das finde ich schön!,n,favorite musician (female),"Die Musikerin, die man am liebsten hört.",Taylor Swift ist momentan ihre Lieblingsmusikerin.,Lieblingsmusiker,,,,,,,,,,,,,Abschnitt 8,1108
A2-1109,Soloalbum,das,-alben,soloalbum,A2,Linie A2,Kapitel 12 – Das finde ich schön!,n,solo album,"Eine CD oder Musiksammlung, die ein Musiker alleine (ohne seine Band) macht.",Der Sänger der Band hat ein neues Soloalbum veröffentlicht.,,,,,,,,,,,,,,Abschnitt 8,1109
A2-1110,veröffentlichen,,,veroffentlichen,A2,Linie A2,Kapitel 12 – Das finde ich schön!,v,to publish / release,"Ein Buch, ein Album oder ein Video für das Publikum auf den Markt bringen.",Die Band möchte im nächsten Monat eine neue Single veröffentlichen.,,,,,,,,veröffentlicht,veröffentlichte,hat veröffentlicht,haben,,,Abschnitt 8,1110
A2-1111,präsentieren,,,prasentieren,A2,Linie A2,Kapitel 12 – Das finde ich schön!,v,to present / show,"Ein neues Produkt, ein Projekt oder eine Show vor Zuschauern zeigen.",Die Designerin möchte heute ihre neue Mode präsentieren.,,,,,,,,präsentiert,präsentierte,hat präsentiert,haben,,,Abschnitt 8,1111
A2-1112,Handwerk,das,,handwerk,A2,Linie A2,Kapitel 13 – Handwerk hat Zukunft!,n,craft / trade,"Eine praktische Arbeit, bei der man Dinge mit den Händen oder Werkzeugen baut oder repariert.",Ein Beruf im Handwerk bietet viele Möglichkeiten.,,,,,,,,,,,,,,Abschnitt 1|nur Singular,1112
A2-1113,Handwerker,der,,handwerker,A2,Linie A2,Kapitel 13 – Handwerk hat Zukunft!,n,craftsman / artisan (male),"Ein Mann, der beruflich eine handwerkliche Arbeit macht (z. B. ein Tischler).",Der Handwerker repariert das kaputte Fenster.,Handwerkerin,,,,,,,,,,,,,Abschnitt 1,1113
A2-1114,Handwerkerin,die,-nen,handwerkerin,A2,Linie A2,Kapitel 13 – Handwerk hat Zukunft!,n,craftswoman / artisan (female),"Eine Frau, die beruflich im Handwerk arbeitet.",Die neue Handwerkerin arbeitet sehr ordentlich.,Handwerker,,,,,,,,,,,,,Abschnitt 1,1114
A2-1115,Dachdecker,der,,dachdecker,A2,Linie A2,Kapitel 13 – Handwerk hat Zukunft!,n,roofer (male),"Ein Handwerker, der Dächer baut, repariert oder isoliert.",Der Dachdecker arbeitet oben auf dem Haus.,Dachdeckerin,,,,,,,,,,,,,Abschnitt 1,1115
A2-1116,Dachdeckerin,die,-nen,dachdeckerin,A2,Linie A2,Kapitel 13 – Handwerk hat Zukunft!,n,roofer (female),"Eine Frau, die Dächer baut oder repariert.",Als Dachdeckerin muss man vorsichtig sein.,Dachdecker,,,,,,,,,,,,,Abschnitt 1,1116
A2-1117,Maler,der,,maler,A2,Linie A2,Kapitel 13 – Handwerk hat Zukunft!,n,painter (male),"Ein Handwerker, der Wände mit Farbe anstreicht.",Der Maler streicht das Wohnzimmer weiß.,Malerin,,,,,,,,,,,,,Abschnitt 1,1117
A2-1118,Malerin,die,-nen,malerin,A2,Linie A2,Kapitel 13 – Handwerk hat Zukunft!,n,painter (female),"Eine Frau, die beruflich Wände oder Häuser streicht.",Die Malerin bringt die Farbe mit.,Maler,,,,,,,,,,,,,Abschnitt 1,1118
A2-1119,Schneider,der,,schneider,A2,Linie A2,Kapitel 13 – Handwerk hat Zukunft!,n,tailor (male),"Ein Handwerker, der Kleidung näht oder repariert.",Der Schneider macht die Hose ein bisschen kürzer.,Schneiderin,,,,,,,,,,,,,Abschnitt 1,1119
A2-1120,Schneiderin,die,-nen,schneiderin,A2,Linie A2,Kapitel 13 – Handwerk hat Zukunft!,n,tailor (female),"Eine Frau, die beruflich Kleidung herstellt oder anpasst.",Die Schneiderin näht ein wunderschönes Kleid.,Schneider,,,,,,,,,,,,,Abschnitt 1,1120
A2-1121,Tischler,der,,tischler,A2,Linie A2,Kapitel 13 – Handwerk hat Zukunft!,n,carpenter / joiner (male),"Ein Handwerker, der Möbel oder Türen aus Holz baut.",Der Tischler baut einen neuen Holztisch.,Tischlerin,,,,,,,,,,,,,Abschnitt 1,1121
A2-1122,Tischlerin,die,-nen,tischlerin,A2,Linie A2,Kapitel 13 – Handwerk hat Zukunft!,n,carpenter / joiner (female),"Eine Frau, die beruflich mit dem Material Holz arbeitet.",Meine Schwester macht eine Ausbildung als Tischlerin.,Tischler,,,,,,,,,,,,,Abschnitt 1,1122
A2-1123,Installateur,der,-e,installateur,A2,Linie A2,Kapitel 13 – Handwerk hat Zukunft!,n,plumber / installer (male),"Ein Handwerker, der Wasserleitungen oder Heizungen installiert.","Rufen Sie den Installateur an, das Rohr im Bad ist kaputt.",Installateurin,,,,,,,,,,,,,Abschnitt 1,1123
A2-1124,Installateurin,die,-nen,installateurin,A2,Linie A2,Kapitel 13 – Handwerk hat Zukunft!,n,plumber / installer (female),"Eine Frau, die Wasserleitungen oder Heizungssysteme repariert.",Die Installateurin repariert die Heizung schnell.,Installateur,,,,,,,,,,,,,Abschnitt 1,1124
A2-1125,Optiker,der,,optiker,A2,Linie A2,Kapitel 13 – Handwerk hat Zukunft!,n,optician (male),"Ein Spezialist, der Sehtests macht und Brillen verkauft.",Der Optiker kontrolliert meine Augen.,Optikerin,,,,,,,,,,,,,Abschnitt 1,1125
A2-1126,Optikerin,die,-nen,optikerin,A2,Linie A2,Kapitel 13 – Handwerk hat Zukunft!,n,optician (female),"Eine Frau, die Brillen anpasst und Kunden berät.",Die Optikerin empfiehlt mir ein schönes Modell.,Optiker,,,,,,,,,,,,,Abschnitt 1,1126
A2-1127,Katalog,der,-e,katalog,A2,Linie A2,Kapitel 13 – Handwerk hat Zukunft!,n,catalog,"Ein dünnes Buch mit einer Liste von Produkten, die man kaufen kann.",Ich suche ein neues Regal im Katalog.,,,,,,,,,,,,,,Abschnitt 1,1127
A2-1128,Dach,das,Dächer,dach,A2,Linie A2,Kapitel 13 – Handwerk hat Zukunft!,n,roof,"Der oberste Teil von einem Haus, der vor Regen schützt.",Auf dem Dach des Hauses liegt viel Schnee.,,,,,,,,,,,,,,Abschnitt 1,1128
A2-1129,das Dach decken,,,das dach decken,A2,Linie A2,Kapitel 13 – Handwerk hat Zukunft!,phrase,to tile/thatch a roof,Die Ziegel oder Platten auf das Dach eines Hauses machen.,Die Handwerker müssen heute das Dach decken.,,,,,,,,,,,,,,Abschnitt 1,1129
A2-1130,abdrehen,,,abdrehen,A2,Linie A2,Kapitel 13 – Handwerk hat Zukunft!,v,to turn off (water/gas),"Einen Hahn zudrehen, damit kein Wasser oder Gas mehr fließt.","Bitte dreh das Wasser ab, das Becken ist voll.",,,,,,,,dreht ab,drehte ab,hat abgedreht,haben,,,Abschnitt 1,1130
A2-1131,Wasserleitung,die,-en,wasserleitung,A2,Linie A2,Kapitel 13 – Handwerk hat Zukunft!,n,water pipe,"Ein Rohr, durch das Wasser in die Küche oder ins Bad fließt.",Die Wasserleitung in der Küche ist alt.,Wasserpfeife,,,,,,,,,,,,,Abschnitt 1,1131
A2-1132,verlegen,,,verlegen,A2,Linie A2,Kapitel 13 – Handwerk hat Zukunft!,v,to lay / install (pipes/cables),Leitungen oder Kabel an die richtige Position im Haus bauen.,Die Arbeiter müssen neue Wasserleitungen verlegen.,,,,,,,,verlegt,verlegte,hat verlegt,haben,,,Abschnitt 1,1132
A2-1133,Anlage,die,-n,anlage,A2,Linie A2,Kapitel 13 – Handwerk hat Zukunft!,n,system / equipment,Eine technische Kombination von Geräten (z. B. Heizungsanlage).,Die neue Heizungsanlage verbraucht wenig Energie.,,,,,,,,,,,,,,Abschnitt 1,1133
A2-1134,elektrisch,,,elektrisch,A2,Linie A2,Kapitel 13 – Handwerk hat Zukunft!,adj,electric,Mit Strom funktionierend.,"Wir haben ein neues, elektrisches Auto gekauft.",,,,,,,,,,,,elektrischer,am elektrischesten,Abschnitt 1,1134
A2-1135,installieren,,,installieren,A2,Linie A2,Kapitel 13 – Handwerk hat Zukunft!,v,to install,Ein technisches Gerät oder eine Anlage montieren und startklar machen.,Der Techniker muss die neue Maschine installieren.,,,,,,,,installiert,installierte,hat installiert,haben,,,Abschnitt 1,1135
A2-1136,elektrische Anlagen installieren,,,elektrische anlagen installieren,A2,Linie A2,Kapitel 13 – Handwerk hat Zukunft!,phrase,to install electrical systems,Technische Strom-Systeme im Haus aufbauen.,Elektroniker können elektrische Anlagen installieren.,,,,,,,,,,,,,,Abschnitt 1,1136
A2-1137,Strom,der,,strom,A2,Linie A2,Kapitel 13 – Handwerk hat Zukunft!,n,electricity / power,"Die Energie, die aus der Steckdose kommt.",Ohne Strom funktionieren der Fernseher und das Licht nicht.,,,,,,,,,,,,,,Abschnitt 1|nur Singular,1137
A2-1138,tapezieren,,,tapezieren,A2,Linie A2,Kapitel 13 – Handwerk hat Zukunft!,v,to wallpaper,Neue Tapeten aus Papier an die Wände eines Zimmers kleben.,Am Wochenende wollen wir das Schlafzimmer tapezieren.,,,,,,,,tapeziert,tapezierte,hat tapeziert,haben,,,Abschnitt 1,1138
A2-1139,färben,,,farben,A2,Linie A2,Kapitel 13 – Handwerk hat Zukunft!,v,to dye / color,Einer Sache (z. B. Haaren oder Kleidung) eine andere Farbe geben.,Sie möchte sich morgen die Haare färben.,,,,,,,,färbt,färbte,hat gefärbt,haben,,,Abschnitt 1,1139
A2-1140,nähen,,,nahen,A2,Linie A2,Kapitel 13 – Handwerk hat Zukunft!,v,to sew,Mit einer Nadel und einem Faden Kleidung machen oder reparieren.,Die Schneiderin kann die kaputte Hose schnell nähen.,,,,,,,,näht,nähte,hat genäht,haben,,,Abschnitt 2,1140
A2-1141,zufrieden,,,zufrieden,A2,Linie A2,Kapitel 13 – Handwerk hat Zukunft!,v,satisfied ↔ dissatisfied,Glücklich mit einer Situation ↔ unglücklich mit einer Sache.,"Ich bin sehr zufrieden mit meinem neuen Job, aber mein Bruder ist unzufrieden.",,unzufrieden,,,,,,zufriedet,zufriedete,hat gezufriedet,haben,,,Abschnitt 2,1141
A2-1142,neulich,,,neulich,A2,Linie A2,Kapitel 13 – Handwerk hat Zukunft!,adj,recently / the other day,Vor ein paar Tagen; vor kurzer Zeit in der Vergangenheit.,Ich habe neulich einen alten Freund im Supermarkt getroffen.,,,,,,,,,,,,neulicher,am neulichsten,Abschnitt 2,1142
A2-1143,unglaublich,,,unglaublich,A2,Linie A2,Kapitel 13 – Handwerk hat Zukunft!,adj,incredible / unbelievable,"Sehr überraschend oder fantastisch, so dass man es fast nicht glaubt.",Das ist ein unglaublich schönes Foto!.,,,,,,,,,,,,unglaublicher,am unglaublichsten,Abschnitt 2,1143
A2-1144,Katastrophe,die,-n,katastrophe,A2,Linie A2,Kapitel 13 – Handwerk hat Zukunft!,n,catastrophe / disaster,"Ein sehr schlimmes, negatives Event oder ein schwerer Fehler.",Das schlechte Wetter im Urlaub war eine absolute Katastrophe.,,,,,,,,,,,,,,Abschnitt 2,1144
A2-1145,Beruf,der,-e,beruf,A2,Linie A2,Kapitel 13 – Handwerk hat Zukunft!,n,occupation / job / profession,"Die Arbeit, die man gelernt hat und für die man Geld bekommt.",Was bist du von Beruf?.,Stelle,,,,,,,,,,,,,Abschnitt 2,1145
A2-1146,Traumberuf,der,-e,traumberuf,A2,Linie A2,Kapitel 13 – Handwerk hat Zukunft!,n,dream job,"Der absolute Lieblingsberuf, den man am liebsten machen möchte.",Astronaut ist der Traumberuf von vielen Kindern.,,,,,,,,,,,,,,Abschnitt 2,1146
A2-1147,Astronaut,der,-en,astronaut,A2,Linie A2,Kapitel 13 – Handwerk hat Zukunft!,n,astronaut (male),"Eine Person, die mit einer Rakete in den Weltraum fliegt.",Der Astronaut fliegt zum Mond.,Astronautin,,,,,,,,,,,,,Abschnitt 2,1147
A2-1148,Astronautin,die,-nen,astronautin,A2,Linie A2,Kapitel 13 – Handwerk hat Zukunft!,n,astronaut (female),"Eine Frau, die im Weltall arbeitet.",Die Astronautin zeigt Videos aus der Raumstation.,Astronaut,,,,,,,,,,,,,Abschnitt 2,1148
A2-1149,Architekt,der,-en,architekt,A2,Linie A2,Kapitel 13 – Handwerk hat Zukunft!,n,architect (male),"Eine Person, die Pläne für neue Häuser und Gebäude zeichnet.",Der Architekt präsentiert das Modell für das neue Büro.,Architektin,,,,,,,,,,,,,Abschnitt 2,1149
A2-1150,Architektin,die,-nen,architektin,A2,Linie A2,Kapitel 13 – Handwerk hat Zukunft!,n,architect (female),"Eine Frau, die Häuser und Bauprojekte plant.",Unsere Architektin hat das Haus perfekt geplant.,Architekt,,,,,,,,,,,,,Abschnitt 2,1150
A2-1151,Chemiker,der,,chemiker,A2,Linie A2,Kapitel 13 – Handwerk hat Zukunft!,n,chemist (male),"Ein Wissenschaftler, der mit chemischen Stoffen arbeitet und forscht.",Der Chemiker arbeitet im Labor.,Chemikerin,,,,,,,,,,,,,Abschnitt 2,1151
A2-1152,Chemikerin,die,-nen,chemikerin,A2,Linie A2,Kapitel 13 – Handwerk hat Zukunft!,n,chemist (female),"Eine Frau, die Chemie studiert hat und in der Wissenschaft arbeitet.",Die Chemikerin entwickelt ein neues Produkt.,Chemiker,,,,,,,,,,,,,Abschnitt 2,1152
A2-1153,Mechaniker,der,,mechaniker,A2,Linie A2,Kapitel 13 – Handwerk hat Zukunft!,n,mechanic (male),"Ein Handwerker, der Maschinen oder Autos repariert.",Der Mechaniker kontrolliert den Motor von meinem Auto.,Mechanikerin,,,,,,,,,,,,,Abschnitt 2,1153
A2-1154,Mechanikerin,die,-nen,mechanikerin,A2,Linie A2,Kapitel 13 – Handwerk hat Zukunft!,n,mechanic (female),"Eine Frau, die beruflich Maschinen oder Fahrzeuge repariert.",Die Mechanikerin wechselt die Reifen sehr schnell.,Mechaniker,,,,,,,,,,,,,Abschnitt 2,1154
A2-1155,wahr,,,wahr,A2,Linie A2,Kapitel 13 – Handwerk hat Zukunft!,adj,true / real,Korrekt; kein Fake; real.,Mein Traum ist endlich wahr geworden.,echt,,,,,,,,,,,wahrer,am wahrsten,Abschnitt 2,1155
A2-1156,kündigen,,,kundigen,A2,Linie A2,Kapitel 13 – Handwerk hat Zukunft!,v,to quit / resign / terminate,Einen Arbeitsvertrag oder einen Mietvertrag offiziell beenden.,"Ich möchte meinen Job kündigen, weil ich eine neue Stelle habe.",,,,,,,,kündigt,kündigte,hat gekündigt,haben,,,Abschnitt 2,1156
A2-1157,Fußballplatz,der,-plätze,fussballplatz,A2,Linie A2,Kapitel 13 – Handwerk hat Zukunft!,n,soccer field,"Der Platz mit Rasen und Toren, auf dem man Fußball spielt.",Die Kinder spielen jeden Nachmittag auf dem Fußballplatz.,,,,,,,,,,,,,,Abschnitt 2,1157
A2-1158,Vorteil,der,-e,vorteil,A2,Linie A2,Kapitel 13 – Handwerk hat Zukunft!,n,advantage ↔ disadvantage,Eine positive Eigenschaft ↔ eine negative Eigenschaft von einer Sache.,"Ein Vorteil vom Auto ist das Tempo, aber ein Nachteil sind die Kosten.",,"der Nachteil, -e",,,,,,,,,,,,Abschnitt 3,1158
A2-1159,Karriere,die,-n,karriere,A2,Linie A2,Kapitel 13 – Handwerk hat Zukunft!,n,career,Der Erfolg und Aufstieg im Beruf (z. B. wenn man Chef wird).,Sie möchte in der Firma schnell Karriere machen.,,,,,,,,,,,,,,Abschnitt 3,1159
A2-1160,Schicht,die,-en / Schicht arbeiten,schicht,A2,Linie A2,Kapitel 13 – Handwerk hat Zukunft!,n,shift / to work shifts,Die Arbeitszeit (z. B. Frühschicht oder Spätschicht) / zu wechselnden Zeiten arbeiten.,In der Fabrik müssen die Arbeiter oft in Schicht arbeiten.,,,,,,,,,,,,,,Abschnitt 3,1160
A2-1161,Gehalt,das,Gehälter,gehalt,A2,Linie A2,Kapitel 13 – Handwerk hat Zukunft!,n,salary,"Das Geld, das ein Angestellter jeden Monat für seine Arbeit bekommt.",Die Firma zahlt ein gutes Gehalt.,Bezahlung,,,,,,,,,,,,,Abschnitt 3,1161
A2-1162,Zeitdruck,der,,zeitdruck,A2,Linie A2,Kapitel 13 – Handwerk hat Zukunft!,n,time pressure,"Der Stress, wenn man eine Aufgabe in sehr kurzer Zeit fertig machen muss.",Vor dem Projektende haben wir immer großen Zeitdruck.,,,,,,,,,,,,,,Abschnitt 3|nur Singular,1162
A2-1163,Privatkunde,der,-n,privatkunde,A2,Linie A2,Kapitel 13 – Handwerk hat Zukunft!,n,private customer (male),"Ein normaler Kunde, der ein Produkt für sich selbst kauft (keine Firma).",Der Handwerker arbeitet heute für einen Privatkunden.,Privatkundin,,,,,,,,,,,,,Abschnitt 3,1163
A2-1164,Privatkundin,die,-nen,privatkundin,A2,Linie A2,Kapitel 13 – Handwerk hat Zukunft!,n,private customer (female),"Eine Frau, die als Privatperson eine Dienstleistung kauft.",Die Privatkundin bezahlt die Rechnung sofort.,Privatkunde,,,,,,,,,,,,,Abschnitt 3,1164
A2-1165,insgesamt,,,insgesamt,A2,Linie A2,Kapitel 13 – Handwerk hat Zukunft!,adj,overall / in total,Alles zusammen genommen.,Im Kurs sind insgesamt fünfzehn Teilnehmer.,,,,,,,,,,,,insgesamter,am insgesamtesten,Abschnitt 3,1165
A2-1166,abwechslungsreich,,,abwechslungsreich,A2,Linie A2,Kapitel 13 – Handwerk hat Zukunft!,adj,varied / diverse,Nicht langweilig; mit vielen unterschiedlichen Aktivitäten.,Meine Arbeit im Büro ist sehr abwechlungsreich.,,,,,,,,,,,,abwechslungsreicher,am abwechslungsreichsten,Abschnitt 3,1166
A2-1167,dreijährig,,,dreijahrig,A2,Linie A2,Kapitel 13 – Handwerk hat Zukunft!,adj,three-year,Mit einer Dauer von genau drei Jahren.,Sie macht eine dreijährige Ausbildung zur Köchin.,,,,,,,,,,,,dreijähriger,am dreijährigsten,Abschnitt 3,1167
A2-1168,stundenlang,,,stundenlang,A2,Linie A2,Kapitel 13 – Handwerk hat Zukunft!,adv,for hours,Über viele Stunden hinweg.,Er hat gestern stundenlang am Computer gearbeitet.,,,,,,,,,,,,,,Abschnitt 3,1168
A2-1169,Berufsberatung,die,-en,berufsberatung,A2,Linie A2,Kapitel 13 – Handwerk hat Zukunft!,n,career counseling,"Eine offizielle Beratung (z. B. beim Amt), die hilft, den richtigen Job zu finden.",Jugendliche gehen vor dem Schulende oft zur Berufsberatung.,,,,,,,,,,,,,,Abschnitt 4,1169
A2-1170,Eignungstest,der,-s,eignungstest,A2,Linie A2,Kapitel 13 – Handwerk hat Zukunft!,n,aptitude test,"Ein Test, der kontrolliert, ob eine Person die Fähigkeiten für einen Beruf hat.",Für die Ausbildung muss man zuerst einen Eignungstest machen.,,,,,,,,,,,,,,Abschnitt 4,1170
A2-1171,Job-Coach,der,-s,job-coach,A2,Linie A2,Kapitel 13 – Handwerk hat Zukunft!,n,job coach,"Eine Person, die Menschen professionell bei der Stellensuche trainiert.",Der Job-Coach hilft mir bei der Vorbereitung auf das Interview.,,,,,,,,,,,,,,Abschnitt 4,1171
A2-1172,Ratschlag,der,Ratschläge,ratschlag,A2,Linie A2,Kapitel 13 – Handwerk hat Zukunft!,n,piece of advice / advice,Ein guter Tipp oder eine Empfehlung von einer Person.,Vielen Dank für Ihren nützlichen Ratschlag!.,,,,,,,,,,,,,,Abschnitt 4,1172
A2-1173,Karikatur,die,-en,karikatur,A2,Linie A2,Kapitel 13 – Handwerk hat Zukunft!,n,caricature / cartoon,"Eine lustige Zeichnung, die eine Person oder Situation übertrieben zeigt.",In der Zeitung war heute eine witzige Karikatur.,,,,,,,,,,,,,,Abschnitt 5,1173
A2-1174,schälen,,,schalen,A2,Linie A2,Kapitel 13 – Handwerk hat Zukunft!,v,to peel,Die Haut von Obst oder Gemüse (z. B. Kartoffeln oder Äpfeln) wegmachen.,Kannst du bitte die Kartoffeln schälen?.,,,,,,,,schält,schälte,hat geschält,haben,,,Abschnitt 5,1174
A2-1175,"derselbe, dieselbe, dasselbe",,,"derselbe, dieselbe, dasselbe",A2,Linie A2,Kapitel 13 – Handwerk hat Zukunft!,phrase,the same,Exakt die identische Sache oder Person.,Er trägt heute dieselbe Jacke wie gestern.,,,,,,,,,,,,,,Abschnitt 5,1175
A2-1176,gerecht,,,gerecht,A2,Linie A2,Kapitel 13 – Handwerk hat Zukunft!,adj,fair / just,"Fair; so, dass alle Personen die gleichen Rechte haben.",Der Chef muss die Aufgaben im Team gerecht verteilen.,,,,,,,,,,,,gerechter,am gerechtesten,Abschnitt 5,1176
A2-1177,analysieren,,,analysieren,A2,Linie A2,Kapitel 13 – Handwerk hat Zukunft!,v,to analyze,"Eine Sache ganz genau kontrollieren und untersuchen, um sie zu verstehen.",Wir müssen die Fehler im Projekt genau analysieren.,,,,,,,,analysiert,analysierte,hat analysiert,haben,,,Abschnitt 5,1177
A2-1178,zutreffen,,,zutreffen,A2,Linie A2,Kapitel 13 – Handwerk hat Zukunft!,v,to apply / be correct,Wenn eine Information oder Aussage für eine Person korrekt oder wahr ist.,Was trifft auf Sie zu? Wählen Sie die passende Antwort.,,,,,,,,trifft zu,traf zu,hat zugetroffen,haben,,,Abschnitt 5,1178
A2-1179,Stärke,die,-n,starke,A2,Linie A2,Kapitel 13 – Handwerk hat Zukunft!,n,strength,*Eine positive Eigenschaft oder Kompetenz von einer Person.*,Meine größte Stärke ist meine Pünktlichkeit.,,,,,,,,,,,,,,Abschnitt 5,1179
A2-1180,ordentlich,,,ordentlich,A2,Linie A2,Kapitel 13 – Handwerk hat Zukunft!,adj,tidy / organized,Gut aufgeräumt; strukturiert; das Gegenteil von unordentlich.,Mein Schreibtisch im Büro ist immer sehr ordentlich.,,,,,,,,,,,,ordentlicher,am ordentlichsten,Abschnitt 5,1180
A2-1181,teamfähig,,,teamfahig,A2,Linie A2,Kapitel 13 – Handwerk hat Zukunft!,adj,able to work in a team,Wenn man gut und ohne Probleme mit anderen Menschen zusammenarbeiten kann.,Für diesen Beruf im Handwerk muss man teamfähig sein.,,,,,,,,,,,,teamfähiger,am teamfähigsten,Abschnitt 5,1181
A2-1182,motiviert,,,motiviert,A2,Linie A2,Kapitel 13 – Handwerk hat Zukunft!,adj,motivated,"Voller Energie und Lust, eine Aufgabe erfolgreich zu machen.",Die neuen Auszubildenden sind sehr motiviert.,,,,,,,,,,,,motivierter,am motiviertesten,Abschnitt 5,1182
A2-1183,Konditor,der,-en,konditor,A2,Linie A2,Kapitel 13 – Handwerk hat Zukunft!,n,pastry chef (male),"Ein Handwerker, der beruflich Torten, Kuchen und Pralinen macht.",Der Konditor backt eine wunderschöne Hochzeitstorte.,Konditorin,,,,,,,,,,,,,Abschnitt 6,1183
A2-1184,Konditorin,die,-nen,konditorin,A2,Linie A2,Kapitel 13 – Handwerk hat Zukunft!,n,pastry chef (female),"Eine Frau, die leckere Torten und süßes Gebäck herstellt.",Die Konditorin dekoriert den Kuchen mit Erdbeeren.,Konditor,,,,,,,,,,,,,Abschnitt 6,1184
A2-1185,technisch,,,technisch,A2,Linie A2,Kapitel 13 – Handwerk hat Zukunft!,adj,technical,Die Technik oder Maschinen betreffend.,Das Auto hat ein technisches Problem.,,,,,,,,,,,,technischer,am technischesten,Abschnitt 6,1185
A2-1186,Voraussetzung,die,-en,voraussetzung,A2,Linie A2,Kapitel 13 – Handwerk hat Zukunft!,n,requirement / prerequisite,"Eine Bedingung, die man unbedingt erfüllen muss, bevor man etwas starten darf.",Ein Führerschein ist eine wichtige Voraussetzung für den Job.,,,,,,,,,,,,,,Abschnitt 6,1186
A2-1187,Kreativität,die,,kreativitat,A2,Linie A2,Kapitel 13 – Handwerk hat Zukunft!,n,creativity,"Das Nomen zu ""kreativ""; die Fähigkeit, neue Ideen zu haben.",In der Kunstabteilung braucht man viel Kreativität.,,,,,,,,,,,,,,Abschnitt 6|nur Singular,1187
A2-1188,Selbstständigkeit,die,,selbststandigkeit,A2,Linie A2,Kapitel 13 – Handwerk hat Zukunft!,n,independence / self-employment,Das Leben oder Arbeiten als eigener Chef.,Der Schritt in die Selbstständigkeit war nicht einfach.,,,,,,,,,,,,,,Abschnitt 6|nur Singular,1188
A2-1189,Motivation,die,,motivation,A2,Linie A2,Kapitel 13 – Handwerk hat Zukunft!,n,motivation,Die Lust und Energie für eine bestimmte Aktivität.,Ohne Motivation ist das Lernen einer Sprache sehr schwer.,,,,,,,,,,,,,,Abschnitt 6|nur Singular,1189
A2-1190,Teamfähigkeit,die,,teamfahigkeit,A2,Linie A2,Kapitel 13 – Handwerk hat Zukunft!,n,teamwork skills,"Die Kompetenz, gut in einer Gruppe zu arbeiten.",In unserem Betrieb ist Teamfähigkeit sehr wichtig.,,,,,,,,,,,,,,Abschnitt 6|nur Singular,1190
A2-1191,Bewerber,der,,bewerber,A2,Linie A2,Kapitel 13 – Handwerk hat Zukunft!,n,applicant (male),"Eine Person, die eine Bewerbung für einen Job an eine Firma schickt.",Der Bewerber wartet vor dem Zimmer auf sein Gespräch.,Bewerberin,,,,,,,,,,,,,Abschnitt 6,1191
A2-1192,Bewerberin,die,-nen,bewerberin,A2,Linie A2,Kapitel 13 – Handwerk hat Zukunft!,n,applicant (female),"Eine Frau, die sich für eine freie Stelle in einer Firma interessiert.",Die Bewerberin hat eine sehr gute Berufserfahrung.,Bewerber,,,,,,,,,,,,,Abschnitt 6,1192
A2-1193,Hörer,der,,horer,A2,Linie A2,Kapitel 13 – Handwerk hat Zukunft!,n,listener (male),"Eine Person, die Radio hört.",Ein Hörer hat beim Radio angerufen und ein Lied gewünscht.,Hörerin,,,,,,,,,,,,,Abschnitt 6,1193
A2-1194,Hörerin,die,-nen,horerin,A2,Linie A2,Kapitel 13 – Handwerk hat Zukunft!,n,listener (female),"Eine weibliche Person, die ein Audio-Programm oder Radio hört.",Die Hörerin findet den Podcast sehr spannend.,Hörer,,,,,,,,,,,,,Abschnitt 6,1194
A2-1195,restaurieren,,,restaurieren,A2,Linie A2,Kapitel 13 – Handwerk hat Zukunft!,v,to restore,Ein altes Objekt (z. B. ein Möbelstück oder Bild) wieder schön und neu machen.,Der Handwerker möchte den alten Holzschrank restaurieren.,,,,,,,,restauriert,restaurierte,hat restauriert,haben,,,Abschnitt 6,1195
A2-1196,ausbilden,,,ausbilden,A2,Linie A2,Kapitel 13 – Handwerk hat Zukunft!,v,to train / instruct,Schülern oder Azubis praktisches Wissen für einen Beruf beibringen.,Der Meister möchte die neuen Lehrlinge gut ausbilden.,erziehen,,,,,,,ausbildet,ausbildete,hat geausbildet,haben,,,Abschnitt 7,1196
A2-1197,Gebäude,das,,gebaude,A2,Linie A2,Kapitel 13 – Handwerk hat Zukunft!,n,building,Ein großes Bauwerk mit Wänden und einem Dach (z. B. ein Haus).,Die Firma zieht in ein modernes Gebäude im Zentrum um.,,,,,,,,,,,,,,Abschnitt 7,1197
A2-1198,großartig,,,grossartig,A2,Linie A2,Kapitel 13 – Handwerk hat Zukunft!,adj,great / wonderful,Absolut fantastisch; super.,Das Resultat der Prüfung ist einfach großartig!.,wunderbar,,,,,,,,,,,großartiger,am großartigsten,Abschnitt 7,1198
A2-1199,nun,,,nun,A2,Linie A2,Kapitel 13 – Handwerk hat Zukunft!,adv,now,Jetzt; in diesem Moment.,"Wir haben lange gewartet, nun können wir endlich anfangen.",,,,,,,,,,,,,,Abschnitt 7,1199
A2-1200,Innenstadt,die,-städte,innenstadt,A2,Linie A2,Kapitel 13 – Handwerk hat Zukunft!,n,city center / downtown,"Das Zentrum von einer Stadt, wo es viele Geschäfte gibt.",Ich gehe am Samstag gern in der Innenstadt einkaufen.,,,,,,,,,,,,,,Abschnitt 7,1200
A2-1201,Tischlerei,die,-en,tischlerei,A2,Linie A2,Kapitel 13 – Handwerk hat Zukunft!,n,carpentry workshop,"Die Werkstatt, in der ein Tischler Möbel aus Holz baut.",Mein Onkel leitet eine kleine Tischlerei.,,,,,,,,,,,,,,Abschnitt 7,1201
A2-1202,führen / eine Tischlerei führen,,,fuhren / eine tischlerei fuhren,A2,Linie A2,Kapitel 13 – Handwerk hat Zukunft!,phrase,to lead / manage a workshop,Die Verantwortung für einen Handwerksbetrieb haben und ihn leiten.,Er möchte später selbst eine Tischlerei führen.,,,,,,,,,,,,,,Abschnitt 7,1202
A2-1203,Familienbetrieb,der,-e,familienbetrieb,A2,Linie A2,Kapitel 13 – Handwerk hat Zukunft!,n,family business,"Eine Firma oder ein Geschäft, das einer Familie gehört und dort geleitet wird.",Unsere Bäckerei ist ein traditioneller Familienbetrieb.,,,,,,,,,,,,,,Abschnitt 7,1203
A2-1204,Handwerksbetrieb,der,-e,handwerksbetrieb,A2,Linie A2,Kapitel 13 – Handwerk hat Zukunft!,n,craft business,Eine Firma im Bereich Handwerk.,Der Handwerksbetrieb sucht neue Mitarbeiter.,,,,,,,,,,,,,,Abschnitt 7,1204
A2-1205,Generation,die,-en,generation,A2,Linie A2,Kapitel 13 – Handwerk hat Zukunft!,n,generation,"Die Menschen in einer Familie, die ungefähr das gleiche Alter haben.",Er führt den Betrieb bereits in zweiter Generation.,,,,,,,,,,,,,,Abschnitt 7,1205
A2-1206,erneuern,,,erneuern,A2,Linie A2,Kapitel 13 – Handwerk hat Zukunft!,v,to renew / replace,"Eine alte Sache durch eine neue, moderne Sache ersetzen.",Wir müssen die alten Leitungen im Haus erneuern.,,,,,,,,erneuert,erneuerte,hat erneuert,haben,,,Abschnitt 7,1206
A2-1207,Restaurator,der,-en,restaurator,A2,Linie A2,Kapitel 13 – Handwerk hat Zukunft!,n,restorer (male),"Ein Spezialist, der alte Möbel, Kunst oder Gebäude repariert.",Der Restaurator arbeitet an einem Bild aus dem Museum.,Restauratorin,,,,,,,,,,,,,Abschnitt 7,1207
A2-1208,Restauratorin,die,-nen,restauratorin,A2,Linie A2,Kapitel 13 – Handwerk hat Zukunft!,n,restorer (female),"Eine Frau, die beruflich alte historische Dinge erneuert und schützt.",Die Restauratorin repariert den antiken Tisch.,Restaurator,,,,,,,,,,,,,Abschnitt 7,1208
A2-1209,Privatleute,die,,privatleute,A2,Linie A2,Kapitel 13 – Handwerk hat Zukunft!,n,private individuals,Normale Personen; keine Firmen oder Institutionen.,Der Maler arbeitet für Firmen und für Privatleute.,,,,,,,,,,,,,,Abschnitt 7,1209
A2-1210,Stadtrand,der,-ränder,stadtrand,A2,Linie A2,Kapitel 13 – Handwerk hat Zukunft!,n,outskirts of town,Der äußere Teil einer Stadt; die Grenze zwischen Stadt und Natur.,Wir wohnen in einem kleinen Haus am Stadtrand.,,,,,,,,,,,,,,Abschnitt 7,1210
A2-1211,Ausnahme,die,-n,ausnahme,A2,Linie A2,Kapitel 14 – Freundschaft,n,exception,"Etwas, das anders ist als die normale Regel.","Sonntags arbeite ich nie, aber heute mache ich eine Ausnahme.",,,,,,,,,,,,,,Abschnitt 1,1211
A2-1212,ewig,,,ewig,A2,Linie A2,Kapitel 14 – Freundschaft,adj,eternal / forever,Für immer; eine unendlich lange Zeit ohne Ende.,"Wir kennen uns schon super lange, wir sind gefühlt schon ewig Freunde.",,,,,,,,,,,,ewiger,am ewigsten,Abschnitt 1,1212
A2-1213,Schokoriegel,der,,schokoriegel,A2,Linie A2,Kapitel 14 – Freundschaft,n,chocolate bar,Ein süßes Stück Schokolade in einer länglichen Form.,Ich esse nachmittags gern einen Schokoriegel zum Kaffee.,,,,,,,,,,,,,,Abschnitt 1,1213
A2-1214,Schulfreund,der,-e,schulfreund,A2,Linie A2,Kapitel 14 – Freundschaft,n,school friend (male),"Ein Freund, den man aus der gemeinsamen Zeit in der Schule kennt.",Gestern habe ich meinen alten Schulfreund wiedergetroffen.,Schulfreundin,,,,,,,,,,,,,Abschnitt 1,1214
A2-1215,Schulfreundin,die,-nen,schulfreundin,A2,Linie A2,Kapitel 14 – Freundschaft,n,school friend (female),"Eine Freundin, die man seit der Schulzeit hat.",Sie ist meine beste Schulfreundin.,Schulfreund,,,,,,,,,,,,,Abschnitt 1,1215
A2-1216,sogar,,,sogar,A2,Linie A2,Kapitel 14 – Freundschaft,adj,even,"Ein Wort, das eine Überraschung zeigt; selbst.",Er spricht vier Sprachen und lernt sogar noch Japanisch.,,,,,,,,,,,,sogarer,am sogarsten,Abschnitt 1,1216
A2-1217,teilen,,,teilen,A2,Linie A2,Kapitel 14 – Freundschaft,v,to share / divide,Eine Sache mit einer anderen Person zusammen benutzen oder hergeben.,"Die Kinder müssen lernen, ihr Spielzeug zu teilen.",einteilen,,,,,,,teilt,teilte,hat geteilt,haben,,,Abschnitt 1,1217
A2-1218,Eigenschaft,die,-en,eigenschaft,A2,Linie A2,Kapitel 14 – Freundschaft,n,quality / characteristic,"Ein Merkmal von einer Person (z. B. ob man nett, pünktlich oder ehrlich ist).",Welche Eigenschaft findest du bei Freunden wichtig?,Qualität,,,,,,,,,,,,,Abschnitt 2,1218
A2-1219,Sympathie,die,,sympathie,A2,Linie A2,Kapitel 14 – Freundschaft,n,sympathy / liking,"Das positive Gefühl, wenn man eine andere Person nett und sympathisch findet.",Zwischen den beiden Kollegen gab es von Anfang an große Sympathie.,,,,,,,,,,,,,,Abschnitt 2|nur Singular,1219
A2-1220,sympathisch,,,sympathisch,A2,Linie A2,Kapitel 14 – Freundschaft,adj,likable / friendly,"Wenn eine Person nett wirkt, so dass man sie gern mag.",Unsere neue Nachbarin ist wirklich sehr sympathisch.,freundlich,,,,,,,,,,,sympathischer,am sympathischesten,Abschnitt 2,1220
A2-1221,Ehrlichkeit,die,,ehrlichkeit,A2,Linie A2,Kapitel 14 – Freundschaft,n,honesty,"Die positive Eigenschaft, wenn eine Person immer die Wahrheit sagt und nicht lügt.",In einer guten Freundschaft ist Ehrlichkeit das Wichtigste.,,,,,,,,,,,,,,Abschnitt 2|nur Singular,1221
A2-1222,ehrlich,,,ehrlich,A2,Linie A2,Kapitel 14 – Freundschaft,adj,honest,Wenn man die Wahrheit sagt; nicht lügend.,Sei bitte ehrlich zu mir: Gefällt dir mein neues Kleid?,,,,,,,,,,,,ehrlicher,am ehrlichsten,Abschnitt 2,1222
A2-1223,Hilfsbereitschaft,die,,hilfsbereitschaft,A2,Linie A2,Kapitel 14 – Freundschaft,n,willingness to help,"Die Eigenschaft, wenn man anderen Menschen gern und freiwillig hilft.",Ich danke dir sehr für deine große Hilfsbereitschaft beim Umzug.,,,,,,,,,,,,,,Abschnitt 2|nur Singular,1223
A2-1224,hilfsbereit,,,hilfsbereit,A2,Linie A2,Kapitel 14 – Freundschaft,adj,helpful,Wenn man anderen Personen gern bei Problemen hilft.,Die Kollegen in der neuen Firma sind alle sehr hilfsbereit.,nützlich,,,,,,,,,,,hilfsbereiter,am hilfsbereitesten,Abschnitt 2,1224
A2-1225,Humor,der,,humor,A2,Linie A2,Kapitel 14 – Freundschaft,n,humor,Wenn eine Person witzig ist und gern und viel lacht.,"Mein bester Freund hat viel Humor, mit ihm ist es nie langweilig.",,,,,,,,,,,,,,Abschnitt 2|nur Singular,1225
A2-1226,humorvoll,,,humorvoll,A2,Linie A2,Kapitel 14 – Freundschaft,adj,humorous / witty,"Das Adjektiv zu ""Humor""; lustig und witzig.",Der Lehrer erzählt oft eine humorvolle Geschichte.,,,,,,,,,,,,humorvoller,am humorvollsten,Abschnitt 2,1226
A2-1227,Intelligenz,die,,intelligenz,A2,Linie A2,Kapitel 14 – Freundschaft,n,intelligence,Die geistige Fähigkeit; wenn man klug ist und schnell lernt.,Sie besitzt eine hohe Intelligenz und studiert sehr erfolgreich.,,,,,,,,,,,,,,Abschnitt 2|nur Singular,1227
A2-1228,intelligent,,,intelligent,A2,Linie A2,Kapitel 14 – Freundschaft,adj,intelligent / smart,Sehr klug; schlau.,Hunde sind sehr intelligente Tiere.,klug,,,,,,,,,,,intelligenter,am intelligentesten,Abschnitt 2,1228
A2-1229,Zuverlässigkeit,die,,zuverlassigkeit,A2,Linie A2,Kapitel 14 – Freundschaft,n,reliability,"Wenn man das tut, was man versprochen hat (z. B. pünktlich kommen).","Auf ihn kann man sich verlassen, seine Zuverlässigkeit ist großartig.",,,,,,,,,,,,,,Abschnitt 2|nur Singular,1229
A2-1230,zuverlässig,,,zuverlassig,A2,Linie A2,Kapitel 14 – Freundschaft,adj,reliable,Wenn man sich sicher auf eine Person verlassen kann.,"Mein Auto ist alt, aber es funktioniert immer noch absolut zuverlässig.",,,,,,,,,,,,zuverlässiger,am zuverlässigsten,Abschnitt 2,1230
A2-1231,Toleranz,die,,toleranz,A2,Linie A2,Kapitel 14 – Freundschaft,n,tolerance,"Wenn man andere Meinungen, Kulturen oder Lebensweisen akzeptiert.",In einer internationalen Gruppe braucht man viel Toleranz.,,,,,,,,,,,,,,Abschnitt 2|nur Singular,1231
A2-1232,tolerant,,,tolerant,A2,Linie A2,Kapitel 14 – Freundschaft,adj,tolerant,Andere Meinungen oder Kulturen respektierend.,"Meine Eltern sind sehr tolerant, ich darf meine eigenen Entscheidungen treffen.",,,,,,,,,,,,toleranter,am tolerantesten,Abschnitt 2,1232
A2-1233,Offenheit,die,,offenheit,A2,Linie A2,Kapitel 14 – Freundschaft,n,openness,Wenn man ehrlich über Gefühle spricht oder ein großes Interesse an neuen Dingen hat.,"Ich schätze deine Offenheit sehr, danke für das Gespräch.",,,,,,,,,,,,,,Abschnitt 2|nur Singular,1233
A2-1234,bewundern,,,bewundern,A2,Linie A2,Kapitel 14 – Freundschaft,v,to admire,"Eine Person sehr positiv finden, weil sie etwas Tolles macht oder kann.","Ich bewundere meine Mutter, weil sie so viel arbeitet.",,,,,,,,bewundert,bewunderte,hat bewundert,haben,,,Abschnitt 2,1234
A2-1235,kritisieren,,,kritisieren,A2,Linie A2,Kapitel 14 – Freundschaft,v,to criticize,"Sagen, dass man eine Sache oder eine Aktion nicht gut oder fehlerhaft findet.","Es ist einfach, andere zu kritisieren, aber man muss auch helfen.",,,,,,,,kritisiert,kritisierte,hat kritisiert,haben,,,Abschnitt 2,1235
A2-1236,lügen,,,lugen,A2,Linie A2,Kapitel 14 – Freundschaft,v,to lie,Nicht die Wahrheit sagen; eine falsche Information geben.,In einer Freundschaft darf man sich niemals lügen.,,,,,,,,lügt,lügte,hat gelügt,haben,,,Abschnitt 2,1236
A2-1237,versprechen,,,versprechen,A2,Linie A2,Kapitel 14 – Freundschaft,v,to promise,"Jemandem sicher sagen, dass man eine bestimmte Sache tun wird.","Ich verspreche dir, dass ich morgen pünktlich komme.",,,,,,,,versprecht,versprechte,hat versprecht,haben,,,Abschnitt 2,1237
A2-1238,Forumsbeitrag,der,-beiträge,forumsbeitrag,A2,Linie A2,Kapitel 14 – Freundschaft,n,forum post,Ein geschriebener Text in einem Online-Forum im Internet.,Ich habe gestern einen interessanten Forumsbeitrag zum Thema Sport gelesen.,,,,,,,,,,,,,,Abschnitt 2,1238
A2-1239,Hund,der,-e,hund,A2,Linie A2,Kapitel 14 – Freundschaft,n,dog,"Ein beliebtes Haustier, das oft bellt und spazieren geht.",Ich gehe jeden Morgen mit meinem Hund im Park spazieren.,,,,,,,,,,,,,,Abschnitt 3,1239
A2-1240,Blindenhund,der,-e,blindenhund,A2,Linie A2,Kapitel 14 – Freundschaft,n,guide dog,"Ein speziell trainierter Hund, der blinden Menschen im Alltag hilft.","Der Blindenhund hilft dem Mann, sicher über die Straße zu gehen.",,,,,,,,,,,,,,Abschnitt 3,1240
A2-1241,Schäferhund,der,-e,schaferhund,A2,Linie A2,Kapitel 14 – Freundschaft,n,German Shepherd,"Eine große, bekannte deutsche Hunderasse, die oft bei der Polizei arbeitet.",Unser Nachbar hat einen großen Schäferhund.,,,,,,,,,,,,,,Abschnitt 3,1241
A2-1242,Pudel,der,,pudel,A2,Linie A2,Kapitel 14 – Freundschaft,n,poodle,Eine Hunderasse mit sehr lockigem Fell.,Der kleine Pudel spielt mit einem Ball im Garten.,,,,,,,,,,,,,,Abschnitt 3,1242
A2-1243,Hundeschule,die,-n,hundeschule,A2,Linie A2,Kapitel 14 – Freundschaft,n,dog school,"Eine Schule, in der Hunde lernen, auf Kommandos zu hören.",Wir gehen jeden Samstag mit unserem Welpen in die Hundeschule.,,,,,,,,,,,,,,Abschnitt 3,1243
A2-1244,erziehen,,,erziehen,A2,Linie A2,Kapitel 14 – Freundschaft,v,to raise / train / educate,"Kindern oder Tieren zeigen, welche Regeln im Leben wichtig sind.","Es ist nicht einfach, einen jungen Hund richtig zu erziehen.",ausbilden,,,,,,,erzieht,erziehte,hat erzieht,haben,,,Abschnitt 3,1244
A2-1245,genügend,,,genugend,A2,Linie A2,Kapitel 14 – Freundschaft,adj,enough / sufficient,Viel genug; eine ausreichende Menge von einer Sache; viel.,Für die Wanderung haben wir genügend Wasser dabei.,ausreichend,,,,,,,,,,,genügender,am genügendesten,Abschnitt 3,1245
A2-1246,sterben,,,sterben,A2,Linie A2,Kapitel 14 – Freundschaft,v,to die,Aufhören zu leben; das Ende des Lebens.,Unser Haustier ist leider letztes Jahr vor Kälte und Alter gestorben.,,,,,,,,stirbt,starb,ist gestorben,sein,,,Abschnitt 3,1246
A2-1247,Tierheim,das,-e,tierheim,A2,Linie A2,Kapitel 14 – Freundschaft,n,animal shelter,"Ein Ort, an dem Tiere ohne Zuhause wohnen und auf neue Besitzer warten.",Wir haben unsere Katze aus dem Tierheim geholt.,,,,,,,,,,,,,,Abschnitt 3,1247
A2-1248,Zahn,der,Zähne,zahn,A2,Linie A2,Kapitel 14 – Freundschaft,n,tooth,"Die weißen, harten Dinge im Mund, mit denen man das Essen kaut.",Ich muss mir zweimal am Tag die Zähne putzen.,,,,,,,,,,,,,,Abschnitt 3,1248
A2-1249,hierlassen,,,hierlassen,A2,Linie A2,Kapitel 14 – Freundschaft,v,to leave here,"Eine Sache an diesem aktuellen Ort lassen, wo man gerade ist.",Du kannst deine Tasche gern im Büro hierlassen.,,,,,,,,hierlasst,hierlasste,hat gehierlasst,haben,,,Abschnitt 4,1249
A2-1250,dalassen,,,dalassen,A2,Linie A2,Kapitel 14 – Freundschaft,v,to leave there,Eine Sache an einem bestimmten Ort abgeben oder zurücklassen.,Ich kann das Paket für den Nachbarn dalassen.,,,,,,,,dalasst,dalasste,hat gedalasst,haben,,,Abschnitt 4,1250
A2-1251,Rücklicht,das,-er,rucklicht,A2,Linie A2,Kapitel 14 – Freundschaft,n,taillight / rear light,Die rote Lampe am hinteren Teil eines Fahrrads oder Autos.,"Du musst aufpassen, dein Rücklicht am Fahrrad funktioniert nicht.",,,,,,,,,,,,,,Abschnitt 4,1251
A2-1252,Schaltung,die,-en,schaltung,A2,Linie A2,Kapitel 14 – Freundschaft,n,gear shift,"Das System am Fahrrad oder Auto, mit dem man die Gänge wechselt.",Bei diesem Fahrrad funktioniert die Schaltung sehr einfach.,,,,,,,,,,,,,,Abschnitt 4,1252
A2-1253,funktionieren,,,funktionieren,A2,Linie A2,Kapitel 14 – Freundschaft,v,to function / work,Gut laufen; ohne Fehler oder Defekte arbeiten.,Mein neues Smartphone funktioniert absolut perfekt.,,,,,,,,funktioniert,funktionierte,hat funktioniert,haben,,,Abschnitt 4,1253
A2-1254,kontrollieren,,,kontrollieren,A2,Linie A2,Kapitel 14 – Freundschaft,v,to check / inspect,"Eine Sache genau prüfen, ob alles korrekt oder funktionstüchtig ist.",Vor der langen Reise müssen wir das Öl im Auto kontrollieren.,checken|prüfen,,,,,,,kontrolliert,kontrollierte,hat kontrolliert,haben,,,Abschnitt 4,1254
A2-1255,übermorgen,,,ubermorgen,A2,Linie A2,Kapitel 14 – Freundschaft,adv,the day after tomorrow,"Nicht morgen, sondern am Tag danach (in zwei Tagen).","Morgen habe ich viel Arbeit, aber übermorgen habe ich endlich frei.",,,,,,,,,,,,,,Abschnitt 4,1255
A2-1256,irgendwie,,,irgendwie,A2,Linie A2,Kapitel 14 – Freundschaft,adj,somehow,"Auf eine unbestimmte Art und Weise; man weiß nicht genau, wie.",Wir müssen das Problem irgendwie lösen.,,,,,,,,,,,,irgendwier,am irgendwiesten,Abschnitt 4,1256
A2-1257,wieso,,,wieso,A2,Linie A2,Kapitel 14 – Freundschaft,adj,why / how come,"Ein anderes Wort für ""warum""; eine Frage nach dem Grund.",Wieso bist du gestern nicht zu meiner Party gekommen?,,,,,,,,,,,,wiesoer,am wiesosten,Abschnitt 4,1257
A2-1258,annähern,,,annahern,A2,Linie A2,Kapitel 14 – Freundschaft,v,to approach / bring closer,Zwei Dinge oder Personen näher zusammenbringen.,Durch das Gespräch konnten sich die beiden Parteien wieder annähern.,,,,,,,,annähert,annäherte,hat geannähert,haben,,,Abschnitt 5,1258
A2-1259,bügeln,,,bugeln,A2,Linie A2,Kapitel 14 – Freundschaft,v,to iron,Kleidung mit einem heißen Bügeleisen glatt und ordentlich machen.,Ich muss am Sonntagabend immer meine Hemden für das Büro bügeln.,,,,,,,,bügelt,bügelte,hat gebügelt,haben,,,Abschnitt 5,1259
A2-1260,geizig,,,geizig,A2,Linie A2,Kapitel 14 – Freundschaft,adj,stingy / cheap,Wenn eine Person ihr Geld absolut nicht ausgeben oder teilen möchte.,"Mein Chef gibt nie Trinkgeld, er ist wirklich extrem geizig.",,,,,,,,,,,,geiziger,am geizigsten,Abschnitt 5,1260
A2-1261,kaum,,,kaum,A2,Linie A2,Kapitel 14 – Freundschaft,adv,hardly / barely,Fast nicht; nur sehr wenig.,"Es ist so laut hier, ich kann dich kaum verstehen.",,,,,,,,,,,,,,Abschnitt 5,1261
A2-1262,Grenze,die,-n,grenze,A2,Linie A2,Kapitel 14 – Freundschaft,n,border / limit,Die offizielle Linie zwischen zwei Ländern ODER ein Maximum für eine Person.,Wir müssen unsere persönlichen Grenzen akzeptieren.,,,,,,,,,,,,,,Abschnitt 5,1262
A2-1263,Knopf,der,Knöpfe,knopf,A2,Linie A2,Kapitel 14 – Freundschaft,n,button,"Ein kleines, rundes Ding an Kleidung, mit dem man ein Hemd oder eine Jacke schließt.",An meinem Hemd fehlt leider ein Knopf.,,,,,,,,,,,,,,Abschnitt 5,1263
A2-1264,Loch,das,Löcher,loch,A2,Linie A2,Kapitel 14 – Freundschaft,n,hole,Eine offene Stelle in einem Material (z. B. in einer Socke oder Wand).,Meine Lieblingshose hat ein kleines Loch am Knie.,,,,,,,,,,,,,,Abschnitt 5,1264
A2-1265,sparsam,,,sparsam,A2,Linie A2,Kapitel 14 – Freundschaft,adj,economical / thrifty,"Wenn man vorsichtig mit Geld, Energie oder Zeit umgeht und wenig verbraucht.","Meine Großeltern leben sehr sparsam und kaufen nur, was sie brauchen.",,,,,,,,,,,,sparsamer,am sparsamsten,Abschnitt 5,1265
A2-1266,vorkommen,,,vorkommen,A2,Linie A2,Kapitel 14 – Freundschaft,v,to happen / seem / occur,Passieren ODER einen bestimmten Eindruck machen.,"Fehler können im Alltag immer mal vorkommen, das ist kein Problem.",geschehen,,,,,,,kommt vor,kam vor,ist vorgekommen,sein,,,Abschnitt 5,1266
A2-1267,Wäsche,die,,wasche,A2,Linie A2,Kapitel 14 – Freundschaft,n,laundry / washing,"Kleidung, die schmutzig ist und gewaschen werden muss oder gerade gewaschen wurde.",Ich muss heute die schmutzige Wäsche in die Waschmaschine tun.,,,,,,,,,,,,,,Abschnitt 5|nur Singular,1267
A2-1268,Freundschaft,die,-en,freundschaft,A2,Linie A2,Kapitel 14 – Freundschaft,n,friendship,"Die positive Beziehung zwischen Menschen, die sich mögen und vertrauen.",Eine gute Freundschaft hält oft ein ganzes Leben lang.,,,,,,,,,,,,,,Abschnitt 6,1268
A2-1269,freiwillig,,,freiwillig,A2,Linie A2,Kapitel 14 – Freundschaft,adj,voluntary,Wenn man eine Aufgabe ohne Zwang und gern von selbst macht.,Sie arbeitet am Wochenende freiwillig im Tierheim.,ehrenamtlich,,,,,,,,,,,freiwilliger,am freiwilligsten,Abschnitt 6,1269
A2-1270,wissenschaftlich,,,wissenschaftlich,A2,Linie A2,Kapitel 14 – Freundschaft,adj,scientific,Die Wissenschaft betreffend; mit exakten Methoden und Fakten gearbeitet.,"Er schreibt eine wichtige, wissenschaftliche Arbeit an der Universität.",,,,,,,,,,,,wissenschaftlicher,am wissenschaftlichsten,Abschnitt 6,1270
A2-1271,Untersuchung,die,-en,untersuchung,A2,Linie A2,Kapitel 14 – Freundschaft,n,investigation / study,Eine genaue Analyse oder Kontrolle von einem Thema ODER beim Arzt.,"Die medizinische Untersuchung hat gezeigt, dass er ganz gesund ist.",,,,,,,,,,,,,,Abschnitt 6,1271
A2-1272,bereit,,,bereit,A2,Linie A2,Kapitel 14 – Freundschaft,adj,ready / willing,"Fertig für eine Aktivität ODER einverstanden, etwas zu tun.","Der Zug fährt gleich ab, seid ihr alle bereit?",,,,,,,,,,,,bereiter,am bereitesten,Abschnitt 6,1272
A2-1273,Einfluss,der,Einflüsse,einfluss,A2,Linie A2,Kapitel 14 – Freundschaft,n,influence,"Die Wirkung, die eine Person oder Situation auf eine andere Sache hat.",Das Wetter hat oft einen großen Einfluss auf unsere gute Laune.,,,,,,,,,,,,,,Abschnitt 6,1273
A2-1274,emotional,,,emotional,A2,Linie A2,Kapitel 14 – Freundschaft,adj,emotional,Voller Gefühle; mit viel Emotionen verbunden.,Der Abschied am Flughafen war für alle sehr emotional.,,,,,,,,,,,,emotionaler,am emotionalsten,Abschnitt 6,1274
A2-1275,körperlich,,,korperlich,A2,Linie A2,Kapitel 14 – Freundschaft,adj,physical,Den Körper betreffend; das Gegenteil von mental oder geistig.,"Die Arbeit auf dem Bau ist eine schwere, körperliche Aktivität.",,,,,,,,,,,,körperlicher,am körperlichsten,Abschnitt 6,1275
A2-1276,verwirklichen,,,verwirklichen,A2,Linie A2,Kapitel 14 – Freundschaft,v,to realize / achieve (a dream),"Einen Wunsch, einen Plan oder einen Traum zur Realität machen.",Er möchte endlich seinen großen Traum von einer Weltreise verwirklichen.,schaffen,,,,,,,verwirklicht,verwirklichte,hat verwirklicht,haben,,,Abschnitt 6,1276
A2-1277,entstehen,,,entstehen,A2,Linie A2,Kapitel 14 – Freundschaft,v,to arise / develop,"Wenn eine neue Sache beginnt, zu existieren; sich entwickeln.",Aus diesem kleinen Projekt kann eine große Firma entstehen.,,,,,,,,entsteht,entstand,ist entstanden,sein,,,Abschnitt 6,1277
A2-1278,Diät-Programm,das,-e,diat-programm,A2,Linie A2,Kapitel 14 – Freundschaft,n,diet program,"Ein fester Plan mit speziellem Essen, um Gewicht zu verlieren.",Er macht seit zwei Wochen ein neues Diät-Programm.,,,,,,,,,,,,,,Abschnitt 6,1278
A2-1279,fit halten,,,fit halten,A2,Linie A2,Kapitel 14 – Freundschaft,v,to keep fit,"Sport machen, damit der Körper gesund und voller Energie bleibt.","Ich gehe dreimal in der Woche joggen, um mich fit zu halten.",,,,,,,,,,,,,,Abschnitt 6,1279
A2-1280,Selbstbewusstsein,das,,selbstbewusstsein,A2,Linie A2,Kapitel 14 – Freundschaft,n,self-confidence,Wenn man an seine eigenen Fähigkeiten glaubt und sich sicher fühlt.,Ein Erfolg bei der Arbeit stärkt das Selbstbewusstsein.,,,,,,,,,,,,,,Abschnitt 6|nur Singular,1280
A2-1281,stärken,,,starken,A2,Linie A2,Kapitel 14 – Freundschaft,v,to strengthen,"Etwas stabiler, kräftiger oder besser machen.",Sport kann die Muskeln und die Gesundheit stärken.,,,,,,,,stärkt,stärkte,hat gestärkt,haben,,,Abschnitt 6,1281
A2-1282,pflegen,,,pflegen,A2,Linie A2,Kapitel 14 – Freundschaft,v,to take care of / maintain,Sich um eine kranke Person kümmern ODER eine Freundschaft stabil halten.,Man muss eine gute Freundschaft regelmäßig pflegen.,sich kümmern um,,,,,,,pflegt,pflegte,hat gepflegt,haben,,,Abschnitt 6,1282
A2-1283,Sporttermin,der,-e,sporttermin,A2,Linie A2,Kapitel 14 – Freundschaft,n,sports appointment,"Ein fester Termin im Kalender, um Sport zu machen.",Ich habe heute Abend einen Sporttermin im Fitnessstudio.,,,,,,,,,,,,,,Abschnitt 6,1283
A2-1284,Krankheit,die,-en,krankheit,A2,Linie A2,Kapitel 14 – Freundschaft,n,illness / disease,Wenn der Körper nicht gesund ist (z. B. Grippe oder Fieber).,Wegen einer schweren Krankheit konnte er nicht zur Arbeit kommen.,,,,,,,,,,,,,,Abschnitt 6,1284
A2-1285,Trost,der,,trost,A2,Linie A2,Kapitel 14 – Freundschaft,n,comfort / consolation,"Nette Worte oder Hilfe für eine Person, die traurig ist.","Wenn ein Kind weint, braucht es den Trost der Eltern.",,,,,,,,,,,,,,Abschnitt 6|nur Singular,1285
A2-1286,Unterstützung,die,-en,unterstutzung,A2,Linie A2,Kapitel 14 – Freundschaft,n,support / assistance,Die Hilfe für jemanden bei einer schweren Aufgabe oder in einer Krise.,Vielen Dank für eure großartige Unterstützung beim Umzug.,Hilfe,,,,,,,,,,,,,Abschnitt 6,1286
A2-1287,zusammenhängen,,,zusammenhangen,A2,Linie A2,Kapitel 14 – Freundschaft,v,to be connected / related,Wenn zwei Dinge eine logische Verbindung miteinander haben.,Das schlechte Ergebnis kann mit dem Stress zusammenhängen.,,,,,,,,hängt zusammen,hing zusammen,hat zusammengehangen,haben,,,Abschnitt 6,1287
A2-1288,sich aussuchen,,,sich aussuchen,A2,Linie A2,Kapitel 14 – Freundschaft,v,to choose / select,Aus vielen Angeboten das beste Ding für sich selbst wählen.,Du darfst dir ein schönes Geschenk zum Geburtstag aussuchen.,auswählen|wählen,,,,,,,aussucht,aussuchte,hat geaussucht,haben,,,Abschnitt 6,1288
A2-1289,Alltagsproblem,das,-e,alltagsproblem,A2,Linie A2,Kapitel 14 – Freundschaft,n,everyday problem,"Eine normale Schwierigkeit, die im täglichen Leben oft vorkommt.",Ein Stau am Morgen ist ein typisches Alltagsproblem.,,,,,,,,,,,,,,Abschnitt 6,1289
A2-1290,komplett,,,komplett,A2,Linie A2,Kapitel 14 – Freundschaft,adj,completely / entire,Ganz; absolut fertig; einhundert Prozent.,Die Hausaufgabe ist jetzt komplett fertig.,,,,,,,,,,,,kompletter,am komplettesten,Abschnitt 7,1290
A2-1291,loben,,,loben,A2,Linie A2,Kapitel 14 – Freundschaft,v,to praise,"Jemandem sagen, dass er eine Aufgabe sehr gut gemacht hat; Komplimente machen.",Der Chef lobt den Mitarbeiter für das erfolgreiche Projekt.,,,,,,,,lobt,lobte,hat gelobt,haben,,,Abschnitt 7,1291
A2-1292,Puzzleteil,das,-e,puzzleteil,A2,Linie A2,Kapitel 14 – Freundschaft,n,puzzle piece,Ein einzelnes Stück von einem großen Puzzle-Spiel.,Ich kann das letzte Puzzleteil einfach nicht finden.,,,,,,,,,,,,,,Abschnitt 7,1292
A2-1293,Sprichwort,das,-wörter,sprichwort,A2,Linie A2,Kapitel 14 – Freundschaft,n,proverb / saying,"Ein bekannter, alter Satz mit einer Lebensregel (z. B. ""Morgenstund hat Gold im Mund"").","Ein deutsches Sprichwort sagt: ""Übung macht den Meister.""",,,,,,,,,,,,,,Abschnitt 7,1293
A2-1294,Vertrauen,das,,vertrauen,A2,Linie A2,Kapitel 14 – Freundschaft,n,trust / confidence,"Das sichere Gefühl, dass eine Person ehrlich, gut und zuverlässig ist.",Ich habe großes Vertrauen zu meinem besten Freund.,,,,,,,,,,,,,,Abschnitt 7|nur Singular,1294
A2-1295,Duft,der,Düfte,duft,A2,Linie A2,Kapitel 14 – Freundschaft,n,scent / fragrance,"Ein sehr angenehmer, schöner Geruch (z. B. von Blumen oder Parfüm).",Was für ein herrlicher Duft kommt da aus der Küche?,,,,,,,,,,,,,,Abschnitt 7,1295
A2-1296,Ämter und Behörden,,,amter und behorden,A2,Linie A2,Kapitel 15 – Ämter und Behörden,phrase,Offices and Authorities,*Header für die folgenden staatlichen Institutionen.*,Auf dieser Seite lernen wir Wörter für Ämter und Behörden.,,,,,,,,,,,,,,Abschnitt 1,1296
A2-1297,Amt,das,Ämter,amt,A2,Linie A2,Kapitel 15 – Ämter und Behörden,n,office / department,"Eine staatliche Stelle, an die man gehen muss, um offizielle Dokumente zu bekommen.","Ich muss heute zum Amt, um meinen Ausweis abzuholen.",Büro|Abteilung,,,,,,,,,,,,,Abschnitt 1,1297
A2-1298,Ausländerbehörde,die,,auslanderbehorde,A2,Linie A2,Kapitel 15 – Ämter und Behörden,n,immigration office,"Das spezielle Amt, das Visen und Aufenthaltserlaubnisse für Ausländer bearbeitet.",Ich habe morgen einen Termin bei der Ausländerbehörde.,,,,,,,,,,,,,,Abschnitt 1,1298
A2-1299,Einwohnermeldeamt,das,,einwohnermeldeamt,A2,Linie A2,Kapitel 15 – Ämter und Behörden,n,registration office,"Das Amt, bei dem man seine Wohnadresse anmelden oder ummelden muss.",Nach dem Umzug muss man sofort zum Einwohnermeldeamt gehen.,,,,,,,,,,,,,,Abschnitt 1,1299
A2-1300,Gesundheitsamt,das,,gesundheitsamt,A2,Linie A2,Kapitel 15 – Ämter und Behörden,n,health department,"Die staatliche Stelle, die für die öffentliche Gesundheit und Hygiene zuständig ist.",Das Gesundheitsamt kontrolliert die Sauberkeit in Restaurants.,,,,,,,,,,,,,,Abschnitt 1,1300
A2-1301,Konsulat,das,-e,konsulat,A2,Linie A2,Kapitel 15 – Ämter und Behörden,n,consulate,Die offizielle Vertretung eines Landes in einer ausländischen Stadt.,"Wenn ich einen neuen Reisepass aus meiner Heimat brauche, gehe ich zum Konsulat.",,,,,,,,,,,,,,Abschnitt 1,1301
A2-1302,Ordnungsamt,das,,ordnungsamt,A2,Linie A2,Kapitel 15 – Ämter und Behörden,n,public order office,"Die städtische Behörde, die für Sicherheit und Ordnung (z. B. Parkplatzkontrolle) sorgt.","Das Ordnungsamt kontrolliert, ob die Autos richtig parken.",,,,,,,,,,,,,,Abschnitt 1,1302
A2-1303,Standesamt,das,,standesamt,A2,Linie A2,Kapitel 15 – Ämter und Behörden,n,registry office,"Das Amt, bei dem man Heiraten, Geburten oder Sterbefälle offiziell anmeldet.",Wir heiraten nächsten Monat auf dem Standesamt.,,,,,,,,,,,,,,Abschnitt 1,1303
A2-1304,Aufenthaltserlaubnis,die,-se,aufenthaltserlaubnis,A2,Linie A2,Kapitel 15 – Ämter und Behörden,n,residence permit,"Ein offizielles Dokument, mit dem ein Ausländer legal in einem Land wohnen darf.",Ich möchte meine Aufenthaltserlaubnis verlängern lassen.,,,,,,,,,,,,,,Abschnitt 1,1304
A2-1305,Antrag,der,Anträge,antrag,A2,Linie A2,Kapitel 15 – Ämter und Behörden,n,application / form,"Ein offizielles Dokument oder Formular, mit dem man etwas beantragt.",Bitte füllen Sie diesen Antrag komplett aus.,App|Formular,,,,,,,,,,,,,Abschnitt 1,1305
A2-1306,einen Antrag stellen,,,einen antrag stellen,A2,Linie A2,Kapitel 15 – Ämter und Behörden,phrase,to submit an application,"Ein offizielles Dokument bei einem Amt einreichen, um etwas zu bekommen.",Ich muss bei der Behörde einen Antrag stellen.,,,,,,,,,,,,,,Abschnitt 1,1306
A2-1307,beantragen,,,beantragen,A2,Linie A2,Kapitel 15 – Ämter und Behörden,v,to apply for,Offiziell nach etwas fragen (z. B. ein Visum oder einen Pass).,Ich muss eine neue Aufenthaltserlaubnis beantragen.,,,,,,,,beantragt,beantragte,hat beantragt,haben,,,Abschnitt 1,1307
A2-1308,Abmeldung,die,-en,abmeldung,A2,Linie A2,Kapitel 15 – Ämter und Behörden,n,de-registration,"Das offizielle Dokument, wenn man seine Wohnung oder das Land verlässt.","Wenn man aus Deutschland wegzieht, braucht man eine Abmeldung.",,,,,,,,,,,,,,Abschnitt 1,1308
A2-1309,Ummeldung,die,-en,ummeldung,A2,Linie A2,Kapitel 15 – Ämter und Behörden,n,change of address registration,"Das offizielle Dokument, wenn man in eine neue Wohnung in derselben Stadt zieht.",Nach dem Umzug müssen Sie die Ummeldung schnell erledigen.,,,,,,,,,,,,,,Abschnitt 1,1309
A2-1310,sich ummelden,,,sich ummelden,A2,Linie A2,Kapitel 15 – Ämter und Behörden,v,to change one's registered address,"Dem Amt offiziell mitteilen, dass man eine neue Adresse hat.",Ich bin umgezogen und muss mich morgen beim Amt ummeldun.,,,,,,,,,,,,,,Abschnitt 1,1310
A2-1311,Sterbefall,der,Sterbefälle,sterbefall,A2,Linie A2,Kapitel 15 – Ämter und Behörden,n,death / bereavement,Wenn eine Person stirbt und man das beim Amt melden muss.,Das Standesamt registriert alle Sterbefälle in der Stadt.,,,,,,,,,,,,,,Abschnitt 1,1311
A2-1312,Schulung,die,-en,schulung,A2,Linie A2,Kapitel 15 – Ämter und Behörden,n,training / course,"Ein Kurs, in dem man praktische Dinge für die Arbeit oder ein Thema lernt.",Für meinen neuen Job muss ich eine Schulung machen.,Ausbildung,,,,,,,,,,,,,Abschnitt 1,1312
A2-1313,Hygiene,die,,hygiene,A2,Linie A2,Kapitel 15 – Ämter und Behörden,n,hygiene / cleanliness,"Die Sauberkeit, um Krankheiten zu vermeiden.",In einer Küche ist eine gute Hygiene absolut notwendig.,,,,,,,,,,,,,,Abschnitt 1|nur Singular,1313
A2-1314,Hygieneschulung,die,-en,hygieneschulung,A2,Linie A2,Kapitel 15 – Ämter und Behörden,n,hygiene training,"Ein Kurs, in dem man lernt, wie man Lebensmittel sauber und sicher verarbeitet.",Arbeiter in Restaurants müssen eine Hygieneschulung besuchen.,,,,,,,,,,,,,,Abschnitt 1,1314
A2-1315,Fundsache,die,-n,fundsache,A2,Linie A2,Kapitel 15 – Ämter und Behörden,n,lost property / found item,"Eine Sache, die jemand verloren und eine andere Person gefunden hat.",Der Busfahrer bringt die Fundsachen zum Büro.,,,,,,,,,,,,,,Abschnitt 1,1315
A2-1316,Brieftasche,die,-n,brieftasche,A2,Linie A2,Kapitel 15 – Ämter und Behörden,n,wallet / pocketbook,Eine kleine Tasche aus Leder oder Stoff für Geld und Karten; das Portemonnaie.,Ich habe meine Brieftasche in der Jacke.,,,,,,,,,,,,,,Abschnitt 1,1316
A2-1317,Fahrzeugpapiere,die,,fahrzeugpapiere,A2,Linie A2,Kapitel 15 – Ämter und Behörden,n,vehicle registration documents,Die offiziellen Dokumente für ein Auto oder Motorrad.,Bei einer Polizeikontrolle muss man die Fahrzeugpapiere zeigen.,,,,,,,,,,,,,,Abschnitt 1,1317
A2-1318,Heirat,die,-en,heirat,A2,Linie A2,Kapitel 15 – Ämter und Behörden,n,marriage / wedding,Die offizielle Hochzeit von zwei Personen auf dem Standesamt.,Nach der Heirat haben sie denselben Nachnamen.,Hochzeit,,,,,,,,,,,,,Abschnitt 1,1318
A2-1319,Visum,das,Visa,visum,A2,Linie A2,Kapitel 15 – Ämter und Behörden,n,visa,"Eine offizielle Erlaubnis im Pass, mit der man in ein Land reisen darf.",Für die Reise nach Amerika brauche ich ein Visum.,,,,,,,,,,,,,,Abschnitt 1,1319
A2-1320,Wegweiser,der,,wegweiser,A2,Linie A2,Kapitel 15 – Ämter und Behörden,n,signpost / guide,"Ein Schild auf der Straße oder im Amt, das die Richtung zeigt.",Folgen Sie dem Wegweiser zum Ausgang.,,,,,,,,,,,,,,Abschnitt 1,1320
A2-1321,Wartebereich,der,-e,wartebereich,A2,Linie A2,Kapitel 15 – Ämter und Behörden,n,waiting area,"Der Raum oder die Zone in einer Behörde, wo man sitzen und warten muss.",Bitte nehmen Sie im Wartebereich Platz.,,,,,,,,,,,,,,Abschnitt 1,1321
A2-1322,Wartenummer,die,-n,wartenummer,A2,Linie A2,Kapitel 15 – Ämter und Behörden,n,waiting number,"Eine Nummer auf einem kleinen Zettel, die zeigt, wann man an der Reihe ist.",Sie müssen am Automaten eine Wartenummer ziehen.,,,,,,,,,,,,,,Abschnitt 1,1322
A2-1323,eine Wartenummer ziehen,,,eine wartenummer ziehen,A2,Linie A2,Kapitel 15 – Ämter und Behörden,phrase,to draw a waiting number,Einen Zettel mit einer Nummer aus einem Automaten nehmen.,Im Amt muss man zuerst eine Wartenummer ziehen.,,,,,,,,,,,,,,Abschnitt 1,1323
A2-1324,Sachbearbeiter,der,,sachbearbeiter,A2,Linie A2,Kapitel 15 – Ämter und Behörden,n,clerk / caseworker (male),"Der Angestellte im Amt, der ein bestimmtes Dokument oder Problem bearbeitet.",Der Sachbearbeiter kontrolliert meine Dokumente.,Sachbearbeiterin|Verkäufer|Verkäuferin,,,,,,,,,,,,,Abschnitt 1,1324
A2-1325,Sachbearbeiterin,die,-nen,sachbearbeiterin,A2,Linie A2,Kapitel 15 – Ämter und Behörden,n,clerk / caseworker (female),"Eine Angestellte in einer Behörde, die für Kunden zuständig ist.",Die Sachbearbeiterin hat mir bei dem Formular geholfen.,Sachbearbeiter|Verkäufer|Verkäuferin,,,,,,,,,,,,,Abschnitt 1,1325
A2-1326,Stempel,der,,stempel,A2,Linie A2,Kapitel 15 – Ämter und Behörden,n,stamp,"Ein Werkzeug mit Tinte, mit dem man ein offizielles Zeichen auf ein Papier macht.",Das Dokument ist erst mit einem Stempel gültig.,,,,,,,,,,,,,,Abschnitt 1,1326
A2-1327,zuletzt,,,zuletzt,A2,Linie A2,Kapitel 15 – Ämter und Behörden,adv,lastly / most recently / at last,Als letzte Sache ODER vor kurzer Zeit.,Wann waren Sie zuletzt bei der Ausländerbehörde?,,,,,,,,,,,,,,Abschnitt 1,1327
A2-1328,betrunken,,,betrunken,A2,Linie A2,Kapitel 15 – Ämter und Behörden,v,drunk,Wenn man zu viel Alkohol getrunken hat und nicht mehr Auto fahren darf.,"Wer betrunken Auto fährt, verliert seinen Führerschein.",,,,,,,,betrunkt,betrunkte,hat betrunkt,haben,,,Abschnitt 2-3,1328
A2-1329,Bremslicht,das,-er,bremslicht,A2,Linie A2,Kapitel 15 – Ämter und Behörden,n,brake light,"Das rote Licht am hinteren Teil des Autos, das leuchtet, wenn man bremst.",An deinem Auto ist das linke Bremslicht kaputt.,,,,,,,,,,,,,,Abschnitt 2-3,1329
A2-1330,Fahrstunde,die,-n,fahrstunde,A2,Linie A2,Kapitel 15 – Ämter und Behörden,n,driving lesson,Die praktische Übung mit einem Auto in der Fahrschule.,Ich habe heute Nachmittag meine erste Fahrstunde.,,,,,,,,,,,,,,Abschnitt 2-3,1330
A2-1331,Theorie-Kurs,der,-e,theorie-kurs,A2,Linie A2,Kapitel 15 – Ämter und Behörden,n,theory course,"Der Unterricht in der Fahrschule, bei dem man die Verkehrsregeln lernt.",Vor der praktischen Prüfung muss man den Theorie-Kurs besuchen.,,,,,,,,,,,,,,Abschnitt 2-3,1331
A2-1332,Bußgeld,das,-er,bussgeld,A2,Linie A2,Kapitel 15 – Ämter und Behörden,n,fine / penalty,"Das Geld, das man als Strafe bezahlen muss, wenn man eine Verkehrsregel bricht.","Muss ich das Bußgeld bezahlen, weil ich zu schnell gefahren bin?",,,,,,,,,,,,,,Abschnitt 4,1332
A2-1333,Bußgeldbescheid,der,-e,bussgeldbescheid,A2,Linie A2,Kapitel 15 – Ämter und Behörden,n,traffic ticket / notice of a fine,"Der offizielle Brief von der Behörde, in dem steht, wie viel Strafe man zahlen muss.",Gestern habe ich einen Bußgeldbescheid per Post bekommen.,,,,,,,,,,,,,,Abschnitt 4,1333
A2-1334,Blitzer,der,,blitzer,A2,Linie A2,Kapitel 15 – Ämter und Behörden,n,speed camera,"Ein Gerät an der Straße, das automatisch ein Foto von Autos macht, die zu schnell fahren.",Hast du den Blitzer dort drüben nicht gesehen?,,,,,,,,,,,,,,Abschnitt 4,1334
A2-1335,Fahrverbot,das,-e,fahrverbot,A2,Linie A2,Kapitel 15 – Ämter und Behörden,n,driving ban,"Die Strafe, bei der man für eine bestimmte Zeit (z. B. einen Monat) kein Auto fahren darf.",Nach dem schweren Fehler hat er ein Fahrverbot bekommen.,,,,,,,,,,,,,,Abschnitt 4,1335
A2-1336,Einspruch,der,Einsprüche,einspruch,A2,Linie A2,Kapitel 15 – Ämter und Behörden,n,objection / appeal,Der offizielle Protest gegen eine Entscheidung von einem Amt oder Gericht.,Sie können gegen den Bußgeldbescheid einen Einspruch einlegen.,Widerspruch,,,,,,,,,,,,,Abschnitt 4,1336
A2-1337,Einspruch einlegen,,,einspruch einlegen,A2,Linie A2,Kapitel 15 – Ämter und Behörden,v,to lodge an appeal / object,"Offiziell sagen oder schreiben, dass man mit einer Strafe nicht einverstanden ist.",Mein Anwalt möchte gegen das Urteil Einspruch einlegen.,,,,,,,,,,,,,,Abschnitt 4,1337
A2-1338,protestieren,,,protestieren,A2,Linie A2,Kapitel 15 – Ämter und Behörden,v,to protest,"Laut und offiziell sagen, dass man gegen eine Entscheidung oder Situation ist.",Die Menschen auf der Straße protestieren gegen die neuen Regeln.,demonstrieren,,,,,,,protestiert,protestierte,hat protestiert,haben,,,Abschnitt 4,1338
A2-1339,Betrag,der,die Beträge,betrag,A2,Linie A2,Kapitel 15 – Ämter und Behörden,n,amount / sum,Eine bestimmte Summe von Geld.,Bitte überweisen Sie den Betrag innerhalb von zwei Wochen.,,,,,,,,,,,,,,Abschnitt 4,1339
A2-1340,Frist,die,-en,frist,A2,Linie A2,Kapitel 15 – Ämter und Behörden,n,deadline / time limit,"Die Zeit, bis zu der man eine Aufgabe fertig machen oder Geld bezahlen muss.",Die Frist für die Bezahlung endet am Freitag.,,,,,,,,,,,,,,Abschnitt 4,1340
A2-1341,jedenfalls,,,jedenfalls,A2,Linie A2,Kapitel 15 – Ämter und Behörden,adj,in any case / at all events,"Auf jeden Fall; egal, was passiert.","Das Wetter ist schlecht, aber ich gehe jedenfalls zum Termin.",,,,,,,,,,,,jedenfallser,am jedenfallsesten,Abschnitt 4,1341
A2-1342,ob,,,ob,A2,Linie A2,Kapitel 15 – Ämter und Behörden,adj,whether / if,"Ein Wort, das eine Frage mit Ja oder Nein in einem Nebensatz verbindet.","Ich weiß noch nicht, ob das Amt morgen geöffnet hat.",,,,,,,,,,,,ober,am obsten,Abschnitt 4,1342
A2-1343,Goldkette,die,-n,goldkette,A2,Linie A2,Kapitel 15 – Ämter und Behörden,n,gold chain / necklace,"Eine Kette aus echtem Gold, die man um den Hals trägt.",Sie hat eine wertvolle Goldkette verloren.,Kette,,,,,,,,,,,,,Abschnitt 5,1343
A2-1344,verschwinden,,,verschwinden,A2,Linie A2,Kapitel 15 – Ämter und Behörden,v,to disappear,"Plötzlich nicht mehr da sein; weg sein, so dass man es nicht findet.","Mein Schlüssel ist weg, er ist einfach verschwunden.",,,,,,,,verschwindet,verschwand,ist verschwunden,sein,,,Abschnitt 5,1344
A2-1345,stehlen,,,stehlen,A2,Linie A2,Kapitel 15 – Ämter und Behörden,v,to steal,Eine Sache von einer anderen Person ohne Erlaubnis wegsperren oder mitnehmen.,Jemand hat mein Fahrrad gestohlen. / Ist die Kette gestohlen?,,,,,,,,stiehlt,stahl,hat gestohlen,haben,,,Abschnitt 5,1345
A2-1346,Fundsuche,die,,fundsuche,A2,Linie A2,Kapitel 15 – Ämter und Behörden,n,search for lost property,Die Suche nach verlorenen Dingen (oft digital im Internet).,Auf der Website der Stadt gibt es eine praktische Online-Fundsuche.,,,,,,,,,,,,,,Abschnitt 5|nur Singular,1346
A2-1347,Online-Fundsuche,die,,online-fundsuche,A2,Linie A2,Kapitel 15 – Ämter und Behörden,n,online lost and found search,"Die digitale Suche im Internet nach Gegenständen, die im Fundbüro abgegeben wurden.","Ich versuche es mit der Online-Fundsuche, um mein Handy zu finden.",,,,,,,,,,,,,,Abschnitt 5,1347
A2-1348,Finderlohn,der,-löhne,finderlohn,A2,Linie A2,Kapitel 15 – Ämter und Behörden,n,finder's reward,"Das Geld, das man als Dankeschön bekommt, wenn man eine verlorene Sache findet und zurückgibt.",Er hat die Brieftasche zurückgebracht und einen guten Finderlohn erhalten.,,,,,,,,,,,,,,Abschnitt 5,1348
A2-1349,behalten,,,behalten,A2,Linie A2,Kapitel 15 – Ämter und Behörden,v,to keep,"Eine Sache nicht zurückgeben oder wegwerfen, sondern für sich selbst behalten.",Du darfst den Stift gern behalten.,,,,,,,,behaltet,behaltete,hat behaltet,haben,,,Abschnitt 5,1349
A2-1350,Besitzer,der,,besitzer,A2,Linie A2,Kapitel 15 – Ämter und Behörden,n,owner (male),"Die Person, der eine Sache im Moment gehört.",Die Polizei sucht den Besitzer des roten Autos.,Besitzerin,,,,,,,,,,,,,Abschnitt 5,1350
A2-1351,Besitzerin,die,-nen,besitzerin,A2,Linie A2,Kapitel 15 – Ämter und Behörden,n,owner (female),"Eine Frau, der ein Gegenstand oder ein Haus gehört.",Die Besitzerin des Hundes ist sehr nett.,Besitzer,,,,,,,,,,,,,Abschnitt 5,1351
A2-1352,nirgends,,,nirgends,A2,Linie A2,Kapitel 15 – Ämter und Behörden,adv,nowhere,An keinem einzigen Ort; nirgendwo.,"Ich kann meinen Pass finden, er ist nirgends.",,,,,,,,,,,,,,Abschnitt 5,1352
A2-1353,Beschreibung,die,-en,beschreibung,A2,Linie A2,Kapitel 15 – Ämter und Behörden,n,description,"Ein Text oder Worte, die genau erklären, wie eine Sache aussieht.",Bitte schreiben Sie eine genaue Beschreibung von der verlorenen Tasche.,,,,,,,,,,,,,,Abschnitt 5,1353
A2-1354,Inhalt,der,-e,inhalt,A2,Linie A2,Kapitel 15 – Ämter und Behörden,n,content,"Das, was in einer Tasche, einer Box oder einem Buch drin ist.",Was war der Inhalt von dem Paket?,,,,,,,,,,,,,,Abschnitt 5,1354
A2-1355,Reisetasche,die,-n,reisetasche,A2,Linie A2,Kapitel 15 – Ämter und Behörden,n,travel bag,"Eine große, weiche Tasche für Kleidung, wenn man verreist.",Ich packe meine Sachen in eine Reisetasche.,,,,,,,,,,,,,,Abschnitt 5,1355
A2-1356,Bankkarte,die,-n,bankkarte,A2,Linie A2,Kapitel 15 – Ämter und Behörden,n,bank card / debit card,"Die Karte aus Plastik von der Bank, mit der man am Automaten Geld holt.","Ich muss meine Bankkarte sperren lassen, weil ich sie verloren habe.",,,,,,,,,,,,,,Abschnitt 5,1356
A2-1357,Deutschbuch,das,-bücher,deutschbuch,A2,Linie A2,Kapitel 15 – Ämter und Behörden,n,German book,"Ein Buch, mit dem man die deutsche Sprache lernt.",Vergiss bitte dein Deutschbuch nicht für den Kurs.,,,,,,,,,,,,,,Abschnitt 5,1357
A2-1358,Behördenbrief,der,-e,behordenbrief,A2,Linie A2,Kapitel 15 – Ämter und Behörden,n,official letter,Ein offizieller Brief von einem staatlichen Amt oder einer Behörde.,Ich habe heute einen wichtigen Behördenbrief bekommen.,,,,,,,,,,,,,,Abschnitt 6,1358
A2-1359,Behördensprache,die,,behordensprache,A2,Linie A2,Kapitel 15 – Ämter und Behörden,n,official/bureaucratic language,"Das offizielle, oft schwierige Deutsch, das Ämter in Briefen benutzen.",Die Behördensprache ist für Anfänger oft schwer zu verstehen.,,,,,,,,,,,,,,Abschnitt 6|nur Singular,1359
A2-1360,Beschäftigung,die,-en,beschaftigung,A2,Linie A2,Kapitel 15 – Ämter und Behörden,n,employment / activity,"Die Arbeit oder Aktivität, die man macht.",Er sucht eine neue Beschäftigung in einem Büroberuf.,Tätigkeit|Aktivität,,,,,,,,,,,,,Abschnitt 6,1360
A2-1361,eine Beschäftigung ausüben,,,eine beschaftigung ausuben,A2,Linie A2,Kapitel 15 – Ämter und Behörden,phrase,to work / hold a job,Einen Beruf oder eine Arbeit offiziell machen.,Mit diesem Visum dürfen Sie eine Beschäftigung ausüben.,,,,,,,,,,,,,,Abschnitt 6,1361
A2-1362,bearbeiten,,,bearbeiten,A2,Linie A2,Kapitel 15 – Ämter und Behörden,v,to process / work on,Eine Aufgabe oder ein Dokument kontrollieren und fertig machen.,Die Ausländerbehörde muss meinen Antrag bearbeiten.,,,,,,,,bearbeitet,bearbeitete,hat bearbeitet,haben,,,Abschnitt 6,1362
A2-1363,einen Antrag bearbeiten,,,einen antrag bearbeiten,A2,Linie A2,Kapitel 15 – Ämter und Behörden,phrase,to process an application,Ein offizielles Formular kontrollieren und prüfen.,Der Sachbearbeiter wird noch heute einen Antrag bearbeiten.,,,,,,,,,,,,,,Abschnitt 6,1363
A2-1364,benötigen,,,benotigen,A2,Linie A2,Kapitel 15 – Ämter und Behörden,v,to need / require,"Ein anderes, offizielles Wort für ""brauchen"".",Für die Anmeldung benötigen Sie einen gültigen Pass.,,,,,,,,benötigt,benötigte,hat benötigt,haben,,,Abschnitt 6,1364
A2-1365,Leistung,die,-en,leistung,A2,Linie A2,Kapitel 15 – Ämter und Behörden,n,benefit / performance,Die finanzielle Hilfe vom Staat ODER das Resultat von einer Arbeit.,"Er bekommt soziale Leistungen vom Amt, weil er momentan keine Arbeit hat.",,,,,,,,,,,,,,Abschnitt 6,1365
A2-1366,Leistungen beziehen,,,leistungen beziehen,A2,Linie A2,Kapitel 15 – Ämter und Behörden,v,to receive benefits,Geld oder Hilfe vom Staat bekommen.,Menschen ohne Arbeit können staatliche Leistungen beziehen.,,,,,,,,,,,,,,Abschnitt 6,1366
A2-1367,Unterlage,die,-n / Unterlagen einreichen,unterlage,A2,Linie A2,Kapitel 15 – Ämter und Behörden,n,document / to submit documents,Offizielle Dokumente / Dokumente bei einer Behörde abgeben.,Sie müssen alle wichtigen Unterlagen einreichen. / Mir liegen noch nicht alle Unterlagen vor.,,,,,,,,,,,,,,Abschnitt 6,1367
A2-1368,Beratungstermin,der,-e,beratungstermin,A2,Linie A2,Kapitel 15 – Ämter und Behörden,n,counseling appointment,"Ein fester Termin für ein Gespräch, bei dem man Informationen oder Tipps bekommt.",Ich habe morgen einen Beratungstermin bei der Berufsberatung.,,,,,,,,,,,,,,Abschnitt 6,1368
A2-1369,einen Beratungstermin wahrnehmen,,,einen beratungstermin wahrnehmen,A2,Linie A2,Kapitel 15 – Ämter und Behörden,phrase,to attend a counseling appointment,Zu einem vereinbarten Termin für ein Gespräch gehen.,Sie müssen einen Beratungstermin pünktlich wahrnehmen.,,,,,,,,,,,,,,Abschnitt 6,1369
A2-1370,Bescheinigung,die,-en,bescheinigung,A2,Linie A2,Kapitel 15 – Ämter und Behörden,n,certificate / confirmation,"Ein offizielles Papier, das eine Information oder Tatsache bestätigt.","Der Arzt gibt mir eine Bescheinigung, dass ich krank war.",,,,,,,,,,,,,,Abschnitt 6,1370
A2-1371,Erlebnis,das,-se,erlebnis,A2,Linie A2,Kapitel 15 – Ämter und Behörden,n,experience / adventure,"Eine besondere Situation, an die man sich lang erinnert.",Die Reise nach Berlin war ein tolles Erlebnis.,Erfahrung,,,,,,,,,,,,,Abschnitt 6,1371
A2-1372,Eissalon,der,-s,eissalon,A2,Linie A2,Kapitel 15 – Ämter und Behörden,n,ice cream parlor,"Ein Café oder Geschäft, in dem man Eis kaufen und essen kann.",Nach dem Amt gehen wir in den Eissalon.,,,,,,,,,,,,,,Abschnitt 6,1372
A2-1373,klären,,,klaren,A2,Linie A2,Kapitel 15 – Ämter und Behörden,v,to clarify / resolve,Eine offizielle Frage oder ein Problem besprechen und eine Lösung finden.,Wir müssen diese wichtige Frage direkt beim Amt klären.,,,,,,,,klärt,klärte,hat geklärt,haben,,,Abschnitt 7,1373
A2-1374,Angestellte,der/die,-n,angestellte,A2,Linie A2,Kapitel 15 – Ämter und Behörden,n,employee,"Eine Person, die in einer Firma oder bei einer Behörde arbeitet und ein Gehalt bekommt.",Er arbeitet als Angestellter beim Standesamt.,,,,,,,,,,,,,,Abschnitt 7,1374
A2-1375,Wiederholung,die,-en,wiederholung,A2,Linie A2,Kapitel 15 – Ämter und Behörden,n,repetition / review,"Wenn man eine Sache noch einmal macht oder lernt, um sie besser zu behalten.",Die Wiederholung von Vokabeln ist sehr wichtig für den Erfolg.,,,,,,,,,,,,,,Abschnitt 7,1375
A2-1376,Mappe,die,-n,mappe,A2,Linie A2,Kapitel 15 – Ämter und Behörden,n,folder / file,"Eine Tasche aus Plastik oder Karton, in der man wichtige Dokumente sammelt.",Sammeln Sie alle wichtigen Dokumente in einer Mappe.,Datei,,,,,,,,,,,,,Abschnitt 7,1376
A2-1377,da sein,,,da sein,A2,Linie A2,Kapitel 15 – Ämter und Behörden,phrase,to be there / present,An einem bestimmten Ort anwesend sein.,Wann muss ich morgen da sein?,,,,,,,,,,,,,,Abschnitt 7,1377
A2-1378,Rolle,die,-n,rolle,A2,Linie A2,Kapitel 15 – Ämter und Behörden,n,role,Die Funktion von einer Person in einer Situation ODER der Part von einem Schauspieler.,Welche Rolle spielen die Dokumente für den Antrag?,,,,,,,,,,,,,,Abschnitt 7,1378
A2-1379,Station,die,-en,station,A2,Linie A2,Kapitel 15 – Ämter und Behörden,n,station / stop ODER ward,Ein Stopp im Verkehr ODER eine Abteilung im Krankenhaus.,Der Zug hält an der nächsten Station.,,,,,,,,,,,,,,Abschnitt 7,1379
A2-1380,Verkehrskontrolle,die,-n,verkehrskontrolle,A2,Linie A2,Kapitel 15 – Ämter und Behörden,n,traffic stop / police check,"Wenn die Polizei Autos auf der Straße stoppt, um Führerschein und Papiere zu prüfen.",Die Polizei führt heute eine allgemeine Verkehrskontrolle durch.,,,,,,,,,,,,,,Abschnitt 7,1380
A2-1381,Feste und Feiern,,,feste und feiern,A2,Linie A2,Kapitel 16 – Das feiern wir!,phrase,Festivals and Celebrations,*Header für die folgenden festlichen Ereignisse.*,In diesem Kapitel lernen wir Wörter über Feste und Feiern.,,,,,,,,,,,,,,Abschnitt 1,1381
A2-1382,Karneval,der,,karneval,A2,Linie A2,Kapitel 16 – Das feiern wir!,n,carnival,"Ein Fest im Februar, bei dem sich die Menschen lustig verkleiden und auf der Straße feiern.",Im Rheinland feiert man den Karneval besonders groß.,,,,,,,,,,,,,,Abschnitt 1|nur Singular,1382
A2-1383,"Ostern, -",,,"ostern, -",A2,Linie A2,Kapitel 16 – Das feiern wir!,phrase,Easter,"Ein christliches Fest im Frühling, an dem Kinder bunte Eier suchen.",Zu Ostern essen wir oft zusammen mit der Familie Kuchen.,,,,,,,,,,,,,,Abschnitt 1,1383
A2-1384,"Silvester, -",,,"silvester, -",A2,Linie A2,Kapitel 16 – Das feiern wir!,phrase,New Year's Eve,"Der letzte Tag des Jahres (31. Dezember), an dem man um Mitternacht feiert.",An Silvester gibt es immer ein schönes Feuerwerk.,,,,,,,,,,,,,,Abschnitt 1,1384
A2-1385,Neujahr,,,neujahr,A2,Linie A2,Kapitel 16 – Das feiern wir!,n,New Year's Day,Der erste Tag des neuen Jahres (1. Januar).,Am Neujahr schlafen die meisten Menschen sehr lange.,Neujahrstag,,,,,,,,,,,,,Abschnitt 1|nur Singular,1385
A2-1386,Geburtstag,der,-e,geburtstag,A2,Linie A2,Kapitel 16 – Das feiern wir!,n,birthday,"Der Tag im Jahr, an dem man geboren ist und an dem man feiert.",Ich lade dich herzlich zu meinem Geburtstag ein.,,,,,,,,,,,,,,Abschnitt 1,1386
A2-1387,Nachbarschaftsfest,das,-e,nachbarschaftsfest,A2,Linie A2,Kapitel 16 – Das feiern wir!,n,neighborhood festival,"Eine Feier, die die Menschen aus derselben Straße zusammen organisieren.",Unser Nachbarschaftsfest macht immer großen Spaß.,,,,,,,,,,,,,,Abschnitt 1,1387
A2-1388,Schulabschlussfeier,die,-n,schulabschlussfeier,A2,Linie A2,Kapitel 16 – Das feiern wir!,n,school graduation party,"Ein Fest am Ende der Schulzeit, wenn man das Zeugnis bekommt.",Nach den Prüfungen freuen wir uns auf die Schulabschlussfeier.,,,,,,,,,,,,,,Abschnitt 1,1388
A2-1389,Abschiedsfeier,die,-n,abschiedsfeier,A2,Linie A2,Kapitel 16 – Das feiern wir!,n,farewell party,"Ein Fest für eine Person, die die Firma verlässt oder in eine andere Stadt zieht.",Wir organisieren eine Abschiedsfeier für unsere Kollegin.,,,,,,,,,,,,,,Abschnitt 1,1389
A2-1390,Einzugsparty,die,-s,einzugsparty,A2,Linie A2,Kapitel 16 – Das feiern wir!,n,housewarming party,"Eine Party, die man feiert, wenn man in eine neue Wohnung zieht.",Kommst du am Samstag zu unserer Einzugsparty?,,,,,,,,,,,,,,Abschnitt 1,1390
A2-1391,Maske,die,-n,maske,A2,Linie A2,Kapitel 16 – Das feiern wir!,n,mask,"Ein Ding aus Papier oder Plastik, das man vor das Gesicht macht, um nicht erkannt zu werden.",Zum Karneval trägt er eine lustige Maske.,,,,,,,,,,,,,,Abschnitt 1,1391
A2-1392,sich verkleiden,,,sich verkleiden,A2,Linie A2,Kapitel 16 – Das feiern wir!,v,to dress up / wear a costume,"Spezielle Kleidung oder ein Kostüm anziehen, um wie eine andere Person oder ein Tier auszusehen.",Die Kinder möchten sich als Superhelden verkleiden.,,,,,,,,verkleidet,verkleidete,hat verkleidet,haben,,,Abschnitt 1,1392
A2-1393,Gast,der,Gäste,gast,A2,Linie A2,Kapitel 16 – Das feiern wir!,n,guest,"Eine Person, die man zu einer Party oder nach Hause einlädt.",Unsere Gäste kommen um 18 Uhr an.,,,,,,,,,,,,,,Abschnitt 1,1393
A2-1394,feiern,,,feiern,A2,Linie A2,Kapitel 16 – Das feiern wir!,v,to celebrate,Eine Party machen und mit anderen Menschen fröhlich sein.,Wir wollen am Wochenende den Geburtstag meiner Mutter feiern.,,,,,,,,feiert,feierte,hat gefeiert,haben,,,Abschnitt 1,1394
A2-1395,Laune,die,-n,laune,A2,Linie A2,Kapitel 16 – Das feiern wir!,n,mood,Das aktuelle Gefühl einer Person (z. B. fröhlich oder traurig sein).,Das schöne Wetter bringt mich immer in gute Laune. / Die Leute haben gute Laune.,Stimmung,,,,,,,,,,,,,Abschnitt 1,1395
A2-1396,Uniabschluss,der,-abschlüsse,uniabschluss,A2,Linie A2,Kapitel 16 – Das feiern wir!,n,university graduation,Das erfolgreiche Ende des Studiums an einer Universität.,Nach dem Uniabschluss sucht er eine feste Stelle.,,,,,,,,,,,,,,Abschnitt 1,1396
A2-1397,dagegen,,,dagegen,A2,Linie A2,Kapitel 16 – Das feiern wir!,v,against it ↔ for it,Wenn man eine Idee nicht gut findet ↔ wenn man eine Idee gut findet.,Seid ihr für den Vorschlag oder dagegen? – Ich bin dafür. / Ich bin dagegen/dafür.,,dafür,,,,,,dagegt,dagegte,hat gedagegt,haben,,,Abschnitt 1,1397
A2-1398,Ort,der,-e,ort,A2,Linie A2,Kapitel 16 – Das feiern wir!,n,place / location,"Ein bestimmter Platz, ein Dorf oder eine Stadt.",Welcher Ort ist am besten für unsere Party?,,,,,,,,,,,,,,Abschnitt 1,1398
A2-1399,Termin,der,-e,termin,A2,Linie A2,Kapitel 16 – Das feiern wir!,n,appointment / date,Eine vereinbarte Zeit für ein Treffen (z. B. beim Arzt oder mit Freunden).,Ich habe morgen einen wichtigen Termin beim Chef.,,,,,,,,,,,,,,Abschnitt 1,1399
A2-1400,Programm,das,-e,programm,A2,Linie A2,Kapitel 16 – Das feiern wir!,n,program / schedule,Der geplante Ablauf von einer Feier oder einer Veranstaltung.,Auf dem Programm für das Fest steht auch Live-Musik.,Fahrplan|Stundenplan,,,,,,,,,,,,,Abschnitt 1,1400
A2-1401,Festessen,das,,festessen,A2,Linie A2,Kapitel 16 – Das feiern wir!,n,festive meal / feast,Ein besonders leckeres und großes Essen für eine Feier.,Zu Weihnachten gibt es bei uns immer ein großes Festessen.,,,,,,,,,,,,,,Abschnitt 4,1401
A2-1402,Abschied,der,-e,abschied,A2,Linie A2,Kapitel 16 – Das feiern wir!,n,farewell / goodbye,"Der Moment, in dem man ""Auf Wiedersehen"" zu einer Person sagt.",Der Abschied von den Kollegen war ein bisschen traurig.,,,,,,,,,,,,,,Abschnitt 5,1402
A2-1403,langjährig,,,langjahrig,A2,Linie A2,Kapitel 16 – Das feiern wir!,adj,long-term / of many years,Wenn eine Sache oder Beziehung schon viele Jahre dauert.,Vielen Dank für die langjährige Zusammenarbeit in unserer Firma!,,,,,,,,,,,,langjähriger,am langjährigsten,Abschnitt 5,1403
A2-1404,bedauern,,,bedauern,A2,Linie A2,Kapitel 16 – Das feiern wir!,v,to regret / pity,"Sagen oder fühlen, dass man eine Situation sehr schade findet.","Wir bedauern es sehr, dass Sie unsere Firma verlassen.",,,,,,,,bedauert,bedauerte,hat bedauert,haben,,,Abschnitt 5,1404
A2-1405,genießen,,,geniessen,A2,Linie A2,Kapitel 16 – Das feiern wir!,v,to enjoy,Eine positive Situation oder leckeres Essen intensiv und glücklich erleben.,Im Urlaub möchte ich einfach nur die Sonne genießen.,,,,,,,,genießt,genoss,hat genossen,haben,,,Abschnitt 5,1405
A2-1406,Ruhestand,der,,ruhestand,A2,Linie A2,Kapitel 16 – Das feiern wir!,n,retirement,"Die Zeit im Leben, in der man alt ist und nicht mehr arbeiten muss; die Rente.",Mein Vater freut sich sehr auf seinen Ruhestand.,,,,,,,,,,,,,,Abschnitt 5|nur Singular,1406
A2-1407,Glückwunschkarte,die,-n,gluckwunschkarte,A2,Linie A2,Kapitel 16 – Das feiern wir!,n,greeting card,"Eine schöne Karte aus Papier, auf die man nette Wünsche für eine Person schreibt.",Ich kaufe eine Glückwunschkarte zur Hochzeit meiner Schwester.,,,,,,,,,,,,,,Abschnitt 5,1407
A2-1408,gratulieren,,,gratulieren,A2,Linie A2,Kapitel 16 – Das feiern wir!,v,to congratulate,"Jemandem ""Herzlichen Glückwunsch"" zu einem Erfolg oder Geburtstag sagen.",Ich möchte dir ganz herzlich zum Geburtstag gratulieren.,,,,,,,,gratuliert,gratulierte,hat gratuliert,haben,,,Abschnitt 5,1408
A2-1409,Hochzeit,die,-en,hochzeit,A2,Linie A2,Kapitel 16 – Das feiern wir!,n,wedding,"Das Fest, bei dem zwei Menschen offiziell heiraten.",Auf ihrer Hochzeit gab es viele Gäste und gutes Essen.,Heirat,,,,,,,,,,,,,Abschnitt 5,1409
A2-1410,Geburt,die,-en,geburt,A2,Linie A2,Kapitel 16 – Das feiern wir!,n,birth,"Der Moment, in dem ein Baby auf die Welt kommt.",Wir gratulieren euch herzlich zur Geburt eures Sohnes!,,,,,,,,,,,,,,Abschnitt 5,1410
A2-1411,Glückwunsch,der,-wünsche,gluckwunsch,A2,Linie A2,Kapitel 16 – Das feiern wir!,n,congratulation / good wish,"Nette Worte, die man einer Person zu einem freudigen Ereignis wünscht.",Herzlichen Glückwunsch zum neuen Job!,,,,,,,,,,,,,,Abschnitt 5,1411
A2-1412,Viel Glück!,,,viel gluck!,A2,Linie A2,Kapitel 16 – Das feiern wir!,phrase,Good luck!,Ein Wunsch für eine Person vor einer schwierigen Aufgabe.,Morgen hast du die Fahrprüfung? Viel Glück!,,,,,,,,,,,,,,Abschnitt 5,1412
A2-1413,Viel Erfolg!,,,viel erfolg!,A2,Linie A2,Kapitel 16 – Das feiern wir!,phrase,Much success!,Ein Wunsch für ein gutes Ergebnis bei der Arbeit oder Prüfung.,Ich wünsche Ihnen viel Erfolg beim Vorstellungsgespräch!,,,,,,,,,,,,,,Abschnitt 5,1413
A2-1414,Alles Gute zum/zur ...,,,alles gute zum/zur ...,A2,Linie A2,Kapitel 16 – Das feiern wir!,phrase,All the best for ...,Ein sehr typischer Wunsch für einen Geburtstag oder ein Fest.,Alles Gute zum Geburtstag!,,,,,,,,,,,,,,Abschnitt 5,1414
A2-1415,Alles Liebe zum/zur ...,,,alles liebe zum/zur ...,A2,Linie A2,Kapitel 16 – Das feiern wir!,phrase,Much love for ...,Ein sehr herzlicher Wunsch für liebe Menschen oder Familienmitglieder.,Alles Liebe zum Muttertag!,,,,,,,,,,,,,,Abschnitt 5,1415
A2-1416,Herzlichen Glückwunsch zum/zur ...,,,herzlichen gluckwunsch zum/zur ...,A2,Linie A2,Kapitel 16 – Das feiern wir!,phrase,Hearty congratulations on ...,Die offizielle und häufige Gratulation.,Herzlichen Glückwunsch zur Hochzeit!,,,,,,,,,,,,,,Abschnitt 5,1416
A2-1417,Erfahrung,die,-en,erfahrung,A2,Linie A2,Kapitel 16 – Das feiern wir!,n,experience,"Das Wissen, das man durch praktische Arbeit oder das Leben gesammelt hat.",Sie hat schon viel Erfahrung in ihrem Beruf.,Erlebnis,,,,,,,,,,,,,Abschnitt 6,1417
A2-1418,Geburtstagsfeier,die,-n,geburtstagsfeier,A2,Linie A2,Kapitel 16 – Das feiern wir!,n,birthday party,"Die Party, die man an seinem Geburtstag macht.",Meine Geburtstagsfeier findet dieses Jahr im Garten statt.,,,,,,,,,,,,,,Abschnitt 6,1418
A2-1419,Fortsetzung,die,-en,fortsetzung,A2,Linie A2,Kapitel 16 – Das feiern wir!,n,continuation / sequel,"Der Teil, mit dem eine Geschichte, ein Film oder ein Text weitergeht.",Die Fortsetzung des Films kommt nächsten Monat im Kino.,,,,,,,,,,,,,,Abschnitt 6,1419
A2-1420,außer,,,ausser,A2,Linie A2,Kapitel 16 – Das feiern wir!,adj,except for,"Ein Wort, das eine Ausnahme zeigt; bis auf.",Was feiern Sie jedes Jahr außer Geburtstag?,,,,,,,,,,,,außerer,am außersten,Abschnitt 6,1420
A2-1421,Silvester feiern,,,silvester feiern,A2,Linie A2,Kapitel 16 – Das feiern wir!,v,to celebrate New Year's Eve,Am 31. Dezember eine Party machen und das neue Jahr begrüßen.,Wie wollen wir dieses Jahr Silvester feiern?,,,,,,,,,,,,,,Abschnitt 7,1421
A2-1422,mitfeiern,,,mitfeiern,A2,Linie A2,Kapitel 16 – Das feiern wir!,v,to celebrate with someone,Bei einer Party von anderen Personen als Gast mitmachen.,Meine Freunde machen eine Party und ich möchte gern mitfeiern. / Wir feieren bei Freunden mit (bei Freunden mitfeiern).,,,,,,,,mitfeiert,mitfeierte,hat gemitfeiert,haben,,,Abschnitt 7,1422
A2-1423,Glocke,die,-n,glocke,A2,Linie A2,Kapitel 16 – Das feiern wir!,n,bell,"Ein Gegenstand aus Metall (oft in einer Kirche), der ein lautes Geräusch macht.",Um Mitternacht hören wir die große Glocke der Kirche.,Klingel,,,,,,,,,,,,,Abschnitt 7,1423
A2-1424,läuten,,,lauten,A2,Linie A2,Kapitel 16 – Das feiern wir!,v,to ring / toll (bell),Das akustische Geräusch von einer Glocke machen.,Die Kirchenglocken läuten laut zum neuen Jahr.,klingeln,,,,,,,läutet,läutete,hat geläutet,haben,,,Abschnitt 7,1424
A2-1425,Feuerwerk,das,-e,feuerwerk,A2,Linie A2,Kapitel 16 – Das feiern wir!,n,fireworks,Die bunten Lichter und Knalleffenkte am Himmel in der Silvesternacht.,Um Mitternacht schauen alle Menschen das Feuerwerk an.,,,,,,,,,,,,,,Abschnitt 7,1425
A2-1426,Rakete,die,-n,rakete,A2,Linie A2,Kapitel 16 – Das feiern wir!,n,rocket / firework rocket,"Ein Feuerwerkskörper, der an Silvester hoch in den Himmel fliegt.",Er schießt eine bunte Rakete in die Luft.,,,,,,,,,,,,,,Abschnitt 7,1426
A2-1427,Neujahrstag,der,-e,neujahrstag,A2,Linie A2,Kapitel 16 – Das feiern wir!,n,New Year's Day,Der erste Tag im Januar.,Am Neujahrstag machen wir einen langen Spaziergang.,Neujahr,,,,,,,,,,,,,Abschnitt 7,1427
A2-1428,trotzdem,,,trotzdem,A2,Linie A2,Kapitel 16 – Das feiern wir!,adv,nevertheless / anyway,"Ein Wort, das einen Gegensatz zeigt; obwohl eine andere Sache so ist.","Es regnet stark, aber wir gehen trotzdem spazieren.",,,,,,,,,,,,,,Abschnitt 7,1428
A2-1429,scharf,,,scharf,A2,Linie A2,Kapitel 16 – Das feiern wir!,adj,spicy / sharp,Wenn Essen (z. B. mit viel Chili oder Pfeffer) brennt ODER ein Messer gut schneidet.,Die Suppe ist mir ein bisschen zu scharf. / Er kocht eine scharfe Zwiebelsuppe.,,,,,,,,,,,,schärfer,am schärfsten,Abschnitt 7,1429
A2-1430,Müllabfuhr,die,-en,mullabfuhr,A2,Linie A2,Kapitel 16 – Das feiern wir!,n,garbage collection,"Der Service der Stadt, der den Müll von den Häusern abholt.",Am Donnerstag kommt die Müllabfuhr.,,,,,,,,,,,,,,Abschnitt 7,1430
A2-1431,Straßenreinigung,die,-en,strassenreinigung,A2,Linie A2,Kapitel 16 – Das feiern wir!,n,street cleaning,"Die Arbeiter der Stadt, die die Straßen sauber machen (z. B. nach Silvester).",Nach dem Fest putzt die Straßenreinigung die ganze Stadt.,,,,,,,,,,,,,,Abschnitt 7,1431
A2-1432,Umfrage,die,-n,umfrage,A2,Linie A2,Kapitel 16 – Das feiern wir!,n,survey / poll,Eine Befragung von vielen Menschen zu einer bestimmten Meinung oder einem Thema.,Wir machen im Kurs eine kleine Umfrage über Hobbys.,,,,,,,,,,,,,,Abschnitt 8,1432
A2-1433,etwas Besonderes,,,etwas besonderes,A2,Linie A2,Kapitel 16 – Das feiern wir!,phrase,something special,"Eine Sache, die nicht normal oder alltäglich ist; ein Highlight.",Zum Geburtstag koche ich etwas Besonderes für meine Familie.,,,,,,,,,,,,,,Abschnitt 8,1433
A2-1434,typisch,,,typisch,A2,Linie A2,Kapitel 16 – Das feiern wir!,adj,typical,"Charakteristisch für eine Person, ein Land oder eine Kultur.",Currywurst ist absolut typisch für Berlin.,,,,,,,,,,,,typischer,am typischesten,Abschnitt 8,1434
A2-1435,erwachsen,,,erwachsen,A2,Linie A2,Kapitel 16 – Das feiern wir!,v,adult / grown-up,Wenn ein Mensch kein Kind mehr ist und über 18 Jahre alt ist.,Mein Sohn ist jetzt erwachsen und wohnt in einer eigenen Wohnung.,,,,,,,,erwachst,erwachste,hat erwachst,haben,,,Abschnitt 8,1435
A2-1436,Kultur,die,-en,kultur,A2,Linie A2,Kapitel 16 – Das feiern wir!,n,culture,"Die Traditionen, die Sprache, Kunst und Lebensweise von Menschen in einem Land.",Ich stelle euch ein Fest aus meiner Kultur vor.,,,,,,,,,,,,,,Abschnitt 8,1436
A2-1437,Tradition,die,-en,tradition,A2,Linie A2,Kapitel 16 – Das feiern wir!,n,tradition,"Eine alte Gewohnheit oder ein Brauch, den Menschen seit Generationen machen.","Es ist bei uns eine feste Tradition, am Sonntag zusammen zu essen.",,,,,,,,,,,,,,Abschnitt 8,1437
A2-1438,gestalten,,,gestalten,A2,Linie A2,Kapitel 16 – Das feiern wir!,v,to design / organize / shape,Eine Sache oder ein Event kreativ planen und formen.,Wie wollen wir das Programm für die Feier gestalten?,,,,,,,,gestaltet,gestaltete,hat gestaltet,haben,,,Abschnitt 8,1438
B1-0001,Abbildung,die,-en,abbildung,B1,Linie B1,Kapitel 1 – Neue Nachbarn,n,illustration / picture,Ein Bild oder eine Zeichnung in einem Buch oder Text.,Sehen Sie sich die Abbildung auf Seite 154 an.,,,,,,,,,,,,,,Abschnitt 1,1439
B1-0002,Mehrfamilienhaus,das,-häuser,mehrfamilienhaus,B1,Linie B1,Kapitel 1 – Neue Nachbarn,n,apartment building,Ein großes Wohnhaus für viele verschiedene Familien.,Wir wohnen in einem großen Mehrfamilienhaus im Zentrum.,,,,,,,,,,,,,,Abschnitt 1,1440
B1-0003,Paket,das,-e,paket,B1,Linie B1,Kapitel 1 – Neue Nachbarn,n,package / parcel,"Eine große Box aus Karton, die man mit der Post schickt.",Der Postbote bringt mir heute ein großes Paket.,,,,,,,,,,,,,,Abschnitt 1,1441
B1-0004,Paketbote,der,-n,paketbote,B1,Linie B1,Kapitel 1 – Neue Nachbarn,n,parcel delivery man,"Ein Mann, der beruflich Pakete zu den Häusern bringt.",Der Paketbote hat das Paket beim Nachbarn abgegeben.,,,,,,,,,,,,,,Abschnitt 1,1442
B1-0005,Paketbotin,die,-nen,paketbotin,B1,Linie B1,Kapitel 1 – Neue Nachbarn,n,parcel delivery woman,"Eine Frau, die beruflich Pakete ausliefert.",Die Paketbotin klingelt an der Haustür.,,,,,,,,,,,,,,Abschnitt 1,1443
B1-0006,beruhigen,,,beruhigen,B1,Linie B1,Kapitel 1 – Neue Nachbarn,v,to calm down,"Eine Person leiser, ruhiger und weniger nervös machen.","Trinken Sie einen Tee, das wird Sie beruhigen.",,,,,,,,beruhigt,beruhigte,hat beruhigt,haben,,,Abschnitt 1,1444
B1-0007,bohren,,,bohren,B1,Linie B1,Kapitel 1 – Neue Nachbarn,v,to drill,Mit einer Maschine ein Loch in die Wand machen.,Mein Nachbar möchte ein Loch für ein Bild bohren.,,,,,,,,bohrt,bohrte,hat gebohrt,haben,,,Abschnitt 1,1445
B1-0008,erlauben,,,erlauben,B1,Linie B1,Kapitel 1 – Neue Nachbarn,v,to allow / permit,"Jemandem die Erlaubnis geben, eine Sache zu tun; das Gegenteil von verbieten.","Meine Eltern erlauben mir, am Wochenende lange auszugehen.",,,,,,,,erlaubt,erlaubte,hat erlaubt,haben,,,Abschnitt 1,1446
B1-0009,Rasen,der,,rasen,B1,Linie B1,Kapitel 1 – Neue Nachbarn,n,lawn,Eine grüne Fläche mit Gras im Garten oder im Park.,Die Kinder spielen Fußball auf dem Rasen.,,,,,,,,,,,,,,Abschnitt 1,1447
B1-0010,mähen,,,mahen,B1,Linie B1,Kapitel 1 – Neue Nachbarn,v,to mow,Das Gras im Garten mit einer Maschine kurz schneiden.,Jeden Samstag muss mein Vater den Rasen mähen.,,,,,,,,mäht,mähte,hat gemäht,haben,,,Abschnitt 1,1448
B1-0011,Sandkasten,der,-kästen,sandkasten,B1,Linie B1,Kapitel 1 – Neue Nachbarn,n,sandbox,"Eine Kiste mit Sand auf dem Spielplatz, in der kleine Kinder spielen.",Die Kinder bauen eine Burg im Sandkasten.,,,,,,,,,,,,,,Abschnitt 1,1449
B1-0012,Scheibe,die,-n,scheibe,B1,Linie B1,Kapitel 1 – Neue Nachbarn,n,window pane / slice,Das Glas von einem Fenster ODER ein dünnes Stück Brot oder Käse.,Der Junge hat beim Fußballspielen die Scheibe kaputtgemacht.,,,,,,,,,,,,,,Abschnitt 1,1450
B1-0013,kaputtmachen,,,kaputtmachen,B1,Linie B1,Kapitel 1 – Neue Nachbarn,v,to break / destroy,"Eine Sache so beschädigen, dass sie nicht mehr funktioniert.",Du darfst mein Spielzeug nicht kaputtmachen!,,,,,,,,kaputtmacht,kaputtmachte,hat gekaputtmacht,haben,,,Abschnitt 1,1451
B1-0014,Geräusch,das,-e,gerausch,B1,Linie B1,Kapitel 1 – Neue Nachbarn,n,sound / noise,"Ein Ton oder ein Lärm, den man mit den Ohren hört.",Was ist das für ein komisches Geräusch im Flur?,Klang,,,,,,,,,,,,,Abschnitt 1,1452
B1-0015,Aussicht,die,-en,aussicht,B1,Linie B1,Kapitel 1 – Neue Nachbarn,n,view,Der Blick von einem Ort (z. B. Fenster oder Balkon) nach draußen.,Von meinem Balkon hat man eine tolle Aussicht auf die Berge.,,,,,,,,,,,,,,Abschnitt 2,1453
B1-0016,Bewohner,der,,bewohner,B1,Linie B1,Kapitel 1 – Neue Nachbarn,n,inhabitant / resident (male),"Ein Mann, der in einem bestimmten Haus oder einer Wohnung lebt.",Die Bewohner des Hauses organisieren ein Fest.,Bewohnerin,,,,,,,,,,,,,Abschnitt 2,1454
B1-0017,Bewohnerin,die,-nen,bewohnerin,B1,Linie B1,Kapitel 1 – Neue Nachbarn,n,inhabitant / resident (female),"Eine Frau, die an einem Ort wohnt.",Sie ist eine neue Bewohnerin im Haus.,Bewohner,,,,,,,,,,,,,Abschnitt 2,1455
B1-0018,Ehepaar,das,-e,ehepaar,B1,Linie B1,Kapitel 1 – Neue Nachbarn,n,married couple,"Zwei Menschen, die offiziell verheiratet sind.",Das junge Ehepaar sucht eine Dreizimmerwohnung.,,,,,,,,,,,,,,Abschnitt 2,1456
B1-0019,hinstellen,,,hinstellen,B1,Linie B1,Kapitel 1 – Neue Nachbarn,v,to put down / place,Einen Gegenstand stehend an einen bestimmten Platz bringen.,Du kannst die Tasche einfach neben die Tür hinstellen.,,,,,,,,stellt hin,stellte hin,hat hingestellt,haben,,,Abschnitt 2,1457
B1-0020,fleißig,,,fleissig,B1,Linie B1,Kapitel 1 – Neue Nachbarn,adj,hardworking / diligent,Wenn eine Person viel und gern arbeitet oder lernt; das Gegenteil von faul.,Sie ist eine sehr fleißige Studentin und lernt jeden Tag.,,,,,,,,,,,,fleißiger,am fleißigsten,Abschnitt 2,1458
B1-0021,nebenan,,,nebenan,B1,Linie B1,Kapitel 1 – Neue Nachbarn,adj,next door,In der Wohnung direkt neben der eigenen Wohnung.,"Herr Müller wohnt nebenan, er ist mein Nachbar.",,,,,,,,,,,,nebenaner,am nebenansten,Abschnitt 2,1459
B1-0022,prima,,,prima,B1,Linie B1,Kapitel 1 – Neue Nachbarn,adj,great / fantastic,Sehr gut; toll; exzellent.,"Das ist eine prima Idee, das machen wir so!",,,,,,,,,,,,primaer,am primasten,Abschnitt 2,1460
B1-0023,riesig,,,riesig,B1,Linie B1,Kapitel 1 – Neue Nachbarn,adj,huge / gigantic,"Sehr, sehr groß.",Die neue Wohnung von meinem Bruder ist absolut riesig.,,,,,,,,,,,,riesiger,am riesigsten,Abschnitt 2,1461
B1-0024,ständig,,,standig,B1,Linie B1,Kapitel 1 – Neue Nachbarn,adj,constantly / always,Sehr oft; die ganze Zeit; ohne Pause.,"Mein Handy klingelt ständig, das nervt mich.",,,,,,,,,,,,ständiger,am ständigsten,Abschnitt 2,1462
B1-0025,sympathisch,,,sympathisch,B1,Linie B1,Kapitel 1 – Neue Nachbarn,adj,likable / friendly,Wenn eine Person nett und freundlich wirkt.,Die neuen Nachbarn sind mir sehr sympathisch.,,,,,,,,,,,,sympathischer,am sympathischesten,Abschnitt 2,1463
B1-0026,bitten,,,bitten,B1,Linie B1,Kapitel 1 – Neue Nachbarn,v,to ask / request,Höflich nach einer Hilfe oder einer Sache fragen.,Darf ich dich um einen kleinen Gefallen bitten?,verlangen|auffordern,,,,,,,bittet,bat,hat gebeten,haben,,,Abschnitt 3,1464
B1-0027,Bitte,die,-n,bitte,B1,Linie B1,Kapitel 1 – Neue Nachbarn,n,request / favor,"Das Nomen zu ""bitten""; eine höfliche Frage nach Hilfe.",Ich habe eine große Bitte: Kannst du mir dein Auto leihen?,,,,,,,,,,,,,,Abschnitt 3,1465
B1-0028,Emotion,die,-en,emotion,B1,Linie B1,Kapitel 1 – Neue Nachbarn,n,emotion / feeling,"Ein starkes Gefühl im Körper (z. B. Freude, Angst oder Liebe).",Musik kann viele verschiedene Emotionen bringen.,,,,,,,,,,,,,,Abschnitt 3,1466
B1-0029,ärgerlich,,,argerlich,B1,Linie B1,Kapitel 1 – Neue Nachbarn,adj,annoying / irritating,Wenn eine Situation nicht gut ist und man sich darüber ärgert.,"Es ist sehr ärgerlich, dass der Bus schon weg ist.",,,,,,,,,,,,ärgerlicher,am ärgerlichsten,Abschnitt 3,1467
B1-0030,erwarten,,,erwarten,B1,Linie B1,Kapitel 1 – Neue Nachbarn,v,to expect / wait for,"Denken, dass eine Sache passieren wird, oder auf jemanden warten.",Ich erwarte heute ein wichtiges Paket von der Post.,,,,,,,,erwartet,erwartete,hat erwartet,haben,,,Abschnitt 3,1468
B1-0031,Schein,der,-e,schein,B1,Linie B1,Kapitel 1 – Neue Nachbarn,n,bill / note,Ein Stück Geld aus Papier (Banknote).,Ich habe leider nur einen 50-Euro-Schein dabei.,Rechnung,,,,,,,,,,,,,Abschnitt 3,1469
B1-0032,50-Euro-Schein,der,,50-euro-schein,B1,Linie B1,Kapitel 1 – Neue Nachbarn,n,50-euro bill,Ein Geldschein im Wert von fünfzig Euro.,Kannst du diesen 50-Euro-Schein bitte wechseln?,,,,,,,,,,,,,,Abschnitt 3,1470
B1-0033,woanders,,,woanders,B1,Linie B1,Kapitel 1 – Neue Nachbarn,adj,elsewhere / somewhere else,An einem anderen Ort; nicht hier.,"Das Restaurant ist voll, lass uns woanders hingehen.",,,,,,,,,,,,woanderser,am woandersesten,Abschnitt 3,1471
B1-0034,zusammenleben,,,zusammenleben,B1,Linie B1,Kapitel 1 – Neue Nachbarn,v,to live together,Mit anderen Menschen in einem Haus oder einer Wohnung wohnen.,Viele Studenten wollen in einer WG zusammenleben.,,,,,,,,lebt zusammen,lebte zusammen,hat zusammengelebt,haben,,,Abschnitt 4,1472
B1-0035,Ausfahrt,die,-en,ausfahrt,B1,Linie B1,Kapitel 1 – Neue Nachbarn,n,exit / driveway,"Der Weg, auf dem Autos von einem Grundstück auf die Straße fahren.",Bitte parken Sie Ihr Auto nicht vor der Ausfahrt.,,,,,,,,,,,,,,Abschnitt 4,1473
B1-0036,blockieren,,,blockieren,B1,Linie B1,Kapitel 1 – Neue Nachbarn,v,to block,"Einen Weg so versperren, dass niemand mehr vorbeigehen oder vorbeifahren kann.",Das große Auto blockiert die Straße.,sperren,,,,,,,blockiert,blockierte,hat blockiert,haben,,,Abschnitt 4,1474
B1-0037,behindern,,,behindern,B1,Linie B1,Kapitel 1 – Neue Nachbarn,v,to obstruct / hinder,Jemandem eine Aktivität oder den Weg schwer machen.,Die Baustelle behindert den Verkehr auf der Autobahn.,,,,,,,,behindert,behinderte,hat behindert,haben,,,Abschnitt 4,1475
B1-0038,behandeln,,,behandeln,B1,Linie B1,Kapitel 1 – Neue Nachbarn,v,to treat,Zu einer Person nett oder schlecht sein ODER wenn ein Arzt einen Kranken untersucht.,Der Chef muss alle Mitarbeiter respektvoll behandeln.,,,,,,,,behandelt,behandelte,hat behandelt,haben,,,Abschnitt 4,1476
B1-0039,beleidigen,,,beleidigen,B1,Linie B1,Kapitel 1 – Neue Nachbarn,v,to insult,"Schlechte, unfreundliche Wörter zu einer Person sagen, so dass sie traurig oder sauer ist.",Man darf andere Menschen nicht wegen ihrer Herkunft beleidigen.,,,,,,,,beleidigt,beleidigte,hat beleidigt,haben,,,Abschnitt 4,1477
B1-0040,Bonbon,der/das,-s,bonbon,B1,Linie B1,Kapitel 1 – Neue Nachbarn,n,candy / sweet,"Eine kleine, süße Süßigkeit, die man im Mund lutscht.",Kinder essen sehr gern süße Bonbons.,Süße|Süßigkeit,,,,,,,,,,,,,Abschnitt 4,1478
B1-0041,Gebäck,das,,geback,B1,Linie B1,Kapitel 1 – Neue Nachbarn,n,pastries / baked goods,"Kuchen, Kekse oder Brötchen, die beim Bäcker aus Teig gemacht werden.",Zum Kaffee gibt es heute leckeres Gebäck.,,,,,,,,,,,,,,Abschnitt 4|nur Singular,1479
B1-0042,Internetcafé,das,-s,internetcafe,B1,Linie B1,Kapitel 1 – Neue Nachbarn,n,internet café,"Ein Café, in dem man Computer benutzen und im Internet surfen kann.",Früher gab es in jeder Stadt ein Internetcafé.,,,,,,,,,,,,,,Abschnitt 4,1480
B1-0043,Medizin,die,,medizin,B1,Linie B1,Kapitel 1 – Neue Nachbarn,n,medicine,"Das Medikament, das man nimmt, wenn man krank ist, ODER die Wissenschaft von Krankheiten.",Du musst deine Medizin dreimal am Tag nach dem Essen nehmen.,,,,,,,,,,,,,,Abschnitt 4|nur Singular,1481
B1-0044,Haustür,die,-en,haustur,B1,Linie B1,Kapitel 1 – Neue Nachbarn,n,front door,Die große Tür ganz vorne am Eingang von einem Wohnhaus.,Bitte schließen Sie die Haustür abends ab 22 Uhr ab.,,,,,,,,,,,,,,Abschnitt 4,1482
B1-0045,Mülltonne,die,-n,mulltonne,B1,Linie B1,Kapitel 1 – Neue Nachbarn,n,garbage can,"Eine große Tonne aus Plastik vor dem Haus, in die man den Müll wirft.",Die blaue Mülltonne ist für altes Papier da.,,,,,,,,,,,,,,Abschnitt 4,1483
B1-0046,raustellen,,,raustellen,B1,Linie B1,Kapitel 1 – Neue Nachbarn,v,to put outside,Eine Sache aus dem Haus nach draußen bringen.,Kannst du bitte am Abend die Mülltonne raustellen?,,,,,,,,raustellt,raustellte,hat geraustellt,haben,,,Abschnitt 4,1484
B1-0047,sauber halten,,,sauber halten,B1,Linie B1,Kapitel 1 – Neue Nachbarn,v,to keep clean,Einen Ort ordentlich und ohne Schmutz bewahren.,Alle Bewohner müssen das Treppenhaus sauber halten.,,,,,,,,,,,,,,Abschnitt 4,1485
B1-0048,Vorschrift,die,,vorschrift,B1,Linie B1,Kapitel 1 – Neue Nachbarn,n,regulation / rule,"Eine feste Regel oder ein Gesetz, das man unbedingt machen muss.",Beim Autofahren muss man die Vorschriften beachten.,,,,,,,,,,,,,,Abschnitt 4,1486
B1-0049,absolut,,,absolut,B1,Linie B1,Kapitel 1 – Neue Nachbarn,adj,absolutely,Einhundert Prozent; ganz sicher; total.,"Du hast absolut recht, das Projekt ist sehr wichtig.",,,,,,,,,,,,absoluter,am absolutesten,Abschnitt 5,1487
B1-0050,Ereignis,das,-se,ereignis,B1,Linie B1,Kapitel 1 – Neue Nachbarn,n,event / occurrence,"Eine Situation oder ein Event, das passiert (oft etwas Besonderes).",Die Geburt eines Kindes ist ein großes Ereignis für die Familie.,,,,,,,,,,,,,,Abschnitt 5,1488
B1-0051,geeignet sein,,,geeignet sein,B1,Linie B1,Kapitel 1 – Neue Nachbarn,phrase,to be suitable,Perfekt oder passend für eine bestimmte Aufgabe oder Person sein.,Das Buch ist perfekt für Anfänger geeignet.,,,,,,,,,,,,,,Abschnitt 5,1489
B1-0052,hinterlassen,,,hinterlassen,B1,Linie B1,Kapitel 1 – Neue Nachbarn,v,to leave behind,Eine Nachricht oder einen Schmutz an einem Ort zurücklassen.,Sie können gern eine Nachricht auf dem Anrufbeantworter hinterlassen.,,,,,,,,,,,,,,Abschnitt 5,1490
B1-0053,Zweck,der,-e,zweck,B1,Linie B1,Kapitel 1 – Neue Nachbarn,n,purpose,Der Grund; das Ziel; warum man eine Sache macht oder benutzt.,Was ist der Zweck von diesem Treffen?,,,,,,,,,,,,,,Abschnitt 5,1491
B1-0054,Abstellraum,der,-räume,abstellraum,B1,Linie B1,Kapitel 1 – Neue Nachbarn,n,storage room,"Ein kleiner Raum in der Wohnung, in dem man Putzsachen oder Kisten lagert.",Der Staubsauger steht im Abstellraum.,,,,,,,,,,,,,,Abschnitt 5,1492
B1-0055,Treppenhaus,das,-häuser,treppenhaus,B1,Linie B1,Kapitel 1 – Neue Nachbarn,n,stairwell,"Der Teil im Mietshaus, wo die Treppen und der Aufzug zu den Wohnungen sind.",Im Treppenhaus darf man keine Fahrräder abstellen.,,,,,,,,,,,,,,Abschnitt 5,1493
B1-0056,Wohnungstür,die,-en,wohnungstur,B1,Linie B1,Kapitel 1 – Neue Nachbarn,n,apartment door,"Die Tür, die direkt in eine einzelne Wohnung führt.",Er klopft an meine Wohnungstür.,,,,,,,,,,,,,,Abschnitt 5,1494
B1-0057,offenstehen,,,offenstehen,B1,Linie B1,Kapitel 1 – Neue Nachbarn,v,to stand open,Wenn eine Tür oder ein Fenster nicht geschlossen ist.,Die Tür zum Keller darf nicht offenstehen.,,,,,,,,offensteht,offenstehte,hat geoffensteht,haben,,,Abschnitt 5,1495
B1-0058,ausschließlich,,,ausschliesslich,B1,Linie B1,Kapitel 1 – Neue Nachbarn,adj,exclusively,Nur; kein anderes Ding; exklusiv.,Dieser Parkplatz ist ausschließlich für Kunden reserviert.,,,,,,,,,,,,ausschließlicher,am ausschließlichsten,Abschnitt 5,1496
B1-0059,dienen,,,dienen,B1,Linie B1,Kapitel 1 – Neue Nachbarn,v,to serve,Eine Funktion für eine bestimmte Sache haben oder jemandem helfen.,Das Zimmer dient als Büro für meine Arbeit.,,,,,,,,dient,diente,hat gedient,haben,,,Abschnitt 5,1497
B1-0060,Elektrogrill,der,-s,elektrogrill,B1,Linie B1,Kapitel 1 – Neue Nachbarn,n,electric grill,"Ein Gerät zum Grillen von Fleisch, das mit Strom funktioniert (ohne Kohle).",Auf dem Balkon benutzen wir einen praktischen Elektrogrill.,,,,,,,,,,,,,,Abschnitt 5,1498
B1-0061,Hausordnung,die,-en,hausordnung,B1,Linie B1,Kapitel 1 – Neue Nachbarn,n,house rules,"Eine Liste mit Regeln für alle Bewohner in einem Mietshaus (z. B. Putzen, Ruhezeiten).",Laut Hausordnung müssen wir ab 22 Uhr leise sein.,,,,,,,,,,,,,,Abschnitt 6,1499
B1-0062,Hausgemeinschaft,die,,hausgemeinschaft,B1,Linie B1,Kapitel 1 – Neue Nachbarn,n,house community,"Alle Nachbarn und Personen, die zusammen in einem Mietshaus wohnen.",Unsere Hausgemeinschaft versteht sich sehr gut und macht im Sommer ein Fest.,,,,,,,,,,,,,,Abschnitt 6|nur Singular,1500
B1-0063,Rücksicht,die,-en,rucksicht,B1,Linie B1,Kapitel 1 – Neue Nachbarn,n,consideration / respect,"Respekt zeigen und so handeln, dass andere Menschen keine Probleme haben.",Wir müssen im Mietshaus auf die Nachbarn Rücksicht nehmen.,,,,,,,,,,,,,,Abschnitt 6,1501
B1-0064,Ruhezeit,die,-en,ruhezeit,B1,Linie B1,Kapitel 1 – Neue Nachbarn,n,quiet period,"Die Zeit am Tag oder in der Nacht, in der man im Haus keinen Lärm machen darf.",Die Mittagszeit von 13 bis 15 Uhr ist eine feste Ruhezeit.,,,,,,,,,,,,,,Abschnitt 6,1502
B1-0065,Mittagsruhe,die,,mittagsruhe,B1,Linie B1,Kapitel 1 – Neue Nachbarn,n,midday rest,Die Ruhezeit in der Mitte des Tages (meistens zwischen 12 und 15 Uhr).,Während der Mittagsruhe dürfen die Kinder nicht laut im Garten spielen.,,,,,,,,,,,,,,Abschnitt 6|nur Singular,1503
B1-0066,Nachtruhe,die,,nachtruhe,B1,Linie B1,Kapitel 1 – Neue Nachbarn,n,night rest,Die Ruhezeit in der Nacht (in Deutschland meistens von 22 bis 6 Uhr).,"Bitte machen Sie die Musik aus, ab 22 Uhr gilt die Nachtruhe.",,,,,,,,,,,,,,Abschnitt 6|nur Singular,1504
B1-0067,Zimmerlautstärke,die,,zimmerlautstarke,B1,Linie B1,Kapitel 1 – Neue Nachbarn,n,room volume,"Musik oder Fernsehen so leise machen, dass die Nachbarn im anderen Zimmer es nicht hören.",Man darf im Haus Musik nur in Zimmerlautstärke hören.,,,,,,,,,,,,,,Abschnitt 6|nur Singular,1505
B1-0068,vermeiden,,,vermeiden,B1,Linie B1,Kapitel 1 – Neue Nachbarn,v,to avoid,"Aufpassen, dass eine negative Sache oder ein Fehler nicht passiert.",Wir müssen lauten Lärm in der Nacht vermeiden.,,,,,,,,vermeidet,vermeidete,hat vermeidet,haben,,,Abschnitt 6,1506
B1-0069,Sicherheit,die,,sicherheit,B1,Linie B1,Kapitel 1 – Neue Nachbarn,n,safety / security,Der Schutz vor Gefahr oder Fehlern.,Im Auto ist der Gurt sehr wichtig für die Sicherheit.,,,,,,,,,,,,,,Abschnitt 6,1507
B1-0070,Fluchtweg,der,,fluchtweg,B1,Linie B1,Kapitel 1 – Neue Nachbarn,n,escape route,"Ein freier Weg aus dem Haus, den man bei Gefahr (z. B. Feuer) schnell nutzen muss.","Das Treppenhaus ist ein wichtiger Fluchtweg, es muss immer frei sein.",,,,,,,,,,,,,,Abschnitt 6,1508
B1-0071,das Recht haben,,,das recht haben,B1,Linie B1,Kapitel 1 – Neue Nachbarn,phrase,to be right / have the right,Korrekt sein ODER die gesetzliche Erlaubnis für eine Sache haben.,"Du hast Recht, der Bus kommt heute wirklich sehr spät.",,,,,,,,,,,,,,Abschnitt 6,1509
B1-0072,werktags,,,werktags,B1,Linie B1,Kapitel 1 – Neue Nachbarn,adj,on weekdays,An den Tagen von Montag bis Samstag (Arbeitstage).,Die Post hat werktags von 8 bis 18 Uhr geöffnet.,,,,,,,,,,,,werktagser,am werktagsesten,Abschnitt 6,1510
B1-0073,Abfall,der,Abfälle,abfall,B1,Linie B1,Kapitel 1 – Neue Nachbarn,n,waste / garbage,*Header für das Thema Müll.*,Wir müssen den Abfall richtig trennen.,,,,,,,,,,,,,,Abschnitt 6,1511
B1-0074,entsorgen,,,entsorgen,B1,Linie B1,Kapitel 1 – Neue Nachbarn,v,to dispose of / throw away,Müll oder alte Sachen an den richtigen Platz wegbringen.,Wo kann ich alte Batterien korrekt entsorgen?,,,,,,,,entsorgt,entsorgte,hat entsorgt,haben,,,Abschnitt 6,1512
B1-0075,Altglas,das,,altglas,B1,Linie B1,Kapitel 1 – Neue Nachbarn,n,waste glass,"Alte Flaschen oder Gläser, die man in einen speziellen Container werfen muss.",Bringst du bitte das Altglas zum Container?,,,,,,,,,,,,,,Abschnitt 6|nur Singular,1513
B1-0076,Glascontainer,der,,glascontainer,B1,Linie B1,Kapitel 1 – Neue Nachbarn,n,glass recycling bin,Eine große Tonne auf der Straße für alte Flaschen.,Denken Sie daran: Man darf Flaschen nur werktags in den Glascontainer werfen.,,,,,,,,,,,,,,Abschnitt 6,1514
B1-0077,Restmüll,der,,restmull,B1,Linie B1,Kapitel 1 – Neue Nachbarn,n,residual waste,"Der Müll, der kein Papier, kein Plastik und kein Bio-Müll ist (graue Tonne).",Zigaretten gehören in den Restmüll.,,,,,,,,,,,,,,Abschnitt 6|nur Singular,1515
B1-0078,Sperrmüll,der,,sperrmull,B1,Linie B1,Kapitel 1 – Neue Nachbarn,n,bulky waste,"Sehr große Sachen aus der Wohnung (z. B. alte Sofas oder Schränke), die nicht in die normale Tonne passen.","Morgen holt die Stadt den Sperrmüll ab, wir stellen den alten Schrank auf die Straße.",,,,,,,,,,,,,,Abschnitt 6|nur Singular,1516
B1-0079,Kunststoff,der,-e,kunststoff,B1,Linie B1,Kapitel 1 – Neue Nachbarn,n,plastic,Ein künstliches Material für Verpackungen oder Flaschen; Plastik.,Flaschen aus Kunststoff kommen in die gelbe Tonne.,,,,,,,,,,,,,,Abschnitt 6,1517
B1-0080,Müllsack,der,-säcke,mullsack,B1,Linie B1,Kapitel 1 – Neue Nachbarn,n,garbage bag,"Eine große Tasche aus Plastik, in die man den Müll im Haus sammelt.",Ich brauche einen neuen Müllsack für die Küche.,Mülltüte,,,,,,,,,,,,,Abschnitt 6,1518
B1-0081,Mülltüte,die,-n,mulltute,B1,Linie B1,Kapitel 1 – Neue Nachbarn,n,garbage bag (small),Eine kleine Tasche aus Plastik für den Eimer im Badezimmer oder in der Küche.,Wirf die kleine Mülltüte bitte in die große Tonne vor dem Haus.,Müllsack,,,,,,,,,,,,,Abschnitt 6,1519
B1-0082,sich entschuldigen,,,sich entschuldigen,B1,Linie B1,Kapitel 1 – Neue Nachbarn,v,to apologize,"""Entschuldigung"" sagen, wenn man einen Fehler gemacht hat.",Ich möchte mich für den lauten Lärm gestern entschuldigen.,,,,,,,,entschuldigt,entschuldigte,hat entschuldigt,haben,,,Abschnitt 6  & Wortschatzerweiterung,1520
B1-0083,sowohl ... als auch,,,sowohl ... als auch,B1,Linie B1,Kapitel 1 – Neue Nachbarn,phrase,both ... as well as,"Ein Ausdruck, der zwei positive Optionen verbindet; das eine und auch das andere.",Ich spreche sowohl Englisch als auch Deutsch.,,,,,,,,,,,,,,Abschnitt 6  & Wortschatzerweiterung,1521
B1-0084,weder ... noch,,,weder ... noch,B1,Linie B1,Kapitel 1 – Neue Nachbarn,phrase,neither ... nor,"Ein Ausdruck, der zwei Optionen negativ verbindet; nicht das eine und auch nicht das andere.",Ich habe heute weder Zeit noch Geld für das Kino.,,,,,,,,,,,,,,Abschnitt 6  & Wortschatzerweiterung,1522
B1-0085,sich beschweren,,,sich beschweren,B1,Linie B1,Kapitel 1 – Neue Nachbarn,v,to complain,"Dem Vermieter oder dem Chef sagen, dass eine Situation schlecht ist.",Die Nachbarn beschweren sich über die laute Musik.,,,,,,,,beschwert,beschwerte,hat beschwert,haben,,,Abschnitt 6  & Wortschatzerweiterung,1523
B1-0086,erreichbar,,,erreichbar,B1,Linie B1,Kapitel 1 – Neue Nachbarn,adj,reachable / accessible,Wenn man eine Person am Telefon anrufen kann ODER ein Ort leicht zu finden ist.,Mein Chef ist am Wochenende leider nicht erreichbar.,,,,,,,,,,,,erreichbarer,am erreichbarsten,Abschnitt 6  & Wortschatzerweiterung,1524
B1-0087,hungrig,,,hungrig,B1,Linie B1,Kapitel 1 – Neue Nachbarn,adj,hungry,"Wenn man im Magen das Gefühl hat, dass man Essen braucht; das Gegenteil von satt.",Nach der langen Wanderung bin ich sehr hungrig.,,,,,,,,,,,,hungriger,am hungrigsten,Abschnitt 6  & Wortschatzerweiterung,1525
B1-0088,Sorge,die,-n,sorge,B1,Linie B1,Kapitel 1 – Neue Nachbarn,n,worry / concern,Die Angst oder der negative Gedanke über ein Problem.,"Machen Sie sich keine Sorgen, alles wird gut! / Keine Sorge!",,,,,,,,,,,,,,Abschnitt 6  & Wortschatzerweiterung,1526
B1-0089,trocknen,,,trocknen,B1,Linie B1,Kapitel 1 – Neue Nachbarn,v,to dry,Eine nasse Sache (z. B. Wäsche oder Haare) trocken machen.,Im Sommer können wir die Wäsche im Garten trocknen.,,,,,,,,trocknt,trocknte,hat getrocknt,haben,,,Abschnitt 6  & Wortschatzerweiterung,1527
B1-0090,Verständnis,das,,verstandnis,B1,Linie B1,Kapitel 1 – Neue Nachbarn,n,understanding,Wenn man eine Situation gut versteht und akzeptiert.,Vielen Dank für Ihr Verständnis für diese Situation.,,,,,,,,,,,,,,Abschnitt 6  & Wortschatzerweiterung|nur Singular,1528
B1-0091,Wortschatzerweiterung,,,wortschatzerweiterung,B1,Linie B1,Kapitel 1 – Neue Nachbarn,n,Vocabulary Extension,*Header für zusätzliche Wörter.*,Hier finden wir Wörter zur Wortschatzerweiterung.,,,,,,,,,,,,,,Abschnitt 6  & Wortschatzerweiterung,1529
B1-0092,Erholung,die,-en,erholung,B1,Linie B1,Kapitel 1 – Neue Nachbarn,n,relaxation / recovery,"Die Pause oder die Ruhezeit, um neue Energie zu bekommen.",Nach der anstrengenden Woche brauche ich ein bisschen Erholung.,,,,,,,,,,,,,,Abschnitt 6  & Wortschatzerweiterung,1530
B1-0093,Entfernung,die,-en,entfernung,B1,Linie B1,Kapitel 1 – Neue Nachbarn,n,distance,Die Distanz zwischen zwei Orten (z. B. in Kilometern).,Wie groß ist die Entfernung von Bamberg nach Berlin?,,,,,,,,,,,,,,Abschnitt 6  & Wortschatzerweiterung,1531
B1-0094,Nichtraucher,der,,nichtraucher,B1,Linie B1,Kapitel 1 – Neue Nachbarn,n,non-smoker,"Eine Person, die keine Zigaretten raucht.",In unserer Wohnung wohnen nur Nichtraucher.,,,,,,,,,,,,,,Abschnitt 7,1532
B1-0095,Blogger,der,,blogger,B1,Linie B1,Kapitel 1 – Neue Nachbarn,n,blogger (male),"Ein Mann, der Berichte oder Artikel auf einer eigenen Website im Internet schreibt.",Der Blogger schreibt interessante Artikel über das Reisen.,Bloggerin,,,,,,,,,,,,,Abschnitt 7,1533
B1-0096,Bloggerin,die,-nen,bloggerin,B1,Linie B1,Kapitel 1 – Neue Nachbarn,n,blogger (female),"Eine Frau, die einen eigenen Internet-Blog leitet.",Sie arbeitet erfolgreich als Bloggerin für Mode-Themen.,Blogger,,,,,,,,,,,,,Abschnitt 7,1534
B1-0097,Blogeintrag,der,-einträge,blogeintrag,B1,Linie B1,Kapitel 1 – Neue Nachbarn,n,blog post,Ein einzelner Text oder Artikel auf einem Blog im Internet.,Ich habe heute einen neuen Blogeintrag veröffentlicht.,,,,,,,,,,,,,,Abschnitt 7,1535
B1-0098,erstens,,,erstens,B1,Linie B1,Kapitel 1 – Neue Nachbarn,adj,firstly / first of all,Das erste Argument in einer Liste.,Ich kann nicht kommen: Erstens habe ich keine Zeit und zweitens bin ich krank.,,,,,,,,,,,,erstenser,am erstensesten,Abschnitt 7,1536
B1-0099,zweitens,,,zweitens,B1,Linie B1,Kapitel 1 – Neue Nachbarn,adj,secondly,Das zweite Argument in einer Liste.,Wir kaufen das Auto nicht: Es ist erstens zu teuer und zweitens zu alt.,,,,,,,,,,,,zweitenser,am zweitensesten,Abschnitt 7,1537
B1-0100,drittens,,,drittens,B1,Linie B1,Kapitel 1 – Neue Nachbarn,adj,thirdly,Das dritte Argument in einer Liste.,"Das Hotel ist super: Es liegt erstens zentral, ist zweitens billig und drittens sehr sauber.",,,,,,,,,,,,drittenser,am drittensesten,Abschnitt 7,1538
B1-0101,hipp,,,hipp,B1,Linie B1,Kapitel 1 – Neue Nachbarn,adj,trendy / cool / hip,"Ein modernes Wort für cool, modern und sehr beliebt bei jungen Leuten.",Dieses Viertel in der Stadt ist momentan sehr hipp.,kühl|trendig,,,,,,,,,,,hipper,am hippsten,Abschnitt 7,1539
B1-0102,weniger,,,weniger,B1,Linie B1,Kapitel 1 – Neue Nachbarn,adj,less,Das Gegenteil von mehr; eine kleinere Menge von einer Sache.,"Du solltest weniger Kaffee trinken, das ist gesünder.",,,,,,,,,,,,wenigerer,am wenigersten,Abschnitt 7,1540
B1-0103,zumindest,,,zumindest,B1,Linie B1,Kapitel 1 – Neue Nachbarn,adj,at least,"Mindestens; eine minimale Sache, die man positiv sagen kann.","Das Hotel war teuer, aber es war zumindest sehr sauber.",,,,,,,,,,,,zumindester,am zumindestesten,Abschnitt 7,1541
B1-0104,Stadtteil,der,-e,stadtteil,B1,Linie B1,Kapitel 1 – Neue Nachbarn,n,district / neighborhood,Ein bestimmtes Viertel oder ein Teil von einer großen Stadt.,Kreuzberg ist ein sehr bunter Stadtteil in Berlin.,,,,,,,,,,,,,,Abschnitt 7,1542
B1-0105,Fußgängerzone,die,-n,fussgangerzone,B1,Linie B1,Kapitel 1 – Neue Nachbarn,n,pedestrian zone,"Eine Straße im Zentrum der Stadt, in der keine Autos fahren dürfen und wo nur Fußgänger gehen.",In der Fußgängerzone gibt es viele Geschäfte und Cafés.,,,,,,,,,,,,,,Abschnitt 7,1543
B1-0106,Querstraße,die,-n,querstrasse,B1,Linie B1,Kapitel 1 – Neue Nachbarn,n,cross street,"Eine Straße, die eine andere Straße im rechten Winkel kreuzt.",Biegen Sie an der nächsten Ampel in die Querstraße ab.,,,,,,,,,,,,,,Abschnitt 7,1544
B1-0107,Vorort,der,-e,vorort,B1,Linie B1,Kapitel 1 – Neue Nachbarn,n,suburb,Eine kleine Gemeinde oder ein Wohnort direkt vor den Grenzen einer großen Stadt.,Wir wohnen in einem ruhigen Vorort von Frankfurt.,,,,,,,,,,,,,,Abschnitt 7,1545
B1-0108,Lokal,das,-e,lokal,B1,Linie B1,Kapitel 1 – Neue Nachbarn,n,restaurant / pub,"Ein anderes Wort für ein Restaurant, ein Café oder eine gemütliche Bar.",Gehen wir heute Abend zusammen in ein gemütliches Lokal?,,,,,,,,,,,,,,Abschnitt 7,1546
B1-0109,Wirtschaft,die,-en / die Apfelwein-Wirtschaft,wirtschaft,B1,Linie B1,Kapitel 1 – Neue Nachbarn,n,tavern / traditional pub,"Ein traditionelles deutsches Restaurant, in dem man regionale Spezialitäten isst und trinkt.",In Frankfurt besuchen Touristen gern eine traditionelle Apfelwein-Wirtschaft.,,,,,,,,,,,,,,Abschnitt 7,1547
B1-0110,Hochhaus,das,-häuser,hochhaus,B1,Linie B1,Kapitel 1 – Neue Nachbarn,n,skyscraper / high-rise,Ein sehr hohes Haus mit unglaublich vielen Stockwerken und Etagen.,In der Innenstadt steht ein neues Hochhaus aus Glas.,,,,,,,,,,,,,,Abschnitt 7,1548
B1-0111,Skyline,die,-s,skyline,B1,Linie B1,Kapitel 1 – Neue Nachbarn,n,skyline,Die Silhouette von einer Stadt mit vielen hohen Gebäuden im Hintergrund.,Frankfurt hat eine sehr berühmte Skyline.,,,,,,,,,,,,,,Abschnitt 7,1549
B1-0112,U-Bahn-Station,die,-en,u-bahn-station,B1,Linie B1,Kapitel 1 – Neue Nachbarn,n,subway station,"Die Haltestelle, an der man in die U-Bahn einsteigen kann.",Die neue U-Bahn-Station liegt direkt unter dem Marktplatz.,,,,,,,,,,,,,,Abschnitt 7,1550
B1-0113,Ufer,das,,ufer,B1,Linie B1,Kapitel 1 – Neue Nachbarn,n,bank / shore,Der Rand aus Sand oder Steinen direkt an einem Fluss oder See.,Im Sommer sitzen die Menschen gern am Ufer des Flusses.,,,,,,,,,,,,,,Abschnitt 7,1551
B1-0114,Schatten,der,,schatten,B1,Linie B1,Kapitel 1 – Neue Nachbarn,n,shadow / shade,"Der dunkle, kühle Platz, an den keine direkte Sonne scheint.",Bei dieser Hitze sitze ich am liebsten im Schatten unter einem großen Baum.,,,,,,,,,,,,,,Abschnitt 7,1552
B1-0115,Päckchen,das,,packchen,B1,Linie B1,Kapitel 2 – Hier kaufe ich ein.,n,small package,"Ein kleines Paket, das man mit der Post schickt.",Der Postbote bringt mir ein kleines Päckchen.,,,,,,,,,,,,,,Abschnitt 1,1553
B1-0116,Schlange stehen,,,schlange stehen,B1,Linie B1,Kapitel 2 – Hier kaufe ich ein.,v,to stand in line / queue,"In einer Reihe von Menschen warten, bis man an der Reihe ist.",An der Kasse müssen wir leider lange Schlange stehen.,,,,,,,,,,,,,,Abschnitt 1,1554
B1-0117,Empfang,der,,empfang,B1,Linie B1,Kapitel 2 – Hier kaufe ich ein.,n,reception / receipt,"Die Rezeption ODER der Moment, in dem man ein Paket bekommt.",Bitte bestätigen Sie den Empfang des Pakets mit Ihrer Unterschrift.,Beleg|Quittung|Kassenbon,,,,,,,,,,,,,Abschnitt 1|nur Singular,1555
B1-0118,den Empfang bestätigen,,,den empfang bestatigen,B1,Linie B1,Kapitel 2 – Hier kaufe ich ein.,phrase,to acknowledge receipt,"Mit einer Unterschrift sagen, dass man eine Sache bekommen hat.",Sie müssen hier auf dem Formular den Empfang bestätigen.,,,,,,,,,,,,,,Abschnitt 1,1556
B1-0119,Beleg,der,-e,beleg,B1,Linie B1,Kapitel 2 – Hier kaufe ich ein.,n,receipt / proof,"Ein offizieller Zettel aus Papier, der zeigt, dass man Geld bezahlt hat.","Bitte werfen Sie den Beleg nicht weg, falls Sie das Produkt umtauschen möchten.",Empfang|Quittung|Kassenbon,,,,,,,,,,,,,Abschnitt 1,1557
B1-0120,Quittung,die,-en,quittung,B1,Linie B1,Kapitel 2 – Hier kaufe ich ein.,n,receipt,Ein anderes Wort für Kassenbon oder Beleg.,Im Supermarkt verlange ich immer die Quittung.,Empfang|Beleg|Kassenbon,,,,,,,,,,,,,Abschnitt 1,1558
B1-0121,verlangen,,,verlangen,B1,Linie B1,Kapitel 2 – Hier kaufe ich ein.,v,to demand / request,"Offiziell und bestimmt sagen, dass man eine Sache haben möchte.","Ich verlange, den Chef zu sprechen.",fordern|bitten|auffordern,,,,,,,verlangt,verlangte,hat verlangt,haben,,,Abschnitt 1,1559
B1-0122,Sonderangebot,das,-e,sonderangebot,B1,Linie B1,Kapitel 2 – Hier kaufe ich ein.,n,special offer / sale,"Ein Produkt, das für kurze Zeit im Geschäft viel billiger ist als normal.",Diese Woche sind Bananen im Sonderangebot.,,,,,,,,,,,,,,Abschnitt 1,1560
B1-0123,wiegen,,,wiegen,B1,Linie B1,Kapitel 2 – Hier kaufe ich ein.,v,to weigh,"Mit einer Waage kontrollieren, wie schwer eine Person oder eine Sache ist.",Sie müssen die Äpfel vor der Kasse selbst wiegen.,,,,,,,,wiegt,wog,hat gewogen,haben,,,Abschnitt 1,1561
B1-0124,Mal,das,-e,mal,B1,Linie B1,Kapitel 2 – Hier kaufe ich ein.,n,time / occasion,Ein Wort für eine Wiederholung oder Frequenz.,Nächstes Mal schreibe ich einen Einkaufszettel.,,,,,,,,,,,,,,Abschnitt 1,1562
B1-0125,Obst,das,,obst,B1,Linie B1,Kapitel 2 – Hier kaufe ich ein.,n,fruit,*Header für die folgenden Früchte.*,Ich esse jeden Tag frisches Obst.,Frucht,,,,,,,,,,,,,Abschnitt 1|nur Singular,1563
B1-0126,Pfirsich,der,-e,pfirsich,B1,Linie B1,Kapitel 2 – Hier kaufe ich ein.,n,peach,"Eine süße, runde Frucht mit gelb-roter, weicher Haut.",Der Pfirsich schmeckt wunderbar süß.,,,,,,,,,,,,,,Abschnitt 1,1564
B1-0127,Pflaume,die,-n,pflaume,B1,Linie B1,Kapitel 2 – Hier kaufe ich ein.,n,plum,"Eine kleine, dunkelblaue oder lila Frucht mit einem Stein in der Mitte.",Im Herbst backen wir einen Kuchen mit Pflaumen.,,,,,,,,,,,,,,Abschnitt 1,1565
B1-0128,Aprikose,die,-n,aprikose,B1,Linie B1,Kapitel 2 – Hier kaufe ich ein.,n,apricot,"Eine kleine, orangefarbene Frucht, die mit dem Pfirsich verwandt ist.",Ich kaufe ein Kilo reife Aprikosen.,,,,,,,,,,,,,,Abschnitt 1,1566
B1-0129,Einkaufszentrum,das,-zentren,einkaufszentrum,B1,Linie B1,Kapitel 2 – Hier kaufe ich ein.,n,shopping mall,Ein sehr großes Gebäude mit unglaublich vielen verschiedenen Geschäften.,Am Samstag gehen wir im großen Einkaufszentrum shoppen.,,,,,,,,,,,,,,Abschnitt 1,1567
B1-0130,auf sein,,,auf sein,B1,Linie B1,Kapitel 2 – Hier kaufe ich ein.,phrase,to be open,Geöffnet sein; das Gegenteil von zu sein.,Die Bäckerei ist schon früh morgens auf.,,,,,,,,,,,,,,Abschnitt 1,1568
B1-0131,Drogerie,die,-n,drogerie,B1,Linie B1,Kapitel 2 – Hier kaufe ich ein.,n,drugstore,"Ein Geschäft für Pflegeprodukte, Kosmetik, Waschmittel und Zahnpasta.",Ich kaufe Shampoo und Seife in der Drogerie.,,,,,,,,,,,,,,Abschnitt 1,1569
B1-0132,Fotoapparat,der,-e,fotoapparat,B1,Linie B1,Kapitel 2 – Hier kaufe ich ein.,n,camera,"Ein Gerät, mit dem man Fotos machen kann; eine Kamera.",Ich nehme meinen Fotoapparat mit in den Urlaub.,,,,,,,,,,,,,,Wortschatzerweiterung,1570
B1-0133,Rechner,der,,rechner,B1,Linie B1,Kapitel 2 – Hier kaufe ich ein.,n,calculator / computer,Ein kleines Gerät für Mathe-Aufgaben ODER ein Computer.,Wo ist mein Rechner? Ich muss die Kosten zusammenrechnen.,,,,,,,,,,,,,,Wortschatzerweiterung,1571
B1-0134,Wecker,der,,wecker,B1,Linie B1,Kapitel 2 – Hier kaufe ich ein.,n,alarm clock,"Eine Uhr, die am Morgen ein lautes Geräusch macht, damit man aufwacht.",Mein Wecker klingelt jeden Tag um 6 Uhr.,,,,,,,,,,,,,,Wortschatzerweiterung,1572
B1-0135,Rose,die,-n,rose,B1,Linie B1,Kapitel 2 – Hier kaufe ich ein.,n,rose,"Eine sehr schöne Blume mit einem angenehmen Duft, die oft Dornen hat.",Er schenkt seiner Freundin eine rote Rose.,,,,,,,,,,,,,,Wortschatzerweiterung,1573
B1-0136,Pfeffer,der,,pfeffer,B1,Linie B1,Kapitel 2 – Hier kaufe ich ein.,n,pepper,"Ein dunkles, scharfes Gewürz für das Essen.",Auf dem Tisch stehen Salz und Pfeffer.,,,,,,,,,,,,,,Wortschatzerweiterung,1574
B1-0137,Quark,der,,quark,B1,Linie B1,Kapitel 2 – Hier kaufe ich ein.,n,quark / curd,"Ein weißes Milchprodukt, ähnlich wie dicker Joghurt.",Zum Frühstück esse ich Quark mit frischem Obst (der Quark).,,,,,,,,,,,,,,Wortschatzerweiterung|nur Singular,1575
B1-0138,Schachtel,die,-n,schachtel,B1,Linie B1,Kapitel 2 – Hier kaufe ich ein.,n,box / carton,Eine kleine Box oder Kiste aus Karton (z. B. für Pralinen).,Er kauft eine Schachtel Pralinen als Geschenk. / Ich kaufe eine Schachtel Pralinen.,,,,,,,,,,,,,,Wortschatzerweiterung,1576
B1-0139,Briefumschlag,der,-schläge,briefumschlag,B1,Linie B1,Kapitel 2 – Hier kaufe ich ein.,n,envelope,"Eine Tasche aus Papier, in die man einen Brief steckt.",Schreiben Sie die Adresse bitte auf den Briefumschlag.,,,,,,,,,,,,,,Wortschatzerweiterung,1577
B1-0140,Briefmarke,die,-n,briefmarke,B1,Linie B1,Kapitel 2 – Hier kaufe ich ein.,n,postage stamp,"Ein kleines Stück Papier mit einem Bild und Wert, das man auf einen Brief klebt.",Ich muss eine Briefmarke auf den Umschlag kleben.,,,,,,,,,,,,,,Wortschatzerweiterung,1578
B1-0141,Lieferservice,der,-s,lieferservice,B1,Linie B1,Kapitel 2 – Hier kaufe ich ein.,n,delivery service,"Ein Service, bei dem eine Firma das Essen oder Produkte direkt nach Hause bringt.","Wenn ich keine Lust zum Kochen habe, rufe ich einen Lieferservice an.",Lieferdienst,,,,,,,,,,,,,Abschnitt 2,1579
B1-0142,Tankstelle,die,-n,tankstelle,B1,Linie B1,Kapitel 2 – Hier kaufe ich ein.,n,gas station / petrol station,"Ein Ort an der Straße, an dem man Benzin für das Auto kaufen kann.","Ich muss an die Tankstelle fahren, mein Tank ist fast leer.",,,,,,,,,,,,,,Abschnitt 2,1580
B1-0143,Beratung,die,-en,beratung,B1,Linie B1,Kapitel 2 – Hier kaufe ich ein.,n,consultation / advice,"Das Gespräch mit einem Experten, der einem nützliche Tipps gibt.",Im Elektronikgeschäft gibt es eine sehr gute Beratung.,,,,,,,,,,,,,,Abschnitt 2,1581
B1-0144,Metzgerei,die,-en,metzgerei,B1,Linie B1,Kapitel 2 – Hier kaufe ich ein.,n,butcher's shop,"Ein Geschäft, in dem man frisches Fleisch und Wurst kauft.",Das Steak kaufe ich am liebsten in der Metzgerei.,,,,,,,,,,,,,,Abschnitt 2,1582
B1-0145,Händler,der,,handler,B1,Linie B1,Kapitel 2 – Hier kaufe ich ein.,n,dealer / trader / merchant,"Eine Person oder Firma, die Waren kauft und an Kunden verkauft.",Der Händler verkauft gebrauchte Autos.,,,,,,,,,,,,,,Abschnitt 2,1583
B1-0146,ebenfalls,,,ebenfalls,B1,Linie B1,Kapitel 2 – Hier kaufe ich ein.,adv,likewise / also,"Ein anderes Wort für ""auch"" oder ""ebenso"".","Schönes Wochenende! – Danke, ebenfalls!",,,,,,,,,,,,,,Abschnitt 2,1584
B1-0147,heutzutage,,,heutzutage,B1,Linie B1,Kapitel 2 – Hier kaufe ich ein.,adj,nowadays / these days,In der aktuellen Zeit; jetzt (im Vergleich zu früher).,Heutzutage benutzen fast alle Menschen ein Smartphone.,,,,,,,,,,,,heutzutager,am heutzutagesten,Abschnitt 2,1585
B1-0148,einpacken,,,einpacken,B1,Linie B1,Kapitel 2 – Hier kaufe ich ein.,v,to wrap up / pack,Produkte oder ein Geschenk in Papier oder eine Tasche tun.,Der Verkäufer packt die Waren ein.,,,,,,,,packt ein,packte ein,hat eingepackt,haben,,,Abschnitt 2,1586
B1-0149,Einkommen,das,,einkommen,B1,Linie B1,Kapitel 2 – Hier kaufe ich ein.,n,income / salary,"Das Geld, das eine Person für ihre Arbeit oder aus Geschäften bekommt.",Mit einem guten Einkommen kann man eine schöne Wohnung mieten.,Gehalt,,,,,,,,,,,,,Abschnitt 2,1587
B1-0150,sich etwas leisten,,,sich etwas leisten,B1,Linie B1,Kapitel 2 – Hier kaufe ich ein.,v,to afford something,"Genug Geld haben, um eine teure Sache zu kaufen.",Nach zwei Jahren Sparen kann ich mir endlich eine Reise leisten.,,,,,,,,,,,,,,Abschnitt 2,1588
B1-0151,Einkaufsliste,die,-n,einkaufsliste,B1,Linie B1,Kapitel 2 – Hier kaufe ich ein.,n,shopping list,"Ein Zettel aus Papier, auf den man schreibt, was man im Geschäft kaufen muss.",Ich schreibe Milch und Brot auf meine Einkaufsliste.,,,,,,,,,,,,,,Abschnitt 2,1589
B1-0152,Tiefkühlprodukt,das,-e,tiefkuhlprodukt,B1,Linie B1,Kapitel 2 – Hier kaufe ich ein.,n,frozen product,"Essen aus dem Supermarkt, das sehr kalt und gefroren ist (z. B. Tiefkühlpizza).","Ich habe keine Zeit zum Kochen, ich mache mir ein Tiefkühlprodukt.",,,,,,,,,,,,,,Abschnitt 2,1590
B1-0153,haltbar,,,haltbar,B1,Linie B1,Kapitel 2 – Hier kaufe ich ein.,adj,durable / shelf-stable,Wenn Essen für lange Zeit gut bleibt und nicht schlecht wird.,Ultrahocherhitzte Milch ist ungeöffnet viele Monate haltbar.,,,,,,,,,,,,haltbarer,am haltbarsten,Abschnitt 2,1591
B1-0154,Schaufenster,das,,schaufenster,B1,Linie B1,Kapitel 2 – Hier kaufe ich ein.,n,shop window,"Das große Glasfenster vorne am Geschäft, in dem man Produkte sehen kann.",Ich sehe mir die Jacke im Schaufenster an.,,,,,,,,,,,,,,Abschnitt 2,1592
B1-0155,eventuell,,,eventuell,B1,Linie B1,Kapitel 2 – Hier kaufe ich ein.,adj,possibly / perhaps,Vielleicht; wenn eine Sache möglich ist.,Ich komme morgen eventuell etwas später zum Kurs.,,,,,,,,,,,,eventueller,am eventuellsten,Abschnitt 2,1593
B1-0156,preiswert,,,preiswert,B1,Linie B1,Kapitel 2 – Hier kaufe ich ein.,adj,inexpensive / good value,"Nicht teuer; billig, aber mit einer guten Qualität.",Das Restaurant ist sehr gut und wirklich preiswert.,,,,,,,,,,,,preiswerter,am preiswertesten,Abschnitt 2,1594
B1-0157,merken,,,merken,B1,Linie B1,Kapitel 2 – Hier kaufe ich ein.,v,to memorize / remember,"Eine Information im Kopf behalten, um sie nicht zu vergessen.",Das kann ich mir gut merken.,erinnern,,,,,,,merkt,merkte,hat gemerkt,haben,,,Abschnitt 2,1595
B1-0158,zumachen,,,zumachen,B1,Linie B1,Kapitel 2 – Hier kaufe ich ein.,v,to close,Schließen; das Gegenteil von aufmachen.,Schnell! Das Geschäft macht gleich zu.,,,,,,,,macht zu,machte zu,hat zugemacht,haben,,,Abschnitt 2,1596
B1-0159,saisonal,,,saisonal,B1,Linie B1,Kapitel 2 – Hier kaufe ich ein.,adj,seasonal,Nur in einer bestimmten Jahreszeit verfügbar (z. B. Erdbeeren im Sommer).,"Im Winter kaufen wir Gemüse, das nicht saisonal ist, oft teurer.",,,,,,,,,,,,saisonaler,am saisonalsten,Abschnitt 3,1597
B1-0160,Vitamin,das,-e,vitamin,B1,Linie B1,Kapitel 2 – Hier kaufe ich ein.,n,vitamin,"Ein gesunder Stoff in Lebensmitteln (z. B. in Obst), den der Körper braucht.",Orangen haben sehr viel Vitamin C.,,,,,,,,,,,,,,Abschnitt 3,1598
B1-0161,Bauer,der,-n,bauer,B1,Linie B1,Kapitel 2 – Hier kaufe ich ein.,n,farmer (male),"Ein Mann, der eine Farm leitet, Tiere hat oder Gemüse auf dem Feld produziert.",Der Bauer verkauft frische Eier auf dem Markt.,Bäuerin|Landwirt|Landwirtin,,,,,,,,,,,,,Abschnitt 3,1599
B1-0162,Bäuerin,die,-nen,bauerin,B1,Linie B1,Kapitel 2 – Hier kaufe ich ein.,n,farmer (female),"Eine Frau, die in der Landwirtschaft arbeitet.",Die Bäuerin füttert die Kühe am Morgen.,Bauer|Landwirt|Landwirtin,,,,,,,,,,,,,Abschnitt 3,1600
B1-0163,biologisch,,,biologisch,B1,Linie B1,Kapitel 2 – Hier kaufe ich ein.,adj,organic,Natürlich produziert; ohne Chemie; Bio.,Ich kaufe am liebsten biologisches Gemüse auf dem Wochenmarkt.,ökologisch,,,,,,,,,,,biologischer,am biologischesten,Abschnitt 3,1601
B1-0164,Bestellung,die,-en,bestellung,B1,Linie B1,Kapitel 2 – Hier kaufe ich ein.,n,order,"Der Auftrag, wenn man Produkte im Internet oder Restaurant bestellt.",Ihre Bestellung kommt in zwei Werktagen bei Ihnen an.,,,,,,,,,,,,,,Abschnitt 4,1602
B1-0165,wohl,,,wohl,B1,Linie B1,Kapitel 2 – Hier kaufe ich ein.,adj,probably / indeed,Vermutlich; wahrscheinlich ODER ein Wort zur Betonung.,Das wird wohl stimmen. / Das darf ja wohl nicht wahr sein!,,,,,,,,,,,,wohler,am wohlsten,Abschnitt 4,1603
B1-0166,wahr,,,wahr,B1,Linie B1,Kapitel 2 – Hier kaufe ich ein.,adj,true / real,Korrekt; richtig; kein Fake.,"Das ist eine wahre Geschichte, das ist wirklich passiert.",,,,,,,,,,,,wahrer,am wahrsten,Abschnitt 4,1604
B1-0167,sondern,,,sondern,B1,Linie B1,Kapitel 2 – Hier kaufe ich ein.,v,but (rather),"Ein Wort, das nach einer Verneinung die korrekte Alternative zeigt.","Das Kleid ist nicht rot, sondern blau.",,,,,,,,sondert,sonderte,hat gesondert,haben,,,Abschnitt 4,1605
B1-0168,etwas reklamieren,,,etwas reklamieren,B1,Linie B1,Kapitel 2 – Hier kaufe ich ein.,v,to complain about / return a product,"Im Geschäft offiziell sagen, dass ein Produkt kaputt ist und man sein Geld zurück möchte.","Wenn die Kaffeemaschine defekt ist, müssen Sie etwas reklamieren.",,,,,,,,,,,,,,Abschnitt 4,1606
B1-0169,Reklamation,die,-en,reklamation,B1,Linie B1,Kapitel 2 – Hier kaufe ich ein.,n,complaint / return,"Das Nomen zu ""reklamieren""; der offizielle Protest gegen eine kaputte Ware.",Am Schalter für Reklamationen steht eine lange Schlange.,,,,,,,,,,,,,,Abschnitt 4,1607
B1-0170,Ware,die,-n,ware,B1,Linie B1,Kapitel 2 – Hier kaufe ich ein.,n,goods / merchandise,"Die Produkte oder Gegenstände, die man im Geschäft kaufen kann.",Die Waren aus diesem Land haben eine exzellente Qualität.,,,,,,,,,,,,,,Abschnitt 4,1608
B1-0171,umtauschen,,,umtauschen,B1,Linie B1,Kapitel 2 – Hier kaufe ich ein.,v,to exchange / return,Ein gekauftes Produkt zurück ins Geschäft bringen und ein anderes Produkt dafür nehmen.,"Kann ich den Pullover umtauschen, wenn die Größe nicht passt?",zurückschicken,,,,,,,,,,,,,Abschnitt 4,1609
B1-0172,Kundennummer,die,-n,kundennummer,B1,Linie B1,Kapitel 2 – Hier kaufe ich ein.,n,customer number,"Eine persönliche Nummer, die man bei einer Firma oder einem Online-Shop hat.",Bitte geben Sie bei Fragen Ihre Kundennummer an.,,,,,,,,,,,,,,Abschnitt 4,1610
B1-0173,zurückschicken,,,zuruckschicken,B1,Linie B1,Kapitel 2 – Hier kaufe ich ein.,v,to send back / return,Ein Produkt (z. B. aus einem Online-Shop) mit der Post zurücksenden.,"Die Schuhe sind zu klein, ich muss sie zurückschicken.",umtauschen,,,,,,,zurückschickt,zurückschickte,hat gezurückschickt,haben,,,Abschnitt 4,1611
B1-0174,Rabatt,der,-e,rabatt,B1,Linie B1,Kapitel 2 – Hier kaufe ich ein.,n,discount,Ein Preisnachlass; wenn man weniger Geld für ein Produkt bezahlen muss.,Mit dieser Karte bekommen Sie zehn Prozent Rabatt.,,,,,,,,,,,,,,Abschnitt 4,1612
B1-0175,Lieferung,die,-en,lieferung,B1,Linie B1,Kapitel 2 – Hier kaufe ich ein.,n,delivery,Der Transport von Waren zum Kunden ODER die Produkte selbst.,Die Lieferung ist heute angekommen. / Die Lieferung ist nicht in Ordnung (nicht in Ordnung sein).,,,,,,,,,,,,,,Abschnitt 4,1613
B1-0176,Marke,die,-n,marke,B1,Linie B1,Kapitel 2 – Hier kaufe ich ein.,n,brand,"Der Name von einer bekannten Firma, die ein Produkt macht (z. B. Adidas oder Apple).",Welche Marke hat dein neues Smartphone?,,,,,,,,,,,,,,Abschnitt 4,1614
B1-0177,Modell,das,-e,modell,B1,Linie B1,Kapitel 2 – Hier kaufe ich ein.,n,model,Eine bestimmte Variante oder Version von einem Produkt.,Ich suche das neueste Modell von diesem Auto.,,,,,,,,,,,,,,Abschnitt 4,1615
B1-0178,Ersatz,der,,ersatz,B1,Linie B1,Kapitel 2 – Hier kaufe ich ein.,n,replacement,"Eine neue Sache, die man für eine kaputte oder verlorene Sache bekommt.","Die Waschmaschine ist kaputt, die Firma schickt uns einen Ersatz.",,,,,,,,,,,,,,Abschnitt 4|nur Singular,1616
B1-0179,umsonst,,,umsonst,B1,Linie B1,Kapitel 2 – Hier kaufe ich ein.,adj,free of charge ODER in vain,Kostenlos; ohne Geld ODER ohne Erfolg.,"Sie müssen nichts bezahlen, die Reparatur ist umsonst.",,,,,,,,,,,,umsonster,am umsonstesten,Abschnitt 4,1617
B1-0180,nutzen,,,nutzen,B1,Linie B1,Kapitel 2 – Hier kaufe ich ein.,v,to use / make use of,Eine Sache für eine bestimmte Aufgabe verwenden; benutzen.,Sie sollten die Chance nutzen und Deutsch üben.,,,,,,,,nutzt,nutzte,hat genutzt,haben,,,Abschnitt 4,1618
B1-0181,Bedienungsanleitung,die,-en,bedienungsanleitung,B1,Linie B1,Kapitel 2 – Hier kaufe ich ein.,n,user manual / instructions,"Ein kleines Heft, das genau erklärt, wie eine Maschine oder ein Gerät funktioniert.","Ich verstehe die Kaffeemaschine nicht, ich muss die Bedienungsanleitung lesen.",,,,,,,,,,,,,,Abschnitt 4,1619
B1-0182,umgehend,,,umgehend,B1,Linie B1,Kapitel 2 – Hier kaufe ich ein.,adj,immediately / promptly,Sofort; ohne Zeit zu verlieren; ganz schnell.,Bitte antworten Sie umgehend auf diese wichtige E-Mail.,,,,,,,,,,,,umgehender,am umgehendesten,Abschnitt 5,1620
B1-0183,Kundenservice,der,-s,kundenservice,B1,Linie B1,Kapitel 2 – Hier kaufe ich ein.,n,customer service,"Die Abteilung in einer Firma, die Kunden bei Fragen oder Problemen hilft.","Rufen Sie den Kundenservice an, wenn das Internet nicht funktioniert.",,,,,,,,,,,,,,Abschnitt 5,1621
B1-0184,Mahnung,die,-en,mahnung,B1,Linie B1,Kapitel 2 – Hier kaufe ich ein.,n,payment reminder / warning,"Ein offizieller Brief von einer Firma, wenn man eine Rechnung vergessen hat und schnell bezahlen muss.","Ich habe eine Mahnung bekommen, weil ich die Rechnung nicht bezahlt habe.",,,,,,,,,,,,,,Abschnitt 5,1622
B1-0185,Betrag,der,Beträge,betrag,B1,Linie B1,Kapitel 2 – Hier kaufe ich ein.,n,amount / sum,Eine bestimmte Summe von Geld.,Bitte überweisen Sie den Betrag innerhalb von zwei Wochen auf unser Konto.,Summe,,,,,,,,,,,,,Abschnitt 5,1623
B1-0186,feststellen,,,feststellen,B1,Linie B1,Kapitel 2 – Hier kaufe ich ein.,v,to notice / determine,Eine Information bemerken oder sicher herausfinden.,"Der Arzt konnte keine Krankheit feststellen, Sie sind ganz gesund.",bestimmen|etwas merken,,,,,,,stellt fest,stellte fest,hat festgestellt,haben,,,Abschnitt 5,1624
B1-0187,korrekt,,,korrekt,B1,Linie B1,Kapitel 2 – Hier kaufe ich ein.,adj,correct / right,Richtig; ohne Fehler; passend.,Ihre Antwort in der Übung war absolut korrekt.,,,,,,,,,,,,korrekter,am korrektesten,Abschnitt 5,1625
B1-0188,bisher,,,bisher,B1,Linie B1,Kapitel 2 – Hier kaufe ich ein.,adj,so far / until now,Bis zu diesem Moment in der Gegenwart.,Bisher läuft das Projekt sehr erfolgreich und ohne Probleme.,,,,,,,,,,,,bisherer,am bishersten,Abschnitt 5,1626
B1-0189,senden,,,senden,B1,Linie B1,Kapitel 2 – Hier kaufe ich ein.,v,to send,"Einen Brief, eine E-Mail oder ein Paket an eine Person schicken.",Ich werde Ihnen die Dokumente morgen per Post senden.,,,,,,,,sendet,sendete,hat gesendet,haben,,,Abschnitt 5,1627
B1-0190,beschädigen,,,beschadigen,B1,Linie B1,Kapitel 2 – Hier kaufe ich ein.,v,to damage,Eine Sache kaputt oder fehlerhaft machen (oft durch einen Unfall).,Beim Transport wurde das Display leider beschädigt.,,,,,,,,beschädigt,beschädigte,hat beschädigt,haben,,,Abschnitt 5,1628
B1-0191,Steak,das,-s,steak,B1,Linie B1,Kapitel 2 – Hier kaufe ich ein.,n,steak,Ein dickes Stück Fleisch (oft vom Rind) zum Grillen oder Braten.,Ich bestelle mir ein saftiges Steak mit Pommes.,,,,,,,,,,,,,,Abschnitt 5,1629
B1-0192,Verfallsdatum,das,-daten,verfallsdatum,B1,Linie B1,Kapitel 2 – Hier kaufe ich ein.,n,expiration date,"Das Datum auf Lebensmitteln, das zeigt, bis wann man das Essen sicher essen kann.","Die Milch ist alt, das Verfallsdatum war gestern.",,,,,,,,,,,,,,Abschnitt 5,1630
B1-0193,Kassenbon,der,-s,kassenbon,B1,Linie B1,Kapitel 2 – Hier kaufe ich ein.,n,receipt,"Der Zettel aus Papier von der Kasse, der zeigt, was man gekauft hat.",Brauchen Sie den Kassenbon oder kann ich ihn wegwerfen?,Empfang|Beleg|Quittung,,,,,,,,,,,,,Abschnitt 6,1631
B1-0194,Wechselgeld,das,,wechselgeld,B1,Linie B1,Kapitel 2 – Hier kaufe ich ein.,n,change (money),"Das Geld, das man an der Kasse zurückbekommt, wenn man mit einem großen Schein bezahlt.","Kontrollieren Sie bitte Ihr Wechselgeld, bevor Sie das Geschäft verlassen.",,,,,,,,,,,,,,Abschnitt 6|nur Singular,1632
B1-0195,faul,,,faul,B1,Linie B1,Kapitel 2 – Hier kaufe ich ein.,adj,lazy ODER rotten,Wenn eine Person nicht arbeiten möchte ODER wenn Obst alt und schlecht ist.,"Der Apfel ist faul, wir können ihn nicht mehr essen.",,,,,,,,,,,,fauler,am faulsten,Abschnitt 6,1633
B1-0196,Großhandel,der,,grosshandel,B1,Linie B1,Kapitel 2 – Hier kaufe ich ein.,n,wholesale,"Der Verkauf von Waren in sehr großen Mengen (meistens an andere Firmen, nicht an Privatkunden).",Restaurants kaufen ihre Lebensmittel oft im Großhandel.,,,,,,,,,,,,,,Abschnitt 7|nur Singular,1634
B1-0197,Einzelhandel,der,,einzelhandel,B1,Linie B1,Kapitel 2 – Hier kaufe ich ein.,n,retail,Der normale Verkauf von Waren direkt an den Endkunden im Geschäft.,Supermärkte und Modegeschäfte gehören zum Einzelhandel.,,,,,,,,,,,,,,Abschnitt 7|nur Singular,1635
B1-0198,sonst,,,sonst,B1,Linie B1,Kapitel 2 – Hier kaufe ich ein.,adv,otherwise / else,"Ein Wort, das eine Konsequenz zeigt; wenn nicht; andernfalls.","Zieh eine Jacke an, sonst bekommst du eine Erkältung.",,,,,,,,,,,,,,Abschnitt 7,1636
B1-0199,Unternehmen,das,,unternehmen,B1,Linie B1,Kapitel 2 – Hier kaufe ich ein.,n,company / enterprise,Ein anderes Wort für eine Firma oder einen großen Betrieb.,Er leitet ein erfolgreiches Unternehmen mit dreißig Mitarbeitern.,,,,,,,,,,,,,,Abschnitt 7,1637
B1-0200,Lieferdienst,der,-e,lieferdienst,B1,Linie B1,Kapitel 2 – Hier kaufe ich ein.,n,delivery service,"Eine Firma, die Waren oder Essen zu den Kunden transportiert.",Der Lieferdienst bringt das Sofa direkt in die Wohnung.,Lieferservice,,,,,,,,,,,,,Abschnitt 7,1638
B1-0201,erforderlich,,,erforderlich,B1,Linie B1,Kapitel 2 – Hier kaufe ich ein.,adj,necessary / required,Unbedingt notwendig für ein bestimmtes Ziel; obligatorisch.,Für diesen Job ist ein Zertifikat in Deutsch erforderlich.,,,,,,,,,,,,erforderlicher,am erforderlichsten,Abschnitt 7,1639
B1-0202,Landwirt,der,-e,landwirt,B1,Linie B1,Kapitel 2 – Hier kaufe ich ein.,n,farmer (male),"Ein moderneres, offizielles Wort für Bauer.",Der Landwirt produziert Weizen auf großen Feldern.,Bauer|Bäuerin|Landwirtin,,,,,,,,,,,,,Abschnitt 7,1640
B1-0203,Landwirtin,die,-nen,landwirtin,B1,Linie B1,Kapitel 2 – Hier kaufe ich ein.,n,farmer (female),"Eine Frau, die einen großen landwirtschaftlichen Betrieb leitet.",Die Landwirtin kontrolliert die Traktoren.,Bauer|Bäuerin|Landwirt,,,,,,,,,,,,,Abschnitt 7,1641
B1-0204,Milchprodukt,das,-e,milchprodukt,B1,Linie B1,Kapitel 2 – Hier kaufe ich ein.,n,dairy product,"Essen, das aus Milch gemacht wird (z. B. Käse, Quark, Joghurt oder Butter).",Joghurt ist mein Lieblings-Milchprodukt.,,,,,,,,,,,,,,Abschnitt 7,1642
B1-0205,Produktion,die,-en,produktion,B1,Linie B1,Kapitel 2 – Hier kaufe ich ein.,n,production,Die Herstellung von Waren in einer Fabrik oder Firma.,Die Produktion der neuen Autos beginnt im Werk im März.,Herstellung,,,,,,,,,,,,,Abschnitt 7,1643
B1-0206,Saison,die,-s,saison,B1,Linie B1,Kapitel 2 – Hier kaufe ich ein.,n,season,Eine bestimmte Jahreszeit für eine Aktivität oder ein Produkt (z. B. Spargelsaison).,Im Sommer ist die Saison für Erdbeeren.,,,,,,,,,,,,,,Abschnitt 7,1644
B1-0207,Erdbeere,die,-n,erdbeere,B1,Linie B1,Kapitel 2 – Hier kaufe ich ein.,n,strawberry,"Eine kleine, rote, süße Frucht, die im Sommer wächst.",Ich esse im Sommer am liebsten Eis mit frischen Erdbeeren.,,,,,,,,,,,,,,Abschnitt 7,1645
B1-0208,pflücken,,,pflucken,B1,Linie B1,Kapitel 2 – Hier kaufe ich ein.,v,to pick / pluck,Blumen oder Obst (z. B. Äpfel) von einer Pflanze oder einem Baum mit der Hand abmachen.,Wir gehen aufs Feld und möchten Erdbeeren pflücken.,,,,,,,,pflückt,pflückte,hat gepflückt,haben,,,Abschnitt 7,1646
B1-0209,amüsieren,,,amusieren,B1,Linie B1,Kapitel 2 – Hier kaufe ich ein.,v,to amuse / enjoy oneself,Spaß haben und fröhlich sein; sich amüsieren.,Auf der Party gestern Abend haben wir uns sehr amüsiert.,,,,,,,,amüsiert,amüsierte,hat amüsiert,haben,,,Abschnitt 7,1647
B1-0210,zu sein,,,zu sein,B1,Linie B1,Kapitel 2 – Hier kaufe ich ein.,phrase,to be closed,Geschlossen sein; das Gegenteil von auf sein.,Am Sonntag hat das Geschäft leider zu. / Der Laden ist am Samstag zu.,,,,,,,,,,,,,,Abschnitt 7,1648
B1-0211,Empfehlung,die,-en,empfehlung,B1,Linie B1,Kapitel 2 – Hier kaufe ich ein.,n,recommendation,Ein guter Tipp oder Rat von einer Person für ein Produkt oder ein Restaurant.,"Vielen Dank für die gute Empfehlung, das Restaurant war exzellent!",,,,,,,,,,,,,,Abschnitt 7,1649
B1-0212,Rechnung,die,-en,rechnung,B1,Linie B1,Kapitel 3 – Wir sind für Sie da.,n,bill / invoice,"Ein offizielles Dokument aus Papier oder digital, das zeigt, wie viel Geld man für eine Ware oder Arbeit bezahlen muss.",Ich muss die Rechnung für den Handwerker bezahlen.,Schein,,,,,,,,,,,,,Abschnitt 1,1650
B1-0213,netto,,,netto,B1,Linie B1,Kapitel 3 – Wir sind für Sie da.,adj,net,Der Preis für eine Sache ohne die zusätzliche Mehrwertsteuer.,Das Produkt kostet 100 Euro netto plus Steuern.,,,,,,,,,,,,nettoer,am nettosten,Abschnitt 1,1651
B1-0214,MwSt. = die Mehrwertsteuer,,,mwst. = die mehrwertsteuer,B1,Linie B1,Kapitel 3 – Wir sind für Sie da.,phrase,VAT (Value Added Tax),"Die Steuer, die der Staat auf Produkte und Dienstleistungen verlangt.",Auf der Quittung sieht man den Preis inklusive MwSt.,,,,,,,,,,,,,,Abschnitt 1,1652
B1-0215,gesamt,,,gesamt,B1,Linie B1,Kapitel 3 – Wir sind für Sie da.,adj,total / entire,Alles zusammen genommen; die komplette Summe.,Die gesamte Summe für den Einkauf beträgt 50 Euro.,,,,,,,,,,,,gesamter,am gesamtesten,Abschnitt 1,1653
B1-0216,Bankkonto,das,-konten,bankkonto,B1,Linie B1,Kapitel 3 – Wir sind für Sie da.,n,bank account,Das persönliche Konto bei einer Bank für das Geld.,Ich muss ein neues Bankkonto eröffnen.,,,,,,,,,,,,,,Abschnitt 1,1654
B1-0217,ein Konto eröffnen,,,ein konto eroffnen,B1,Linie B1,Kapitel 3 – Wir sind für Sie da.,phrase,to open an account,Ein neues Bankkonto bei einer Bank offiziell starten.,"Ich gehe morgen zur Sparkasse, um ein Konto zu eröffnen.",,,,,,,,,,,,,,Abschnitt 1,1655
B1-0218,Versicherung,die,-en,versicherung,B1,Linie B1,Kapitel 3 – Wir sind für Sie da.,n,insurance,"Ein Vertrag mit einer Firma, die einem Geld bezahlt, wenn ein Unfall oder Schaden passiert.",Eine gute Versicherung ist im Leben sehr wichtig.,,,,,,,,,,,,,,Abschnitt 1,1656
B1-0219,Kredit,der,-e,kredit,B1,Linie B1,Kapitel 3 – Wir sind für Sie da.,n,loan,"Das Geld, das man sich von einer Bank für eine bestimmte Zeit leiht und später zurückbezahlt.",Wir brauchen einen Kredit für das neue Auto.,,,,,,,,,,,,,,Abschnitt 1,1657
B1-0220,Schaden,der,Schäden / einen Schaden melden,schaden,B1,Linie B1,Kapitel 3 – Wir sind für Sie da.,n,damage / to report a damage,"Ein kaputtes Ding nach einem Unfall / der Versicherung mitteilen, dass etwas kaputt ist.",Ich muss der Versicherung einen Schaden melden.,,,,,,,,,,,,,,Abschnitt 1,1658
B1-0221,sparen,,,sparen,B1,Linie B1,Kapitel 3 – Wir sind für Sie da.,v,to save (money),"Geld nicht ausgeben, sondern für die Zukunft zur Seite legen.","Ich möchte Geld sparen, um im Sommer eine Reise zu machen.",einsparen,,,,,,,spart,sparte,hat gespart,haben,,,Abschnitt 1,1659
B1-0222,Bankgeschäft,das,-e,bankgeschaft,B1,Linie B1,Kapitel 3 – Wir sind für Sie da.,n,banking transaction,"Eine Aktivität, die man mit seinem Geld bei der Bank macht (z. B. eine Überweisung).",Heutzutage kann man fast jedes Bankgeschäft online machen.,,,,,,,,,,,,,,Abschnitt 2,1660
B1-0223,Girokonto,das,-konten,girokonto,B1,Linie B1,Kapitel 3 – Wir sind für Sie da.,n,current account / checking account,"Das normale Bankkonto für den Alltag, von dem man die Miete bezahlt oder Gehalt bekommt.",Ich bezahle meine Rechnungen von meinem Girokonto.,,,,,,,,,,,,,,Abschnitt 2,1661
B1-0224,Bankkarte,die,-n,bankkarte,B1,Linie B1,Kapitel 3 – Wir sind für Sie da.,n,bank card,Die Plastikkarte von der Bank für den Geldautomaten oder zum Bezahlen im Geschäft.,"Ich kann meine Bankkarte nicht finden, sie ist weg.",,,,,,,,,,,,,,Abschnitt 2,1662
B1-0225,Girocard,die,-s,girocard,B1,Linie B1,Kapitel 3 – Wir sind für Sie da.,n,debit card / girocard,Ein anderer Name für die normale Bankkarte in Deutschland.,Kann ich hier im Supermarkt mit der Girocard bezahlen?,,,,,,,,,,,,,,Abschnitt 2,1663
B1-0226,Überweisung,die,-en,uberweisung,B1,Linie B1,Kapitel 3 – Wir sind für Sie da.,n,bank transfer,Das Senden von Geld von einem Bankkonto auf ein anderes Konto.,Die Überweisung der Miete dauert meistens einen Werktag.,,,,,,,,,,,,,,Abschnitt 2,1664
B1-0227,überweisen,,,uberweisen,B1,Linie B1,Kapitel 3 – Wir sind für Sie da.,v,to transfer (money),Geld elektronisch an ein anderes Konto schicken.,Ich muss das Geld noch heute an die Firma überweisen.,,,,,,,,überweist,überwies,hat überwiesen,haben,,,Abschnitt 2,1665
B1-0228,Summe,die,-n,summe,B1,Linie B1,Kapitel 3 – Wir sind für Sie da.,n,sum / total,Der komplette Geldbetrag nach dem Zusammenrechnen.,Wie hoch ist die Summe auf der Rechnung?,Betrag,,,,,,,,,,,,,Abschnitt 2,1666
B1-0229,Dauerauftrag,der,-aufträge,dauerauftrag,B1,Linie B1,Kapitel 3 – Wir sind für Sie da.,n,standing order,"Eine automatische Überweisung, die die Bank jeden Monat am selben Tag macht (z. B. für die Miete).",Für die Miete habe ich einen praktischen Dauerauftrag eingerichtet.,,,,,,,,,,,,,,Abschnitt 2,1667
B1-0230,abheben,,,abheben,B1,Linie B1,Kapitel 3 – Wir sind für Sie da.,v,to withdraw (money),Bargeld aus einem Geldautomaten nehmen.,Ich muss am Automaten Bargeld abheben.,,,,,,,,abhebt,abhebte,hat geabhebt,haben,,,Abschnitt 2,1668
B1-0231,Geldautomat,der,-en,geldautomat,B1,Linie B1,Kapitel 3 – Wir sind für Sie da.,n,ATM / cash machine,"Die Maschine bei der Bank, aus der man mit einer Karte Bargeld bekommt.",Der Geldautomat im Zentrum ist leider kaputt.,,,,,,,,,,,,,,Abschnitt 2,1669
B1-0232,Bargeld,das,,bargeld,B1,Linie B1,Kapitel 3 – Wir sind für Sie da.,n,cash,Geld aus Papier (Scheine) und Metall (Münzen); kein digitales Geld.,Haben Sie Bargeld dabei oder bezahlen Sie mit Karte?,,,,,,,,,,,,,,Abschnitt 2|nur Singular,1670
B1-0233,Kontoauszug,der,-auszüge,kontoauszug,B1,Linie B1,Kapitel 3 – Wir sind für Sie da.,n,bank statement,"Ein Papier, das genau zeigt, wie viel Geld man auf dem Konto hat und was man bezahlt hat.",Ich kontrolliere meine Ausgaben auf dem Kontoauszug.,,,,,,,,,,,,,,Abschnitt 2,1671
B1-0234,Filiale,die,-n,filiale,B1,Linie B1,Kapitel 3 – Wir sind für Sie da.,n,branch,"Ein kleineres Geschäft oder Büro, das zu einer großen Firma oder Bank gehört.",Die Bank hat eine neue Filiale am Marktplatz geöffnet.,,,,,,,,,,,,,,Abschnitt 2,1672
B1-0235,Finanzen,die,,finanzen,B1,Linie B1,Kapitel 3 – Wir sind für Sie da.,n,finances,Das Geld und die ökonomische Situation von einer Person oder Firma.,Um meine Finanzen kümmert sich mein Bruder.,,,,,,,,,,,,,,Abschnitt 2,1673
B1-0236,Taschengeld,das,,taschengeld,B1,Linie B1,Kapitel 3 – Wir sind für Sie da.,n,pocket money / allowance,"Ein kleines Geld, das Kinder jede Woche oder jeden Monat von den Eltern bekommen.",Mein Sohn spart sein Taschengeld für ein neues Computerspiel.,,,,,,,,,,,,,,Abschnitt 2|nur Singular,1674
B1-0237,kostenfrei,,,kostenfrei,B1,Linie B1,Kapitel 3 – Wir sind für Sie da.,adj,free of charge,Ohne Kosten; man muss für eine Sache kein Geld bezahlen; kostenlos.,Das WLAN im Hotel ist für alle Gäste komplett kostenfrei.,,,,,,,,,,,,kostenfreier,am kostenfreisten,Abschnitt 2,1675
B1-0238,Betreuung,die,,betreuung,B1,Linie B1,Kapitel 3 – Wir sind für Sie da.,n,care / supervision,Die Hilfe und Aufsicht für Personen (z. B. Kinder oder alte Menschen).,Die Schule bietet am Nachmittag eine gute Betreuung an.,,,,,,,,,,,,,,Abschnitt 2|nur Singular,1676
B1-0239,Überblick,der,,uberblick,B1,Linie B1,Kapitel 3 – Wir sind für Sie da.,n,overview,Eine gute Orientierung oder Information über eine komplette Situation.,Mit einer Liste behalte ich den Überblick über meine Kosten.,,,,,,,,,,,,,,Abschnitt 2|nur Singular,1677
B1-0240,kompetent,,,kompetent,B1,Linie B1,Kapitel 3 – Wir sind für Sie da.,adj,competent / capable,"Wenn eine Person eine Arbeit sehr gut kann, weil sie viel Wissen und Erfahrung hat.",Die Mitarbeiterin in der Bank war sehr freundlich und kompetent.,,,,,,,,,,,,kompetenter,am kompetentesten,Abschnitt 2,1678
B1-0241,Stelle,die,,stelle,B1,Linie B1,Kapitel 3 – Wir sind für Sie da.,n,position / job ODER place,"Ein Arbeitsplatz ODER eine Position im Satz (z. B. ""An deiner Stelle..."").",An deiner Stelle würde ich die Karte sofort sperren lassen.,,,,,,,,,,,,,,Abschnitt 3|nur Singular,1679
B1-0242,Verlust,der,-e,verlust,B1,Linie B1,Kapitel 3 – Wir sind für Sie da.,n,loss,Wenn man eine Sache (z. B. Geld oder die Bankkarte) verliert und sie nicht mehr hat.,Den Verlust der Karte müssen Sie sofort der Bank melden.,,,,,,,,,,,,,,Abschnitt 3,1680
B1-0243,sperren,,,sperren,B1,Linie B1,Kapitel 3 – Wir sind für Sie da.,v,to block / freeze (a card),"Eine Bankkarte blockieren lassen, damit niemand Fremdes das Geld stehlen kann.","Ich muss mein Konto sperren lassen, weil ich meine Karte verloren habe.",blockieren|frieren,,,,,,,sperrt,sperrte,hat gesperrt,haben,,,Abschnitt 3,1681
B1-0244,Sperrnotruf,der,-e,sperrnotruf,B1,Linie B1,Kapitel 3 – Wir sind für Sie da.,n,emergency blocking hotline,"Eine spezielle Telefonnummer, die man anruft, um eine verlorene Bankkarte sofort zu blockieren.",Bei Verlust der Karte wählen Sie bitte sofort den Sperrnotruf.,,,,,,,,,,,,,,Abschnitt 3,1682
B1-0245,rund um die Uhr,,,rund um die uhr,B1,Linie B1,Kapitel 3 – Wir sind für Sie da.,phrase,around the clock / 24/7,Vierundzwanzig Stunden am Tag; ohne Pause; Tag und Nacht.,Der Service der Bank ist rund um die Uhr telefonisch erreichbar.,,,,,,,,,,,,,,Abschnitt 3,1683
B1-0246,Angabe,die,-n,angabe,B1,Linie B1,Kapitel 3 – Wir sind für Sie da.,n,information / statement,"Eine Information oder ein Fakt, den man in ein Formular schreibt oder sagt.",Bitte kontrollieren Sie Ihre Angaben genau.,,,,,,,,,,,,,,Abschnitt 3,1684
B1-0247,IBAN,die,-s,iban,B1,Linie B1,Kapitel 3 – Wir sind für Sie da.,n,IBAN,"Die lange, internationale Nummer für ein Bankkonto.",Bitte schreiben Sie Ihre IBAN auf das Formular.,,,,,,,,,,,,,,Abschnitt 3,1685
B1-0248,Inland,das,,inland,B1,Linie B1,Kapitel 3 – Wir sind für Sie da.,n,domestic / home country,"Das eigene Land, in dem man wohnt; das Gegenteil von Ausland.",Der Briefversand im Inland ist billiger als ins Ausland.,,,,,,,,,,,,,,Abschnitt 3|nur Singular,1686
B1-0249,Diebstahl,der,-stähle,diebstahl,B1,Linie B1,Kapitel 3 – Wir sind für Sie da.,n,theft,Wenn jemand eine Sache ohne Erlaubnis stiehlt (z. B. Taschendiebstahl).,"Ich war bei der Polizei, um einen Diebstahl zu melden.",,,,,,,,,,,,,,Abschnitt 3,1687
B1-0250,zusätzlich,,,zusatzlich,B1,Linie B1,Kapitel 3 – Wir sind für Sie da.,adj,additional / extra,Extra; noch ein Ding mehr; als Ergänzung.,Für die Express-Lieferung muss man zusätzlich fünf Euro bezahlen.,,,,,,,,,,,,zusätzlicher,am zusätzlichsten,Abschnitt 3,1688
B1-0251,Zeitpunkt,der,-e,zeitpunkt,B1,Linie B1,Kapitel 3 – Wir sind für Sie da.,n,moment / point in time,Ein ganz bestimmter Moment oder eine Uhrzeit.,Was ist der beste Zeitpunkt für unser Treffen?,Augenblick,,,,,,,,,,,,,Abschnitt 3,1689
B1-0252,Haftpflichtversicherung,die,,haftpflichtversicherung,B1,Linie B1,Kapitel 3 – Wir sind für Sie da.,n,liability insurance,"Eine sehr wichtige Versicherung, die bezahlt, wenn man aus Versehen eine Sache von anderen Personen kaputtmacht.",Jeder Mensch in Deutschland sollte eine Haftpflichtversicherung haben.,,,,,,,,,,,,,,Abschnitt 4-5,1690
B1-0253,Krankenversicherung,die,,krankenversicherung,B1,Linie B1,Kapitel 3 – Wir sind für Sie da.,n,health insurance,"Die Versicherung, die die Kosten für den Arzt oder das Krankenhaus bezahlt, wenn man krank ist.",In Deutschland muss jeder Einwohner eine Krankenversicherung haben.,,,,,,,,,,,,,,Abschnitt 4-5,1691
B1-0254,Pflegeversicherung,die,,pflegeversicherung,B1,Linie B1,Kapitel 3 – Wir sind für Sie da.,n,long-term care insurance,"Eine Versicherung, die Geld bezahlt, wenn man alt oder sehr krank ist und Hilfe im Alltag braucht.",Die Pflegeversicherung hilft älteren Menschen.,,,,,,,,,,,,,,Abschnitt 4-5,1692
B1-0255,Makler,der,,makler,B1,Linie B1,Kapitel 3 – Wir sind für Sie da.,n,broker / agent (male),"Eine Person, die beruflich Verträge, Wohnungen oder Versicherungen vermittelt.",Der Makler hat uns eine tolle Wohnung gezeigt.,Maklerin,,,,,,,,,,,,,Abschnitt 4-5,1693
B1-0256,Maklerin,die,-nen / die Versicherungsmaklerin,maklerin,B1,Linie B1,Kapitel 3 – Wir sind für Sie da.,n,broker / agent (female),"Eine Frau, die Kunden bei der Suche nach Verträgen oder Häusern hilft.",Die Versicherungsmaklerin empfiehlt mir einen guten Tarif.,Makler,,,,,,,,,,,,,Abschnitt 4-5,1694
B1-0257,verursachen / einen Schaden verursachen,,,verursachen / einen schaden verursachen,B1,Linie B1,Kapitel 3 – Wir sind für Sie da.,phrase,to cause / to cause damage,Die Ursache für ein Problem oder einen kaputten Gegenstand sein.,Ein kleiner Fehler kann einen großen Schaden verursachen.,,,,,,,,,,,,,,Abschnitt 4-5,1695
B1-0258,Schadenssumme,die,-n,schadenssumme,B1,Linie B1,Kapitel 3 – Wir sind für Sie da.,n,amount of damage / total loss,"Die komplette Menge an Geld, die die Reparatur nach einem Schaden kostet.",Die Versicherung übernimmt die komplette Schadenssumme.,,,,,,,,,,,,,,Abschnitt 4-5,1696
B1-0259,erstatten / Kosten erstatten,,,erstatten / kosten erstatten,B1,Linie B1,Kapitel 3 – Wir sind für Sie da.,phrase,to reimburse / refund costs,Das Geld für eine Ausgabe oder eine Reparatur an eine Person zurückzahlen.,Die Versicherung wird uns alle Kosten erstatten.,,,,,,,,,,,,,,Abschnitt 4-5,1697
B1-0260,eingeschlossen sein,,,eingeschlossen sein,B1,Linie B1,Kapitel 3 – Wir sind für Sie da.,phrase,to be included ↔ to be excluded,In einem Vertrag oder Preis drin sein ↔ nicht Teil des Vertrages oder Preises sein.,"Der Service ist im Preis eingeschlossen, aber Reparaturen sind ausgeschlossen.",,ausgeschlossen sein,,,,,,,,,,,,Abschnitt 4-5,1698
B1-0261,Tarif,der,-e,tarif,B1,Linie B1,Kapitel 3 – Wir sind für Sie da.,n,tariff / rate,Der feste Preis oder die Bedingungen für einen Vertrag (z. B. beim Handy oder der Versicherung).,Welcher Tarif ist am besten für mich geeignet?,,,,,,,,,,,,,,Abschnitt 4-5,1699
B1-0262,mitversichert,,,mitversichert,B1,Linie B1,Kapitel 3 – Wir sind für Sie da.,adj,co-insured,Wenn eine andere Person (z. B. das Kind) im Vertrag einer Versicherung automatisch geschützt ist.,In meiner Haftpflichtversicherung sind meine Kinder mitversichert.,,,,,,,,,,,,mitversicherter,am mitversichertesten,Abschnitt 4-5,1700
B1-0263,abschließen / einen Vertrag abschließen,,,abschliessen / einen vertrag abschliessen,B1,Linie B1,Kapitel 3 – Wir sind für Sie da.,phrase,to close / to sign a contract,Einen offiziellen Vertrag unterschreiben und festmachen.,Ich möchte eine neue Versicherung abschließen.,,,,,,,,,,,,,,Abschnitt 4-5,1701
B1-0264,Anspruch,der,Ansprüche,anspruch,B1,Linie B1,Kapitel 3 – Wir sind für Sie da.,n,claim / entitlement,"Das Recht, eine bestimmte Sache oder Geld zu verlangen.",Nach dem Unfall hat er einen Anspruch auf finanzielle Hilfe.,,,,,,,,,,,,,,Abschnitt 4-5,1702
B1-0265,vorsichtig,,,vorsichtig,B1,Linie B1,Kapitel 3 – Wir sind für Sie da.,adj,cautious / careful,"Aufmerksam handeln, damit kein Fehler oder Unfall passiert.","Bitte fahr vorsichtig, die Straßen sind heute sehr glatt.",,,,,,,,,,,,vorsichtiger,am vorsichtigsten,Abschnitt 4-5,1703
B1-0266,stürzen,,,sturzen,B1,Linie B1,Kapitel 3 – Wir sind für Sie da.,v,to fall / tumble,Sehr schnell und heftig auf den Boden fallen (z. B. beim Radfahren).,"Vorsicht! Du kannst mit dem Fahrrad leicht stürzen, wenn es regnet.",,,,,,,,stürzt,stürzte,ist gestürzt,sein,,,Abschnitt 4-5,1704
B1-0267,sich verletzen,,,sich verletzen,B1,Linie B1,Kapitel 3 – Wir sind für Sie da.,v,to injure oneself,Sich bei einem Unfall wehtun (z. B. eine Wunde am Bein bekommen).,"Ich bin gestürzt, aber zum Glück habe ich mich nicht verletzt.",,,,,,,,verletzt,verletzte,hat verletzt,haben,,,Abschnitt 4-5,1705
B1-0268,sämtlich,,,samtlich,B1,Linie B1,Kapitel 3 – Wir sind für Sie da.,adj,all / complete,Alle zusammen; komplett; ohne Ausnahme.,Wir erstatten Ihnen sämtliche Kosten für die Reparatur.,,,,,,,,,,,,sämtlicher,am sämtlichsten,Abschnitt 4-5,1706
B1-0269,aus Versehen,,,aus versehen,B1,Linie B1,Kapitel 3 – Wir sind für Sie da.,phrase,by mistake ↔ on purpose,Wenn eine Sache ohne Absicht und ungeplant passiert ↔ wenn man eine Sache extra und mit Plan macht.,"Ich habe dein Glas aus Versehen kaputtgemacht, ich habe das nicht absichtlich getan.",,absichtlich,,,,,,,,,,,,Abschnitt 4-5,1707
B1-0270,entstehen,,,entstehen,B1,Linie B1,Kapitel 3 – Wir sind für Sie da.,v,to arise / develop / incur,Wenn ein Schaden oder Kosten real werden; sich entwickeln.,Durch den Unfall können hohe Kosten entstehen.,,,,,,,,entsteht,entstand,ist entstanden,sein,,,Abschnitt 4-5,1708
B1-0271,fällen,,,fallen,B1,Linie B1,Kapitel 3 – Wir sind für Sie da.,v,to chop down (trees) ODER to make a decision,Einen Baum absägen ODER eine Entscheidung treffen.,Die Arbeiter müssen den alten Baum im Garten fällen.,,,,,,,,fällt,fällte,hat gefällt,haben,,,Abschnitt 4-5,1709
B1-0272,Fleck,der,-en,fleck,B1,Linie B1,Kapitel 3 – Wir sind für Sie da.,n,stain / spot,"Schmutz auf der Kleidung oder dem Teppich (z. B. von Kaffee), den man waschen muss.",Ich habe einen großen Fleck auf meinem weißen Hemd.,,,,,,,,,,,,,,Abschnitt 4-5,1710
B1-0273,abbuchen,,,abbuchen,B1,Linie B1,Kapitel 3 – Wir sind für Sie da.,v,to debit / deduct,Geld automatisch von einem Bankkonto wegnehmen (z. B. durch eine Lastschrift).,Die Versicherung wird den Beitrag jeden Monat von meinem Konto abbuchen.,,,,,,,,bucht ab,buchte ab,hat abgebucht,haben,,,Abschnitt 4-5,1711
B1-0274,Lastschrift,die,-en,lastschrift,B1,Linie B1,Kapitel 3 – Wir sind für Sie da.,n,direct debit,"Die Erlaubnis für eine Firma, Geld automatisch vom eigenen Bankkonto abzubuchen.",Ich bezahle meine Handyrechnung ganz bequem per Lastschrift.,,,,,,,,,,,,,,Abschnitt 4-5,1712
B1-0275,obwohl,,,obwohl,B1,Linie B1,Kapitel 3 – Wir sind für Sie da.,adj,although / even though,Ein Wort für einen Gegensatz im Nebensatz.,"Ich gehe spazieren, obwohl es stark regnet.",,,,,,,,,,,,obwohler,am obwohlsten,Abschnitt 6,1713
B1-0276,rechtzeitig,,,rechtzeitig,B1,Linie B1,Kapitel 3 – Wir sind für Sie da.,adj,in time / early enough,Pünktlich; nicht zu spät; mit genug Zeit vorher.,"Bitte komm rechtzeitig zum Bahnhof, der Zug wartet nicht.",,,,,,,,,,,,rechtzeitiger,am rechtzeitigsten,Abschnitt 6,1714
B1-0277,Zinsen,die,,zinsen,B1,Linie B1,Kapitel 3 – Wir sind für Sie da.,n,interest,"Das Geld, das man von der Bank bekommt, wenn man dort spart, ODER das Geld, das man an die Bank zahlt, wenn man einen Kredit hat.",Bei dieser Bank gibt es momentan gute Zinsen für das Ersparte.,,,,,,,,,,,,,,Abschnitt 6,1715
B1-0278,Vertreter,der,"- / die Vertreterin, -nen / der Versicherungsvertreter",vertreter,B1,Linie B1,Kapitel 3 – Wir sind für Sie da.,n,representative / insurance agent,"Eine Person, die eine Firma repräsentiert und Verträge oder Produkte anbietet.",Der Versicherungsvertreter hat mich im Büro besucht.,,,,,,,,,,,,,,Abschnitt 6,1716
B1-0279,behalten,,,behalten,B1,Linie B1,Kapitel 3 – Wir sind für Sie da.,v,to keep,"Eine Sache nicht zurückgeben oder wegwerfen, sondern für sich selbst behalten.","Du darfst das Buch gern behalten, ich brauche es nicht mehr.",,,,,,,,behaltet,behaltete,hat behaltet,haben,,,Abschnitt 6,1717
B1-0280,Panik,die,,panik,B1,Linie B1,Kapitel 3 – Wir sind für Sie da.,n,panic,"Eine sehr große, plötzliche Angst in einer gefährlichen Situation.",Keine Panik! Alles ist unter Kontrolle.,,,,,,,,,,,,,,Abschnitt 6|nur Singular,1718
B1-0281,Kontogebühr,die,-en,kontogebuhr,B1,Linie B1,Kapitel 3 – Wir sind für Sie da.,n,account fee,"Das Geld, das man jeden Monat an die Bank für die Nutzung des Kontos bezahlen muss.","Ich möchte die Bank wechseln, weil die Kontogebühr zu hoch ist.",,,,,,,,,,,,,,Abschnitt 6,1719
B1-0282,voraussichtlich,,,voraussichtlich,B1,Linie B1,Kapitel 3 – Wir sind für Sie da.,adj,presumably / expected,"Sehr wahrscheinlich; man denkt, dass es so passieren wird.",Der Zug kommt voraussichtlich um 14:30 Uhr an.,,,,,,,,,,,,voraussichtlicher,am voraussichtlichsten,Abschnitt 6,1720
B1-0283,Gehalt,das,Gehälter,gehalt,B1,Linie B1,Kapitel 3 – Wir sind für Sie da.,n,salary,"Das Geld, das man jeden Monat für seine Arbeit bekommt.",Am Ende des Monats überweist die Firma mein Gehalt.,Einkommen,,,,,,,,,,,,,Abschnitt 6,1721
B1-0284,knapp,,,knapp,B1,Linie B1,Kapitel 3 – Wir sind für Sie da.,adj,scarce / tight,Nur sehr wenig; fast nicht genug (z. B. Zeit oder Geld).,Mein Geld ist diesen Monat leider sehr knapp.,dicht,,,,,,,,,,,knapper,am knappsten,Abschnitt 6,1722
B1-0285,sich lohnen,,,sich lohnen,B1,Linie B1,Kapitel 3 – Wir sind für Sie da.,v,to be worth it,Wenn eine Aktivität oder eine Ausgabe ein gutes und positives Resultat bringt.,"Das Lernen für die Prüfung lohnt sich, ich habe eine Eins bekommen!",,,,,,,,lohnt,lohnte,hat gelohnt,haben,,,Abschnitt 6,1723
B1-0286,Verbraucherzentrale,die,-n,verbraucherzentrale,B1,Linie B1,Kapitel 3 – Wir sind für Sie da.,n,consumer advice center,"Eine offizielle Organisation, die Bürgern bei Fragen und Problemen mit Firmen oder Verträgen hilft.","Wenn Sie Probleme mit einem Vertrag haben, fragen Sie bei der Verbraucherzentrale nach.",,,,,,,,,,,,,,Abschnitt 6,1724
B1-0287,gefährlich,,,gefahrlich,B1,Linie B1,Kapitel 3 – Wir sind für Sie da.,adj,dangerous,"Nicht sicher; so, dass ein Unfall oder Problem passieren kann.","Es ist gefährlich, ohne Helm Motorrad zu fahren.",,,,,,,,,,,,gefährlicher,am gefährlichsten,Abschnitt 6,1725
B1-0288,allergisch,,,allergisch,B1,Linie B1,Kapitel 3 – Wir sind für Sie da.,adj,allergic,Wenn der Körper negativ auf eine bestimmte Sache reagiert (z. B. auf Nüsse).,Ich bin allergisch gegen Hausstaub.,,,,,,,,,,,,allergischer,am allergischesten,Abschnitt 7 & Wortschatzerweiterung,1726
B1-0289,Hautcreme,die,-s,hautcreme,B1,Linie B1,Kapitel 3 – Wir sind für Sie da.,n,skin cream,"Eine Creme für das Gesicht oder den Körper, damit die Haut weich bleibt.",Im Winter benutze ich jeden Tag eine gute Hautcreme.,,,,,,,,,,,,,,Abschnitt 7 & Wortschatzerweiterung,1727
B1-0290,freiberuflich,,,freiberuflich,B1,Linie B1,Kapitel 3 – Wir sind für Sie da.,adj,freelance / self-employed,"Selbstständig arbeiten (z. B. als Journalist, Arzt oder Designer); kein Angestellter in einer Firma sein.",Sie arbeitet seit zwei Jahren freiberuflich als Grafikdesignerin.,,,,,,,,,,,,,,Abschnitt 7 & Wortschatzerweiterung,1728
B1-0291,finanziell,,,finanziell,B1,Linie B1,Kapitel 3 – Wir sind für Sie da.,adj,financial,Das Geld betreffend.,Nach dem neuen Job ist seine Situation finanziell viel besser.,,,,,,,,,,,,finanzieller,am finanziellsten,Abschnitt 7 & Wortschatzerweiterung,1729
B1-0292,sich absichern / sich für das Alter absichern,,,sich absichern / sich fur das alter absichern,B1,Linie B1,Kapitel 3 – Wir sind für Sie da.,v,to protect/insure oneself for old age,"Heute Geld sparen oder Verträge machen, damit man in der Zukunft oder im Alter keine Geldsorgen hat.","Man sollte sich für das Alter absichern, indem man Geld spart.",schützen,,,,,,,,,,,,,Abschnitt 7 & Wortschatzerweiterung,1730
B1-0293,umweltfreundlich,,,umweltfreundlich,B1,Linie B1,Kapitel 3 – Wir sind für Sie da.,adj,eco-friendly / green,Gut für die Natur und die Umwelt.,Fahrradfahren ist absolut umweltfreundlich.,klimafreundlich,,,,,,,,,,,umweltfreundlicher,am umweltfreundlichsten,Abschnitt 7 & Wortschatzerweiterung,1731
B1-0294,Waschmittel,das,,waschmittel,B1,Linie B1,Kapitel 3 – Wir sind für Sie da.,n,laundry detergent,"Das Pulver oder die Flüssigkeit, mit der man Kleidung in der Waschmaschine sauber macht.",Kauf bitte neues Waschmittel im Supermarkt.,,,,,,,,,,,,,,Abschnitt 7 & Wortschatzerweiterung,1732
B1-0295,Bereich,der,-e,bereich,B1,Linie B1,Kapitel 3 – Wir sind für Sie da.,n,area / field / sector,Ein bestimmter Sektor oder eine Region (z. B. der IT-Bereich).,Er arbeitet im Bereich Marketing.,,,,,,,,,,,,,,Abschnitt 7 & Wortschatzerweiterung,1733
B1-0296,Beratungsstelle,die,-n,beratungsstelle,B1,Linie B1,Kapitel 3 – Wir sind für Sie da.,n,counseling center,"Ein Büro, an dem Menschen kostenlose Hilfe und Tipps für ein Problem bekommen.",Die Stadt hat eine neue Beratungsstelle für Familien eröffnet.,,,,,,,,,,,,,,Abschnitt 7 & Wortschatzerweiterung,1734
B1-0297,Ratgeber,der,,ratgeber,B1,Linie B1,Kapitel 3 – Wir sind für Sie da.,n,guide / advisor ODER guidebook,"Eine Person, die gute Tipps gibt, ODER ein Buch mit praktischen Ratschlägen.",Dieses Buch ist ein nützlicher Ratgeber für die Stellensuche.,,,,,,,,,,,,,,Abschnitt 7 & Wortschatzerweiterung,1735
B1-0298,wesentlich,,,wesentlich,B1,Linie B1,Kapitel 3 – Wir sind für Sie da.,adj,essential / significant,Sehr wichtig; fundamental; bedeutend.,Das ist ein wesentlicher Punkt für unseren Erfolg.,,,,,,,,,,,,wesentlicher,am wesentlichsten,Abschnitt 7 & Wortschatzerweiterung,1736
B1-0299,Entscheidung,die,-en / eine Entscheidung für,entscheidung,B1,Linie B1,Kapitel 3 – Wir sind für Sie da.,n,decision / a decision for ↔ against something,Eine feste Wahl zwischen zwei oder mehr Optionen machen.,Ich muss eine Entscheidung für den neuen Job treffen.,,gegen etwas,,,,,,,,,,,,Abschnitt 7 & Wortschatzerweiterung,1737
B1-0300,sich engagieren,,,sich engagieren,B1,Linie B1,Kapitel 3 – Wir sind für Sie da.,v,to volunteer / get involved,Viel Energie für ein soziales oder wichtiges Thema geben (ohne Geld).,Viele Jugendliche engagieren sich für den Umweltschutz.,,,,,,,,engagiert,engagierte,hat engagiert,haben,,,Abschnitt 7 & Wortschatzerweiterung,1738
B1-0301,Recht,das,-e,recht,B1,Linie B1,Kapitel 3 – Wir sind für Sie da.,n,right / law,Das Gesetz ODER das Privileg von einem Bürger.,Jeder Mensch hat das Recht auf eine freie Meinung.,,,,,,,,,,,,,,Abschnitt 7 & Wortschatzerweiterung,1739
B1-0302,Politik,die,,politik,B1,Linie B1,Kapitel 3 – Wir sind für Sie da.,n,politics,Die Aktivitäten und Entscheidungen vom Staat und der Regierung.,Ich interessiere mich im Fernsehen vor allem für Politik.,,,,,,,,,,,,,,Abschnitt 7 & Wortschatzerweiterung|nur Singular,1740
B1-0303,Aktion,die,-en,aktion,B1,Linie B1,Kapitel 3 – Wir sind für Sie da.,n,action / campaign,Eine geplante Aktivität von einer Gruppe für ein bestimmtes Ziel.,Die Schule organisiert eine Aktion zum Müllsammeln im Wald.,Maßnahme,,,,,,,,,,,,,Abschnitt 7 & Wortschatzerweiterung,1741
B1-0304,Projekt,das,-e,projekt,B1,Linie B1,Kapitel 3 – Wir sind für Sie da.,n,project,"Eine große Aufgabe, an der man oft im Team arbeitet.",Unser neues Projekt in der Firma startet im Juni.,,,,,,,,,,,,,,Abschnitt 7 & Wortschatzerweiterung,1742
B1-0305,Institution,die,-en,institution,B1,Linie B1,Kapitel 3 – Wir sind für Sie da.,n,institution,"Eine offizielle, große Organisation (z. B. eine Universität oder ein Amt).",Die Europäische Union ist eine wichtige Institution.,Heim,,,,,,,,,,,,,Abschnitt 7 & Wortschatzerweiterung,1743
B1-0306,Erwachsenenbildung,die,,erwachsenenbildung,B1,Linie B1,Kapitel 3 – Wir sind für Sie da.,n,adult education,"Kurse und Schulen für Menschen, die über 18 Jahre alt sind und neue Dinge lernen möchten (z. B. die Volkshochschule).",Sprachkurse sind ein wichtiger Teil der Erwachsenenbildung.,,,,,,,,,,,,,,Abschnitt 7 & Wortschatzerweiterung|nur Singular,1744
B1-0307,fordern,,,fordern,B1,Linie B1,Kapitel 3 – Wir sind für Sie da.,v,to demand / claim,"Bestimmt sagen, dass man eine Sache oder ein Recht haben muss.",Die Arbeiter fordern mehr Geld vom Chef.,verlangen,,,,,,,fordert,forderte,hat gefordert,haben,,,Abschnitt 7 & Wortschatzerweiterung,1745
B1-0308,vertreten / die Interessen vertreten,,,vertreten / die interessen vertreten,B1,Linie B1,Kapitel 3 – Wir sind für Sie da.,phrase,to represent / represent interests,Für die Rechte oder Wünsche von einer Gruppe von Menschen sprechen.,Die Gewerkschaften müssen die Interessen der Arbeiter vertreten.,,,,,,,,,,,,,,Abschnitt 7 & Wortschatzerweiterung,1746
B1-0309,Broschüre,die,-n,broschure,B1,Linie B1,Kapitel 3 – Wir sind für Sie da.,n,brochure / booklet,Ein ganz dünnes Heft aus Papier mit Informationen zu einem Thema.,Bitte nehmen Sie sich eine informative Broschüre vom Tisch mit.,,,,,,,,,,,,,,Abschnitt 7 & Wortschatzerweiterung,1747
B1-0310,zusammenfassen,,,zusammenfassen,B1,Linie B1,Kapitel 3 – Wir sind für Sie da.,v,to summarize,Die wichtigsten Punkte von einem langen Text kurz sagen oder schreiben.,Können Sie die Geschichte bitte in drei Sätzen zusammenfassen?,,,,,,,,zusammenfasst,zusammenfasste,hat gezusammenfasst,haben,,,Abschnitt 7 & Wortschatzerweiterung,1748
B1-0311,Unterkunft,die,Unterkünfte,unterkunft,B1,Linie B1,Kapitel 3 – Wir sind für Sie da.,n,accommodation / lodging,"Ein Ort, an dem man im Urlaub oder auf Reisen schläft (z. B. ein Hotel oder eine Pension).",Wir müssen noch eine günstige Unterkunft für das Wochenende suchen.,,,,,,,,,,,,,,Abschnitt 7 & Wortschatzerweiterung,1749
B1-0312,Pension,die,-en,pension,B1,Linie B1,Kapitel 3 – Wir sind für Sie da.,n,guesthouse / pension,"Ein kleines, oft familiäres Hotel, das Zimmer für Touristen anbietet.",Im Urlaub haben wir in einer gemütlichen Pension gewohnt.,,,,,,,,,,,,,,Abschnitt 7 & Wortschatzerweiterung,1750
B1-0313,Tourismus,der,,tourismus,B1,Linie B1,Kapitel 3 – Wir sind für Sie da.,n,tourism,"Das Geschäft mit Reisen, Urlaubern und Hotels.",Für dieses Land am Meer ist der Tourismus wirtschaftlich sehr wichtig.,,,,,,,,,,,,,,Abschnitt 7 & Wortschatzerweiterung|nur Singular,1751
B1-0314,drucken,,,drucken,B1,Linie B1,Kapitel 3 – Wir sind für Sie da.,v,to print,Einen Text oder ein Foto vom Computer auf Papier bringen.,Ich muss den Vertrag im Büro drucken.,,,,,,,,druckt,druckte,hat gedruckt,haben,,,Abschnitt 7 & Wortschatzerweiterung,1752
B1-0315,herunterladen,,,herunterladen,B1,Linie B1,Kapitel 3 – Wir sind für Sie da.,v,to download,Daten oder Musik aus dem Internet auf den eigenen Computer holen.,Du kannst dir die App kostenlos im Internet herunterladen.,,,,,,,,lädt herunter,lud herunter,hat heruntergeladen,haben,,,Abschnitt 7 & Wortschatzerweiterung,1753
B1-0316,Internetanschluss,der,,internetanschluss,B1,Linie B1,Kapitel 3 – Wir sind für Sie da.,n,internet connection,Der Zugang zum Internet in der Wohnung.,In unserem neuen Haus funktioniert der Internetanschluss sehr schnell.,,,,,,,,,,,,,,Abschnitt 7 & Wortschatzerweiterung,1754
B1-0317,Laufwerk,das,-e,laufwerk,B1,Linie B1,Kapitel 3 – Wir sind für Sie da.,n,disk drive,"Das Bauteil im Computer, in das man eine CD oder DVD steckt.",Mein neuer Laptop hat leider kein Laufwerk mehr.,,,,,,,,,,,,,,Abschnitt 7 & Wortschatzerweiterung,1755
B1-0318,finanzieren,,,finanzieren,B1,Linie B1,Kapitel 3 – Wir sind für Sie da.,v,to finance / fund,Das Geld für eine teure Sache (z. B. ein Haus) bereitstellen oder bezahlen.,Wie wollen Sie das Projekt finanzieren?,,,,,,,,finanziert,finanzierte,hat finanziert,haben,,,Abschnitt 7 & Wortschatzerweiterung,1756
B1-0319,Essgewohnheit,die,-en,essgewohnheit,B1,Linie B1,Kapitel 4 – Schmeckt's?,n,eating habit,"Das, was eine Person normalerweise und regelmäßig isst und trinkt.","Meine Essgewohnheit hat sich geändert, ich esse jetzt weniger Fleisch.",,,,,,,,,,,,,,Abschnitt 1,1757
B1-0320,Avocado,die,-s,avocado,B1,Linie B1,Kapitel 4 – Schmeckt's?,n,avocado,Eine grüne Frucht mit einem großen Kern in der Mitte und weichem Fruchtfleisch.,Ich mache einen Salat mit einer reifen Avocado.,,,,,,,,,,,,,,Abschnitt 1,1758
B1-0321,Familienessen,das,,familienessen,B1,Linie B1,Kapitel 4 – Schmeckt's?,n,family meal,Ein großes Essen zusammen mit allen Mitgliedern der Familie.,Am Sonntag gibt es bei uns immer ein großes Familienessen.,,,,,,,,,,,,,,Abschnitt 1,1759
B1-0322,Frischhaltedose,die,-n,frischhaltedose,B1,Linie B1,Kapitel 4 – Schmeckt's?,n,plastic food container,"Eine Box aus Plastik mit einem Deckel, in der man Essen im Kühlschrank frisch hält.",Ich lege den Rest der Suppe in eine Frischhaltedose.,,,,,,,,,,,,,,Abschnitt 1,1760
B1-0323,zum Mitnehmen,,,zum mitnehmen,B1,Linie B1,Kapitel 4 – Schmeckt's?,phrase,to go / take out,"Wenn man Essen im Restaurant kauft, aber nicht dort isst, sondern mitnimmt.",Mittags hole ich mir etwas zum Mitnehmen.,,,,,,,,,,,,,,Abschnitt 1,1761
B1-0324,Mensa,die,Mensen,mensa,B1,Linie B1,Kapitel 4 – Schmeckt's?,n,cafeteria (university),Das große Restaurant an einer Universität für die Studenten.,Wir essen mittags meistens in der Mensa.,,,,,,,,,,,,,,Abschnitt 1,1762
B1-0325,Süße,das,,susse,B1,Linie B1,Kapitel 4 – Schmeckt's?,n,sweet things / candy,"Alle Lebensmittel, die Zucker haben (z. B. Schokolade oder Kuchen).",Möchtest du etwas Süßes zum Nachtisch?,Bonbon|Süßigkeit,,,,,,,,,,,,,Abschnitt 1,1763
B1-0326,Fertiggericht,das,-e,fertiggericht,B1,Linie B1,Kapitel 4 – Schmeckt's?,n,ready-to-eat meal,"Ein Essen aus dem Supermarkt, das schon fertig gekocht ist und das man nur warm machen muss.","Ich habe wenig Zeit, deshalb mache ich mir heute ein Fertiggericht.",,,,,,,,,,,,,,Abschnitt 1,1764
B1-0327,Snack,der,-s,snack,B1,Linie B1,Kapitel 4 – Schmeckt's?,n,snack,Ein kleines Essen für zwischendurch (z. B. Nüsse oder ein Schokoriegel).,Zwischendurch esse ich gerne kleine Snacks.,,,,,,,,,,,,,,Abschnitt 1,1765
B1-0328,traditionell,,,traditionell,B1,Linie B1,Kapitel 4 – Schmeckt's?,adj,traditional,"So, wie man es schon seit einer sehr langen Zeit in einer Kultur macht.",Sauerkraut mit Wurst ist ein traditionelles deutsches Gericht.,,,,,,,,,,,,traditioneller,am traditionellsten,Abschnitt 1,1766
B1-0329,trendig,,,trendig,B1,Linie B1,Kapitel 4 – Schmeckt's?,adj,trendy / fashionable,Modern; im aktuellen Stil; sehr beliebt im Moment.,In der Stadt gibt es viele trendige Cafés.,hipp,,,,,,,,,,,trendiger,am trendigsten,Abschnitt 1,1767
B1-0330,gesund,,,gesund,B1,Linie B1,Kapitel 4 – Schmeckt's?,adj,healthy ↔ unhealthy,Gut für den Körper und die Fitness ↔ schlecht für die Gesundheit.,"Gemüse ist sehr gesund, aber zu viel Zucker ist ungesund.",,ungesund,,,,,,,,,,gesünder,am gesündesten,Abschnitt 1,1768
B1-0331,vegetarisch,,,vegetarisch,B1,Linie B1,Kapitel 4 – Schmeckt's?,adj,vegetarian,Essen ohne Fleisch und ohne Fisch.,In diesem Restaurant gibt es viele vegetarische Gerichte.,,,,,,,,,,,,vegetarischer,am vegetarischesten,Abschnitt 1,1769
B1-0332,zwischendurch,,,zwischendurch,B1,Linie B1,Kapitel 4 – Schmeckt's?,adj,in between / now and then,In der Zeit zwischen den Hauptaktivitäten oder den Hauptmahlzeiten.,"Ich arbeite viel, aber zwischendurch mache ich eine kurze Pause. / Zwischendurch esse ich Snacks.",,,,,,,,,,,,zwischendurcher,am zwischendurchsten,Abschnitt 1,1770
B1-0333,Braten,der,,braten,B1,Linie B1,Kapitel 4 – Schmeckt's?,n,roast meat,"Ein großes Stück Fleisch, das man lange im Ofen backt.",Am Sonntag kocht meine Großmutter einen leckeren Braten.,,,,,,,,,,,,,,Abschnitt 2,1771
B1-0334,Nudel,die,-n,nudel,B1,Linie B1,Kapitel 4 – Schmeckt's?,n,noodle / pasta,"Ein Lebensmittel aus Mehl und Wasser, das man in heißem Wasser kocht (z. B. Spaghetti).",Ich esse am liebsten Nudeln mit Tomatensoße.,Pasta,,,,,,,,,,,,,Abschnitt 2,1772
B1-0335,Süßigkeit,die,-en,sussigkeit,B1,Linie B1,Kapitel 4 – Schmeckt's?,n,candy / sweets,"Süße Sachen mit viel Zucker wie Schokolade, Bonbons oder Kekse.",Kinder essen viel zu viele Süßigkeiten.,Bonbon|Süße,,,,,,,,,,,,,Abschnitt 2,1773
B1-0336,verbrennen,,,verbrennen,B1,Linie B1,Kapitel 4 – Schmeckt's?,v,to burn,Wenn das Essen durch zu viel Hitze im Ofen oder in der Pfanne schwarz und schlecht wird.,"Pass auf, dass die Zwiebeln in der Pfanne nicht verbrennen. / Das Essen ist verbrannt.",brennen,,,,,,,verbrennt,verbrennte,hat verbrennt,haben,,,Abschnitt 2,1774
B1-0337,bloß,,,bloss,B1,Linie B1,Kapitel 4 – Schmeckt's?,adj,just / only,"Ein anderes Wort für ""nur"".","Keine Sorge, ich habe bloß das Essen gebracht, mehr nicht.",ausgerechnet,,,,,,,,,,,bloßer,am bloßesten,Abschnitt 2,1775
B1-0338,Salami-Pizza,die,-s,salami-pizza,B1,Linie B1,Kapitel 4 – Schmeckt's?,n,salami pizza,"Eine Pizza, die mit Tomatensoße, Käse und Salami belegt ist.",Ich bestelle mir eine Salami-Pizza im Restaurant.,,,,,,,,,,,,,,Abschnitt 2,1776
B1-0339,Supermarktregal,das,-e,supermarktregal,B1,Linie B1,Kapitel 4 – Schmeckt's?,n,supermarket shelf,"Das lange Regal im Geschäft, in dem die Produkte stehen.",Die Milch steht im dritten Supermarktregal links.,,,,,,,,,,,,,,Abschnitt 3,1777
B1-0340,glutenfrei,,,glutenfrei,B1,Linie B1,Kapitel 4 – Schmeckt's?,adj,gluten-free,"Essen, das kein Gluten (ein Klebereiweiß in Getreide) hat.","Mein Bruder ist krank, er darf nur glutenfreies Brot essen.",,,,,,,,,,,,glutenfreier,am glutenfreisten,Abschnitt 3,1778
B1-0341,proteinreich,,,proteinreich,B1,Linie B1,Kapitel 4 – Schmeckt's?,adj,rich in protein / high-protein,"Lebensmittel mit sehr viel Eiweiß (z. B. Eier, Quark oder Fleisch).",Für Sportler ist eine proteinreiche Ernährung sehr wichtig.,,,,,,,,,,,,proteinreicher,am proteinreichsten,Abschnitt 3,1779
B1-0342,Jahrzehnt,das,-e,jahrzehnt,B1,Linie B1,Kapitel 4 – Schmeckt's?,n,decade,Eine Zeit von genau zehn Jahren.,In dem letzten Jahrzehnt hat sich die Technik stark verändert.,,,,,,,,,,,,,,Abschnitt 3,1780
B1-0343,Pasta,die,,pasta,B1,Linie B1,Kapitel 4 – Schmeckt's?,n,pasta,Das italienische Wort für Nudeln.,Wir kochen heute Abend frische Pasta.,Nudel,,,,,,,,,,,,,Abschnitt 3|nur Singular,1781
B1-0344,sorgen für,,,sorgen fur,B1,Linie B1,Kapitel 4 – Schmeckt's?,phrase,to take care of / ensure,"Sich um eine Aufgabe oder Person kümmern, damit alles da ist.",Die Mutter hat für das Essen gesorgt.,,,,,,,,,,,,,,Abschnitt 3,1782
B1-0345,Mahlzeit,die,-en,mahlzeit,B1,Linie B1,Kapitel 4 – Schmeckt's?,n,meal,"Das Essen zu einer bestimmten Zeit am Tag (Frühstück, Mittagessen, Abendessen).",Man sollte sich für jede Mahlzeit genug Zeit nehmen.,,,,,,,,,,,,,,Abschnitt 3,1783
B1-0346,berufstätig,,,berufstatig,B1,Linie B1,Kapitel 4 – Schmeckt's?,adj,employed / working,Wenn eine Person einen Beruf hat und regelmäßig arbeitet.,"Da beide Eltern berufstätig sind, sind die Kinder am Nachmittag in der Schule.",,,,,,,,,,,,berufstätiger,am berufstätigsten,Abschnitt 3,1784
B1-0347,Lebensmodell,das,-e,lebensmodell,B1,Linie B1,Kapitel 4 – Schmeckt's?,n,lifestyle model,"Die Art und Weise, wie eine Person oder eine Familie ihr Leben organisiert.",Jede Familie wählt ihr eigenes Lebensmodell.,,,,,,,,,,,,,,Abschnitt 3,1785
B1-0348,Mehl,das,,mehl,B1,Linie B1,Kapitel 4 – Schmeckt's?,n,flour,"Das weiße Pulver aus Getreide, das man zum Backen von Brot braucht.","Ich brauche ein Kilo Mehl, um einen Kuchen zu backen.",,,,,,,,,,,,,,Abschnitt 3|nur Singular,1786
B1-0349,Sonntagsbraten,der,,sonntagsbraten,B1,Linie B1,Kapitel 4 – Schmeckt's?,n,Sunday roast,"Ein traditioneller Fleischbraten, den man in Deutschland am Sonntag isst.",Zum Mittagessen gibt es heute einen klassischen Sonntagsbraten.,,,,,,,,,,,,,,Abschnitt 3,1787
B1-0350,reif,,,reif,B1,Linie B1,Kapitel 4 – Schmeckt's?,adj,ripe,Wenn Obst oder Gemüse fertig gewachsen ist und man es essen kann.,"Die Banane ist gelb und süß, sie ist jetzt reif.",,,,,,,,,,,,reifer,am reifsten,Abschnitt 3,1788
B1-0351,exotisch,,,exotisch,B1,Linie B1,Kapitel 4 – Schmeckt's?,adj,exotic,"Aus einem fernen, fremden Land kommend (z. B. tropische Früchte).",Mangos und Ananas sind exotische Früchte.,,,,,,,,,,,,exotischer,am exotischesten,Abschnitt 3,1789
B1-0352,konservieren,,,konservieren,B1,Linie B1,Kapitel 4 – Schmeckt's?,v,to preserve,"Lebensmittel so bearbeiten, dass sie für eine sehr lange Zeit haltbar bleiben.",Man kann Obst mit Zucker gut konservieren.,einmachen|einlegen,,,,,,,konserviert,konservierte,hat konserviert,haben,,,Abschnitt 3,1790
B1-0353,Frucht,die,Früchte,frucht,B1,Linie B1,Kapitel 4 – Schmeckt's?,n,fruit,Ein anderes Wort für Obst oder ein einzelnes Stück Obst.,Auf dem Markt gibt es viele frische Früchte.,Obst,,,,,,,,,,,,,Abschnitt 3,1791
B1-0354,einmachen,,,einmachen,B1,Linie B1,Kapitel 4 – Schmeckt's?,v,to preserve / jar,"Obst oder Gemüse in kochendes Wasser mit Zucker oder Essig in ein Glas tun, damit es haltbar wird.",Ich habe die Kirschen eingemacht.,konservieren|einlegen,,,,,,,macht ein,machte ein,hat eingemacht,haben,,,Abschnitt 3,1792
B1-0355,einlegen,,,einlegen,B1,Linie B1,Kapitel 4 – Schmeckt's?,v,to pickle / preserve,"Gemüse (z. B. Gurken) in Essigwasser legen, um es haltbar zu machen.",Ich habe die Gurken eingelegt.,konservieren|einmachen,,,,,,,legt ein,legte ein,hat eingelegt,haben,,,Abschnitt 3,1793
B1-0356,salzig,,,salzig,B1,Linie B1,Kapitel 4 – Schmeckt's?,adj,salty,Wenn Essen viel Salz hat; das Gegenteil von süß.,Die Suppe schmeckt mir ein bisschen zu salzig.,,,,,,,,,,,,salziger,am salzigsten,Abschnitt 3,1794
B1-0357,sauer,,,sauer,B1,Linie B1,Kapitel 4 – Schmeckt's?,adj,sour ODER angry,Geschmack von Zitronen ODER verärgert sein.,Die Zitrone schmeckt sehr sauer.,,,,,,,,,,,,sauerer,am sauersten,Abschnitt 3,1795
B1-0358,Kochabend,der,-e,kochabend,B1,Linie B1,Kapitel 4 – Schmeckt's?,n,cooking evening,"Ein Abend, an dem man zusammen mit Freunden oder der Familie kocht.",Unser Kochabend gestern hat großen Spaß gemacht.,,,,,,,,,,,,,,Abschnitt 3,1796
B1-0359,roh,,,roh,B1,Linie B1,Kapitel 4 – Schmeckt's?,adj,raw,Nicht gekocht und nicht gebraten; ungekocht.,Man kann Karotten sehr gut roh essen.,,,,,,,,,,,,roher,am rohsten,Wortschatzerweiterung & Herkunftsland,1797
B1-0360,giftig,,,giftig,B1,Linie B1,Kapitel 4 – Schmeckt's?,adj,poisonous / toxic,"Sehr gefährlich für den Körper; so, dass man davon sterben oder krank werden kann.","Diese Beeren aus dem Wald darfst du nicht essen, sie sind giftig.",,,,,,,,,,,,giftiger,am giftigsten,Wortschatzerweiterung & Herkunftsland,1798
B1-0361,wertvoll,,,wertvoll,B1,Linie B1,Kapitel 4 – Schmeckt's?,adj,valuable,Sehr teuer ODER sehr wichtig und nützlich.,Eine gesunde Ernährung ist extrem wertvoll für das Leben.,,,,,,,,,,,,wertvoller,am wertvollsten,Wortschatzerweiterung & Herkunftsland,1799
B1-0362,Herkunftsland,das,,herkunftsland,B1,Linie B1,Kapitel 4 – Schmeckt's?,n,country of origin,"Das Land, aus dem eine Ware oder eine Person ursprünglich kommt.",Spanien ist das Herkunftsland von diesen Orangen.,,,,,,,,,,,,,,Wortschatzerweiterung & Herkunftsland,1800
B1-0363,Trinken,das,,trinken,B1,Linie B1,Kapitel 4 – Schmeckt's?,n,drinks / drinking,"Alle Flüssigkeiten, die man trinken kann; Getränke.",Artem besorgt Essen und Trinken für die Party.,,,,,,,,,,,,,,Abschnitt 4-5|nur Singular,1801
B1-0364,Vorspeise,die,-n,vorspeise,B1,Linie B1,Kapitel 4 – Schmeckt's?,n,Appetizer / starter,"Ein kleines, leichtes Gericht, das man vor dem Hauptgericht isst.",Als Vorspeise bestelle ich mir eine kleine Suppe.,,,,,,,,,,,,,,Abschnitt 4-5,1802
B1-0365,Nuss,die,Nüsse,nuss,B1,Linie B1,Kapitel 4 – Schmeckt's?,n,nut,"Eine kleine, harte Frucht mit einer Schale (z. B. Walnuss oder Erdnuss).",Ich esse abends gern ein paar Nüsse.,,,,,,,,,,,,,,Abschnitt 4-5,1803
B1-0366,Geschmack,der,,geschmack,B1,Linie B1,Kapitel 4 – Schmeckt's?,n,taste / flavor,"Das Gefühl im Mund, wenn man Essen schmeckt ODER der persönliche Stil.",Jeder hat einen anderen Geschmack.,,,,,,,,,,,,,,Abschnitt 4-5|nur Singular,1804
B1-0367,Viertel,das,,viertel,B1,Linie B1,Kapitel 4 – Schmeckt's?,n,quarter / fourth,Ein Teil von vier exakt gleichen Teilen (\frac{1}{4} oder 25\%).,Ein Viertel der Studenten kommt aus dem Ausland.,,,,,,,,,,,,,,Abschnitt 4-5,1805
B1-0368,Drittel,das,,drittel,B1,Linie B1,Kapitel 4 – Schmeckt's?,n,third,Ein Teil von drei exakt gleichen Teilen (\frac{1}{3} oder ca. 33\%).,Ein Drittel der Pizza ist noch übrig.,,,,,,,,,,,,,,Abschnitt 4-5,1806
B1-0369,Hälfte,die,-n,halfte,B1,Linie B1,Kapitel 4 – Schmeckt's?,n,half,Ein Teil von zwei exakt gleichen Teilen (\frac{1}{2} oder 50\%).,Ich teile den Apfel und gebe dir die Hälfte.,,,,,,,,,,,,,,Abschnitt 4-5,1807
B1-0370,einerseits,,,einerseits,B1,Linie B1,Kapitel 4 – Schmeckt's?,adj,on the one hand ↔ on the other hand,Ein Ausdruck für zwei verschiedene Argumente oder Seiten von einer Situation.,"Salat ist einerseits gesund, andererseits schmeckt er oft langweilig.",,andererseits,,,,,,,,,,einerseitser,am einerseitsesten,Abschnitt 4-5,1808
B1-0371,deswegen,,,deswegen,B1,Linie B1,Kapitel 4 – Schmeckt's?,adv,therefore / that's why,"Ein anderes Wort für ""deshalb"" oder ""darum""; zeigt eine Konsequenz.","Ich bin krank, deswegen bleibe ich heute im Bett.",deshalb,,,,,,,,,,,,,Abschnitt 4-5,1809
B1-0372,deshalb,,,deshalb,B1,Linie B1,Kapitel 4 – Schmeckt's?,adv,therefore,"Ein Wort, das eine Konsequenz zeigt; darum.","Die Küche ist schmutzig, deshalb muss ich aufräumen.",deswegen,,,,,,,,,,,,,Abschnitt 4-5,1810
B1-0373,trotzdem,,,trotzdem,B1,Linie B1,Kapitel 4 – Schmeckt's?,adv,nevertheless / anyway,"Ein Wort, das einen Gegensatz zeigt; obwohl eine Sache so ist.","Es regnet stark, aber wir gehen trotzdem im Park spazieren.",,,,,,,,,,,,,,Abschnitt 4-5,1811
B1-0374,sich ernähren,,,sich ernahren,B1,Linie B1,Kapitel 4 – Schmeckt's?,v,to nourish oneself / eat,Eine bestimmte Auswahl von Essen und Trinken zu sich nehmen.,Er ernährt sich sehr gesund und isst viel Gemüse.,fressen,,,,,,,ernährt,ernährte,hat ernährt,haben,,,Abschnitt 4-5,1812
B1-0375,gesunde Ernährung,,,gesunde ernahrung,B1,Linie B1,Kapitel 4 – Schmeckt's?,phrase,healthy nutrition,*Header für das Thema gesundes Essen.*,Auf dieser Seite lernen wir Wörter über gesunde Ernährung.,,,,,,,,,,,,,,Abschnitt 6,1813
B1-0376,Ernährungsberater,der,,ernahrungsberater,B1,Linie B1,Kapitel 4 – Schmeckt's?,n,nutritionist (male),"Ein Experte, der Menschen Tipps für ein gesundes Essen gibt.","Der Ernährungsberater hilft mir, mein Gewicht zu reduzieren.",Ernährungsberaterin,,,,,,,,,,,,,Abschnitt 6,1814
B1-0377,Ernährungsberaterin,die,-nen,ernahrungsberaterin,B1,Linie B1,Kapitel 4 – Schmeckt's?,n,nutritionist (female),Eine Expertin für gesundes Essen und Diäten.,Die Ernährungsberaterin erklärt mir den neuen Plan.,Ernährungsberater,,,,,,,,,,,,,Abschnitt 6,1815
B1-0378,Speiseplan,der,-pläne,speiseplan,B1,Linie B1,Kapitel 4 – Schmeckt's?,n,menu plan / diet plan,"Eine Tabelle für die Woche, auf der steht, was man jeden Tag kocht.",Ich schreibe am Sonntag einen Speiseplan für die Familie.,,,,,,,,,,,,,,Abschnitt 6,1816
B1-0379,Fertigprodukt,das,-e,fertigprodukt,B1,Linie B1,Kapitel 4 – Schmeckt's?,n,convenience product / pre-made food,"Ein fertiges Lebensmittel aus der Fabrik, das man schnell zubereiten kann.",Man sollte nicht zu viele Fertigprodukte essen.,,,,,,,,,,,,,,Abschnitt 6,1817
B1-0380,verbessern,,,verbessern,B1,Linie B1,Kapitel 4 – Schmeckt's?,v,to improve,Eine Sache besser machen als sie vorher war.,Ich möchte meine Noten in der Schule verbessern.,,,,,,,,verbessert,verbesserte,hat verbessert,haben,,,Abschnitt 6,1818
B1-0381,Verhalten  / das Essverhalten,das,,verhalten  / das essverhalten,B1,Linie B1,Kapitel 4 – Schmeckt's?,n,behavior / eating behavior,"Die Art und Weise, wie eine Person in Situationen handelt / wie eine Person isst.",Das Essverhalten von Kindern ist oft ein großes Thema für Eltern.,,,,,,,,,,,,,,Abschnitt 6|nur Singular,1819
B1-0382,zubereiten,,,zubereiten,B1,Linie B1,Kapitel 4 – Schmeckt's?,v,to prepare (food),Das Essen in der Küche fertig machen oder kochen.,Sie bereitet das Essen frisch zu.,,,,,,,,zubereitet,zubereitete,hat gezubereitet,haben,,,Abschnitt 6,1820
B1-0383,Fett,das,-e,fett,B1,Linie B1,Kapitel 4 – Schmeckt's?,n,fat,"Ein Stoff im Essen (z. B. in Öl oder Butter), der viel Energie hat.",Pommes enthalten sehr viel Fett.,,,,,,,,,,,,,,Abschnitt 6,1821
B1-0384,zunehmen,,,zunehmen,B1,Linie B1,Kapitel 4 – Schmeckt's?,v,to gain weight,Schwerer werden; mehr Kilos auf der Waage haben; das Gegenteil von abnehmen.,Ich habe im Urlaub drei Kilo zugenommen.,,,,,,,,nimmt zu,nahm zu,hat zugenommen,haben,,,Abschnitt 6,1822
B1-0385,Gewicht,das,-e,gewicht,B1,Linie B1,Kapitel 4 – Schmeckt's?,n,weight,"Die Zahl der Kilos, die eine Person oder Sache hat.",Mein Gewicht liegt momentan bei 75 Kilo.,,,,,,,,,,,,,,Abschnitt 6,1823
B1-0386,Vortrag,der,Vorträge,vortrag,B1,Linie B1,Kapitel 4 – Schmeckt's?,n,lecture / presentation,Eine Präsentation vor Zuschauern über ein bestimmtes Thema.,Der Arzt hält einen interessanten Vortrag über Vitamine.,Vorlesung,,,,,,,,,,,,,Abschnitt 6,1824
B1-0387,Workshop,der,-s,workshop,B1,Linie B1,Kapitel 4 – Schmeckt's?,n,workshop,"Ein Kurs, bei dem man aktiv und praktisch in einer Gruppe lernt.",Nimmst du auch an dem Workshop für gesundes Kochen teil?,,,,,,,,,,,,,,Abschnitt 6,1825
B1-0388,Teilnehmende,der/die,-n,teilnehmende,B1,Linie B1,Kapitel 4 – Schmeckt's?,n,participant,"Eine Person, die aktiv an einem Kurs oder Event mitmacht.",Alle Teilnehmenden bekommen am Ende ein Zertifikat.,,,,,,,,,,,,,,Abschnitt 6,1826
B1-0389,Limonade,die,-n,limonade,B1,Linie B1,Kapitel 4 – Schmeckt's?,n,lemonade / soda,Ein süßes Getränk mit viel Zucker und Kohlensäure (z. B. Cola).,Im Sommer trinke ich gern eine kalte Limonade.,,,,,,,,,,,,,,Abschnitt 6,1827
B1-0390,Stichpunkt,der,-e,stichpunkt,B1,Linie B1,Kapitel 4 – Schmeckt's?,n,bullet point,Ein kurzes Wort oder eine Notiz auf einer Liste; kein kompletter Satz.,Bitte schreiben Sie die wichtigsten Informationen als Stichpunkt auf.,,,,,,,,,,,,,,Abschnitt 7,1828
B1-0391,sich interessieren für,,,sich interessieren fur,B1,Linie B1,Kapitel 4 – Schmeckt's?,v,to be interested in,Interesse an einem Thema oder einer Aktivität haben.,Ich interessiere mich für gesunde Ernährung.,,,,,,,,,,,,,,Abschnitt 7,1829
B1-0392,Planung,die,-en,planung,B1,Linie B1,Kapitel 4 – Schmeckt's?,n,planning,Die Vorbereitung und Organisation von einer Aufgabe oder einem Event.,Die Planung für das Fest am Wochenende ist fertig.,,,,,,,,,,,,,,Abschnitt 7,1830
B1-0393,verstärken,,,verstarken,B1,Linie B1,Kapitel 4 – Schmeckt's?,v,to strengthen / intensify,"Eine Sache intensiver, kräftiger oder stabiler machen.",Wir müssen unsere Zusammenarbeit im Team verstärken.,,,,,,,,verstärkt,verstärkte,hat verstärkt,haben,,,Abschnitt 7,1831
B1-0394,unglaublich,,,unglaublich,B1,Linie B1,Kapitel 4 – Schmeckt's?,adj,incredible / unbelievable,"Sehr überraschend oder fantastisch; so, dass man es fast nicht glaubt.",Das Essen in diesem Restaurant schmeckt einfach unglaublich gut!,,,,,,,,,,,,unglaublicher,am unglaublichsten,Abschnitt 7,1832
B1-0395,ah,,,ah,B1,Linie B1,"Kapitel 5 – Ah, so ist das!",adj,ah / oh,"Ein Wort, das man sagt, wenn man eine Information plötzlich versteht.","Ah, so ist das! Jetzt verstehe ich es.",,,,,,,,,,,,aher,am ahsten,Abschnitt 1,1833
B1-0396,Denkblase,die,-n,denkblase,B1,Linie B1,"Kapitel 5 – Ah, so ist das!",n,thought bubble,"Die runde Form in einem Comic, die zeigt, was eine Person denkt.",In der Denkblase steht eine lustige Idee.,,,,,,,,,,,,,,Abschnitt 1,1834
B1-0397,stehen bleiben,,,stehen bleiben,B1,Linie B1,"Kapitel 5 – Ah, so ist das!",v,to stand still / stop walking,Nicht weitergehen; an einem Ort stoppen.,Warum bleibst du plötzlich auf der Straße stehen?,,,,,,,,,,,,,,Abschnitt 1,1835
B1-0398,Unterschied,der,-e,unterschied,B1,Linie B1,"Kapitel 5 – Ah, so ist das!",n,difference,"Ein Merkmal, in dem zwei Dinge oder Personen nicht gleich sind.",Was ist der Unterschied zwischen diesen beiden Wörtern?,,,,,,,,,,,,,,Abschnitt 1,1836
B1-0399,interkulturell,,,interkulturell,B1,Linie B1,"Kapitel 5 – Ah, so ist das!",adj,intercultural,Wenn Menschen aus vielen verschiedenen Kulturen zusammenkommen.,"Das Projekt im Sprachkurs ist eine tolle, interkulturelle Erfahrung.",,,,,,,,,,,,interkultureller,am interkulturellsten,Abschnitt 1,1837
B1-0400,Eile,die,,eile,B1,Linie B1,"Kapitel 5 – Ah, so ist das!",n,hurry / haste,"Der Stress, wenn man sehr wenig Zeit hat und schnell sein muss.",Wozu diese Eile? Wir haben doch noch genug Zeit.,,,,,,,,,,,,,,Abschnitt 1|nur Singular,1838
B1-0401,Kurier,der,-e,kurier,B1,Linie B1,"Kapitel 5 – Ah, so ist das!",n,courier / messenger,"Eine Person, die wichtige Briefe oder Pakete ganz schnell transportiert.",Der Kurier bringt die Dokumente direkt ins Büro.,,,,,,,,,,,,,,Abschnitt 1,1839
B1-0402,sich wundern,,,sich wundern,B1,Linie B1,"Kapitel 5 – Ah, so ist das!",v,to be surprised / wonder,"Überrascht sein, weil eine Situation sehr ungewöhnlich oder komisch ist.","Ich wundere mich, dass der Chef heute so früh da ist.",,,,,,,,wundert,wunderte,hat gewundert,haben,,,Abschnitt 1,1840
B1-0403,merkwürdig,,,merkwurdig,B1,Linie B1,"Kapitel 5 – Ah, so ist das!",adj,strange / odd,"Komisch; ungewöhnlich; so, dass man sich darüber wundert.",Das ist ein merkwürdiges Geräusch aus dem Keller.,,,,,,,,,,,,merkwürdiger,am merkwürdigsten,Abschnitt 1,1841
B1-0404,hupen,,,hupen,B1,Linie B1,"Kapitel 5 – Ah, so ist das!",v,to honk,Ein lautes Warnsignal mit dem Auto machen.,"Du darfst hier nicht ohne Grund hupen, das ist zu laut.",,,,,,,,hupt,hupte,hat gehupt,haben,,,Abschnitt 1,1842
B1-0405,anschnallen,,,anschnallen,B1,Linie B1,"Kapitel 5 – Ah, so ist das!",v,to buckle up / fasten seatbelt,Den Sicherheitsgurt im Auto oder Flugzeug schließen.,Vor der Fahrt müssen sich alle Personen im Auto anschnallen.,,,,,,,,anschnallt,anschnallte,hat geanschnallt,haben,,,Abschnitt 1,1843
B1-0406,bremsen,,,bremsen,B1,Linie B1,"Kapitel 5 – Ah, so ist das!",v,to brake,Das Tempo von einem Fahrzeug reduzieren oder stoppen.,Der Fahrer muss an der roten Ampel schnell bremsen.,,,,,,,,bremst,bremste,hat gebremst,haben,,,Abschnitt 1,1844
B1-0407,Sprache,die,-n,sprache,B1,Linie B1,"Kapitel 5 – Ah, so ist das!",n,language,*Header für das Thema Sprachen.*,Wir sprechen im Kurs über die Sprache.,,,,,,,,,,,,,,Abschnitt 2,1845
B1-0408,Amtssprache,die,-n,amtssprache,B1,Linie B1,"Kapitel 5 – Ah, so ist das!",n,official language,"Die offizielle Sprache, die man in einem Land bei Behörden und Ämtern benutzt.",In Deutschland ist Deutsch die offizielle Amtssprache.,,,,,,,,,,,,,,Abschnitt 2,1846
B1-0409,Dialekt,der,-e,dialekt,B1,Linie B1,"Kapitel 5 – Ah, so ist das!",n,dialect,"Die spezielle, regionale Aussprache einer Sprache in einer bestimmten Region.",In Bayern sprechen viele Menschen einen starken Dialekt.,,,,,,,,,,,,,,Abschnitt 2,1847
B1-0410,Sprachbiografie,die,-n,sprachbiografie,B1,Linie B1,"Kapitel 5 – Ah, so ist das!",n,language biography,"Die persönliche Geschichte einer Person mit allen Sprachen, die sie gelernt hat.",Schreiben Sie bitte eine kurze Sprachbiografie für den Kurs.,,,,,,,,,,,,,,Abschnitt 2,1848
B1-0411,Muttersprache,die,-n,muttersprache,B1,Linie B1,"Kapitel 5 – Ah, so ist das!",n,native language / mother tongue,"Die erste Sprache, die ein Kind von den Eltern zu Hause lernt.","Meine Muttersprache ist Spanisch, aber ich lerne jetzt Deutsch.",,,,,,,,,,,,,,Abschnitt 2,1849
B1-0412,Auslandssemester,das,,auslandssemester,B1,Linie B1,"Kapitel 5 – Ah, so ist das!",n,semester abroad,Ein Halbjahr an einer Universität in einem anderen Land.,Sie möchte ein Auslandssemester in Paris machen.,,,,,,,,,,,,,,Abschnitt 2,1850
B1-0413,Vorlesung,die,-en,vorlesung,B1,Linie B1,"Kapitel 5 – Ah, so ist das!",n,lecture (university),Ein großer Vortrag von einem Professor an der Universität für viele Studenten.,Die Vorlesung in Geschichte beginnt um 10 Uhr.,Vortrag,,,,,,,,,,,,,Abschnitt 2,1851
B1-0414,Seminar,das,-e,seminar,B1,Linie B1,"Kapitel 5 – Ah, so ist das!",n,seminar,"Ein Kurs an der Universität oder Schule, bei dem man aktiv in einer Gruppe diskutiert.",Ich besuche ein interessantes Seminar über Politik.,,,,,,,,,,,,,,Abschnitt 2,1852
B1-0415,Gelegenheit,die,-en,gelegenheit,B1,Linie B1,"Kapitel 5 – Ah, so ist das!",n,opportunity / chance,"Eine gute Möglichkeit oder Chance, um eine Sache zu tun.","Im Urlaub habe ich eine tolle Gelegenheit, mein Englisch zu üben.",,,,,,,,,,,,,,Abschnitt 2,1853
B1-0416,Gemeinsamkeit,die,-en,gemeinsamkeit,B1,Linie B1,"Kapitel 5 – Ah, so ist das!",n,similarity / commonality,"Ein Fakt oder Hobby, das bei zwei Personen oder Dingen exakt gleich ist.",Mein bester Freund und ich haben viele Gemeinsamkeiten.,,,,,,,,,,,,,,Abschnitt 2,1854
B1-0417,Schrift,die,-en,schrift,B1,Linie B1,"Kapitel 5 – Ah, so ist das!",n,script / writing / font,Die geschriebenen Buchstaben oder der Stil von Text auf Papier.,Seine Schrift ist sehr klein und schwer zu lesen.,,,,,,,,,,,,,,Abschnitt 3,1855
B1-0418,fließend,,,fliessend,B1,Linie B1,"Kapitel 5 – Ah, so ist das!",adj,fluently,"Eine Sprache sehr gut, schnell und ohne lange Pausen sprechen können.",Nach zwei Jahren in Berlin spricht er fließend Deutsch.,,,,,,,,,,,,fließender,am fließendesten,Abschnitt 3,1856
B1-0419,stolz,,,stolz,B1,Linie B1,"Kapitel 5 – Ah, so ist das!",adj,proud,Ein glückliches Gefühl über einen eigenen Erfolg.,Ich bin stolz auf meine guten Noten in der Prüfung.,,,,,,,,,,,,stolzer,am stolzesten,Abschnitt 3,1857
B1-0420,aufmerksam,,,aufmerksam,B1,Linie B1,"Kapitel 5 – Ah, so ist das!",adj,attentive / helpful,Konzentriert zuhören ODER nett und hilfsbereit zu anderen sein.,Die Schüler hören dem Lehrer heute sehr aufmerksam zu.,hilfreich,,,,,,,,,,,aufmerksamer,am aufmerksamsten,Abschnitt 3,1858
B1-0421,erleichtert,,,erleichtert,B1,Linie B1,"Kapitel 5 – Ah, so ist das!",adj,relieved,"Froh und entspannt sein, weil eine schwierige Situation oder Prüfung vorbei ist.",Nach dem Vorstellungsgespräch war ich sehr erleichtert.,,,,,,,,,,,,erleichterter,am erleichtertesten,Abschnitt 3,1859
B1-0422,Witz,der,-e,witz,B1,Linie B1,"Kapitel 5 – Ah, so ist das!",n,joke,"Eine kurze, lustige Geschichte, über die Menschen lachen.",Mein Kollege erzählt im Büro gern einen guten Witz.,,,,,,,,,,,,,,Abschnitt 3,1860
B1-0423,Mut,der,,mut,B1,Linie B1,"Kapitel 5 – Ah, so ist das!",n,courage,"Die Eigenschaft, keine Angst zu haben und eine schwierige Sache einfach zu machen.","Man braucht viel Mut, um ganz alleine in ein anderes Land zu ziehen.",,,,,,,,,,,,,,Abschnitt 3|nur Singular,1861
B1-0424,Biergarten,der,-gärten,biergarten,B1,Linie B1,"Kapitel 5 – Ah, so ist das!",n,beer garden,"Ein gemütliches Restaurant im Freien unter Bäumen, typisch für Deutschland.",Im Sommer trinken die Menschen gern ein Bier im Biergarten.,,,,,,,,,,,,,,Abschnitt 3,1862
B1-0425,Sprachkenntnisse,die,,sprachkenntnisse,B1,Linie B1,"Kapitel 5 – Ah, so ist das!",n,language skills,"Das Wissen und die Fähigkeiten, die eine Person in einer Sprache hat.",Für diesen Job sind gute Sprachkenntnisse in Englisch notwendig.,,,,,,,,,,,,,,Abschnitt 3,1863
B1-0426,bis,,,bis,B1,Linie B1,"Kapitel 5 – Ah, so ist das!",adj,until / to,Ein Wort für das Ende von einer Zeit oder einer Distanz.,Ich muss heute von 8 Uhr bis 16 Uhr arbeiten.,,,,,,,,,,,,biser,am bisesten,Abschnitt 3,1864
B1-0427,seit / seitdem,,,seit / seitdem,B1,Linie B1,"Kapitel 5 – Ah, so ist das!",phrase,since / since then,"Ein Startpunkt in der Vergangenheit für eine Aktion, die heute noch aktiv ist.",Ich wohne seit zwei Jahren in dieser schönen Stadt.,,,,,,,,,,,,,,Abschnitt 3,1865
B1-0428,beherrschen,,,beherrschen,B1,Linie B1,"Kapitel 5 – Ah, so ist das!",v,to master / command,"Eine Sache oder eine Sprache perfekt können, weil man viel trainiert hat.",Sie beherrscht die deutsche Grammatik schon sehr gut.,,,,,,,,beherrscht,beherrschte,hat beherrscht,haben,,,Abschnitt 3,1866
B1-0429,flüssig,,,flussig,B1,Linie B1,"Kapitel 5 – Ah, so ist das!",adj,fluent / fluid,Ohne Stopps; fließend (oft für das Sprechen benutzt).,Er kann schon ganz flüssig auf Deutsch antworten.,,,,,,,,,,,,flüssiger,am flüssigsten,Abschnitt 3,1867
B1-0430,gelangweilt,,,gelangweilt,B1,Linie B1,"Kapitel 5 – Ah, so ist das!",adj,bored,"Das Gefühl, wenn man eine Aktivität absolut nicht interessant findet.","Du siehst heute so gelangweilt aus, hast du nichts zu tun?",,,,,,,,,,,,gelangweilter,am gelangweiltesten,Abschnitt 4-5,1868
B1-0431,sich treffen mit,,,sich treffen mit,B1,Linie B1,"Kapitel 5 – Ah, so ist das!",v,to meet with,Eine Verabredung mit einer Person haben und zusammenkommen.,Am Samstag möchte ich mich mit meinen Freunden treffen.,,,,,,,,,,,,,,Abschnitt 4-5,1869
B1-0432,sich aufregen über,,,sich aufregen uber,B1,Linie B1,"Kapitel 5 – Ah, so ist das!",v,to get upset about,"Sauer, nervös oder wütend über eine Person oder Situation sein.",Über wen hast du dich gestern so aufgeregt?,,,,,,,,,,,,,,Abschnitt 4-5,1870
B1-0433,eben,,,eben,B1,Linie B1,"Kapitel 5 – Ah, so ist das!",v,just / simply ODER flat,"Ein Wort zur Betonung (z. B. ""Das ist eben so"") ODER eine flache Fläche.","Das ist eben nicht so einfach, wir müssen das in Ruhe besprechen.",,,,,,,,ebt,ebte,hat geebt,haben,,,Abschnitt 4-5,1871
B1-0434,furchtbar,,,furchtbar,B1,Linie B1,"Kapitel 5 – Ah, so ist das!",adj,terrible / awful,Sehr schlecht; schrecklich; negativ.,Das Wetter im Urlaub war wirklich absolut furchtbar.,,,,,,,,,,,,furchtbarer,am furchtbarsten,Abschnitt 4-5,1872
B1-0435,Direktheit,die,,direktheit,B1,Linie B1,"Kapitel 5 – Ah, so ist das!",n,directness,"Die Eigenschaft, eine Meinung ganz ehrlich, klar und ohne Pause direkt zu sagen.",Die Direktheit von manchen Menschen ist am Anfang etwas gewöhnungsbedürftig.,,,,,,,,,,,,,,Abschnitt 4-5,1873
B1-0436,sich gewöhnen an,,,sich gewohnen an,B1,Linie B1,"Kapitel 5 – Ah, so ist das!",v,to get used to,Nach einiger Zeit eine neue Situation völlig normal und alltäglich finden.,Daran kann ich mich einfach nicht gewöhnen.,,,,,,,,,,,,,,Abschnitt 4-5,1874
B1-0437,Kritik,die,,kritik,B1,Linie B1,"Kapitel 5 – Ah, so ist das!",n,criticism / review,Eine negative oder positive Meinung über eine Arbeit oder eine Person.,Der Chef äußert eine konstruktive Kritik an dem Projekt.,Bewertung,,,,,,,,,,,,,Abschnitt 4-5|nur Singular,1875
B1-0438,optimal,,,optimal,B1,Linie B1,"Kapitel 5 – Ah, so ist das!",adj,optimal / perfect,Perfekt; die beste Möglichkeit für eine Situation.,Das Wetter heute ist optimal für eine Fahrradtour.,,,,,,,,,,,,optimaler,am optimalsten,Abschnitt 4-5,1876
B1-0439,davon,,,davon,B1,Linie B1,"Kapitel 5 – Ah, so ist das!",adj,of it / about it,Von dieser bestimmten Sache oder Situation.,"Das ist ein tolles Auto, davon träume ich schon sehr lange.",,,,,,,,,,,,davoner,am davonsten,Abschnitt 4-5,1877
B1-0440,wofür,,,wofur,B1,Linie B1,"Kapitel 5 – Ah, so ist das!",adj,for what,Eine Frage nach dem Ziel oder dem Grund für ein Interesse.,Wofür interessierst du dich in deiner Freizeit am meisten?,,,,,,,,,,,,wofürer,am wofürsten,Abschnitt 4-5,1878
B1-0441,woran,,,woran,B1,Linie B1,"Kapitel 5 – Ah, so ist das!",adj,of what / about what,Eine Frage nach dem Gedanken oder dem Inhalt im Kopf.,Woran denkst du gerade so intensiv?,,,,,,,,,,,,woraner,am woransten,Abschnitt 4-5,1879
B1-0442,Jahreskarte,die,-n,jahreskarte,B1,Linie B1,"Kapitel 5 – Ah, so ist das!",n,annual ticket / pass,"Ein Ticket, das für ein komplettes Jahr gültig ist (z. B. für den Bus oder den Zoo).",Ich besitze eine praktische Jahreskarte für den Nahverkehr.,,,,,,,,,,,,,,Wortschatzerweiterung,1880
B1-0443,Tierpark,der,-s,tierpark,B1,Linie B1,"Kapitel 5 – Ah, so ist das!",n,zoo / wildlife park,Ein anderes Wort für Zoo; ein Park mit vielen Tieren.,Ich interessiere mich für Tiere und habe eine Jahreskarte für den Tierpark.,,,,,,,,,,,,,,Wortschatzerweiterung,1881
B1-0444,Arbeitsstelle,die,-n,arbeitsstelle,B1,Linie B1,"Kapitel 5 – Ah, so ist das!",n,job / workplace,Der Arbeitsplatz in einer Firma.,Sie hat eine neue Arbeitsstelle als Sekretärin gefunden.,,,,,,,,,,,,,,Abschnitt 6,1882
B1-0445,schlimm,,,schlimm,B1,Linie B1,"Kapitel 5 – Ah, so ist das!",adj,bad / serious,Negativ; ein großes Problem; das Gegenteil von gut.,"Mach dir keine Sorgen, das ist alles halb so schlimm.",,,,,,,,,,,,schlimmer,am schlimmsten,Abschnitt 6,1883
B1-0446,anwesend,,,anwesend,B1,Linie B1,"Kapitel 5 – Ah, so ist das!",adj,present,Da sein; an einem Ort oder im Kurs existieren; das Gegenteil von abwesend.,Heute sind alle Schüler im Unterricht anwesend.,,,,,,,,,,,,anwesender,am anwesendesten,Abschnitt 6,1884
B1-0447,unangenehm,,,unangenehm,B1,Linie B1,"Kapitel 5 – Ah, so ist das!",adj,unpleasant / uncomfortable,"Nicht schön; so, dass man sich unwohl oder peinlich fühlt.",Die Situation beim Vorstellungsgespräch war mir sehr unangenehm.,,,,,,,,,,,,unangenehmer,am unangenehmsten,Abschnitt 6,1885
B1-0448,Computerprogramm,das,-e,computerprogramm,B1,Linie B1,"Kapitel 5 – Ah, so ist das!",n,computer program,Eine Software oder App für den Computer (z. B. Word oder Excel).,Ich muss ein neues Computerprogramm für die Arbeit lernen.,,,,,,,,,,,,,,Abschnitt 6,1886
B1-0449,los,,,los,B1,Linie B1,"Kapitel 5 – Ah, so ist das!",adj,going on / happening,Wenn etwas passiert oder eine Situation unklar ist.,Erzähl mal: Was ist heute eigentlich los?,,,,,,,,,,,,loser,am losesten,Abschnitt 6,1887
B1-0450,Mitschüler,der,,mitschuler,B1,Linie B1,"Kapitel 5 – Ah, so ist das!",n,classmate (male),"Ein Junge oder Mann, der in derselben Schulklasse lernt.",Mein Mitschüler hilft mir bei den Hausaufgaben.,Mitschülerin,,,,,,,,,,,,,Abschnitt 6,1888
B1-0451,Mitschülerin,die,-nen,mitschulerin,B1,Linie B1,"Kapitel 5 – Ah, so ist das!",n,classmate (female),Ein Mädchen oder eine Frau aus der eigenen Klasse.,Eine neue Mitschülerin kommt aus Italien.,Mitschüler,,,,,,,,,,,,,Abschnitt 6,1889
B1-0452,entlassen,,,entlassen,B1,Linie B1,"Kapitel 5 – Ah, so ist das!",v,to fire / lay off,"Einen Mitarbeiter offiziell aus der Firma wegschicken, so dass er keine Arbeit mehr hat.",Die Firma musste leider zehn Arbeiter entlassen.,,,,,,,,entlasst,entlasste,hat entlasst,haben,,,Abschnitt 6,1890
B1-0453,schwitzen,,,schwitzen,B1,Linie B1,"Kapitel 5 – Ah, so ist das!",v,to sweat,"Flüssigkeit auf der Haut bekommen, weil es sehr heiß ist oder man viel Sport macht.",Bei dieser Hitze muss man automatisch viel schwitzen.,,,,,,,,schwitzt,schwitzte,hat geschwitzt,haben,,,Abschnitt 6,1891
B1-0454,Tabu,das,-s,tabu,B1,Linie B1,"Kapitel 5 – Ah, so ist das!",n,taboo,"Ein Thema, über das Menschen in einer Kultur aus Höflichkeit oder Religion nicht gern sprechen.",Das Gehalt ist für viele Menschen ein großes Tabu.,,,,,,,,,,,,,,Abschnitt 7,1892
B1-0455,schwanger,,,schwanger,B1,Linie B1,"Kapitel 5 – Ah, so ist das!",adj,pregnant,Wenn eine Frau ein Baby im Bauch hat.,Meine Schwester ist im sechsten Monat schwänger.,,,,,,,,,,,,,,Abschnitt 7,1893
B1-0456,Gott,,,gott,B1,Linie B1,"Kapitel 5 – Ah, so ist das!",n,God,Die religiöse Kraft oder Person im Himmel.,Glaubst du an Gott?,,,,,,,,,,,,,,Abschnitt 7,1894
B1-0457,Religion,die,-en,religion,B1,Linie B1,"Kapitel 5 – Ah, so ist das!",n,religion,"Der Glaube an Gott oder eine Kirche (z. B. Christentum, Islam).",Die Freiheit der Religion ist in Deutschland gesetzlich geschützt.,,,,,,,,,,,,,,Abschnitt 7,1895
B1-0458,ups,,,ups,B1,Linie B1,"Kapitel 5 – Ah, so ist das!",adj,oops,"Ein kleines Wort, das man sagt, wenn man aus Versehen einen kleinen Fehler macht.","Ups, das Glas ist mir aus der Hand gefallen, Entschuldigung!",,,,,,,,,,,,upser,am upsesten,Abschnitt 7,1896
B1-0459,umdrehen,,,umdrehen,B1,Linie B1,"Kapitel 5 – Ah, so ist das!",v,to turn around,Den Körper oder eine Sache in die andere Richtung bewegen.,"Bitte dreh dich mal um, ich möchte dir etwas zeigen.",,,,,,,,,,,,,,Abschnitt 7,1897
B1-0460,ausreichend,,,ausreichend,B1,Linie B1,"Kapitel 5 – Ah, so ist das!",adj,sufficient,"Genug; eine normale Menge, die man für ein Ziel braucht.",Für das Rezept haben wir ausreichend Milch im Kühlschrank.,,,,,,,,,,,,ausreichender,am ausreichendesten,Abschnitt 7,1898
B1-0461,ungewöhnlich,,,ungewohnlich,B1,Linie B1,"Kapitel 5 – Ah, so ist das!",adj,unusual / uncommon,Nicht normal; speziell; überraschend; anders als üblich.,"Das ist ein sehr ungewöhnliches Kleid, aber es sieht toll aus.",,,,,,,,,,,,ungewöhnlicher,am ungewöhnlichsten,Abschnitt 7,1899
B1-0462,sich eignen für,,,sich eignen fur,B1,Linie B1,"Kapitel 5 – Ah, so ist das!",v,to be suitable for,Passend oder perfekt für eine bestimmte Aufgabe oder Person sein.,Dieses Buch eignet sich perfekt für Anfänger.,,,,,,,,,,,,,,Abschnitt 7,1900
B1-0463,höchstens,,,hochstens,B1,Linie B1,"Kapitel 5 – Ah, so ist das!",adv,at most / maximum,Nicht mehr als; der maximale Wert; das Gegenteil von mindestens.,Die Fahrt mit dem Bus dauert höchstens zehn Minuten.,,,,,,,,,,,,,,Abschnitt 7,1901
B1-0464,kaum,,,kaum,B1,Linie B1,"Kapitel 5 – Ah, so ist das!",adv,hardly / barely,Fast nicht; nur sehr wenig.,"Es ist so dunkel hier, ich kann den Text kaum lesen.",,,,,,,,,,,,,,Abschnitt 7,1902
B1-0465,Kinderwunsch,der,,kinderwunsch,B1,Linie B1,"Kapitel 5 – Ah, so ist das!",n,desire to have children,"Der große Traum von einem Paar, ein eigenes Baby zu bekommen.",Viele junge Paare haben einen festen Kinderwunsch.,,,,,,,,,,,,,,Abschnitt 7|nur Singular,1903
B1-0466,Krankheit,die,-en,krankheit,B1,Linie B1,"Kapitel 5 – Ah, so ist das!",n,illness / disease,Wenn der Körper nicht gesund ist (z. B. Fieber oder Grippe).,Er kann wegen einer schweren Krankheit nicht zur Arbeit kommen.,,,,,,,,,,,,,,Abschnitt 7,1904
B1-0467,offenbar,,,offenbar,B1,Linie B1,"Kapitel 5 – Ah, so ist das!",adj,apparently / obviously,"Klar zu sehen; man merkt sofort, dass es so ist; offensichtlich.","Sie lächelt die ganze Zeit, sie ist heute offenbar sehr glücklich.",,,,,,,,,,,,offenbarer,am offenbarsten,Abschnitt 7,1905
B1-0468,Öffentlichkeit,die,,offentlichkeit,B1,Linie B1,"Kapitel 5 – Ah, so ist das!",n,the public,Alle Menschen in der Gesellschaft; nicht das private Leben im Haus.,Politiker müssen oft in der Öffentlichkeit sprechen.,Publikum,,,,,,,,,,,,,Abschnitt 7|nur Singular,1906
B1-0469,bekannt,,,bekannt,B1,Linie B1,"Kapitel 5 – Ah, so ist das!",adj,known ↔ unknown,Berühmt; viele Menschen kennen es ↔ niemand kennt es.,"Der Schauspieler ist sehr bekannt, aber dieser Film ist mir komplett unbekannt.",,unbekannt,,,,,,,,,,bekannter,am bekanntesten,Abschnitt 7,1907
B1-0470,weggehen,,,weggehen,B1,Linie B1,"Kapitel 5 – Ah, so ist das!",v,to go away / leave,Einen Ort verlassen; an einen anderen Platz gehen.,"Ich muss jetzt weggehen, mein Bus fährt gleich ab.",,,,,,,,geht weg,ging weg,ist weggegangen,sein,,,Abschnitt 7,1908
B1-0471,abhängen von,,,abhangen von,B1,Linie B1,"Kapitel 5 – Ah, so ist das!",phrase,to depend on,Wenn eine Entscheidung von einer anderen Situation bestimmt wird.,"Ob wir ein Picknick machen, hängt von dem Wetter ab.",,,,,,,,,,,,,,Abschnitt 7,1909
B1-0472,begegnen,,,begegnen,B1,Linie B1,"Kapitel 5 – Ah, so ist das!",v,to meet by chance / encounter,"Eine Person zufällig auf der Straße treffen, ohne einen Termin zu haben.",Auf dem Weg zum Supermarkt bin ich meinem alten Lehrer begegnet.,,,,,,,,begegnt,begegnte,ist begegnt,sein,,,Abschnitt 7,1910
B1-0473,besorgen,,,besorgen,B1,Linie B1,"Kapitel 5 – Ah, so ist das!",v,to get / obtain,Eine Sache für sich selbst kaufen oder organisieren.,Ich muss mir vor der Reise noch ein neues Ticket besorgen.,,,,,,,,besorgt,besorgte,hat besorgt,haben,,,Abschnitt 7,1911
B1-0474,Hühnchen,das,,huhnchen,B1,Linie B1,"Kapitel 5 – Ah, so ist das!",n,chicken,Das Fleisch von einem Huhn als Essen.,Zum Abendessen koche ich Reis mit Hühnchen.,Huhn,,,,,,,,,,,,,Abschnitt 7,1912
B1-0475,isoliert,,,isoliert,B1,Linie B1,"Kapitel 5 – Ah, so ist das!",adj,isolated,Alleine; ohne Kontakt zu anderen Menschen oder Nachbarn.,Ohne Internet fühle ich mich in der Wohnung komplett isoliert.,,,,,,,,,,,,isolierter,am isoliertesten,Abschnitt 7,1913
B1-0476,schließlich,,,schliesslich,B1,Linie B1,"Kapitel 5 – Ah, so ist das!",adv,finally / after all,Am Ende nach einer langen Zeit ODER als logisches Argument.,Nach vielen Stunden Arbeit habe ich die Hausaufgabe schließlich fertiggemacht.,,,,,,,,,,,,,,Abschnitt 7,1914
B1-0477,Krankenhaus,das,-häuser,krankenhaus,B1,Linie B1,Kapitel 6 – Im Krankenhaus,n,hospital,"Ein großes Gebäude mit Ärzten und Betten, in dem kranke Menschen gesund gemacht werden.",Er liegt seit drei Tagen im Krankenhaus.,Klinik,,,,,,,,,,,,,Abschnitt 1-2,1915
B1-0478,Aufenthalt,der,-e,aufenthalt,B1,Linie B1,Kapitel 6 – Im Krankenhaus,n,stay,"Die Zeit, die man an einem bestimmten Ort (z. B. im Hotel oder Krankenhaus) verbringt.",Wie lange dauert Ihr Aufenthalt in der Klinik?,,,,,,,,,,,,,,Abschnitt 1-2,1916
B1-0479,Notaufnahme,die,-n,notaufnahme,B1,Linie B1,Kapitel 6 – Im Krankenhaus,n,emergency room,"Die spezielle Station im Krankenhaus für Menschen, die sofort medizinische Hilfe brauchen.",Nach dem schweren Unfall brachte man ihn direkt in die Notaufnahme.,,,,,,,,,,,,,,Abschnitt 1-2,1917
B1-0480,Krankenwagen,der,,krankenwagen,B1,Linie B1,Kapitel 6 – Im Krankenhaus,n,ambulance,"Ein schnelles Auto mit Blaulicht und medizinischen Geräten, das Kranke ins Krankenhaus fährt.",Der Krankenwagen war nach fünf Minuten da.,,,,,,,,,,,,,,Abschnitt 1-2,1918
B1-0481,Verletzung,die,-en,verletzung,B1,Linie B1,Kapitel 6 – Im Krankenhaus,n,injury,Eine kaputte Stelle am Körper nach einem Unfall (z. B. eine Wunde am Bein).,Er hat eine kleine Verletzung an der Hand.,,,,,,,,,,,,,,Abschnitt 1-2,1919
B1-0482,Wunde,die,-n,wunde,B1,Linie B1,Kapitel 6 – Im Krankenhaus,n,wound,"Eine offene, verletzte Stelle auf der Haut, die wehtut.",Die Wunde muss mit einem Pflaster sauber gehalten werden.,,,,,,,,,,,,,,Abschnitt 1-2,1920
B1-0483,Blut,das,,blut,B1,Linie B1,Kapitel 6 – Im Krankenhaus,n,blood,"Die rote Flüssigkeit, die im Körper fließt.",Nach dem Schnitt am Finger war da viel Blut.,,,,,,,,,,,,,,Abschnitt 1-2|nur Singular,1921
B1-0484,bluten,,,bluten,B1,Linie B1,Kapitel 6 – Im Krankenhaus,v,to bleed,Wenn Blut aus einer Wunde am Körper fließt.,Die Wunde am Kopf blutet stark.,,,,,,,,blutet,blutete,hat geblutet,haben,,,Abschnitt 1-2,1922
B1-0485,Verband,der,Verbände / einen Verband anlegen,verband,B1,Linie B1,Kapitel 6 – Im Krankenhaus,n,bandage / to apply a bandage,Ein langes Stück Stoff für eine große Wunde / ein Stück Stoff um eine Wunde wickeln.,Der Arzt muss einen neuen Verband anlegen.,,,,,,,,,,,,,,Abschnitt 1-2,1923
B1-0486,Pflaster,das,,pflaster,B1,Linie B1,Kapitel 6 – Im Krankenhaus,n,band-aid,"Ein kleines Stück Klebeband mit Stoff, das man auf eine kleine Wunde klebt.",Kleb bitte ein Pflaster auf deinen Finger.,,,,,,,,,,,,,,Abschnitt 1-2,1924
B1-0487,kleben,,,kleben,B1,Linie B1,Kapitel 6 – Im Krankenhaus,v,to stick / glue,Eine Sache mit Klebstoff an einer Wand oder auf der Haut festmachen.,Du musst das Pflaster fest auf die Wunde kleben.,,,,,,,,klebt,klebte,hat geklebt,haben,,,Abschnitt 1-2,1925
B1-0488,Salbe,die,-n,salbe,B1,Linie B1,Kapitel 6 – Im Krankenhaus,n,ointment / cream,"Eine medizinische Creme für die Haut, die gegen Schmerzen hilft.",Ich mache eine kühlende Salbe auf den Sonnenbrand.,,,,,,,,,,,,,,Abschnitt 1-2,1926
B1-0489,Spritze,die,-n,spritze,B1,Linie B1,Kapitel 6 – Im Krankenhaus,n,injection / syringe,"Ein medizinisches Gerät mit einer Nadel, mit dem der Arzt Medizin direkt unter die Haut gibt.",Die Krankenschwester gibt dem Patienten eine Spritze.,,,,,,,,,,,,,,Abschnitt 1-2,1927
B1-0490,Schmerz,der,-en,schmerz,B1,Linie B1,Kapitel 6 – Im Krankenhaus,n,pain,"Das negative Gefühl im Körper, wenn man verletzt oder krank ist und eine Stelle wehtut.",Haben Sie starke Schmerzen im Bauch?,,,,,,,,,,,,,,Abschnitt 1-2,1928
B1-0491,Schmerzmittel,das,,schmerzmittel,B1,Linie B1,Kapitel 6 – Im Krankenhaus,n,painkiller,"Eine Tablette oder Medizin, die gegen Schmerzen im Körper hilft.","Wenn der Kopf stark wehtut, nehme ich ein Schmerzmittel.",,,,,,,,,,,,,,Abschnitt 1-2,1929
B1-0492,Knochen,der,,knochen,B1,Linie B1,Kapitel 6 – Im Krankenhaus,n,bone,"Das harte, weiße Material im Körper, das die Stabilität gibt (Skelett).",Der menschliche Körper hat viele verschiedene Knochen.,,,,,,,,,,,,,,Abschnitt 1-2,1930
B1-0493,sich einen Knochen brechen,,,sich einen knochen brechen,B1,Linie B1,Kapitel 6 – Im Krankenhaus,v,to break a bone,Wenn ein Knochen im Körper durch einen Unfall in zwei Teile kaputtgeht.,Beim Skifahren kann man sich leicht einen Knochen brechen.,,,,,,,,,,,,,,Abschnitt 1-2,1931
B1-0494,Operation,die,-en,operation,B1,Linie B1,Kapitel 6 – Im Krankenhaus,n,operation / surgery,"Eine medizinische Arbeit, bei der Ärzte den Körper eines Patienten öffnen, um etwas zu reparieren.",Die Operation am Knie war zum Glück erfolgreich. / Er muss nach dem Unfall zur OP.,,,,,,,,,,,,,,Abschnitt 1-2,1932
B1-0495,erschöpft / nach der OP erschöpft sein,,,erschopft / nach der op erschopft sein,B1,Linie B1,Kapitel 6 – Im Krankenhaus,phrase,exhausted / to be exhausted after surgery,Extrem müde und ganz ohne Energie sein.,Nach der langen Arbeit bin ich völlig erschöpft. / Der Patient ist nach der OP erschöpft.,,,,,,,,,,,,,,Abschnitt 1-2,1933
B1-0496,schwach / sich schwach fühlen,,,schwach / sich schwach fuhlen,B1,Linie B1,Kapitel 6 – Im Krankenhaus,phrase,weak / to feel weak,Ohne Kraft im Körper sein; das Gegenteil von stark.,"Wenn ich Fieber habe, bin ich immer sehr schwach. / Ich fühle mich heute ein bisschen schwach.",,,,,,,,,,,,,,Abschnitt 1-2,1934
B1-0497,der Schreck  / einen Schreck bekommen,,,der schreck  / einen schreck bekommen,B1,Linie B1,Kapitel 6 – Im Krankenhaus,phrase,fright / to get a fright,"Das plötzliche Gefühl von Angst, wenn etwas Schlimmes passiert.","Das war ein großer Schreck für die ganze Familie. / Ich habe einen Schreck bekommen, als das Auto stoppte.",,,,,,,,,,,,,,Abschnitt 1-2|nur Singular,1935
B1-0498,verschreiben / Medikamente verschreiben,,,verschreiben / medikamente verschreiben,B1,Linie B1,Kapitel 6 – Im Krankenhaus,phrase,to prescribe / prescribe medication,Ein offizielles Papier (Rezept) vom Arzt für die Apotheke ausfüllen.,Der Arzt muss mir eine neue Medizin verschreiben.,,,,,,,,,,,,,,Abschnitt 1-2,1936
B1-0499,erkältet,,,erkaltet,B1,Linie B1,Kapitel 6 – Im Krankenhaus,adj,having a cold,"Krank sein mit Husten, Schnupfen und Halsschmerzen.","Ich kann heute nicht kommen, ich bin stark erkältet.",,,,,,,,,,,,erkälteter,am erkältetesten,Abschnitt 1-2,1937
B1-0500,der Appetit  / keinen Appetit haben,,,der appetit  / keinen appetit haben,B1,Linie B1,Kapitel 6 – Im Krankenhaus,phrase,appetite / to have no appetite,"Die Lust, etwas zu essen.",Nach dem Sport habe ich immer großen Appetit. / Ich bin krank und habe keinen Appetit.,,,,,,,,,,,,,,Abschnitt 1-2|nur Singular,1938
B1-0501,Arm,der,-e,arm,B1,Linie B1,Kapitel 6 – Im Krankenhaus,n,arm,Der Teil des Körpers zwischen der Schulter und der Hand.,Er hat sich beim Sport den linken Arm gebrochen.,,,,,,,,,,,,,,Wortschatzerweiterung,1939
B1-0502,Bauch,der,Bäuche,bauch,B1,Linie B1,Kapitel 6 – Im Krankenhaus,n,stomach / belly,"Der vordere Teil des Körpers unter der Brust, in dem das Essen verdaut wird.",Nach dem vielen Essen tut mir der Bauch weh.,Magen,,,,,,,,,,,,,Wortschatzerweiterung,1940
B1-0503,Brust,die,Brüste,brust,B1,Linie B1,Kapitel 6 – Im Krankenhaus,n,chest / breast,Der obere vordere Teil des Körpers zwischen Hals und Bauch.,Beim Atmen bewegt sich die Brust nach oben.,,,,,,,,,,,,,,Wortschatzerweiterung,1941
B1-0504,Finger,der,,finger,B1,Linie B1,Kapitel 6 – Im Krankenhaus,n,finger,Eines der fünf langen Teile am Ende einer Hand.,Sie trägt einen schönen Ring am Finger.,,,,,,,,,,,,,,Wortschatzerweiterung,1942
B1-0505,Hals,der,Hälse,hals,B1,Linie B1,Kapitel 6 – Im Krankenhaus,n,neck / throat,"Der Teil des Körpers, der den Kopf mit dem Oberkörper verbindet.",Ich habe Halsschmerzen und mein Hals ist ganz rot.,,,,,,,,,,,,,,Wortschatzerweiterung,1943
B1-0506,Herz,das,-en,herz,B1,Linie B1,Kapitel 6 – Im Krankenhaus,n,heart,"Das wichtigste Organ in der Brust, das das Blut durch den Körper pumpt.",Mein Herz schlägt nach dem Joggen sehr schnell.,,,,,,,,,,,,,,Wortschatzerweiterung,1944
B1-0507,Lippe,die,-n,lippe,B1,Linie B1,Kapitel 6 – Im Krankenhaus,n,lip,"Der weiche, rote Rand um den Mund.",Im Winter bei Kälte habe ich oft trockene Lippen.,,,,,,,,,,,,,,Wortschatzerweiterung,1945
B1-0508,Magen,der,Mägen,magen,B1,Linie B1,Kapitel 6 – Im Krankenhaus,n,stomach,"Das Organ im Bauch, in das das Essen direkt nach dem Schlucken kommt.","Ich darf nichts Essen, mein Magen ist momentan krank.",Bauch,,,,,,,,,,,,,Wortschatzerweiterung,1946
B1-0509,Muskel,der,-n,muskel,B1,Linie B1,Kapitel 6 – Im Krankenhaus,n,muscle,"Das Material im Körper unter der Haut, das man für Bewegung und Kraft braucht.",Durch regelmäßigen Sport bekommt man starke Muskeln.,,,,,,,,,,,,,,Wortschatzerweiterung,1947
B1-0510,Schulter,die,-n,schulter,B1,Linie B1,Kapitel 6 – Im Krankenhaus,n,shoulder,"Der Teil des Körpers ganz oben am Arm, neben dem Hals.",Er transportiert den schweren Sack auf der Schulter.,,,,,,,,,,,,,,Wortschatzerweiterung,1948
B1-0511,Stirn,die,-en,stirn,B1,Linie B1,Kapitel 6 – Im Krankenhaus,n,forehead,Der Teil des Gesichts über den Augen und unter den Haaren.,Das Kind ist krank und seine Stirn fühlt sich ganz heiß an.,,,,,,,,,,,,,,Wortschatzerweiterung,1949
B1-0512,Notfall,der,Notfälle,notfall,B1,Linie B1,Kapitel 6 – Im Krankenhaus,n,emergency,"Eine plötzliche, sehr gefährliche Situation, in der man sofort Hilfe braucht.",Im Notfall wählen Sie bitte sofort die Telefonnummer 112.,,,,,,,,,,,,,,Abschnitt 3-5,1950
B1-0513,der Notruf  / den Notruf 112 anrufen,,,der notruf  / den notruf 112 anrufen,B1,Linie B1,Kapitel 6 – Im Krankenhaus,phrase,emergency call / to call emergency services,Der offizielle Anruf bei der Feuerwehr oder dem Krankenwagen.,Wer hat den Notruf gewählt? / Bei einem Unfall müssen Sie den Notruf 112 anrufen.,,,,,,,,,,,,,,Abschnitt 3-5|nur Singular,1951
B1-0514,Notrufzentrale,die,,notrufzentrale,B1,Linie B1,Kapitel 6 – Im Krankenhaus,n,emergency call center,"Das offizielle Büro, das die Notrufe am Telefon annimmt und den Krankenwagen schickt.",Die Notrufzentrale schickt sofort ein Auto zum Unfallort.,,,,,,,,,,,,,,Abschnitt 3-5,1952
B1-0515,Unfall,der,Unfälle,unfall,B1,Linie B1,Kapitel 6 – Im Krankenhaus,n,accident,"Ein plötzliches, ungeplantes Event im Verkehr oder Alltag, bei dem oft Dinge oder Personen verletzt werden.",Auf der Autobahn gab es gestern einen schweren Unfall.,,,,,,,,,,,,,,Abschnitt 3-5,1953
B1-0516,ausladen,,,ausladen,B1,Linie B1,Kapitel 6 – Im Krankenhaus,v,to unload,Sachen oder Personen aus einem Fahrzeug nach draußen bringen.,Die Sanitäter müssen den Patienten aus dem Krankenwagen ausladen.,,,,,,,,lädt aus,lud aus,hat ausgeladen,haben,,,Abschnitt 3-5,1954
B1-0517,heben,,,heben,B1,Linie B1,Kapitel 6 – Im Krankenhaus,v,to lift / raise,Einen schweren Gegenstand mit Muskelkraft vom Boden nach oben bewegen.,"Du darfst die schwere Kiste nicht alleine heben, das ist schlecht für den Rücken.",,,,,,,,hebt,hebte,hat gehebt,haben,,,Abschnitt 3-5,1955
B1-0518,ansprechbar,,,ansprechbar,B1,Linie B1,Kapitel 6 – Im Krankenhaus,adj,responsive,Wenn eine verletzte Person reagiert und mit Worten antworten kann.,Der Patient ist nach dem Unfall zum Glück komplett ansprechbar.,,,,,,,,,,,,ansprechbarer,am ansprechbarsten,Abschnitt 3-5,1956
B1-0519,bewusstlos,,,bewusstlos,B1,Linie B1,Kapitel 6 – Im Krankenhaus,adj,unconscious,Wenn eine Person nach einem Unfall schläft und nicht reagiert; das Gegenteil von ansprechbar.,Nach dem Sturz vom Fahrrad war er für ein paar Minuten bewusstlos.,,,,,,,,,,,,bewusstloser,am bewusstlosesten,Abschnitt 3-5,1957
B1-0520,blass,,,blass,B1,Linie B1,Kapitel 6 – Im Krankenhaus,adj,pale,"Wenn das Gesicht einer Person keine gesunde rote Farbe hat, sondern weiß oder grau aussieht (z. B. bei Angst oder Krankheit).","Du siehst im Gesicht ganz blass aus, geht es dir nicht gut?",,,,,,,,,,,,blasser,am blassesten,Abschnitt 3-5,1958
B1-0521,Knöchel,der,,knochel,B1,Linie B1,Kapitel 6 – Im Krankenhaus,n,ankle,Das runde Gelenk am Bein direkt über dem Fuß.,Ich bin beim Sport umgeknickt und mein Knöchel ist jetzt dick.,,,,,,,,,,,,,,Abschnitt 3-5,1959
B1-0522,röntgen,,,rontgen,B1,Linie B1,Kapitel 6 – Im Krankenhaus,v,to X-ray,Ein Foto mit speziellen Strahlen von den Knochen im Körper machen.,"Der Arzt muss meinen Fuß röntgen, um zu sehen, ob der Knochen kaputt ist.",,,,,,,,röntgt,röntgte,hat geröntgt,haben,,,Abschnitt 3-5,1960
B1-0523,Röntgenbild,das,-er,rontgenbild,B1,Linie B1,Kapitel 6 – Im Krankenhaus,n,X-ray image,"Das fertige, schwarz-weiße Foto, das die Knochen im Körper anzeigt.",Auf dem Röntgenbild kann man den Bruch genau sehen.,,,,,,,,,,,,,,Abschnitt 3-5,1961
B1-0524,operieren,,,operieren,B1,Linie B1,Kapitel 6 – Im Krankenhaus,v,to operate on,Eine Operation am Körper eines Patienten durchführen.,Die Ärzte müssen den verletzten Arm noch heute operieren.,,,,,,,,operiert,operierte,hat operiert,haben,,,Abschnitt 3-5,1962
B1-0525,Narkose,die,-n,narkose,B1,Linie B1,Kapitel 6 – Im Krankenhaus,n,anesthesia,"Das spezielle Medikament, mit dem der Patient vor einer Operation fest einschläft und keine Schmerzen spürt.",Die Operation wird unter einer Vollnarkose gemacht.,,,,,,,,,,,,,,Abschnitt 3-5,1963
B1-0526,Infektion,die,-en,infektion,B1,Linie B1,Kapitel 6 – Im Krankenhaus,n,infection,Wenn Bakterien oder Viren in den Körper kommen und man davon krank wird.,"Die Wunde ist rot und warm, das ist eine gefährliche Infektion.",,,,,,,,,,,,,,Abschnitt 3-5,1964
B1-0527,atmen,,,atmen,B1,Linie B1,Kapitel 6 – Im Krankenhaus,v,to breathe,Luft in die Lunge holen und wieder aus dem Mund rausblasen.,Nach dem schnellen Lauf muss ich tief atmen.,,,,,,,,atmt,atmte,hat geatmt,haben,,,Abschnitt 3-5,1965
B1-0528,aufwärts / es geht aufwärts,,,aufwarts / es geht aufwarts,B1,Linie B1,Kapitel 6 – Im Krankenhaus,phrase,upwards / things are looking up,Nach oben ODER wenn sich eine Situation positiv verändert und besser wird.,Nach der Operation geht es mit der Gesundheit des Patienten endlich wieder aufwärts.,,,,,,,,,,,,,,Abschnitt 3-5,1966
B1-0529,Prognose,die,-n,prognose,B1,Linie B1,Kapitel 6 – Im Krankenhaus,n,prognosis / forecast,"Eine Information oder ein Blick in die Zukunft, wie sich eine Situation oder Krankheit entwickeln wird.",Die Ärzte geben eine sehr positive Prognose für seine Gesundheit.,,,,,,,,,,,,,,Abschnitt 3-5,1967
B1-0530,Formular,das,-e,formular,B1,Linie B1,Kapitel 6 – Im Krankenhaus,n,form,"Ein offizielles Dokument mit Fragen, das man mit dem Stift ausfüllen muss.",Bitte füllen Sie das Formular für die Anmeldung aus.,,,,,,,,,,,,,,Abschnitt 3-5,1968
B1-0531,Krankenkasse,die,-n,krankenkasse,B1,Linie B1,Kapitel 6 – Im Krankenhaus,n,health insurance company,"Die Organisation, bei der man versichert ist und die die Kosten für Arzt und Medizin bezahlt.",Ich muss meine neue Adresse bei der Krankenkasse melden.,,,,,,,,,,,,,,Abschnitt 3-5,1969
B1-0532,gesetzlich,,,gesetzlich,B1,Linie B1,Kapitel 6 – Im Krankenhaus,adj,statutory ↔ private,Vom Staat gesetzlich geregelt ↔ von einer privaten Firma organisiert.,In Deutschland gibt es die gesetzliche und die private Krankenversicherung.,,privat,,,,,,,,,,gesetzlicher,am gesetzlichsten,Abschnitt 3-5,1970
B1-0533,Arbeitgeber,der,,arbeitgeber,B1,Linie B1,Kapitel 6 – Im Krankenhaus,n,employer,"Die Firma oder der Chef, bei dem eine Person angestellt ist und arbeitet.",Mein Arbeitgeber bezahlt ein gutes Gehalt.,,,,,,,,,,,,,,Abschnitt 3-5,1971
B1-0534,Unfallort,der,-e,unfallort,B1,Linie B1,Kapitel 6 – Im Krankenhaus,n,accident site,"Der exakte Platz, an dem ein Unfall passiert ist.",Der Krankenwagen fährt direkt zum Unfallort.,,,,,,,,,,,,,,Abschnitt 3-5,1972
B1-0535,Arbeitsunfall,der,-unfälle,arbeitsunfall,B1,Linie B1,Kapitel 6 – Im Krankenhaus,n,workplace accident,"Ein Unfall, der während der Arbeitszeit in der Firma passiert.","Er hat sich in der Fabrik verletzt, das war ein klassischer Arbeitsunfall.",,,,,,,,,,,,,,Abschnitt 3-5,1973
B1-0536,einnehmen / Medikamente einnehmen,,,einnehmen / medikamente einnehmen,B1,Linie B1,Kapitel 6 – Im Krankenhaus,phrase,to take / take medication,Eine Tablette oder Medizin schlucken.,Sie müssen die Medikamente dreimal am Tag vor dem Essen einnehmen.,,,,,,,,,,,,,,Abschnitt 3-5,1974
B1-0537,Schmerztablette,die,-n,schmerztablette,B1,Linie B1,Kapitel 6 – Im Krankenhaus,n,painkiller tablet,"Eine Tablette, die Schmerzen reduziert.","Ich brauche eine Schmerztablette, weil mein Zahn wehtut.",,,,,,,,,,,,,,Abschnitt 3-5,1975
B1-0538,Vitamintablette,die,-n,vitamintablette,B1,Linie B1,Kapitel 6 – Im Krankenhaus,n,vitamin pill,Eine Tablette mit gesunden Vitaminen für den Körper.,Im Winter nehme ich jeden Morgen eine Vitamintablette.,,,,,,,,,,,,,,Abschnitt 3-5,1976
B1-0539,Allergie,die,-en,allergie,B1,Linie B1,Kapitel 6 – Im Krankenhaus,n,allergy,Die negative Reaktion des Körpers auf eine bestimmte Sache (z. B. auf Nüsse).,Er hat eine starke Allergie gegen Hausstaub.,,,,,,,,,,,,,,Abschnitt 3-5,1977
B1-0540,Unverträglichkeit,die,-en,unvertraglichkeit,B1,Linie B1,Kapitel 6 – Im Krankenhaus,n,intolerance,Wenn der Magen ein bestimmtes Essen (z. B. Milchprodukte) nicht gut verträgt und man Bauchschmerzen bekommt.,Sie hat eine Unverträglichkeit gegen Laktose.,,,,,,,,,,,,,,Abschnitt 3-5,1978
B1-0541,Diät,die,-en,diat,B1,Linie B1,Kapitel 6 – Im Krankenhaus,n,diet,"Ein fester Plan für das Essen, oft um Gewicht zu verlieren oder wegen einer Krankheit.","Der Arzt sagt, ich muss wegen meinem Magen eine strenge Diät machen.",,,,,,,,,,,,,,Abschnitt 3-5,1979
B1-0542,Impfung,die,-en,impfung,B1,Linie B1,Kapitel 6 – Im Krankenhaus,n,vaccination,"Die präventive Spritze beim Arzt, die den Körper vor einer schweren Krankheit schützt.",Hast du schon die Impfung gegen Grippe bekommen?,,,,,,,,,,,,,,Abschnitt 3-5,1980
B1-0543,impfen,,,impfen,B1,Linie B1,Kapitel 6 – Im Krankenhaus,v,to vaccinate,Jemandem eine schützende Spritze gegen Viren geben.,Der Arzt wird das Kind morgen gegen Corona impfen.,,,,,,,,impft,impfte,hat geimpft,haben,,,Abschnitt 3-5,1981
B1-0544,Gesundheitsberuf,der,-e,gesundheitsberuf,B1,Linie B1,Kapitel 6 – Im Krankenhaus,n,healthcare profession,"Ein Beruf im medizinischen Sektor (z. B. Arzt, Pfleger oder Physiotherapeut).","Jobs im Gesundheitsberuf sind oft anstrengend, aber sehr wichtig.",,,,,,,,,,,,,,Abschnitt 6,1982
B1-0545,Pflegepersonal,das,,pflegepersonal,B1,Linie B1,Kapitel 6 – Im Krankenhaus,n,nursing staff,Alle Krankenpfleger und Krankenschwestern in einem Krankenhaus zusammen.,Das Pflegepersonal auf dieser Station ist wirklich sehr freundlich.,,,,,,,,,,,,,,Abschnitt 6|nur Singular,1983
B1-0546,Pflegefachkraft,die,-fachkräfte,pflegefachkraft,B1,Linie B1,Kapitel 6 – Im Krankenhaus,n,qualified nurse,"Eine Person, die eine professionelle und dreijährige Ausbildung in der Krankenpflege fertiggemacht hat.",Das Krankenhaus sucht dringend neue Pflegefachkräfte.,,,,,,,,,,,,,,Abschnitt 6,1984
B1-0547,Pfleger,der,,pfleger,B1,Linie B1,Kapitel 6 – Im Krankenhaus,n,male nurse,"Ein Mann, der beruflich kranke oder ältere Menschen pflegt und ihnen hilft.",Der Pfleger bringt dem Patienten das Frühstück ins Zimmer.,,,,,,,,,,,,,,Abschnitt 6,1985
B1-0548,Pflegerin,die,-nen,pflegerin,B1,Linie B1,Kapitel 6 – Im Krankenhaus,n,female nurse,"Eine Frau, die im Krankenhaus oder Altersheim arbeitet und Patienten betreut.",Die Pflegerin kontrolliert das Fieberthermometer.,,,,,,,,,,,,,,Abschnitt 6,1986
B1-0549,medizinische Fachangestellte,der/die,-n,medizinische fachangestellte,B1,Linie B1,Kapitel 6 – Im Krankenhaus,n,medical assistant,"Die Person, die in einer Arztpraxis am Empfang arbeitet, Termine macht und dem Arzt hilft.",Die medizinische Fachangestellte gibt mir einen neuen Termin für nächste Woche.,,,,,,,,,,,,,,Abschnitt 6,1987
B1-0550,Physiotherapeut,der,-en,physiotherapeut,B1,Linie B1,Kapitel 6 – Im Krankenhaus,n,physiotherapist (male),"Ein Experte, der Patienten nach einem Unfall oder bei Rückenschmerzen mit speziellen Übungen und Bewegung hilft.",Der Physiotherapeut zeigt mir Übungen für mein Knie.,Physiotherapeutin,,,,,,,,,,,,,Abschnitt 6,1988
B1-0551,Physiotherapeutin,die,-nen,physiotherapeutin,B1,Linie B1,Kapitel 6 – Im Krankenhaus,n,physiotherapist (female),"Eine Frau, die beruflich Massagen und Bewegungstherapien macht.",Nach dem Knochenbruch muss ich zweimal in der Woche zur Physiotherapeutin gehen.,Physiotherapeut,,,,,,,,,,,,,Abschnitt 6,1989
B1-0552,Schichtdienst,der,,schichtdienst,B1,Linie B1,Kapitel 6 – Im Krankenhaus,n,shift work / duty,"Die Arbeit zu wechselnden Zeiten (z. B. mal morgens, mal abends oder in der Nacht).",Krankenschwestern müssen fast immer im Schichtdienst arbeiten.,,,,,,,,,,,,,,Abschnitt 6|nur Singular,1990
B1-0553,familienfreundlich,,,familienfreundlich,B1,Linie B1,Kapitel 6 – Im Krankenhaus,adj,family-friendly,"Wenn eine Firma oder Arbeitszeiten so flexibel sind, dass man gut Zeit für seine Kinder hat.",Meine neue Firma ist sehr familienfreundlich und ich kann oft im Homeoffice arbeiten.,,,,,,,,,,,,familienfreundlicher,am familienfreundlichsten,Abschnitt 6,1991
B1-0554,der Blutdruck  / den Blutdruck messen,,,der blutdruck  / den blutdruck messen,B1,Linie B1,Kapitel 6 – Im Krankenhaus,phrase,blood pressure / to measure blood pressure,"Die Kraft, mit der das Blut durch die Adern fließt / mit einem Gerät prüfen, wie hoch dieser Wert ist.",Mein Blutdruck ist heute ein bisschen zu hoch. / Die Krankenschwester muss bei dem Patienten den Blutdruck messen.,,,,,,,,,,,,,,Abschnitt 6|nur Singular,1992
B1-0555,versorgen,,,versorgen,B1,Linie B1,Kapitel 6 – Im Krankenhaus,v,to care for / provide for,"Sich um eine Person kümmern und ihr alles geben, was sie braucht (Essen, Medizin, Hilfe).",Die Ärzte müssen die verletzten Menschen nach dem Unfall schnell versorgen.,,,,,,,,versorgt,versorgte,hat versorgt,haben,,,Abschnitt 6,1993
B1-0556,assistieren,,,assistieren,B1,Linie B1,Kapitel 6 – Im Krankenhaus,v,to assist,Einem Experten (z. B. einem Arzt bei einer Operation) bei der Arbeit helfen.,Die Krankenschwester muss dem Arzt bei der Operation assistieren.,,,,,,,,assistiert,assistierte,hat assistiert,haben,,,Abschnitt 6,1994
B1-0557,Rehabilitation,die,,rehabilitation,B1,Linie B1,Kapitel 6 – Im Krankenhaus,n,rehabilitation,"Ein mehrwöchiger Kurs in einer speziellen Klinik nach einer schweren Operation, um wieder fit zu werden.",Nach dem Knochenbruch muss er für drei Wochen in die Rehabilitation gehen. / Ich mache eine Reha.,,,,,,,,,,,,,,Abschnitt 6|nur Singular,1995
B1-0558,massieren,,,massieren,B1,Linie B1,Kapitel 6 – Im Krankenhaus,v,to massage,"Den Körper oder Muskeln mit den Händen weich kneten, damit Schmerzen weggehen.",Die Physiotherapeutin wird meinen Rücken massieren.,,,,,,,,massiert,massierte,hat massiert,haben,,,Abschnitt 6,1996
B1-0559,Bewegungsübung,die,-en,bewegungsubung,B1,Linie B1,Kapitel 6 – Im Krankenhaus,n,movement exercise,Eine praktische Sport-Übung beim Physiotherapeuten für die Gelenke und Muskeln.,Ich muss jeden Tag meine Bewegungsübungen für das Knie machen.,,,,,,,,,,,,,,Abschnitt 6,1997
B1-0560,Dokumentation,die,-en,dokumentation,B1,Linie B1,Kapitel 6 – Im Krankenhaus,n,documentation,Das offizielle Aufschreiben von wichtigen Informationen und Protokollen bei der Arbeit.,Die Dokumentation der Patientendaten am Computer braucht viel Zeit.,,,,,,,,,,,,,,Abschnitt 6,1998
B1-0561,angewiesen sein,,,angewiesen sein,B1,Linie B1,Kapitel 6 – Im Krankenhaus,phrase,to be dependent on,Wenn man die Hilfe von einer anderen Person oder Sache unbedingt braucht; abhängig sein.,Ältere Menschen im Altersheim sind oft auf die Hilfe der Pfleger angewiesen.,,,,,,,,,,,,,,Abschnitt 6,1999
B1-0562,Papierkram,der,,papierkram,B1,Linie B1,Kapitel 6 – Im Krankenhaus,n,paperwork (colloquial),"Das Ausfüllen von vielen, oft nervigen Formularen und Dokumenten im Büro oder Amt.","Ich mag meinen Beruf, aber der ganze Papierkram nervt mich sehr.",,,,,,,,,,,,,,Abschnitt 6|nur Singular,2000
B1-0563,Gesundheitsbereich,der,-e,gesundheitsbereich,B1,Linie B1,Kapitel 6 – Im Krankenhaus,n,healthcare sector,"Der komplette Sektor von Medizin, Krankenhäusern und Pflege.",Sie sucht eine neue Stelle im Gesundheitsbereich.,,,,,,,,,,,,,,Abschnitt 6,2001
B1-0564,Klinik,die,-en,klinik,B1,Linie B1,Kapitel 6 – Im Krankenhaus,n,clinic / hospital,Ein anderes Wort für Krankenhaus.,Er arbeitet als Arzt in einer großen Klinik für Herzmedizin.,Krankenhaus,,,,,,,,,,,,,Abschnitt 6,2002
B1-0565,Altersheim,das,-e,altersheim,B1,Linie B1,Kapitel 6 – Im Krankenhaus,n,nursing home / retirement home,"Ein Wohnhaus für ältere Menschen, die nicht mehr alleine leben können und Hilfe brauchen.",Meine Großmutter wohnt in einem sehr schönen Altersheim.,,,,,,,,,,,,,,Abschnitt 6,2003
B1-0566,Ausbildung,die,-en,ausbildung,B1,Linie B1,Kapitel 6 – Im Krankenhaus,n,apprenticeship / vocational training,"Die Zeit (meistens 3 Jahre), in der man einen Beruf in der Praxis und Theorie lernt.",Er macht eine Ausbildung als Krankenpfleger.,,,,,,,,,,,,,,Abschnitt 6,2004
B1-0567,dual,,,dual,B1,Linie B1,Kapitel 6 – Im Krankenhaus,adj,dual (system),Wenn man eine Ausbildung an zwei Orten macht (in der Praxis in der Firma und in der Theorie in der Schule).,Das deutsche Ausbildungssystem ist dual organisiert.,,,,,,,,,,,,dualer,am dualsten,Abschnitt 6,2005
B1-0568,Berufsschule,die,-n,berufsschule,B1,Linie B1,Kapitel 6 – Im Krankenhaus,n,vocational school,"Die Schule, die man während einer praktischen Ausbildung für die Theorie besucht.",Jeden Dienstag und Donnerstag muss der Azubi in die Berufsschule gehen.,,,,,,,,,,,,,,Abschnitt 6,2006
B1-0569,Grundlage,die,-n,grundlage,B1,Linie B1,Kapitel 6 – Im Krankenhaus,n,foundation / basis,Die Basis; das wichtigste Basis-Wissen für ein Thema.,Im ersten Monat lernen wir die theoretischen Grundlagen für den Beruf.,,,,,,,,,,,,,,Abschnitt 6,2007
B1-0570,theoretisch,,,theoretisch,B1,Linie B1,Kapitel 6 – Im Krankenhaus,adj,theoretical,Das Wissen im Buch betreffend; das Gegenteil von praktisch.,In der Schule lernen wir die Grammatik zuerst theoretisch.,,,,,,,,,,,,theoretischer,am theoretischesten,Abschnitt 6,2008
B1-0571,Handtuch,das,-tücher,handtuch,B1,Linie B1,Kapitel 6 – Im Krankenhaus,n,towel,"Ein Stück Stoff im Badezimmer, mit dem man sich nach dem Waschen trocken macht.",Bringst du mir bitte ein sauberes Handtuch aus dem Schrank?,,,,,,,,,,,,,,Abschnitt 7-8,2009
B1-0572,Bürste,die,-n,burste,B1,Linie B1,Kapitel 6 – Im Krankenhaus,n,brush,"Ein Gegenstand mit Borsten, mit dem man die Haare oder die Zähne putzt.",Ich muss meine Haare mit einer Bürste kämmen.,,,,,,,,,,,,,,Abschnitt 7-8,2010
B1-0573,Kofferraum,der,-räume,kofferraum,B1,Linie B1,Kapitel 6 – Im Krankenhaus,n,trunk / boot (car),"Der hintere Teil im Auto, in den man Koffer, Taschen oder Einkäufe packt.",Leg die Kisten bitte in den Kofferraum.,,,,,,,,,,,,,,Abschnitt 7-8,2011
B1-0574,Bescheid wissen,,,bescheid wissen,B1,Linie B1,Kapitel 6 – Im Krankenhaus,v,to be informed / know about something,Eine Information genau wissen und Bescheid kennen.,Der Chef muss über den Termin morgen genau Bescheid wissen.,,,,,,,,,,,,,,Abschnitt 7-8,2012
B1-0575,Nachtdienst,der,-e,nachtdienst,B1,Linie B1,Kapitel 6 – Im Krankenhaus,n,night shift,Die Arbeitszeit während der kompletten Nacht (z. B. von 22 Uhr bis 6 Uhr morgens).,Die Ärztin hat diese Woche drei Mal Nachtdienst im Krankenhaus.,,,,,,,,,,,,,,Abschnitt 7-8,2013
B1-0576,wach bleiben,,,wach bleiben,B1,Linie B1,Kapitel 6 – Im Krankenhaus,v,to stay awake,Nicht schlafen gehen; in der Nacht die Augen offen halten.,Während der Schicht in der Nacht muss der Pfleger immer wach bleiben.,,,,,,,,,,,,,,Abschnitt 7-8,2014
B1-0577,Station,die,-en,station,B1,Linie B1,Kapitel 6 – Im Krankenhaus,n,station / hospital ward,Eine bestimmte Abteilung im Krankenhaus (z. B. die Station für Kinder).,Die Innere Medizin ist eine wichtige Station im Krankenhaus.,,,,,,,,,,,,,,Abschnitt 7-8,2015
B1-0578,Hals-Nasen-Ohren-Station,die,-en,hals-nasen-ohren-station,B1,Linie B1,Kapitel 6 – Im Krankenhaus,n,"ENT ward (Ear, Nose, Throat)","Die medizinische Abteilung im Krankenhaus speziell für Probleme mit Hals, Nase oder Ohren.",Mein Sohn muss für eine Operation an den Ohren auf die Hals-Nasen-Ohren-Station. / Der Arzt arbeitet auf der HNO-Station.,,,,,,,,,,,,,,Abschnitt 7-8,2016
B1-0579,Therapie,die,-n,therapie,B1,Linie B1,Kapitel 6 – Im Krankenhaus,n,therapy / medical treatment,Eine medizinische Behandlung von einer Krankheit über längere Zeit.,"Die Therapie hilft dem Patienten, wieder ohne Schmerzen zu gehen.",,,,,,,,,,,,,,Abschnitt 7-8,2017
B1-0580,Kreislauf,der,,kreislauf,B1,Linie B1,Kapitel 6 – Im Krankenhaus,n,circulation,"Das System im Körper, das das Blut pumpt ODER die Stabilität des Körpers.",Bei dieser Hitze im Sommer habe ich manchmal Probleme mit dem Kreislauf.,,,,,,,,,,,,,,Abschnitt 7-8|nur Singular,2018
B1-0581,untersuchen,,,untersuchen,B1,Linie B1,Kapitel 6 – Im Krankenhaus,v,to examine / investigate,"Wenn ein Arzt den Körper eines Patienten kontrolliert, um eine Krankheit zu finden.",Der Arzt muss meinen Bauch genau untersuchen.,,,,,,,,,,,,,,Abschnitt 7-8,2019
B1-0582,trennen,,,trennen,B1,Linie B1,Kapitel 7 – Alles für die Umwelt,v,to separate,Dinge in verschiedene Gruppen aufteilen (z. B. Papier von Plastik).,In Deutschland muss man den Müll sorgfältig trennen.,,,,,,,,trennt,trennte,hat getrennt,haben,,,Abschnitt 1,2020
B1-0583,heizen,,,heizen,B1,Linie B1,Kapitel 7 – Alles für die Umwelt,v,to heat,Ein Zimmer oder ein Haus mit einer Heizung warm machen.,Im Winter müssen wir die Wohnung jeden Tag heizen.,,,,,,,,heizt,heizte,hat geheizt,haben,,,Abschnitt 1,2021
B1-0584,Stofftasche,die,-n,stofftasche,B1,Linie B1,Kapitel 7 – Alles für die Umwelt,n,cloth bag / tote bag,"Eine Tasche aus Stoff für den Einkauf, die man viele Male benutzen kann.",Ich nehme zum Einkaufen immer eine Stofftasche mit.,,,,,,,,,,,,,,Abschnitt 1,2022
B1-0585,öffentlichen Verkehrsmittel,die,,offentlichen verkehrsmittel,B1,Linie B1,Kapitel 7 – Alles für die Umwelt,n,public transportation,"Busse, Straßenbahnen und Züge, die alle Bürger benutzen können.",Ich fahre lieber mit den öffentlichen Verkehrsmitteln als mit dem Auto.,,,,,,,,,,,,,,Abschnitt 1,2023
B1-0586,Pfandflasche,die,-n,pfandflasche,B1,Linie B1,Kapitel 7 – Alles für die Umwelt,n,returnable bottle,"Eine Flasche aus Glas oder Plastik, für die man im Laden Geld zurückbekommt.",Bringst du bitte die Pfandflaschen zurück zum Supermarkt?,,,,,,,,,,,,,,Abschnitt 1,2024
B1-0587,Deckel,der,,deckel,B1,Linie B1,Kapitel 7 – Alles für die Umwelt,n,lid / cap,"Das obere Teil, mit dem man eine Flasche oder einen Topf schließt.",Wo ist der Deckel von der Gießkanne?,,,,,,,,,,,,,,Abschnitt 1,2025
B1-0588,Herd,der,-e,herd,B1,Linie B1,Kapitel 7 – Alles für die Umwelt,n,stove / cooker,"Das Küchengerät, auf dem man in Töpfen und Pfannen das Essen kocht.",Die Suppe steht auf dem Herd.,Ofen,,,,,,,,,,,,,Abschnitt 1,2026
B1-0589,regional,,,regional,B1,Linie B1,Kapitel 7 – Alles für die Umwelt,adj,regional,Aus der direkten Umgebung oder Region kommend; nicht importiert.,Ich kaufe am liebsten regionale Produkte vom Bauern aus der Nähe.,,,,,,,,,,,,regionaler,am regionalsten,Abschnitt 1,2027
B1-0590,Recycling,das,,recycling,B1,Linie B1,Kapitel 7 – Alles für die Umwelt,n,recycling,"Die Wiederverwendung von alten Materialien (z. B. Papier), um die Umwelt zu schützen.",Das Recycling von Glas funktioniert in Deutschland sehr gut.,,,,,,,,,,,,,,Abschnitt 1,2028
B1-0591,elektrisch,,,elektrisch,B1,Linie B1,Kapitel 7 – Alles für die Umwelt,adj,electric,Mit Strom funktionierend.,Unsere Küche hat viele elektrische Geräte.,,,,,,,,,,,,elektrischer,am elektrischesten,Abschnitt 1,2029
B1-0592,Gerät,das,-e,gerat,B1,Linie B1,Kapitel 7 – Alles für die Umwelt,n,device / appliance,Ein technisches Objekt für eine bestimmte Aufgabe.,Welches Gerät verbraucht in deiner Wohnung am meisten Strom?,,,,,,,,,,,,,,Abschnitt 1,2030
B1-0593,verbrauchen,,,verbrauchen,B1,Linie B1,Kapitel 7 – Alles für die Umwelt,v,to consume / use,"Eine Menge von Energie, Wasser oder Geld für eine Aktivität nutzen.",Alte Autos verbrauchen oft sehr viel Benzin.,,,,,,,,verbraucht,verbrauchte,hat verbraucht,haben,,,Abschnitt 1,2031
B1-0594,Strom,der,,strom,B1,Linie B1,Kapitel 7 – Alles für die Umwelt,n,electricity / power,"Die Energie aus der Steckdose, die Lampen und Computer brauchen.","Wenn man das Licht ausschaltet, kann man Strom sparen.",,,,,,,,,,,,,,Abschnitt 1,2032
B1-0595,Plastikverpackung,das,-en,plastikverpackung,B1,Linie B1,Kapitel 7 – Alles für die Umwelt,n,plastic packaging,Eine Hülle oder Box aus Plastik um ein Produkt oder Essen herum.,Tomaten haben im Supermarkt leider oft eine Plastikverpackung.,,,,,,,,,,,,,,Abschnitt 1,2033
B1-0596,unbedingt,,,unbedingt,B1,Linie B1,Kapitel 7 – Alles für die Umwelt,adv,absolutely / at all costs,Ganz sicher; einhundert Prozent; ohne Ausnahme.,Ich muss diese wichtige Prüfung unbedingt bestehen.,,,,,,,,,,,,,,Abschnitt 2,2034
B1-0597,Maßnahme,die,-n,massnahme,B1,Linie B1,Kapitel 7 – Alles für die Umwelt,n,measure / action,"Eine offizielle Aktivität oder Aktion, um ein bestimmtes Ziel zu erreichen.",Die Stadt plant neue Maßnahmen für den Klimaschutz.,Aktion,,,,,,,,,,,,,Abschnitt 2,2035
B1-0598,Haushalt,der,-e,haushalt,B1,Linie B1,Kapitel 7 – Alles für die Umwelt,n,household,"Die Personen, die zusammen in einer Wohnung leben, oder die Arbeit im Haus.",In unserem Haushalt trennen wir den Müll sehr genau.,,,,,,,,,,,,,,Abschnitt 2,2036
B1-0599,sich etwas anschaffen,,,sich etwas anschaffen,B1,Linie B1,Kapitel 7 – Alles für die Umwelt,v,to acquire / buy something,"Eine neue, oft größere Sache für sich selbst kaufen.","Wir wollen uns einen neuen, modernen Kühlschrank anschaffen.",,,,,,,,,,,,,,Abschnitt 2,2037
B1-0600,Energieklasse,die,-n,energieklasse,B1,Linie B1,Kapitel 7 – Alles für die Umwelt,n,energy efficiency class,"Die offizielle Bewertung (z. B. A, B, C), wie viel Strom ein Gerät verbraucht.",Der neue Kühlschrank hat die beste Energieklasse.,,,,,,,,,,,,,,Abschnitt 2,2038
B1-0601,Standby-Modus,der,,standby-modus,B1,Linie B1,Kapitel 7 – Alles für die Umwelt,n,standby mode,"Der Zustand, wenn ein Gerät (z. B. der Fernseher) aus ist, aber trotzdem ein bisschen Strom verbraucht.",Man sollte den Fernseher komplett ausmachen und nicht im Standby-Modus lassen.,,,,,,,,,,,,,,Abschnitt 2|nur Singular,2039
B1-0602,Stecker,der,,stecker,B1,Linie B1,Kapitel 7 – Alles für die Umwelt,n,plug,"Das Plastikteil am Ende eines Kabels, das man in die Steckdose steckt.",Zieh bitte den Stecker aus der Steckdose.,,,,,,,,,,,,,,Abschnitt 2,2040
B1-0603,Steckdose,die,-n,steckdose,B1,Linie B1,Kapitel 7 – Alles für die Umwelt,n,electrical outlet / socket,"Das Loch in der Wand, aus dem der Strom für elektrische Geräte kommt.",Mein Ladekabel steckt in der Steckdose.,,,,,,,,,,,,,,Abschnitt 2,2041
B1-0604,Sparprogramm,das,-e,sparprogramm,B1,Linie B1,Kapitel 7 – Alles für die Umwelt,n,eco program / economy program,"Ein spezielles Programm bei der Waschmaschine, das weniger Wasser und Energie braucht.",Ich wasche meine Kleidung immer im Sparprogramm.,,,,,,,,,,,,,,Abschnitt 2,2042
B1-0605,Vorwäsche,die,-n,vorwasche,B1,Linie B1,Kapitel 7 – Alles für die Umwelt,n,pre-wash,Ein extra Waschprogramm vor dem Hauptwaschen für sehr schmutzige Kleidung.,Für normale T-Shirts braucht man keine Vorwäsche.,,,,,,,,,,,,,,Abschnitt 2,2043
B1-0606,Grad,das,-e,grad,B1,Linie B1,Kapitel 7 – Alles für die Umwelt,n,degree,Die Maßeinheit für die Temperatur (z. B. beim Wetter oder beim Waschen).,Ich wasche meine Handtücher bei 60 Grad.,,,,,,,,,,,,,,Abschnitt 2,2044
B1-0607,kühl,,,kuhl,B1,Linie B1,Kapitel 7 – Alles für die Umwelt,adj,cool,"Ein bisschen kalt, aber oft angenehm; das Gegenteil von schwül oder heiß.",Am Abend wird es im Garten meistens herrlich kühl.,hipp,,,,,,,,,,,kühler,am kühlsten,Abschnitt 2,2045
B1-0608,lüften,,,luften,B1,Linie B1,Kapitel 7 – Alles für die Umwelt,v,to ventilate / air out,"Die Fenster für ein paar Minuten komplett öffnen, damit frische Luft ins Zimmer kommt.",Man sollte am Morgen das Schlafzimmer kurz lüften.,,,,,,,,lüftet,lüftete,hat gelüftet,haben,,,Abschnitt 2,2046
B1-0609,Zukunft,die,,zukunft,B1,Linie B1,Kapitel 7 – Alles für die Umwelt,n,future,"Die Zeit, die erst noch kommt; das Gegenteil von Vergangenheit.",In Zukunft müssen wir mehr Strom sparen.,,,,,,,,,,,,,,Abschnitt 3|nur Singular,2047
B1-0610,vorhin,,,vorhin,B1,Linie B1,Kapitel 7 – Alles für die Umwelt,adj,a little while ago,Vor kurzer Zeit; vor ein paar Minuten in der Vergangenheit.,Ich habe vorhin mit meiner Nachbarin im Flur gesprochen.,,,,,,,,,,,,vorhiner,am vorhinsten,Abschnitt 3,2048
B1-0611,sich entspannen,,,sich entspannen,B1,Linie B1,Kapitel 7 – Alles für die Umwelt,v,to relax,Sich ausruhen und Stress abbauen.,Nach der Arbeit kann ich mich beim Yoga gut entspannen.,,,,,,,,entspannt,entspannte,hat entspannt,haben,,,Abschnitt 3,2049
B1-0612,sinnvoll,,,sinnvoll,B1,Linie B1,Kapitel 7 – Alles für die Umwelt,adj,sensible / meaningful,Logisch; nützlich; eine gute Idee für eine Situation.,"Es ist sinnvoll, das Licht auszuschalten, wenn man das Zimmer verlässt.",,,,,,,,,,,,sinnvoller,am sinnvollsten,Abschnitt 3,2050
B1-0613,zustimmen,,,zustimmen,B1,Linie B1,Kapitel 7 – Alles für die Umwelt,v,to agree,"Sagen, dass man dieselbe Meinung wie eine andere Person hat; ""Ja"" sagen.",Ich kann deiner Idee für den Ausflug nur zustimmen.,,,,,,,,zustimmt,zustimmte,hat gezustimmt,haben,,,Abschnitt 3,2051
B1-0614,widersprechen,,,widersprechen,B1,Linie B1,Kapitel 7 – Alles für die Umwelt,v,to disagree / contradict,"Sagen, dass eine Information oder Meinung falsch ist; das Gegenteil von zustimmen.","Entschuldigung, aber da muss ich dir leider widersprechen.",,,,,,,,,,,,,,Abschnitt 3,2052
B1-0615,zum Teil,,,zum teil,B1,Linie B1,Kapitel 7 – Alles für die Umwelt,phrase,partly / in part,Nicht komplett; ein Stück weit; teilweise.,Die Hausaufgaben sind zum Teil schon fertig.,,,,,,,,,,,,,,Abschnitt 3,2053
B1-0616,Bauernhof,der,-höfe,bauernhof,B1,Linie B1,Kapitel 7 – Alles für die Umwelt,n,farm,*Header für den Bereich Landwirtschaft und Tiere.*,Auf dem Bauernhof wohnen viele Tiere.,,,,,,,,,,,,,,Abschnitt 4,2054
B1-0617,Mist,der,,mist,B1,Linie B1,Kapitel 7 – Alles für die Umwelt,n,manure ODER crap,"Der Schmutz von Tieren auf dem Bauernhof ODER ein Wort für Ärger (""So ein Mist!"").",Der Bauer nutzt den Mist als Dünger für das Feld.,,,,,,,,,,,,,,Abschnitt 4|nur Singular,2055
B1-0618,Wiese,die,-n,wiese,B1,Linie B1,Kapitel 7 – Alles für die Umwelt,n,meadow / pasture,"Eine große, grüne Fläche in der Natur mit viel Gras und Blumen.",Die Kühe stehen auf der Wiese und fressen Gras.,,,,,,,,,,,,,,Abschnitt 4,2056
B1-0619,Gras,das,,gras,B1,Linie B1,Kapitel 7 – Alles für die Umwelt,n,grass,"Die grüne Pflanze, die auf der Wiese wächst.",Das Gras im Garten ist nach dem Regen sehr lang gewachsen.,,,,,,,,,,,,,,Abschnitt 4|nur Singular,2057
B1-0620,Boden,der,Böden,boden,B1,Linie B1,Kapitel 7 – Alles für die Umwelt,n,ground / soil,"Die Erde, auf der man steht oder auf der Pflanzen wachsen.",Der Boden im Wald ist nach dem Regen ganz nass.,Erde,,,,,,,,,,,,,Abschnitt 4,2058
B1-0621,Pferd,das,-e,pferd,B1,Linie B1,Kapitel 7 – Alles für die Umwelt,n,horse,"Ein großes Tier, auf dem Menschen reiten können.","Auf dem Bauernhof steht ein schönes, braunes Pferd.",,,,,,,,,,,,,,Abschnitt 4,2059
B1-0622,Kuh,die,Kühe,kuh,B1,Linie B1,Kapitel 7 – Alles für die Umwelt,n,cow,"Ein großes Tier auf dem Bauernhof, das Milch gibt.",Die Kuh frisst den ganzen Tag Gras auf der Wiese.,,,,,,,,,,,,,,Abschnitt 4,2060
B1-0623,Schwein,das,-e,schwein,B1,Linie B1,Kapitel 7 – Alles für die Umwelt,n,pig,"Das rosa Tier auf dem Bauernhof, das oft im Schmutz spielt.",Das Schwein schläft im Stall.,,,,,,,,,,,,,,Abschnitt 4,2061
B1-0624,Maus,die,Mäuse,maus,B1,Linie B1,Kapitel 7 – Alles für die Umwelt,n,mouse,"Ein ganz kleines, graues Tier mit einem langen Schwanz.",Unsere Katze sucht eine kleine Maus im Garten.,,,,,,,,,,,,,,Abschnitt 4,2062
B1-0625,Huhn,das,Hühner,huhn,B1,Linie B1,Kapitel 7 – Alles für die Umwelt,n,chicken,"Ein Vogel auf dem Bauernhof, der Eier für uns legt.",Das Huhn läuft fröhlich durch den Garten.,Hühnchen,,,,,,,,,,,,,Abschnitt 4,2063
B1-0626,ökologisch,,,okologisch,B1,Linie B1,Kapitel 7 – Alles für die Umwelt,adj,ecological / organic,Gut für die Natur und die Umwelt produziert; Bio.,Wir sollten mehr ökologische Lebensmittel kaufen.,biologisch,,,,,,,,,,,ökologischer,am ökologischesten,Abschnitt 4,2064
B1-0627,Landwirtschaft,die,,landwirtschaft,B1,Linie B1,Kapitel 7 – Alles für die Umwelt,n,agriculture / farming,"Die Arbeit auf dem Bauernhof, das Produzieren von Getreide und Halten von Tieren.",In dieser Region ist die Landwirtschaft sehr wichtig.,,,,,,,,,,,,,,Abschnitt 4,2065
B1-0628,Gift,das,-e,gift,B1,Linie B1,Kapitel 7 – Alles für die Umwelt,n,poison,"Ein gefährlicher Stoff, von dem Menschen oder Tiere sterben oder krank werden können.",Dieses Produkt enthält Gift gegen Insekten.,,,,,,,,,,,,,,Abschnitt 4,2066
B1-0629,Chemie,die,,chemie,B1,Linie B1,Kapitel 7 – Alles für die Umwelt,n,chemistry ODER chemicals,"Das Schulfach ODER künstliche Stoffe, die oft ungesund für die Natur sind.",In diesem biologischen Gemüse ist absolut keine Chemie.,,,,,,,,,,,,,,Abschnitt 4|nur Singular,2067
B1-0630,ernten,,,ernten,B1,Linie B1,Kapitel 7 – Alles für die Umwelt,v,to harvest,Obst oder Gemüse reif vom Feld oder Baum abmachen.,Im Herbst können wir die Äpfel im Garten ernten.,,,,,,,,erntet,erntete,hat erntet,haben,,,Abschnitt 4,2068
B1-0631,anbauen,,,anbauen,B1,Linie B1,Kapitel 7 – Alles für die Umwelt,v,to grow / cultivate,"Gemüse oder Getreide auf einem Feld pflanzen, damit es wächst.",Der Bauer möchte dieses Jahr Bio-Kartoffeln anbauen.,,,,,,,,anbaut,anbaute,hat geanbaut,haben,,,Abschnitt 4,2069
B1-0632,Kräuter,die,,krauter,B1,Linie B1,Kapitel 7 – Alles für die Umwelt,n,herbs,"Gesunde Pflanzen, die man zum Kochen für guten Geschmack benutzt (z. B. Petersilie).",Auf meinem Balkon wachsen frische Kräuter.,,,,,,,,,,,,,,Abschnitt 4,2070
B1-0633,gießen,,,giessen,B1,Linie B1,Kapitel 7 – Alles für die Umwelt,v,to water,"Wasser auf Pflanzen oder Blumen geben, damit sie nicht trocken werden.","Vergiss bitte nicht, die Blumen zu gießen.",,,,,,,,gießt,goss,hat gegossen,haben,,,Abschnitt 4,2071
B1-0634,fressen,,,fressen,B1,Linie B1,Kapitel 7 – Alles für die Umwelt,v,to eat (for animals),"Das Wort für ""essen"", wenn Tiere Nahrung zu sich nehmen.",Die Pferde fressen frisches Heu im Stall.,sich ernähren,,,,,,,fresst,fresste,hat gefresst,haben,,,Abschnitt 4,2072
B1-0635,Traktor,der,-en,traktor,B1,Linie B1,Kapitel 7 – Alles für die Umwelt,n,tractor,"Das große Fahrzeug mit riesigen Rädern, das der Bauer auf dem Feld benutzt.",Der Bauer fährt mit dem Traktor auf das Feld.,,,,,,,,,,,,,,Abschnitt 4,2073
B1-0636,Ernte,die,-n,ernte,B1,Linie B1,Kapitel 7 – Alles für die Umwelt,n,harvest,"Alle Früchte oder Getreide, die man am Ende einer Saison vom Feld holt.",Die Ernte war dieses Jahr wegen der Hitze leider nicht so gut.,,,,,,,,,,,,,,Abschnitt 4,2074
B1-0637,herstellen,,,herstellen,B1,Linie B1,Kapitel 7 – Alles für die Umwelt,v,to produce / manufacture,Produkte oder Waren in einer Fabrik oder Firma produzieren.,In diesem Werk stellen wir umweltfreundliche Papierbeutel her.,,,,,,,,stellt her,stellte her,hat hergestellt,haben,,,Abschnitt 4,2075
B1-0638,Freiwillige,der/die,-n,freiwillige,B1,Linie B1,Kapitel 7 – Alles für die Umwelt,n,volunteer,"Eine Person, die eine wichtige Arbeit für die Gesellschaft ohne Geld macht.","Viele Freiwillige helfen am Wochenende dabei, den Wald sauber zu machen.",,,,,,,,,,,,,,Abschnitt 4,2076
B1-0639,gründlich,,,grundlich,B1,Linie B1,Kapitel 7 – Alles für die Umwelt,adj,thorough / thoroughly,"Sehr genau, sorgfältig und ohne Fehler arbeiten oder putzen.",Wir müssen die Küche heute besonders gründlich putzen.,,,,,,,,,,,,gründlicher,am gründlichsten,Abschnitt 5-6,2077
B1-0640,verschenken,,,verschenken,B1,Linie B1,Kapitel 7 – Alles für die Umwelt,v,to give away as a gift,"Eine Sache an eine andere Person geben, ohne Geld dafür zu verlangen.","Ich brauche mein altes Fahrrad nicht mehr, ich möchte es verschenken.",,,,,,,,verschenkt,verschenkte,hat verschenkt,haben,,,Abschnitt 5-6,2078
B1-0641,exportieren,,,exportieren,B1,Linie B1,Kapitel 7 – Alles für die Umwelt,v,to export,Waren oder Produkte in ein anderes Land verkaufen; das Gegenteil von importieren.,Deutsche Autofirmen exportieren ihre Fahrzeuge in die ganze Welt.,,,,,,,,exportiert,exportierte,hat exportiert,haben,,,Abschnitt 5-6,2079
B1-0642,Klima,das,,klima,B1,Linie B1,Kapitel 7 – Alles für die Umwelt,n,climate,*Header für das Thema Erderwärmung.*,Wir sprechen im Unterricht über das Klima.,,,,,,,,,,,,,,Abschnitt 5-6|nur Singular,2080
B1-0643,klimafreundlich,,,klimafreundlich,B1,Linie B1,Kapitel 7 – Alles für die Umwelt,adj,eco-friendly / climate-friendly,"Gut für das Klima; so, dass kein gefährliches CO_2 entsteht.",Mit dem Fahrrad zur Arbeit zu fahren ist extrem klimafreundlich.,umweltfreundlich,,,,,,,,,,,klimafreundlicher,am klimafreundlichsten,Abschnitt 5-6,2081
B1-0644,Klimakrise,die,-n,klimakrise,B1,Linie B1,Kapitel 7 – Alles für die Umwelt,n,climate crisis,Das große globale Problem mit der Erderwärmung und dem Wetter auf der Welt.,Die Klimakrise ist ein zentrales Thema in der aktuellen Politik.,,,,,,,,,,,,,,Abschnitt 5-6,2082
B1-0645,Klimawandel,der,,klimawandel,B1,Linie B1,Kapitel 7 – Alles für die Umwelt,n,climate change,Die Veränderung des Wetters und der Temperaturen auf der Erde über lange Zeit.,Viele Wissenschaftler erforschen den aktuellen Klimawandel.,,,,,,,,,,,,,,Abschnitt 5-6|nur Singular,2083
B1-0646,Solaranlage,die,-n,solaranlage,B1,Linie B1,Kapitel 7 – Alles für die Umwelt,n,solar power system,"Technische Platten auf dem Dach, die aus dem Licht der Sonne Strom machen.",Mein Nachbar hat eine neue Solaranlage auf seinem Haus installiert.,,,,,,,,,,,,,,Abschnitt 5-6,2084
B1-0647,Experte,der,-n,experte,B1,Linie B1,Kapitel 7 – Alles für die Umwelt,n,expert (male),"Eine Person, die unglaublich viel Wissen und Erfahrung in einem Thema hat.",Der Experte hält einen Vortrag über die Solarenergie.,Expertin,,,,,,,,,,,,,Abschnitt 5-6,2085
B1-0648,Expertin,die,-nen,expertin,B1,Linie B1,Kapitel 7 – Alles für die Umwelt,n,expert (female),Eine Spezialistin für ein bestimmtes Fachgebiet.,Die Expertin erklärt die Probleme der Klimakrise im Fernsehen.,Experte,,,,,,,,,,,,,Abschnitt 5-6,2086
B1-0649,sich einig sein,,,sich einig sein,B1,Linie B1,Kapitel 7 – Alles für die Umwelt,v,to be in agreement,Wenn zwei oder mehr Personen absolut dieselbe Meinung über ein Thema haben.,"Wir sind uns einig, dass wir Strom sparen müssen.",,,,,,,,,,,,,,Abschnitt 5-6,2087
B1-0650,etwas merken,,,etwas merken,B1,Linie B1,Kapitel 7 – Alles für die Umwelt,v,to notice / realize something,Eine Information oder eine Veränderung mit den Sinnen oder im Kopf bemerken.,"Ich merke, dass es im Zimmer langsam kalt wird, machst du bitte die Heizung an?",feststellen,,,,,,,,,,,,,Abschnitt 5-6,2088
B1-0651,Sturm,der,Stürme,sturm,B1,Linie B1,Kapitel 7 – Alles für die Umwelt,n,storm,"Sehr starker, gefährlicher Wind draußen, oft mit viel Regen.",Der heftige Sturm hat gestern viele Bäume im Park kaputtgemacht.,,,,,,,,,,,,,,Abschnitt 5-6,2089
B1-0652,Feuer,das,,feuer,B1,Linie B1,Kapitel 7 – Alles für die Umwelt,n,fire,"Die Flammen, die entstehen, wenn eine Sache brennt (z. B. im Herd oder im Wald).",Wir machen am Abend ein gemütliches Feuer im Garten.,,,,,,,,,,,,,,Abschnitt 5-6,2090
B1-0653,Überschwemmung,die,-en,uberschwemmung,B1,Linie B1,Kapitel 7 – Alles für die Umwelt,n,flood,Wenn nach zu viel Regen unglaublich viel Wasser auf den Straßen und in Häusern steht.,Nach dem großen Sturm gab es eine gefährliche Überschwemmung in der Stadt.,,,,,,,,,,,,,,Abschnitt 5-6,2091
B1-0654,Tote,der/die,-n,tote,B1,Linie B1,Kapitel 7 – Alles für die Umwelt,n,dead person / casualty,"Eine Person, die nicht mehr lebt (z. B. nach einer Katastrophe).",Bei dem Unfall gab es zum Glück keine Toten.,,,,,,,,,,,,,,Abschnitt 5-6,2092
B1-0655,extrem,,,extrem,B1,Linie B1,Kapitel 7 – Alles für die Umwelt,adj,extreme,Sehr stark; radikal; viel mehr als normal (z. B. extremes Wetter).,Die Hitze im August war dieses Jahr wirklich extrem.,,,,,,,,,,,,extremer,am extremsten,Abschnitt 5-6,2093
B1-0656,leiden,,,leiden,B1,Linie B1,Kapitel 7 – Alles für die Umwelt,v,to suffer,Schmerzen haben oder unglücklich sein wegen einer schlechten Situation.,Viele Pflanzen leiden unter der großen Trockenheit im Sommer.,,,,,,,,leidet,litt,hat gelitten,haben,,,Abschnitt 5-6,2094
B1-0657,Hitze,die,,hitze,B1,Linie B1,Kapitel 7 – Alles für die Umwelt,n,heat,"Sehr hohe, anstrengende Temperaturen im Sommer.",Bei dieser extremen Hitze bleibe ich am liebsten im Haus.,Wärme,,,,,,,,,,,,,Abschnitt 5-6|nur Singular,2095
B1-0658,Katastrophe,die,-n,katastrophe,B1,Linie B1,Kapitel 7 – Alles für die Umwelt,n,catastrophe / disaster,Ein sehr schlimmes Ereignis mit vielen Problemen oder Schäden (z. B. Naturkatastrophe).,Die Überschwemmung war eine absolute Katastrophe für die Region.,,,,,,,,,,,,,,Abschnitt 5-6,2096
B1-0659,schädlich sein für,,,schadlich sein fur,B1,Linie B1,Kapitel 7 – Alles für die Umwelt,phrase,to be harmful to,Schlecht oder gefährlich für eine Sache oder Person sein; Schaden bringen.,Plastikmüll im Meer ist sehr schädlich für die Tiere.,,,,,,,,,,,,,,Abschnitt 5-6,2097
B1-0660,inzwischen,,,inzwischen,B1,Linie B1,Kapitel 7 – Alles für die Umwelt,v,meanwhile / by now,Jetzt; in der Zeit zwischen der Vergangenheit und der Gegenwart.,"Früher gab es hier keine Solaranlagen, aber inzwischen haben viele Häuser eine.",,,,,,,,inzwischt,inzwischte,hat geinzwischt,haben,,,Abschnitt 5-6,2098
B1-0661,Alternative,die,-n,alternative,B1,Linie B1,Kapitel 7 – Alles für die Umwelt,n,alternative,"Eine andere, gute Möglichkeit, wenn man den ersten Plan nicht nutzen kann.",Der Bus ist eine gute Alternative zum Auto.,,,,,,,,,,,,,,Abschnitt 5-6,2099
B1-0662,transportieren,,,transportieren,B1,Linie B1,Kapitel 7 – Alles für die Umwelt,v,to transport,"Waren, Produkte oder Personen von einem Ort an einen anderen Ort bringen.",Lkw transportieren die Lebensmittel zu den Supermärkten.,,,,,,,,transportiert,transportierte,hat transportiert,haben,,,Abschnitt 5-6,2100
B1-0663,hilfreich,,,hilfreich,B1,Linie B1,Kapitel 7 – Alles für die Umwelt,adj,helpful,"Nützlich; so, dass es einer Person bei einer Aufgabe oder einem Problem hilft.",Ihre Tipps zum Energiesparen waren wirklich sehr hilfreich.,aufmerksam,,,,,,,,,,,hilfreicher,am hilfreichsten,Abschnitt 5-6,2101
B1-0664,Herstellung,die,,herstellung,B1,Linie B1,Kapitel 7 – Alles für die Umwelt,n,production / manufacturing,Die Produktion oder Fabrikation von einer Ware.,Die Herstellung von Papier braucht sehr viel Wasser.,Produktion,,,,,,,,,,,,,Abschnitt 5-6|nur Singular,2102
B1-0665,Ressource,die,-n,ressource,B1,Linie B1,Kapitel 7 – Alles für die Umwelt,n,resource,"Ein natürlicher Stoff von der Erde, den man für das Leben oder die Industrie braucht (z. B. Wasser, Holz).",Wir müssen vorsichtig mit den Ressourcen der Erde umgehen.,,,,,,,,,,,,,,Abschnitt 5-6,2103
B1-0666,reichen,,,reichen,B1,Linie B1,Kapitel 7 – Alles für die Umwelt,v,to be enough / suffice,Genug sein; eine ausreichende Menge sein.,"Das Wasser wird für die Wanderung sicher reichen, keine Sorge.",,,,,,,,reicht,reichte,hat gereicht,haben,,,Abschnitt 5-6,2104
B1-0667,frieren,,,frieren,B1,Linie B1,Kapitel 7 – Alles für die Umwelt,v,to freeze / feel cold,"Fühlen, dass es sehr kalt ist, so dass man zittert; das Gegenteil von schwitzen.","Wenn ich keine Jacke anziehe, muss ich draußen sofort frieren.",sperren,,,,,,,friert,fror,hat gefroren,haben,,,Abschnitt 5-6,2105
B1-0668,Öl,das,,ol,B1,Linie B1,Kapitel 7 – Alles für die Umwelt,n,oil,Eine Flüssigkeit für den Salat ODER der fossile Brennstoff für die Heizung.,Das Auto braucht neues Öl für den Motor.,,,,,,,,,,,,,,Abschnitt 5-6|nur Singular,2106
B1-0669,Gas,das,,gas,B1,Linie B1,Kapitel 7 – Alles für die Umwelt,n,gas,"Der fossile Stoff, mit dem viele Menschen im Haus heizen oder kochen.",Die Preise für Gas sind im Winter leider gestiegen.,,,,,,,,,,,,,,Abschnitt 5-6|nur Singular,2107
B1-0670,Holz,das,,holz,B1,Linie B1,Kapitel 7 – Alles für die Umwelt,n,wood,"Das natürliche Material, das direkt von den Bäumen kommt.",Der Tisch im Wohnzimmer ist aus echtem Holz.,,,,,,,,,,,,,,Abschnitt 5-6|nur Singular,2108
B1-0671,Sonnenenergie,die,,sonnenenergie,B1,Linie B1,Kapitel 7 – Alles für die Umwelt,n,solar energy,"Die Energie und der Strom, den man aus dem Licht der Sonne gewinnt.",Die Nutzung von Sonnenenergie ist sehr gut für die Umwelt.,,,,,,,,,,,,,,Abschnitt 5-6|nur Singular,2109
B1-0672,Wärme,die,,warme,B1,Linie B1,Kapitel 7 – Alles für die Umwelt,n,warmth / heat,Eine angenehme oder hohe Temperatur; das Nomen zu warm.,Ich liebe die Wärme der Sonne im Frühling.,Hitze,,,,,,,,,,,,,Abschnitt 5-6|nur Singular,2110
B1-0673,Erde,die,,erde,B1,Linie B1,Kapitel 7 – Alles für die Umwelt,n,earth / planet / soil,Unser Planet ODER das braune Material im Garten für Pflanzen.,Wir müssen unseren Planeten Erde besser schützen.,Boden,,,,,,,,,,,,,Abschnitt 5-6|nur Singular,2111
B1-0674,Wissenschaft,die,,wissenschaft,B1,Linie B1,Kapitel 7 – Alles für die Umwelt,n,science,Die Forschung und das System von Wissen an einer Universität.,Die Wissenschaft sucht nach neuen Methoden für den Klimaschutz.,,,,,,,,,,,,,,Abschnitt 5-6|nur Singular,2112
B1-0675,Fahrzeug,das,-e,fahrzeug,B1,Linie B1,Kapitel 7 – Alles für die Umwelt,n,vehicle,"Ein Transportmittel mit Rädern für die Straße (z. B. Auto, Bus, Lkw).",Auf der Autobahn fahren heute sehr viele Fahrzeuge.,,,,,,,,,,,,,,Abschnitt 5-6,2113
B1-0676,Benzin,das,,benzin,B1,Linie B1,Kapitel 7 – Alles für die Umwelt,n,gasoline / petrol,"Die Flüssigkeit, die normale Autos für den Motor brauchen.","Er fährt an die Tankstelle, um Benzin zu kaufen.",,,,,,,,,,,,,,Abschnitt 5-6|nur Singular,2114
B1-0677,Diesel,der,,diesel,B1,Linie B1,Kapitel 7 – Alles für die Umwelt,n,diesel,Ein spezieller Kraftstoff für bestimmte Motoren (oft für Lkw oder große Autos).,"Dieser Lkw tankt keinen normalen Kraftstoff, sondern Diesel.",,,,,,,,,,,,,,Abschnitt 5-6|nur Singular,2115
B1-0678,tanken,,,tanken,B1,Linie B1,Kapitel 7 – Alles für die Umwelt,v,to refuel / fill up gas,Kraftstoff (Benzin oder Diesel) an der Tankstelle in das Auto füllen.,Ich muss mein Auto noch vor der langen Reise tanken.,,,,,,,,tankt,tankte,hat getankt,haben,,,Abschnitt 5-6,2116
B1-0679,umweltschädlich,,,umweltschadlich,B1,Linie B1,Kapitel 7 – Alles für die Umwelt,adj,harmful to the environment,Schlecht und gefährlich für die Natur und die Umwelt.,Plastiktüten zu benutzen ist extrem umweltschädlich.,,,,,,,,,,,,umweltschädlicher,am umweltschädlichsten,Abschnitt 5-6,2117
B1-0680,Abgas,das,-e,abgas,B1,Linie B1,Kapitel 7 – Alles für die Umwelt,n,exhaust gas / emissions,"Das schmutzige Gas, das beim Fahren aus dem Auspuff von einem Auto kommt.",Die Abgase von alten Lkw sind schlecht für die Luft in der Stadt.,,,,,,,,,,,,,,Abschnitt 5-6,2118
B1-0681,Fachleute,,,fachleute,B1,Linie B1,Kapitel 7 – Alles für die Umwelt,n,experts / specialists,Experten; Personen mit sehr viel Fachwissen in einem bestimmten Bereich.,Viele Fachleute diskutieren über neue Regeln für den Verkehr.,,,,,,,,,,,,,,Abschnitt 5-6,2119
B1-0682,Geschwindigkeitsbeschränkung,die,-en,geschwindigkeitsbeschrankung,B1,Linie B1,Kapitel 7 – Alles für die Umwelt,n,speed limit,"Die offizielle Regel, wie schnell man maximal mit dem Auto fahren darf.",Auf dieser Straße gilt eine Geschwindigkeitsbeschränkung von 50 km/h.,,,,,,,,,,,,,,Abschnitt 5-6,2120
B1-0683,Kohlendioxid,das,,kohlendioxid,B1,Linie B1,Kapitel 7 – Alles für die Umwelt,n,carbon dioxide,"Das Gas, das bei der Verbrennung von Kohle oder Benzin entsteht und schlecht für das Klima ist.","Wir müssen versuchen, weniger Kohlendioxid zu produzieren.",,,,,,,,,,,,,,Abschnitt 5-6,2121
B1-0684,einsparen,,,einsparen,B1,Linie B1,Kapitel 7 – Alles für die Umwelt,v,to save / economize,"Eine bestimmte Menge von Energie oder Geld reduzieren, um zu sparen.",Durch moderne Lampen können wir viel Strom einsparen.,sparen,,,,,,,einspart,einsparte,hat geeinspart,haben,,,Abschnitt 5-6,2122
B1-0685,verzichten,,,verzichten,B1,Linie B1,Kapitel 7 – Alles für die Umwelt,v,to do without / give up,"Freiwillig sagen, dass man eine Sache nicht benutzt oder nicht macht.",Im Urlaub möchte ich komplett auf das Auto verzichten und nur zu Fuß gehen.,,,,,,,,verzichtet,verzichtete,hat verzichtet,haben,,,Abschnitt 5-6,2123
B1-0686,verhindern,,,verhindern,B1,Linie B1,Kapitel 7 – Alles für die Umwelt,v,to prevent,"Aufpassen und aktiv stoppen, dass eine negative Sache passiert.",Wir müssen Unfälle auf der Straße durch sicheres Fahren verhindern.,,,,,,,,verhindert,verhinderte,hat verhindert,haben,,,Abschnitt 5-6,2124
B1-0687,Wind,der,,wind,B1,Linie B1,Kapitel 7 – Alles für die Umwelt,n,wind,Die Bewegung der Luft draußen in der Natur.,"Der Wind ist heute sehr stark, es gibt vielleicht einen Sturm.",,,,,,,,,,,,,,Abschnitt 5-6|nur Singular,2125
B1-0688,brennen,,,brennen,B1,Linie B1,Kapitel 7 – Alles für die Umwelt,v,to burn,Wenn eine Sache Flammen hat und durch Hitze kaputtgeht.,Das Holz im Ofen brennt sehr gut und macht das Zimmer warm.,verbrennen,,,,,,,brennt,brannte,hat gebrannt,haben,,,Abschnitt 5-6,2126
B1-0689,mittlerweile,,,mittlerweile,B1,Linie B1,Kapitel 7 – Alles für die Umwelt,adv,meanwhile / by now,Jetzt; im Laufe der Zeit; inzwischen.,"Früher war die Solartechnik sehr teuer, aber mittlerweile ist sie preiswerter.",,,,,,,,,,,,,,Abschnitt 5-6,2127
B1-0690,Forschung,die,-en,forschung,B1,Linie B1,Kapitel 7 – Alles für die Umwelt,n,research,"Die wissenschaftliche Arbeit, um neue Informationen herauszufinden.",Die medizinische Forschung sucht nach einer neuen Medizin.,,,,,,,,,,,,,,Abschnitt 5-6,2128
B1-0691,schützen,,,schutzen,B1,Linie B1,Kapitel 7 – Alles für die Umwelt,v,to protect,Eine Person oder Sache vor einer Gefahr oder vor Schmutz sicher machen.,Eine gute Sonnenbrille kann die Augen vor dem Licht schützen.,sich absichern / sich für das Alter absichern,,,,,,,schützt,schützte,hat geschützt,haben,,,Abschnitt 5-6,2129
B1-0692,Konsum,der,,konsum,B1,Linie B1,Kapitel 7 – Alles für die Umwelt,n,consumption,Der Kauf und die Nutzung von Waren und Produkten in der Gesellschaft.,Unser hoher Konsum von Plastikprodukten ist ein Problem für die Natur.,,,,,,,,,,,,,,Abschnitt 5-6|nur Singular,2130
B1-0693,Zweifel,der,,zweifel,B1,Linie B1,Kapitel 7 – Alles für die Umwelt,n,doubt,"Das Gefühl, wenn man nicht sicher weiß, ob eine Information wirklich wahr ist.","Ich habe keine Zweifel, dass du die Prüfung am Freitag bestehen wirst.",,,,,,,,,,,,,,Abschnitt 5-6,2131
B1-0694,verbieten,,,verbieten,B1,Linie B1,Kapitel 7 – Alles für die Umwelt,v,to forbid / ban,"Offiziell sagen, dass eine Aktion nicht erlaubt ist; das Gegenteil von erlauben.",Die Stadt möchte Autos im kompletten Zentrum verbieten.,,,,,,,,verbietet,verbietete,hat verbietet,haben,,,Abschnitt 5-6,2132
B1-0695,bestimmen,,,bestimmen,B1,Linie B1,Kapitel 7 – Alles für die Umwelt,v,to determine / decide,Eine feste Entscheidung über eine Regel oder ein Thema treffen.,Der Chef muss das Programm für das Treffen allein bestimmen.,sich entschließen|feststellen,,,,,,,bestimmt,bestimmte,hat bestimmt,haben,,,Abschnitt 5-6,2133
B1-0696,sinnlos,,,sinnlos,B1,Linie B1,Kapitel 7 – Alles für die Umwelt,adj,pointless / useless,Ohne Logik; unpraktisch; keine gute Idee; das Gegenteil von sinnvoll.,"Es ist absolut sinnlos, die Heizung anzumachen und gleichzeitig das Fenster offen zu lassen.",,,,,,,,,,,,sinnloser,am sinnlosesten,Abschnitt 5-6,2134
B1-0697,etwas/nichts bringen,,,etwas/nichts bringen,B1,Linie B1,Kapitel 7 – Alles für die Umwelt,v,to be useful / useless (colloquial),Wenn eine Aktion einen Vorteil bringt / absolut keinen Nutzen hat.,"Das lange Lernen hat etwas gebracht, ich habe eine sehr gute Note!",,,,,,,,,,,,,,Abschnitt 5-6,2135
B1-0698,bezweifeln,,,bezweifeln,B1,Linie B1,Kapitel 7 – Alles für die Umwelt,v,to doubt,"Sagen oder denken, dass eine Information wahrscheinlich nicht korrekt ist.","Ich bezweifle, dass das Wetter morgen besser wird, am Himmel sind so viele Wolken.",,,,,,,,bezweifelt,bezweifelte,hat bezweifelt,haben,,,Abschnitt 5-6,2136
B1-0699,sich entschließen,,,sich entschliessen,B1,Linie B1,Kapitel 7 – Alles für die Umwelt,v,to decide / make up one's mind,Eine feste Entscheidung für eine Aktion oder einen Plan treffen.,"Ich habe mich entschlossen, ab nächster Woche jeden Tag mit dem Fahrrad zur Arbeit zu fahren.",bestimmen,,,,,,,entschließt,entschließte,hat entschließt,haben,,,Abschnitt 5-6,2137
B1-0700,Rindfleisch,das,,rindfleisch,B1,Linie B1,Kapitel 7 – Alles für die Umwelt,n,beef,"Das Fleisch, das von einer Kuh (einem Rind) kommt.",Zum Abendessen kocht mein Vater ein Gericht mit frischem Rindfleisch.,,,,,,,,,,,,,,Wortschatzerweiterung|nur Singular,2138
B1-0701,Ofen,der,Öfen,ofen,B1,Linie B1,Kapitel 7 – Alles für die Umwelt,n,oven / stove,Das Gerät in der Küche zum Backen ODER zum Heizen des Zimmers.,Die Pizza backt im Ofen.,Herd,,,,,,,,,,,,,Wortschatzerweiterung,2139
B1-0702,Eisenbahn,die,-en,eisenbahn,B1,Linie B1,Kapitel 7 – Alles für die Umwelt,n,railway / train,Das System von Zügen und Schienen im Land.,Die Eisenbahn ist ein sehr umweltfreundliches Verkehrsmittel für lange Reisen.,,,,,,,,,,,,,,Wortschatzerweiterung,2140
B1-0703,aufführen,,,auffuhren,B1,Linie B1,Kapitel 8 – Lust auf Kultur?,v,to perform,"Ein Theaterstück, eine Show oder Musik live vor Zuschauern zeigen.",Die Schulkinder möchten vor den Eltern ein kleines Stück aufführen.,,,,,,,,aufführt,aufführte,hat geaufführt,haben,,,Abschnitt 1,2141
B1-0704,Festival,das,-s,festival,B1,Linie B1,Kapitel 8 – Lust auf Kultur?,n,festival,Eine große kulturelle Veranstaltung mit vielen Konzerten oder Shows über mehrere Tage.,Im Sommer besuchen wir ein bekanntes Musik-Festival.,,,,,,,,,,,,,,Abschnitt 1,2142
B1-0705,Zirkus,der,-se,zirkus,B1,Linie B1,Kapitel 8 – Lust auf Kultur?,n,circus,"Eine Show in einem großen Zelt mit Akrobaten, Clowns und oft auch Musik.",Die Kinder freuen sich sehr auf den Besuch im Zirkus.,,,,,,,,,,,,,,Abschnitt 1,2143
B1-0706,Akrobatik,die,,akrobatik,B1,Linie B1,Kapitel 8 – Lust auf Kultur?,n,acrobatics,"Schwierige, sportliche Bewegungen und Kunststücke mit dem Körper im Zirkus oder Sport.",Die Artistin zeigt eine absolut fantastische Akrobatik.,,,,,,,,,,,,,,Abschnitt 1|nur Singular,2144
B1-0707,Clown,der,-s,clown,B1,Linie B1,Kapitel 8 – Lust auf Kultur?,n,clown,"Eine lustige Person im Zirkus mit einer roten Nase, die Witze macht.",Der Clown bringt alle Zuschauer zum Lachen.,,,,,,,,,,,,,,Abschnitt 1,2145
B1-0708,orientalisch,,,orientalisch,B1,Linie B1,Kapitel 8 – Lust auf Kultur?,adj,oriental / Eastern,Aus den Ländern im Osten (z. B. Asien oder Arabien) kommend.,"In diesem Restaurant gibt es leckeres, orientalisches Essen.",,,,,,,,,,,,orientalischer,am orientalischesten,Abschnitt 1,2146
B1-0709,Publikum,das,,publikum,B1,Linie B1,Kapitel 8 – Lust auf Kultur?,n,audience / public,"Alle Menschen zusammen, die bei einer Show oder einem Konzert zuschauen und zuhören.",Das komplette Publikum klatscht nach dem Konzert laut Beifall.,Öffentlichkeit,,,,,,,,,,,,,Abschnitt 1|nur Singular,2147
B1-0710,Zauberer,der,,zauberer,B1,Linie B1,Kapitel 8 – Lust auf Kultur?,n,magician (male),"Ein Mann, der magische Kunststücke zeigt, die man nicht logisch erklären kann.",Der Zauberer macht eine Münze plötzlich unsichtbar.,Zauberin,,,,,,,,,,,,,Abschnitt 1,2148
B1-0711,Zauberin,die,-nen,zauberin,B1,Linie B1,Kapitel 8 – Lust auf Kultur?,n,magician (female),"Eine Frau, die magische Tricks auf der Bühne präsentiert.",Die Zauberin holt ein Kaninchen aus dem Hut.,Zauberer,,,,,,,,,,,,,Abschnitt 1,2149
B1-0712,Hase,der,-n,hase,B1,Linie B1,Kapitel 8 – Lust auf Kultur?,n,rabbit / hare,"Ein kleines Tier mit langen Ohren, das sehr schnell springen kann.",Ein kleiner Hase läuft über die Wiese im Garten.,,,,,,,,,,,,,,Abschnitt 1,2150
B1-0713,hin,,,hin,B1,Linie B1,Kapitel 8 – Lust auf Kultur?,adj,there,Zu einem bestimmten Ort oder einer Position hin; dorthin.,Da möchte ich auch hin! Das Fest sieht toll aus.,dahin,,,,,,,,,,,hiner,am hinsten,Abschnitt 1,2151
B1-0714,Graffiti,das,-s,graffiti,B1,Linie B1,Kapitel 8 – Lust auf Kultur?,n,graffiti,"Bunte Bilder oder Texte, die Menschen mit einer Spraydose an Wände auf der Straße malen.",An der alten Brücke sieht man ein modernes Graffiti.,,,,,,,,,,,,,,Abschnitt 1,2152
B1-0715,Künstler,der,,kunstler,B1,Linie B1,Kapitel 8 – Lust auf Kultur?,n,artist (male),"Ein Mann, der beruflich kreative Dinge macht (z. B. Bilder malt oder Musik schreibt).",Der Künstler zeigt seine neuen Werke im Museum.,Künstlerin,,,,,,,,,,,,,Abschnitt 1,2153
B1-0716,Künstlerin,die,-nen,kunstlerin,B1,Linie B1,Kapitel 8 – Lust auf Kultur?,n,artist (female),"Eine Frau, die beruflich Kunst macht.",Sie arbeitet seit vielen Jahren als erfolgreiche Künstlerin.,Künstler,,,,,,,,,,,,,Abschnitt 1,2154
B1-0717,Oper,die,-n,oper,B1,Linie B1,Kapitel 8 – Lust auf Kultur?,n,opera,"Ein Theaterstück im Theater, bei dem die Schauspieler den Text mit klassischer Stimme singen.",Wir haben am Wochenende eine berühmte Oper besucht.,,,,,,,,,,,,,,Abschnitt 1,2155
B1-0718,Stadtbibliothek,die,-en,stadtbibliothek,B1,Linie B1,Kapitel 8 – Lust auf Kultur?,n,city library,"Das große Haus der Stadt, in dem alle Bürger kostenlos Bücher oder Medien ausleihen können.",Ich hole mir ein neues Buch aus der Stadtbibliothek.,Stadtbücherei,,,,,,,,,,,,,Abschnitt 1,2156
B1-0719,absagen,,,absagen,B1,Linie B1,Kapitel 8 – Lust auf Kultur?,v,to cancel ↔ to accept/confirm,Einen Termin absagen ↔ Ja zu einer Einladung oder einem Termin sagen.,"Ich muss den Termin leider absagen, aber mein Freund wird für die Party zusagen.",,zusagen,,,,,,sagt ab,sagte ab,hat abgesagt,haben,,,Abschnitt 2,2157
B1-0720,auffordern,,,auffordern,B1,Linie B1,Kapitel 8 – Lust auf Kultur?,v,to request / ask someone to do something,"Jemandem bestimmt und offiziell sagen, dass er eine bestimmte Aktion machen soll.","Der Lehrer möchte den Schüler auffordern, leiser zu sein.",bitten|verlangen,,,,,,,auffordert,aufforderte,hat geauffordert,haben,,,Abschnitt 2,2158
B1-0721,Augenblick,der,-e,augenblick,B1,Linie B1,Kapitel 8 – Lust auf Kultur?,n,moment,Ein ganz kurzer Moment; eine Sekunde Zeit.,"Warten Sie bitte einen Augenblick, ich bin gleich für Sie da.",Zeitpunkt,,,,,,,,,,,,,Abschnitt 2,2159
B1-0722,Notizzettel,der,,notizzettel,B1,Linie B1,Kapitel 8 – Lust auf Kultur?,n,notepad / slip of paper for notes,Ein kleiner Zettel aus Papier für schnelle Informationen.,Ich schreibe deine Telefonnummer auf einen Notizzettel.,,,,,,,,,,,,,,Abschnitt 2,2160
B1-0723,spontan,,,spontan,B1,Linie B1,Kapitel 8 – Lust auf Kultur?,adj,spontaneous,Ohne großen Plan und ganz schnell aus einem aktuellen Impuls heraus handeln.,Wir haben uns gestern spontan für einen Kinobesuch entschieden.,,,,,,,,,,,,spontaner,am spontansten,Abschnitt 2,2161
B1-0724,unterbrechen,,,unterbrechen,B1,Linie B1,Kapitel 8 – Lust auf Kultur?,v,to interrupt,Eine Person beim Sprechen stoppen oder eine Aktivität pausieren.,"Bitte unterbrechen Sie mich nicht, wenn ich ein Argument erkläre.",,,,,,,,,,,,,,Abschnitt 2,2162
B1-0725,zurückrufen,,,zuruckrufen,B1,Linie B1,Kapitel 8 – Lust auf Kultur?,v,to call back,"Eine Person anrufen, die vorher versucht hat, einen am Telefon zu erreichen.","Ich kann jetzt nicht sprechen, darf ich dich in zehn Minuten zurückrufen?",,,,,,,,ruft zurück,rief zurück,hat zurückgerufen,haben,,,Abschnitt 2,2163
B1-0726,Zuschauer,der,,zuschauer,B1,Linie B1,Kapitel 8 – Lust auf Kultur?,n,spectator / viewer (male),"Eine Person, die bei einem Event (Sport oder Theater) aktiv mit den Augen zuschaut.",Im Stadion gibt es heute viele tausend Zuschauer.,Zuschauerin,,,,,,,,,,,,,Abschnitt 2,2164
B1-0727,Zuschauerin,die,-nen,zuschauerin,B1,Linie B1,Kapitel 8 – Lust auf Kultur?,n,spectator / viewer (female),"Eine Frau, die eine Veranstaltung ansieht.",Die Zuschauerin findet das Theaterstück sehr spannend.,Zuschauer,,,,,,,,,,,,,Abschnitt 2,2165
B1-0728,Artist,der,-en,artist,B1,Linie B1,Kapitel 8 – Lust auf Kultur?,n,acrobat / performer (male),"Ein sportlicher Künstler, der schwierige Kunststücke im Zirkus zeigt.",Der Artist klettert ohne Angst auf ein langes Seil.,Artistin,,,,,,,,,,,,,Abschnitt 3,2166
B1-0729,Artistin,die,-nen,artistin,B1,Linie B1,Kapitel 8 – Lust auf Kultur?,n,acrobat / performer (female),"Eine Frau, die beruflich akrobatische Shows präsentiert.",Die Artistin zeigt eine tolle Show in der Luft.,Artist,,,,,,,,,,,,,Abschnitt 3,2167
B1-0730,Atmosphäre,die,-n,atmosphare,B1,Linie B1,Kapitel 8 – Lust auf Kultur?,n,atmosphere / mood,Die Stimmung oder das Gefühl an einem bestimmten Ort.,In diesem alten Kino gibt es eine sehr gemütliche Atmosphäre.,,,,,,,,,,,,,,Abschnitt 3,2168
B1-0731,Attraktion,die,-en,attraktion,B1,Linie B1,Kapitel 8 – Lust auf Kultur?,n,attraction,"Ein Highlight oder ein sehr interessanter Ort, den alle Menschen sehen wollen.",Die Achterbahn ist die größte Attraktion im Vergnügungspark.,,,,,,,,,,,,,,Abschnitt 3,2169
B1-0732,Art,die,-en,art,B1,Linie B1,Kapitel 8 – Lust auf Kultur?,n,type / kind / manner,"Eine Kategorie von Dingen ODER die Weise, wie man eine Sache macht.",Es gibt viele verschiedene Arten von moderner Kunst.,,,,,,,,,,,,,,Abschnitt 3,2170
B1-0733,auf jeden Fall,,,auf jeden fall,B1,Linie B1,Kapitel 8 – Lust auf Kultur?,phrase,definitely / by all means,Ganz sicher; einhundert Prozent; ohne Zweifel; absolut.,Ich möchte auf jeden Fall zu deinem Konzert kommen!,,,,,,,,,,,,,,Abschnitt 3,2171
B1-0734,ausgerechnet,,,ausgerechnet,B1,Linie B1,Kapitel 8 – Lust auf Kultur?,adj,of all things / just,"Ein Wort, das eine Überraschung oder ein Ärgernis über ein unpassendes Event zeigt.",Ausgerechnet am letzten Abend unserer Reise hat es stark geregnet.,bloß,,,,,,,,,,,ausgerechneter,am ausgerechnetesten,Abschnitt 3,2172
B1-0735,außerhalb,,,ausserhalb,B1,Linie B1,Kapitel 8 – Lust auf Kultur?,adj,outside of,Draußen; nicht in einem Gebäude oder nicht in den Grenzen von einer Stadt.,Wir wohnen in einem kleinen Dorf außerhalb von Berlin.,,,,,,,,,,,,außerhalber,am außerhalbsten,Abschnitt 3,2173
B1-0736,beobachten,,,beobachten,B1,Linie B1,Kapitel 8 – Lust auf Kultur?,v,to observe / watch closely,Eine Person oder Sache über längere Zeit ganz genau mit den Augen betrachten.,Vom Fenster aus kann ich die Vögel im Garten gut beobachten.,,,,,,,,beobachtet,beobachtete,hat beobachtet,haben,,,Abschnitt 3,2174
B1-0737,Bewertung,die,-en,bewertung,B1,Linie B1,Kapitel 8 – Lust auf Kultur?,n,evaluation / review,"Eine Rezension oder Note für ein Produkt, ein Hotel oder ein Restaurant (z. B. Sterne im Internet).",Das Hotel hat im Internet eine sehr positive Bewertung bekommen.,Kritik,,,,,,,,,,,,,Abschnitt 3,2175
B1-0738,Cocktail,der,-s,cocktail,B1,Linie B1,Kapitel 8 – Lust auf Kultur?,n,cocktail,Ein alkoholisches oder alkoholfreies Mischgetränk mit Saft und Eis.,Am Abend trinken wir einen kühlen Cocktail in der Bar.,,,,,,,,,,,,,,Abschnitt 3,2176
B1-0739,mixen,,,mixen,B1,Linie B1,Kapitel 8 – Lust auf Kultur?,v,to mix,Mehrere Zutaten oder Flüssigkeiten zusammenrühren oder mischen (z. B. Getränke).,Der Barkeeper kann die Säfte für den Cocktail perfekt mixen.,,,,,,,,mixt,mixte,hat gemixt,haben,,,Abschnitt 3,2177
B1-0740,dahin,,,dahin,B1,Linie B1,Kapitel 8 – Lust auf Kultur?,adj,there / to that place,Zu diesem bestimmten Ort hin; dorthin.,"Der Park ist schön, lass uns am Sonntag dahin gehen.",hin,,,,,,,,,,,dahiner,am dahinsten,Abschnitt 3,2178
B1-0741,dicht,,,dicht,B1,Linie B1,Kapitel 8 – Lust auf Kultur?,adj,dense / tight / close,Fest geschlossen ODER sehr nah zusammen; kompakt.,Im Zentrum stehen die Häuser sehr dicht beieinander.,knapp,,,,,,,,,,,dichter,am dichtesten,Abschnitt 3,2179
B1-0742,durcheinander,,,durcheinander,B1,Linie B1,Kapitel 8 – Lust auf Kultur?,adj,confused / messy,Chaotisch; unordentlich; wenn man im Kopf oder im Zimmer keine Struktur hat.,"Alle meine Dokumente sind komplett durcheinander, ich muss aufräumen.",,,,,,,,,,,,durcheinanderer,am durcheinandersten,Abschnitt 3,2180
B1-0743,enttäuschend,,,enttauschend,B1,Linie B1,Kapitel 8 – Lust auf Kultur?,adj,disappointing,"Wenn ein Resultat nicht so gut ist, wie man gehofft hat, und man danach traurig ist.",Das Ergebnis der Prüfung war leider sehr enttäuschend für ihn.,,,,,,,,,,,,enttäuschender,am enttäuschendesten,Abschnitt 3,2181
B1-0744,erinnern,,,erinnern,B1,Linie B1,Kapitel 8 – Lust auf Kultur?,v,to remind / remember,Einen Gedanken an die Vergangenheit wieder in den Kopf holen.,Bitte erinnere mich morgen an den wichtigen Termin beim Chef.,merken,,,,,,,erinnert,erinnerte,hat erinnert,haben,,,Abschnitt 3,2182
B1-0745,Geheimtipp,der,-s,geheimtipp,B1,Linie B1,Kapitel 8 – Lust auf Kultur?,n,insider tip / secret tip,"Eine geheime, exzellente Empfehlung für ein Produkt oder ein Restaurant, die noch nicht viele Menschen kennen.",Dieses kleine Café in der Altstadt ist ein echter Geheimtipp.,,,,,,,,,,,,,,Abschnitt 3,2183
B1-0746,Mischung,die,-en,mischung,B1,Linie B1,Kapitel 8 – Lust auf Kultur?,n,mixture / blend,Die Kombination aus vielen verschiedenen Dingen oder Zutaten.,Das Konzert war eine tolle Mischung aus Pop- und Klassikmusik.,,,,,,,,,,,,,,Abschnitt 3,2184
B1-0747,nirgendwo,,,nirgendwo,B1,Linie B1,Kapitel 8 – Lust auf Kultur?,adj,nowhere,An keinem einzigen Ort auf der Welt; das Gegenteil von überall.,"Ich kann meinen Schlüssel finden, er ist einfach nirgendwo.",,,,,,,,,,,,nirgendwoer,am nirgendwosten,Abschnitt 3,2185
B1-0748,worauf,,,worauf,B1,Linie B1,Kapitel 8 – Lust auf Kultur?,adj,on what / what for,Eine Frage nach dem Ziel oder dem Inhalt von einer Freude oder einem Thema.,Worauf freust du dich im Urlaub am meisten?,,,,,,,,,,,,woraufer,am woraufsten,Abschnitt 3,2186
B1-0749,Zirkuszelt,das,-e,zirkuszelt,B1,Linie B1,Kapitel 8 – Lust auf Kultur?,n,circus tent,"Das riesige, oft bunt gestreifte Zelt, in dem die Zirkusshow stattfindet.",Die Akrobaten trainieren am Vormittag im großen Zirkuszelt.,,,,,,,,,,,,,,Abschnitt 3,2187
B1-0750,Notausgang,der,-ausgänge,notausgang,B1,Linie B1,Kapitel 8 – Lust auf Kultur?,n,emergency exit,"Die spezielle Tür aus einem Gebäude, die man nur bei einer Gefahr (z. B. Feuer) benutzen darf.",In jedem Kino muss es einen klaren Notausgang geben.,,,,,,,,,,,,,,Abschnitt 3,2188
B1-0751,Bibliothek,die,-en,bibliothek,B1,Linie B1,Kapitel 8 – Lust auf Kultur?,n,library,*Header für den Bereich Bücher und Ausleihe.*,Wir suchen ein Buch in der Bibliothek.,,,,,,,,,,,,,,Abschnitt 4-5,2189
B1-0752,Bibliotheksführung,die,-en,bibliotheksfuhrung,B1,Linie B1,Kapitel 8 – Lust auf Kultur?,n,library tour,"Eine geführte Tour durch eine Bibliothek, die erklärt, wo welche Medien stehen.",Für neue Studenten gibt es am Montag eine Bibliotheksführung.,,,,,,,,,,,,,,Abschnitt 4-5,2190
B1-0753,Bibliotheksausweis,der,-e,bibliotheksausweis,B1,Linie B1,Kapitel 8 – Lust auf Kultur?,n,library card,"Die persönliche Plastikkarte, mit der man Bücher in der Bibliothek ausleihen darf.",Ohne einen gültigen Bibliotheksausweis kann man keine Medien mitnehmen.,,,,,,,,,,,,,,Abschnitt 4-5,2191
B1-0754,ausleihen,,,ausleihen,B1,Linie B1,Kapitel 8 – Lust auf Kultur?,v,to borrow / lend,Eine Sache für eine bestimmte Zeit mitnehmen und später wieder zurückbringen.,Ich möchte mir drei Romane für den Urlaub ausleihen.,,,,,,,,leiht aus,lieh aus,hat ausgeliehen,haben,,,Abschnitt 4-5,2192
B1-0755,Kinderbuch,das,-bücher,kinderbuch,B1,Linie B1,Kapitel 8 – Lust auf Kultur?,n,children's book,Ein Buch mit Geschichten und vielen bunten Bildern speziell für kleine Kinder.,Mein Vater liest meinem Sohn ein schönes Kinderbuch vor.,,,,,,,,,,,,,,Abschnitt 4-5,2193
B1-0756,Autorenlesung,die,-en,autorenlesung,B1,Linie B1,Kapitel 8 – Lust auf Kultur?,n,author reading,"Eine Veranstaltung, bei der ein Schriftsteller sein neues Buch live vor Zuschauern vorliest.",Am Freitag besuche ich eine interessante Autorenlesung in der Buchhandlung.,,,,,,,,,,,,,,Abschnitt 4-5,2194
B1-0757,kopieren,,,kopieren,B1,Linie B1,Kapitel 8 – Lust auf Kultur?,v,to copy,Eine exakte Kopie von einem Text oder Papier mit einer Maschine machen.,Kannst du diese Seite bitte für alle Teilnehmer im Kurs kopieren?,,,,,,,,kopiert,kopierte,hat kopiert,haben,,,Abschnitt 4-5,2195
B1-0758,scannen,,,scannen,B1,Linie B1,Kapitel 8 – Lust auf Kultur?,v,to scan,Ein Dokument aus Papier digitalisieren und auf den Computer bringen.,Ich muss das Formular scannen und per E-Mail an das Amt schicken.,,,,,,,,scannt,scannte,hat gescannt,haben,,,Abschnitt 4-5,2196
B1-0759,DVD,die,-s,dvd,B1,Linie B1,Kapitel 8 – Lust auf Kultur?,n,DVD,"Eine kleine Scheibe aus Plastik, auf der ein Film digital gespeichert ist.","Früher haben wir oft eine DVD geschaut, heute streamen wir online.",,,,,,,,,,,,,,Abschnitt 4-5,2197
B1-0760,umsehen,,,umsehen,B1,Linie B1,Kapitel 8 – Lust auf Kultur?,v,to look around,Sich an einem neuen Ort orientieren und die Umgebung betrachten.,"Ich gehe kurz in das Geschäft hinein, um mich einfach ein bisschen umzusehen.",,,,,,,,,,,,,,Abschnitt 4-5,2198
B1-0761,wenden an / sich wenden an,,,wenden an / sich wenden an,B1,Linie B1,Kapitel 8 – Lust auf Kultur?,phrase,to turn to / contact someone,Eine Person oder ein Amt offiziell nach Hilfe oder Informationen fragen.,Sie können sich mit Fragen jederzeit an mich wenden.,,,,,,,,,,,,,,Abschnitt 4-5,2199
B1-0762,Meldebescheinigung,die,-en,meldebescheinigung,B1,Linie B1,Kapitel 8 – Lust auf Kultur?,n,registration certificate,"Das offizielle Papier vom Amt, das die aktuelle Wohnadresse einer Person bestätigt.",Für die Anmeldung in der Bibliothek braucht man eine Meldebescheinigung.,,,,,,,,,,,,,,Abschnitt 4-5,2200
B1-0763,einplanen,,,einplanen,B1,Linie B1,Kapitel 8 – Lust auf Kultur?,v,to budget / schedule / plan for,Eine bestimmte Menge von Zeit oder Geld fest für ein Ziel reservieren.,Für den Weg zum Flughafen müssen wir mindestens eine Stunde einplanen.,,,,,,,,plant ein,plante ein,hat eingeplant,haben,,,Abschnitt 4-5,2201
B1-0764,zweistündig,,,zweistundig,B1,Linie B1,Kapitel 8 – Lust auf Kultur?,adj,two-hour,Mit einer Dauer von genau zwei Stunden.,Die Besprechung im Büro war eine zweistündige Aktivität.,,,,,,,,,,,,zweistündiger,am zweistündigsten,Abschnitt 4-5,2202
B1-0765,VHS-Kurs,der,-e,vhs-kurs,B1,Linie B1,Kapitel 8 – Lust auf Kultur?,n,vhs course (adult education),*Header für die Kurse an der Volkshochschule.*,Ich mache einen Deutschkurs als VHS-Kurs.,,,,,,,,,,,,,,Abschnitt 4-5,2203
B1-0766,Deutschlernen,das,,deutschlernen,B1,Linie B1,Kapitel 8 – Lust auf Kultur?,n,learning German,"Die Aktivität, die deutsche Sprache zu studieren und zu trainieren.",Das Deutschlernen macht mir in der Gruppe viel Spaß.,,,,,,,,,,,,,,Abschnitt 4-5|nur Singular,2204
B1-0767,teilnehmen,,,teilnehmen,B1,Linie B1,Kapitel 8 – Lust auf Kultur?,v,to participate / take part,"Aktiv bei einem Kurs, einem Spiel oder einer Veranstaltung mitmachen.",Möchtest du auch an der Fahrradtour am Sonntag teilnehmen?,,,,,,,,nimmt teil,nahm teil,hat teilgenommen,haben,,,Abschnitt 4-5,2205
B1-0768,Kursteilnehmer,der,,kursteilnehmer,B1,Linie B1,Kapitel 8 – Lust auf Kultur?,n,course participant (male),"Ein Mann oder Junge, der einen Kurs besucht.",Der neue Kursteilnehmer kommt aus Spanien.,Kursteilnehmerin,,,,,,,,,,,,,Abschnitt 4-5,2206
B1-0769,Kursteilnehmerin,die,-nen,kursteilnehmerin,B1,Linie B1,Kapitel 8 – Lust auf Kultur?,n,course participant (female),"Eine Frau, die aktiv bei einem Kurs mitmacht.",In unserem Sprachkurs gibt es eine neue Kursteilnehmerin.,Kursteilnehmer,,,,,,,,,,,,,Abschnitt 4-5,2207
B1-0770,Kunstwerk,das,-e,kunstwerk,B1,Linie B1,Kapitel 8 – Lust auf Kultur?,n,work of art,"Ein kreatives Objekt, das ein Künstler gemacht hat (z. B. ein schönes Bild oder eine Skulptur).",Im Museum hängen viele wertvolle Kunstwerke.,,,,,,,,,,,,,,Abschnitt 6,2208
B1-0771,Reisekosten,die,,reisekosten,B1,Linie B1,Kapitel 8 – Lust auf Kultur?,n,travel expenses,"Das komplette Geld, das man für Tickets, Hotel und Benzin auf einer Reise bezahlen muss.",Die Firma bezahlt mir alle Reisekosten für die Fortbildung.,,,,,,,,,,,,,,Abschnitt 6,2209
B1-0772,sprayen,,,sprayen,B1,Linie B1,Kapitel 8 – Lust auf Kultur?,v,to spray (paint),Farbe mit einer Spraydose kreativ auf eine Wand machen; Graffiti machen.,Die Jugendlichen möchten ein Bild an die alte Wand sprayen.,,,,,,,,sprayt,sprayte,hat gesprayt,haben,,,Abschnitt 6,2210
B1-0773,Symbol,das,-e,symbol,B1,Linie B1,Kapitel 8 – Lust auf Kultur?,n,symbol,"Ein Zeichen oder Bild, das eine feste Bedeutung hat (z. B. ein Herz für die Liebe).",Das weiße Pferd ist das offizielle Symbol von dieser Region.,,,,,,,,,,,,,,Abschnitt 6,2211
B1-0774,Bahnhofstunnel,der,,bahnhofstunnel,B1,Linie B1,Kapitel 8 – Lust auf Kultur?,n,station tunnel,"Der Tunnel unter den Schienen am Bahnhof, durch den man zu den Bahnsteigen geht.",Wir gehen durch den Bahnhofstunnel zu Gleis 3.,,,,,,,,,,,,,,Abschnitt 6,2212
B1-0775,Unterführung,die,-en,unterfuhrung,B1,Linie B1,Kapitel 8 – Lust auf Kultur?,n,underpass,"Ein Weg für Fußgänger oder Autos, der unter einer Straße oder Schienen verläuft.",Du kannst sicher durch die Unterführung auf die andere Straßenseite gehen.,,,,,,,,,,,,,,Abschnitt 6,2213
B1-0776,bestrafen,,,bestrafen,B1,Linie B1,Kapitel 8 – Lust auf Kultur?,v,to punish,"Jemandem eine Strafe geben, weil er eine Regel oder ein Gesetz gebrochen hat.","Die Polizei wird Autofahrer, die viel zu schnell fahren, streng bestrafen.",,,,,,,,bestraft,bestrafte,hat bestraft,haben,,,Abschnitt 6,2214
B1-0777,illegal,,,illegal,B1,Linie B1,Kapitel 8 – Lust auf Kultur?,adj,illegal,Gegen das Gesetz; nicht erlaubt; verboten; das Gegenteil von legal.,"Es ist absolut illegal, ohne Ticket mit der Bahn zu fahren.",,,,,,,,,,,,illegaler,am illegalsten,Abschnitt 6,2215
B1-0778,Comic-Figur,die,-en,comic-figur,B1,Linie B1,Kapitel 8 – Lust auf Kultur?,n,comic character,Eine gemalte Person aus einem Comic-Buch (z. B. Micky Maus oder Superman).,Donald Duck ist eine weltweit sehr bekannte Comic-Figur.,,,,,,,,,,,,,,Abschnitt 6,2216
B1-0779,fantasievoll,,,fantasievoll,B1,Linie B1,Kapitel 8 – Lust auf Kultur?,adj,imaginative / creative,"Mit unglaublich vielen kreativen, schönen und neuen Ideen; kreativ.",Das Kinderbuch hat eine sehr fantasievolle Geschichte.,,,,,,,,,,,,fantasievoller,am fantasievollsten,Abschnitt 6,2217
B1-0780,Geschichte,die,-n,geschichte,B1,Linie B1,Kapitel 8 – Lust auf Kultur?,n,story / history,Ein Text über ein Abenteuer ODER das Schulfach über alte Zeiten in der Vergangenheit.,Opa erzählt den Kindern am Abend eine lustige Geschichte.,,,,,,,,,,,,,,Abschnitt 6,2218
B1-0781,Hip-Hop-Szene,die,,hip-hop-szene,B1,Linie B1,Kapitel 8 – Lust auf Kultur?,n,hip hop scene,"Die komplette Kultur von Menschen, die Hip-Hop-Musik hören, tanzen oder Graffiti sprayen.","In Berlin gibt es eine sehr große, aktive Hip-Hop-Szene.",,,,,,,,,,,,,,Abschnitt 6|nur Singular,2219
B1-0782,Jugendkultur,die,,jugendkultur,B1,Linie B1,Kapitel 8 – Lust auf Kultur?,n,youth culture,"Die Lebensweise, Mode, Sprache und Musik von jungen Menschen in der Gesellschaft.",Musik ist ein zentraler und extrem wichtiger Teil der Jugendkultur.,,,,,,,,,,,,,,Abschnitt 6|nur Singular,2220
B1-0783,Kulturveranstaltung,die,-en,kulturveranstaltung,B1,Linie B1,Kapitel 8 – Lust auf Kultur?,n,cultural event,"Ein Event im Bereich Kultur (z. B. ein Konzert, ein Theaterstück oder eine Ausstellung).",Am Wochenende besuche ich eine interessante Kulturveranstaltung.,,,,,,,,,,,,,,Abschnitt 7,2221
B1-0784,Werk,das,-e,werk,B1,Linie B1,Kapitel 8 – Lust auf Kultur?,n,work / creation,"Ein fertiges Produkt von einem Künstler, Schriftsteller oder Musiker; das Kunstwerk.",Der Autor präsentiert sein neuestes Werk bei einer Lesung.,,,,,,,,,,,,,,Abschnitt 7,2222
B1-0785,ausstellen,,,ausstellen,B1,Linie B1,Kapitel 8 – Lust auf Kultur?,v,to exhibit / display,"Bilder oder Kunstwerke in einem Museum zeigen, damit Besucher sie ansehen können.",Der Maler möchte seine neuen Kunstwerke in der Galerie ausstellen.,,,,,,,,stellt aus,stellte aus,hat ausgestellt,haben,,,Abschnitt 7,2223
B1-0786,Bürgerbüro,das,-s,burgerburo,B1,Linie B1,Kapitel 8 – Lust auf Kultur?,n,citizen center / local office,"Das Büro der Stadt für Bürger, an dem man Pässe beantragen oder Adressen melden kann.","Ich muss zum Bürgerbüro, um meinen neuen Ausweis abzuholen.",,,,,,,,,,,,,,Abschnitt 7,2224
B1-0787,Asyl,das,-e,asyl,B1,Linie B1,Kapitel 8 – Lust auf Kultur?,n,asylum,"Der offizielle Schutz, den ein Staat Menschen gibt, die vor Gefahr oder Krieg fliehen mussten.",Der Mann hat in Deutschland offiziell Asyl beantragt.,,,,,,,,,,,,,,Abschnitt 7,2225
B1-0788,Freiheit,die,-en,freiheit,B1,Linie B1,Kapitel 8 – Lust auf Kultur?,n,freedom,"Das Recht, ohne Zwang und frei nach den eigenen Wünschen zu leben.",Die Freiheit der Meinung ist ein zentrales Gesetz in einer Demokratie.,,,,,,,,,,,,,,Abschnitt 7,2226
B1-0789,Fantasie,die,-n,fantasie,B1,Linie B1,Kapitel 8 – Lust auf Kultur?,n,imagination / fantasy,"Die kreative Fähigkeit im Kopf, sich schöne, neue Dinge vorzustellen.",Für das Schreiben von Geschichten braucht man viel Fantasie.,,,,,,,,,,,,,,Abschnitt 7,2227
B1-0790,Realität,die,-en,realitat,B1,Linie B1,Kapitel 8 – Lust auf Kultur?,n,reality,Das echte Leben; die Fakten; das Gegenteil von Traum oder Fantasie.,Manchmal ist die Realität anders als ein schöner Traum.,,,,,,,,,,,,,,Abschnitt 7,2228
B1-0791,Heim,das,-e,heim,B1,Linie B1,Kapitel 8 – Lust auf Kultur?,n,home / institution,Ein Wohnhaus für eine bestimmte Gruppe von Menschen (z. B. Kinderheim oder Altersheim).,Nach der Arbeit geht er direkt nach Hause in sein gemütliches Heim.,Institution,,,,,,,,,,,,,Abschnitt 7,2229
B1-0792,Hoffnung,die,-en,hoffnung,B1,Linie B1,Kapitel 8 – Lust auf Kultur?,n,hope,"Das positive Gefühl und der Glaube, dass in der Zukunft eine gute Sache passieren wird.","Ich habe die große Hoffnung, dass das Wetter am Wochenende schön wird.",,,,,,,,,,,,,,Abschnitt 7,2230
B1-0793,Kampf,der,Kämpfe,kampf,B1,Linie B1,Kapitel 8 – Lust auf Kultur?,n,fight / struggle / battle,"Ein Konflikt, Sportkampf (z. B. Boxen) ODER eine große Anstrengung für ein Ziel.",Der Kampf gegen den Klimawandel braucht die Hilfe von allen Bürgern.,,,,,,,,,,,,,,Abschnitt 7,2231
B1-0794,Gefängnis,das,-se,gefangnis,B1,Linie B1,Kapitel 8 – Lust auf Kultur?,n,prison / jail,"Das geschlossene Gebäude vom Staat, in dem Menschen wohnen müssen, die ein schweres Gesetz gebrochen haben.",Der Dieb muss für zwei Jahre ins Gefängnis.,,,,,,,,,,,,,,Abschnitt 7,2232
B1-0795,Buchhandlung,die,-en,buchhandlung,B1,Linie B1,Kapitel 8 – Lust auf Kultur?,n,bookstore,"Ein Geschäft, in dem man neue Bücher kaufen kann.",Ich kaufe mir ein neues Wörterbuch in der Buchhandlung.,,,,,,,,,,,,,,Abschnitt 7,2233
B1-0796,Stadtbücherei,die,-en,stadtbucherei,B1,Linie B1,Kapitel 8 – Lust auf Kultur?,n,city library,Ein anderes Wort für Stadtbibliothek.,Ich leihe mir jeden Monat drei Romane aus der Stadtbücherei aus.,Stadtbibliothek,,,,,,,,,,,,,Abschnitt 7,2234
B1-0797,Klang,der,Klänge / der Sommerklang,klang,B1,Linie B1,Kapitel 8 – Lust auf Kultur?,n,sound / summer sound,Ein schöner Ton oder ein akustisches Geräusch von Musik oder Natur.,Der Klang von der Violine ist wunderschön. / Wir genießen den Sommerklang.,Geräusch,,,,,,,,,,,,,Abschnitt 7,2235
B1-0798,klassische Musik,die,,klassische musik,B1,Linie B1,Kapitel 8 – Lust auf Kultur?,n,classical music,"Traditionelle, alte Musik von berühmten Komponisten wie Bach oder Beethoven.",Ich entspanne mich am besten bei klassischer Musik.,,,,,,,,,,,,,,Abschnitt 7,2236
B1-0799,Techno-Musik,die,,techno-musik,B1,Linie B1,Kapitel 8 – Lust auf Kultur?,n,techno music,"Moderne, elektronische Musik mit einem sehr schnellen, festen Rhythmus.",In dieser Disco läuft am Wochenende viel Techno-Musik.,,,,,,,,,,,,,,Abschnitt 7,2237
B1-0800,Himmel,der,,himmel,B1,Linie B1,Kapitel 8 – Lust auf Kultur?,n,sky / heaven,"Der blaue Raum über der Erde, an dem die Sonne, die Wolken und Sterne stehen.",Am blauen Himmel steht heute keine einzige Wolke.,,,,,,,,,,,,,,Abschnitt 7,2238
B1-0801,Mond,der,-e,mond,B1,Linie B1,Kapitel 8 – Lust auf Kultur?,n,moon,"Der helle Himmelskörper, den man in der Nacht am Himmel sehen kann.",Heute Nacht kann man den Mond besonders gut und klar sehen.,,,,,,,,,,,,,,Abschnitt 7,2239
B1-0802,unvergesslich,,,unvergesslich,B1,Linie B1,Kapitel 8 – Lust auf Kultur?,adj,unforgettable,"So wunderschön oder spektakulär, dass man es niemals im Leben vergessen wird.",Die Reise nach Berlin war ein absolut unvergessliches Erlebnis für mich.,,,,,,,,,,,,unvergesslicher,am unvergesslichsten,Abschnitt 7,2240
B1-0803,bezaubern,,,bezaubern,B1,Linie B1,Kapitel 8 – Lust auf Kultur?,v,to charm / enchant,"Wenn eine Person oder ein Ort so wunderschön ist, dass man total fasziniert ist.",Die schöne Altstadt kann jeden Touristen sofort bezaubern.,,,,,,,,bezaubert,bezauberte,hat bezaubert,haben,,,Abschnitt 7,2241
B1-0804,Tal,das,Täler,tal,B1,Linie B1,Kapitel 8 – Lust auf Kultur?,n,valley,"Die tiefe Landschaft in der Natur, die sich zwischen zwei Bergen befindet.",Der Fluss fließt unten durch das grüne Tal.,,,,,,,,,,,,,,Abschnitt 7,2242
B1-0805,Literatur,die,,literatur,B1,Linie B1,Kapitel 8 – Lust auf Kultur?,n,literature,"Alle geschriebenen Bücher, Romane und Gedichte zusammen.","Sie interessiert sich sehr für moderne, deutsche Literatur.",,,,,,,,,,,,,,Abschnitt 7|nur Singular,2243
B1-0806,Einführung,die,-en,einfuhrung,B1,Linie B1,Kapitel 8 – Lust auf Kultur?,n,introduction,Der Text am Beginn von einem Buch ODER ein erster Kurs für ein neues Thema.,Das erste Kapitel im Buch ist eine kurze Einführung in die Grammatik.,,,,,,,,,,,,,,Abschnitt 7,2244
B1-0807,Star,der,-s,star,B1,Linie B1,Kapitel 8 – Lust auf Kultur?,n,star (celebrity),"Eine weltbekannte, berühmte Person aus der Musik, dem Sport oder dem Film.",Der berühmte Star gibt heute ein Vorstellungsinterview im Fernsehen.,,,,,,,,,,,,,,Abschnitt 7,2245
B1-0808,Rockkonzert,das,-e,rockkonzert,B1,Linie B1,Kapitel 8 – Lust auf Kultur?,n,rock concert,Eine Musikveranstaltung mit lauter Rockmusik und Bands auf einer Bühne.,Am Freitagabend gehen wir zusammen auf ein großes Rockkonzert.,,,,,,,,,,,,,,Abschnitt 7,2246
B1-0809,eher,,,eher,B1,Linie B1,Kapitel 8 – Lust auf Kultur?,adj,rather / sooner,Lieber ODER wahrscheinlicher.,Möchtest du Tee oder Kaffee? – Ich trinke eher einen Kaffee.,,,,,,,,,,,,eherer,am ehersten,Abschnitt 7,2247
B1-0810,Fremde,die,,fremde,B1,Linie B1,Kapitel 8 – Lust auf Kultur?,n,foreign parts / foreign country,"Die Situation, in einem fremden, unbekannten Land fern von der Heimat zu sein.",Am Anfang fühlt man sich in der Fremde manchmal ein bisschen einsam.,,,,,,,,,,,,,,Abschnitt 7|nur Singular,2248
B1-0811,Kurznachricht,die,-en,kurznachricht,B1,Linie B1,Kapitel 8 – Lust auf Kultur?,n,short message / text,Eine ganz kurze Textnachricht auf dem Smartphone; die SMS.,"Ich habe dir eine schnelle Kurznachricht geschickt, dass ich später komme.",,,,,,,,,,,,,,Abschnitt 7,2249
B1-0812,empfangen,,,empfangen,B1,Linie B1,Kapitel 8 – Lust auf Kultur?,v,to receive / welcome,Einen Gast freundlich begrüßen ODER ein Dokument/Signal auf dem Handy bekommen.,Ich kann hier im Keller leider keine Nachrichten auf dem Handy empfangen.,,,,,,,,empfangt,empfangte,hat empfangt,haben,,,Abschnitt 7,2250
B1-0813,etwas ausdrücken,,,etwas ausdrucken,B1,Linie B1,Kapitel 8 – Lust auf Kultur?,v,to express something,"Seine Gedanken, Gefühle oder Meinungen mit klaren Worten sagen oder zeigen.","Manchmal ist es schwer, seine Gefühle in einer Fremdsprache perfekt auszudrücken.",,,,,,,,,,,,,,Wortschatzerweiterung,2251
B1-0814,etwas nachschlagen,,,etwas nachschlagen,B1,Linie B1,Kapitel 8 – Lust auf Kultur?,v,to look up something (in a book),Eine Information oder ein Wort in einem Lexikon oder Wörterbuch suchen.,"Wenn ich ein Wort nicht verstehe, muss ich es im Wörterbuch nachschlagen.",,,,,,,,,,,,,,Wortschatzerweiterung,2252
B1-0815,Bücherausgabe,die,-en,bucherausgabe,B1,Linie B1,Kapitel 8 – Lust auf Kultur?,n,book edition ODER book return counter,Eine bestimmte Version von einem Buch ODER der Schalter für die Rückgabe in der Bibliothek.,Die Bücherausgabe befindet sich direkt neben dem Eingang der Bibliothek.,,,,,,,,,,,,,,Wortschatzerweiterung,2253
B1-0816,Buchtitel,der,,buchtitel,B1,Linie B1,Kapitel 8 – Lust auf Kultur?,n,book title,"Der offizielle Name, der ganz vorne groß auf einem Buch steht.",Wie heißt der Buchtitel von deinem neuen Roman?,,,,,,,,,,,,,,Wortschatzerweiterung,2254
B2-0001,Klimaanlage,die,-n,klimaanlage,B2,Linie B2 Beruf,Kapitel 1,n,Air conditioning,"Ein Gerät, das die Luft kühlt.",Die Klimaanlage im Büro ist im Sommer sehr angenehm.,,,,,,,,,,,,,,beruf|Arbeitsräume,2255
B2-0002,Leiter,die,,leiter,B2,Linie B2 Beruf,Kapitel 1,n,Ladder,Ein Gerät mit Stufen zum Hochklettern.,"Er steht auf der Leiter, um die Lampe zu reparieren.",,,,,,,,,,,,,,beruf|Arbeitsräume,2256
B2-0003,Werkbank,die,¨e,werkbank,B2,Linie B2 Beruf,Kapitel 1,n,Workbench,Ein stabiler Tisch für handwerkliche Arbeit.,In der Schreinerei steht eine große Werkbank.,,,,,,,,,,,,,,beruf|Arbeitsräume,2257
B2-0004,Werkzeugkasten,der,¨,werkzeugkasten,B2,Linie B2 Beruf,Kapitel 1,n,Toolbox,Ein Koffer oder Kasten für Werkzeuge.,Bring bitte den Werkzeugkasten aus dem Auto.,,,,,,,,,,,,,,beruf|Arbeitsräume,2258
B2-0005,Schutzhelm,der,-e,schutzhelm,B2,Linie B2 Beruf,Kapitel 1,n,Safety helmet,"Ein Helm, der den Kopf bei der Arbeit schützt.",Auf der Baustelle ist ein Schutzhelm Pflicht.,,,,,,,,,,,,,,beruf|Arbeitsräume,2259
B2-0006,sanitäre Anlagen installieren,,,sanitare anlagen installieren,B2,Linie B2 Beruf,Kapitel 1,phrase,To install sanitary facilities,Toiletten oder Waschbecken einbauen.,Die Firma wird nächste Woche neue sanitäre Anlagen installieren.,,,,,,,,,,,,,,beruf|Arbeitsräume,2260
B2-0007,verstopfte Rohre reinigen,,,verstopfte rohre reinigen,B2,Linie B2 Beruf,Kapitel 1,phrase,To clean clogged pipes,Schmutz aus Wasserrohren entfernen.,Der Klempner muss die verstopften Rohre reinigen.,,,,,,,,,,,,,,beruf|Arbeitsräume,2261
B2-0008,Mieterhöhung,die,-en,mieterhohung,B2,Linie B2 Beruf,Kapitel 1,n,Rent increase,Wenn die Miete teurer wird.,Viele Firmen beschweren sich über die Mieterhöhung.,,,,,,,,,,,,,,beruf|Unsere neuen Arbeitsräume,2262
B2-0009,Zusage,die,-n,zusage,B2,Linie B2 Beruf,Kapitel 1,n,Confirmation / Acceptance,"Eine positive Antwort oder ein ""Ja"".",Ich habe heute die Zusage für den neuen Job bekommen.,Bescheinigung,,,,,,,,,,,,,beruf|Unsere neuen Arbeitsräume,2263
B2-0010,stundenlang,,,stundenlang,B2,Linie B2 Beruf,Kapitel 1,adv,For hours,"Etwas, das viele Stunden dauert.",Wir mussten stundenlang auf den Techniker warten.,,,,,,,,,,,,,,beruf|Unsere neuen Arbeitsräume,2264
B2-0011,Onlineportal,das,-e,onlineportal,B2,Linie B2 Beruf,Kapitel 1,n,Online portal,Eine Webseite mit Informationen oder Diensten.,Man kann die Anzeige im Onlineportal finden.,,,,,,,,,,,,,,beruf|Unsere neuen Arbeitsräume,2265
B2-0012,Objekt,das,-e,objekt,B2,Linie B2 Beruf,Kapitel 1,n,Property / Object,Ein Gebäude oder eine Wohnung.,Das Maklerbüro zeigt uns heute ein neues Objekt.,,,,,,,,,,,,,,beruf|Unsere neuen Arbeitsräume,2266
B2-0013,Grundriss,der,-e,grundriss,B2,Linie B2 Beruf,Kapitel 1,n,Floor plan,Eine Zeichnung von oben auf die Räume.,"Der Grundriss zeigt, dass das Büro sehr groß ist.",,,,,,,,,,,,,,beruf|Unsere neuen Arbeitsräume,2267
B2-0014,jdn. auf dem Laufenden halten,,,jdn. auf dem laufenden halten,B2,Linie B2 Beruf,Kapitel 1,phrase,To keep someone updated,Jemandem immer die neuesten Infos geben.,Bitte halten Sie mich über das Projekt auf dem Laufenden.,,,,,,,,,,,,,,beruf|Unsere neuen Arbeitsräume,2268
B2-0015,Interessent,der,-en,interessent,B2,Linie B2 Beruf,Kapitel 1,n,Interested party (male),"Jemand, der sich für etwas interessiert.",Es gibt viele Interessenten für die Wohnung.,Interessentin,,,,,,,,,,,,,beruf|Unsere neuen Arbeitsräume,2269
B2-0016,Interessentin,die,-nen,interessentin,B2,Linie B2 Beruf,Kapitel 1,n,Interested party (female),"Eine Frau, die Interesse an etwas hat.",Die Interessentin möchte das Büro morgen sehen.,Interessent,,,,,,,,,,,,,beruf|Unsere neuen Arbeitsräume,2270
B2-0017,Altbauwohnung,die,-en,altbauwohnung,B2,Linie B2 Beruf,Kapitel 1,n,Old building apartment,Eine Wohnung in einem alten Haus.,Wir wohnen in einer schönen Altbauwohnung mit hohen Decken.,,,,,,,,,,,,,,beruf|Unsere neuen Arbeitsräume,2271
B2-0018,Einbauküche,die,-n,einbaukuche,B2,Linie B2 Beruf,Kapitel 1,n,Fitted kitchen,"Eine Küche, die fest eingebaut ist.",Die Wohnung wird inklusive Einbauküche vermietet.,,,,,,,,,,,,,,beruf|Unsere neuen Arbeitsräume,2272
B2-0019,Fahrstuhl,der,¨e,fahrstuhl,B2,Linie B2 Beruf,Kapitel 1,n,Elevator / Lift,"Ein Gerät, das Personen nach oben fährt.","Der Fahrstuhl ist leider kaputt, wir müssen die Treppe nehmen.",,,,,,,,,,,,,,beruf|Unsere neuen Arbeitsräume,2273
B2-0020,Erfolgserlebnis,das,-se,erfolgserlebnis,B2,Linie B2 Beruf,Kapitel 1,n,Sense of achievement,Ein gutes Gefühl nach einem Erfolg.,Das fertige Projekt war ein tolles Erfolgserlebnis.,,,,,,,,,,,,,,beruf|Unsere neuen Arbeitsräume,2274
B2-0021,Werkstatt,die,¨en,werkstatt,B2,Linie B2 Beruf,Kapitel 1,n,Workshop,"Ein Raum, in dem man Dinge repariert.",Mein Auto ist zur Reparatur in der Werkstatt.,Schulung,,,,,,,,,,,,,beruf|Unsere neuen Arbeitsräume,2275
B2-0022,Hausverwaltung,die,-en,hausverwaltung,B2,Linie B2 Beruf,Kapitel 1,n,Property management,"Die Firma, die sich um das Haus kümmert.",Bei Problemen müssen wir die Hausverwaltung anrufen.,,,,,,,,,,,,,,beruf|Unsere neuen Arbeitsräume,2276
B2-0023,die Daumen drücken,,,die daumen drucken,B2,Linie B2 Beruf,Kapitel 1,phrase,To cross one's fingers,Jemandem viel Glück wünschen.,Ich drücke dir die Daumen für dein Vorstellungsgespräch!,,,,,,,,,,,,,,beruf|Unsere neuen Arbeitsräume,2277
B2-0024,sich vormerken lassen,,,sich vormerken lassen,B2,Linie B2 Beruf,Kapitel 1,v,To put one's name down,Sich auf eine Warteliste setzen lassen.,Wir haben uns für einen Termin vormerken lassen.,,,,,,,,,,,,,,beruf|Unsere neuen Arbeitsräume,2278
B2-0025,Auszug,der,¨e,auszug,B2,Linie B2 Beruf,Kapitel 1,n,Moving out,Das Verlassen einer Wohnung.,Der Auszug muss bis Ende des Monats erfolgen.,,,,,,,,,,,,,,beruf|Unsere neuen Arbeitsräume,2279
B2-0026,sanieren,,,sanieren,B2,Linie B2 Beruf,Kapitel 1,v,To renovate / refurbish,Ein Gebäude komplett reparieren.,Die Stadt will das alte Schulgebäude sanieren.,,,,,,,,saniert,sanierte,hat saniert,haben,,,beruf|Unsere neuen Arbeitsräume,2280
B2-0027,abschleifen,,,abschleifen,B2,Linie B2 Beruf,Kapitel 1,v,To sand down,Eine Oberfläche glatt machen.,Wir müssen den Holzboden im Büro abschleifen.,,,,,,,,abschleift,abschleifte,hat geabschleift,haben,,,beruf|Unsere neuen Arbeitsräume,2281
B2-0028,anschließen,,,anschliessen,B2,Linie B2 Beruf,Kapitel 1,v,To connect,Ein Gerät mit Strom oder Wasser verbinden.,Kannst du bitte die Spülmaschine anschließen?,vernetzen|verknüpfen,,,,,,,schließt an,schloss an,hat angeschlossen,haben,,,beruf|Unsere neuen Arbeitsräume,2282
B2-0029,Leitung,die,-en,leitung,B2,Linie B2 Beruf,Kapitel 1,n,Pipe / Line / Wire,Ein Rohr oder Kabel für Wasser/Strom.,In der Wand liegt eine elektrische Leitung.,,,,,,,,,,,,,,beruf|Unsere neuen Arbeitsräume,2283
B2-0030,Spedition,die,-en,spedition,B2,Linie B2 Beruf,Kapitel 1,n,Moving/Freight company,"Eine Firma, die Transporte macht.",Die Spedition bringt unsere Möbel am Montag.,,,,,,,,,,,,,,beruf|Unsere neuen Arbeitsräume,2284
B2-0031,aus Sicherheitsgründen,,,aus sicherheitsgrunden,B2,Linie B2 Beruf,Kapitel 1,phrase,For security reasons,Weil es sicherer ist.,Aus Sicherheitsgründen dürfen Sie hier nicht rauchen.,,,,,,,,,,,,,,beruf|Unsere neuen Arbeitsräume,2285
B2-0032,Nachsendeantrag,der,¨e,nachsendeantrag,B2,Linie B2 Beruf,Kapitel 1,n,Mail forwarding request,Post an eine neue Adresse schicken lassen.,Ich habe bei der Post einen Nachsendeantrag gestellt.,,,,,,,,,,,,,,beruf|Unsere neuen Arbeitsräume,2286
B2-0033,den Nachsendeantrag stellen,,,den nachsendeantrag stellen,B2,Linie B2 Beruf,Kapitel 1,phrase,To file a forwarding request,Den Antrag bei der Post abgeben.,"Vergessen Sie nicht, den Nachsendeantrag zu stellen.",,,,,,,,,,,,,,beruf|Unsere neuen Arbeitsräume,2287
B2-0034,Umzugskarton,der,-s,umzugskarton,B2,Linie B2 Beruf,Kapitel 1,n,Moving box,Eine Kiste aus Pappe für den Umzug.,Wir brauchen noch zehn Umzugskartons.,,,,,,,,,,,,,,beruf|Unsere neuen Arbeitsräume,2288
B2-0035,Einkommensnachweis,der,-e,einkommensnachweis,B2,Linie B2 Beruf,Kapitel 1,n,Proof of income,"Ein Papier, das zeigt, wie viel man verdient.",Der Vermieter möchte einen Einkommensnachweis sehen.,,,,,,,,,,,,,,beruf|Unsere neuen Arbeitsräume,2289
B2-0036,Maklerbüro,das,-s,maklerburo,B2,Linie B2 Beruf,Kapitel 1,n,Real estate agency,Das Büro eines Immobilienmaklers.,Das Maklerbüro verlangt eine hohe Gebühr.,,,,,,,,,,,,,,beruf|Unsere neuen Arbeitsräume,2290
B2-0037,sich ummelden,,,sich ummelden,B2,Linie B2 Beruf,Kapitel 1,v,To register a change of address,Seine neue Adresse beim Amt melden.,Nach dem Umzug muss man sich innerhalb von zwei Wochen ummelden.,,,,,,,,,,,,,,beruf|Unsere neuen Arbeitsräume,2291
B2-0038,Kaution,die,-en,kaution,B2,Linie B2 Beruf,Kapitel 1,n,Security deposit,Geld als Sicherheit für den Vermieter.,Die Kaution beträgt zwei Monatsmieten.,,,,,,,,,,,,,,beruf|Unsere neuen Arbeitsräume,2292
B2-0039,eine Kaution hinterlegen,,,eine kaution hinterlegen,B2,Linie B2 Beruf,Kapitel 1,phrase,To pay/leave a deposit,Die Sicherheitssumme bezahlen.,Wir müssen beim Einzug die Kaution hinterlegen.,,,,,,,,,,,,,,beruf|Unsere neuen Arbeitsräume,2293
B2-0040,Besichtigungstermin,der,-e,besichtigungstermin,B2,Linie B2 Beruf,Kapitel 1,n,Viewing appointment,"Ein Termin, um ein Objekt anzusehen.",Wann ist der nächste Besichtigungstermin?,,,,,,,,,,,,,,beruf|Unsere neuen Arbeitsräume,2294
B2-0041,Praxis,die,Praxen,praxis,B2,Linie B2 Beruf,Kapitel 1,n,Practice (medical/legal),Der Arbeitsort eines Arztes.,Die Arztpraxis bleibt am Mittwoch geschlossen.,,,,,,,,,,,,,,beruf|Unsere neuen Arbeitsräume,2295
B2-0042,sich kümmern,,,sich kummern,B2,Linie B2 Beruf,Kapitel 1,v,To take care of,Etwas erledigen oder auf jemanden aufpassen.,Ich kümmere mich um die Organisation des Festes.,,,,,Verben mit Präposition,um,Akkusativ,kümmert,kümmerte,hat gekümmert,haben,,,beruf|Unsere neuen Arbeitsräume,2296
B2-0043,Branche,die,-n,branche,B2,Linie B2 Beruf,Kapitel 1,n,Industry / Sector,Ein Bereich der Wirtschaft (z.B. IT).,In welcher Branche arbeiten Sie?,Bereich,,,,,,,,,,,,,beruf|Unsere neuen Arbeitsräume,2297
B2-0044,Start-up,das/der,-s,start-up,B2,Linie B2 Beruf,Kapitel 1,n,Start-up,"Eine neu gegründete, junge Firma.",Mein Bruder arbeitet bei einem Start-up in Berlin.,,,,,,,,,,,,,,beruf|Unsere neuen Arbeitsräume,2298
B2-0045,Checkliste,die,-n,checkliste,B2,Linie B2 Beruf,Kapitel 1,n,Checklist,Eine Liste zum Abhaken von Aufgaben.,Hast du alles auf der Checkliste erledigt?,,,,,,,,,,,,,,beruf|Unsere neuen Arbeitsräume,2299
B2-0046,Gewerberaum,der,-räume,gewerberaum,B2,Linie B2 Beruf,Kapitel 1,n,Commercial space,Ein Raum für ein Geschäft oder Büro.,Wir suchen einen hellen Gewerberaum in der Stadtmitte.,Gewerbefläche,,,,,,,,,,,,,beruf|Unsere neuen Arbeitsräume,2300
B2-0047,Hygieneanforderung,die,-en,hygieneanforderung,B2,Linie B2 Beruf,Kapitel 1,n,Hygiene requirement,Regeln für die Sauberkeit.,In der Küche sind die Hygieneanforderungen sehr streng.,,,,,,,,,,,,,,beruf|Unsere neuen Arbeitsräume,2301
B2-0048,Flexibilität,die,,flexibilitat,B2,Linie B2 Beruf,Kapitel 1,n,Flexibility,"Die Fähigkeit, sich anzupassen.",In diesem Job braucht man viel Flexibilität.,,,,,,,,,,,,,,beruf|Unsere neuen Arbeitsräume|nur Singular,2302
B2-0049,untervermieten,,,untervermieten,B2,Linie B2 Beruf,Kapitel 1,v,To sublet,Einen Teil der gemieteten Räume vermieten.,Wir möchten ein Zimmer im Büro untervermieten.,,,,,,,,,,,,,,beruf|Unsere neuen Arbeitsräume,2303
B2-0050,Übergabe,die,-n,ubergabe,B2,Linie B2 Beruf,Kapitel 1,n,Handover,Das Übergeben von Schlüsseln oder Infos.,Die Übergabe der Wohnung ist um 14 Uhr.,,,,,,,,,,,,,,beruf|Unsere neuen Arbeitsräume,2304
B2-0051,Übergabeprotokoll,das,-e,ubergabeprotokoll,B2,Linie B2 Beruf,Kapitel 1,n,Handover protocol,Ein Dokument über den Zustand der Räume.,Wir schreiben alle Mängel in das Übergabeprotokoll.,,,,,,,,,,,,,,beruf|Unsere neuen Arbeitsräume,2305
B2-0052,ein Angebot einholen,,,ein angebot einholen,B2,Linie B2 Beruf,Kapitel 1,phrase,To get a quote,Nach einem Preis für eine Arbeit fragen.,"Wir sollten erst ein Angebot einholen, bevor wir bestellen.",,,,,,,,,,,,,,beruf|Der Umzug,2306
B2-0053,flexibel,,,flexibel,B2,Linie B2 Beruf,Kapitel 1,adj,Flexible (regarding),Anpassungsfähig sein.,Wir sind flexibel bezüglich des Umzugstermins.,,,,,Adjektive mit Präposition,bezüglich,Genitiv,,,,,flexibler,am flexibelsten,beruf|Der Umzug,2307
B2-0054,Spielraum haben,,,spielraum haben,B2,Linie B2 Beruf,Kapitel 1,v,To have room to maneuver,Möglichkeiten für Verhandlungen haben.,Beim Preis haben wir leider keinen Spielraum.,,,,,Verben mit Präposition,bei,Dativ,,,,,,,beruf|Der Umzug,2308
B2-0055,ausgebucht,,,ausgebucht,B2,Linie B2 Beruf,Kapitel 1,adj,Fully booked (until),Keine Termine mehr frei haben.,Das Hotel ist ausgebucht.,,,,,Adjektive mit Präposition,bis,Akkusativ,,,,,ausgebuchter,am ausgebuchtesten,beruf|Der Umzug,2309
B2-0056,jdm. entgegenkommen,,,jdm. entgegenkommen,B2,Linie B2 Beruf,Kapitel 1,v,To meet someone halfway,Einen Kompromiss machen.,Der Vermieter ist uns beim Preis ein wenig entgegengekommen.,,,,,,,,,,,,,,beruf|Der Umzug,2310
B2-0057,Fixpreis,der,-e,fixpreis,B2,Linie B2 Beruf,Kapitel 1,n,Fixed price,"Ein fester, unveränderlicher Preis.",Die Werkstatt bietet Reparaturen zum Fixpreis an.,,,,,,,,,,,,,,beruf|Der Umzug,2311
B2-0058,mutig sein,,,mutig sein,B2,Linie B2 Beruf,Kapitel 1,phrase,To be brave,Keine Angst vor Neuem haben.,Er war mutig und hat sein eigenes Geschäft eröffnet.,,,,,,,,,,,,,,beruf|Adils neuer Job,2312
B2-0059,spontan,,,spontan,B2,Linie B2 Beruf,Kapitel 1,adj,Spontaneous,Etwas ohne lange Planung tun.,"Wir haben spontan beschlossen, essen zu gehen.",,,,,,,,,,,,spontaner,am spontansten,beruf|Adils neuer Job,2313
B2-0060,mittelgroß,,,mittelgross,B2,Linie B2 Beruf,Kapitel 1,adj,Medium-sized,Zwischen klein und groß.,Er arbeitet in einem mittelgroßen Betrieb.,,,,,,,,,,,,mittelgroßer,am mittelgroßesten,beruf|Adils neuer Job,2314
B2-0061,Menschen mit Behinderungen,,,menschen mit behinderungen,B2,Linie B2 Beruf,Kapitel 1,phrase,People with disabilities,Personen mit körperlichen/geistigen Einschränkungen.,Die Firma stellt auch Menschen mit Behinderungen ein.,,,,,,,,,,,,,,beruf|Adils neuer Job,2315
B2-0062,für etwas verantwortlich sein,,,fur etwas verantwortlich sein,B2,Linie B2 Beruf,Kapitel 1,phrase,To be responsible for,Für eine Aufgabe zuständig sein.,Wer ist für die Kasse verantwortlich?,,,,,,,,,,,,,,beruf|Adils neuer Job,2316
B2-0063,selbstständig arbeiten,,,selbststandig arbeiten,B2,Linie B2 Beruf,Kapitel 1,v,To work independently,Aufgaben ohne Hilfe erledigen.,In diesem Beruf muss man selbstständig arbeiten.,,,,,,,,,,,,,,beruf|Adils neuer Job,2317
B2-0064,Kontakt bekommen,,,kontakt bekommen,B2,Linie B2 Beruf,Kapitel 1,v,To get in touch,Leute kennenlernen.,Auf der Messe kann man schnell Kontakt bekommen.,sich in Verbindung setzen,,,,,,,,,,,,,beruf|Adils neuer Job,2318
B2-0065,Betriebsausflug,der,¨e,betriebsausflug,B2,Linie B2 Beruf,Kapitel 1,n,Company outing,Ein gemeinsamer Ausflug der Firma.,Unser Betriebsausflug geht dieses Jahr an den See.,,,,,,,,,,,,,,beruf|Adils neuer Job,2319
B2-0066,in Ordnung sein,,,in ordnung sein,B2,Linie B2 Beruf,Kapitel 1,phrase,To be okay / in order,"Wenn alles so ist, wie es sein soll.",Ist mit dem Vertrag alles in Ordnung?,,,,,,,,,,,,,,beruf|Es gibt da ein Problem,2320
B2-0067,sich wohlfühlen,,,sich wohlfuhlen,B2,Linie B2 Beruf,Kapitel 1,v,To feel comfortable,Sich an einem Ort gut fühlen.,Ich fühle mich in meinem neuen Büro sehr wohl.,,,,,,,,wohlfühlt,wohlfühlte,hat gewohlfühlt,haben,,,beruf|Es gibt da ein Problem,2321
B2-0068,Kaffeeküche,die,-n,kaffeekuche,B2,Linie B2 Beruf,Kapitel 1,n,Kitchenette / Coffee room,Ein kleiner Raum für Kaffee im Büro.,Treffen wir uns in zehn Minuten in der Kaffeeküche?,,,,,,,,,,,,,,beruf|Es gibt da ein Problem,2322
B2-0069,Küchenboden,der,¨,kuchenboden,B2,Linie B2 Beruf,Kapitel 1,n,Kitchen floor,Der Fußboden in der Küche.,"Vorsicht, der Küchenboden ist nass!",,,,,,,,,,,,,,beruf|Es gibt da ein Problem,2323
B2-0070,Riss,der,-e,riss,B2,Linie B2 Beruf,Kapitel 1,n,Crack,Eine schmale Öffnung in Material.,Das Glas in der Tür hat einen kleinen Riss.,,,,,,,,,,,,,,beruf|Es gibt da ein Problem,2324
B2-0071,sich um etwas kümmern,,,sich um etwas kummern,B2,Linie B2 Beruf,Kapitel 1,v,To take care of something,Eine Aufgabe übernehmen.,Können Sie sich um die E-Mails kümmern?,,,,,,,,,,,,,,beruf|Es gibt da ein Problem,2325
B2-0072,einen Handwerker bestellen,,,einen handwerker bestellen,B2,Linie B2 Beruf,Kapitel 1,phrase,To call/order a repairman,Hilfe für eine Reparatur rufen.,"Wir müssen einen Handwerker bestellen, weil das Rohr leckt.",,,,,,,,,,,,,,beruf|Es gibt da ein Problem,2326
B2-0073,sich ein Problem ansehen,,,sich ein problem ansehen,B2,Linie B2 Beruf,Kapitel 1,v,To look into a problem,"Prüfen, was kaputt oder falsch ist.",Der Chef wird sich das Problem morgen persönlich ansehen.,,,,,,,,,,,,,,beruf|Es gibt da ein Problem,2327
B2-0074,Schilderung des Problems,die,,schilderung des problems,B2,Linie B2 Beruf,Kapitel 1,n,Description of the problem,"Eine genaue Erklärung, was kaputt ist.",Ihre Schilderung des Problems war sehr hilfreich.,,,,,,,,,,,,,,beruf|Eine E-Mail an die Hausverwaltung,2328
B2-0075,ein Problem schildern,,,ein problem schildern,B2,Linie B2 Beruf,Kapitel 1,phrase,To describe a problem,"Erklären, was passiert ist.",Können Sie mir bitte den Wasserschaden genau schildern?,,,,,,,,,,,,,,beruf|Eine E-Mail an die Hausverwaltung,2329
B2-0076,Erledigung,die,,erledigung,B2,Linie B2 Beruf,Kapitel 1,n,Completion / Settlement,Wenn eine Aufgabe fertig gemacht wird.,Wir kümmern uns sofort um die Erledigung Ihres Auftrags.,,,,,,,,,,,,,,beruf|Eine E-Mail an die Hausverwaltung|nur Singular,2330
B2-0077,Erreichbarkeit,die,-en,erreichbarkeit,B2,Linie B2 Beruf,Kapitel 1,n,Accessibility / Availability,Wie gut man jemanden telefonisch erreicht.,Die Erreichbarkeit des Kundenservice ist leider schlecht.,,,,,,,,,,,,,,beruf|Eine E-Mail an die Hausverwaltung,2331
B2-0078,verantwortliche Firma,die,,verantwortliche firma,B2,Linie B2 Beruf,Kapitel 1,n,The responsible company,"Die Firma, die die Arbeit machen muss.",Wir kontaktieren jetzt die verantwortliche Firma.,,,,,,,,,,,,,,beruf|Eine E-Mail an die Hausverwaltung,2332
B2-0079,einen Schaden beheben,,,einen schaden beheben,B2,Linie B2 Beruf,Kapitel 1,phrase,To repair a damage,Etwas Kaputtes wieder ganz machen.,Der Techniker wird den Schaden morgen beheben.,,,,,,,,,,,,,,beruf|Eine E-Mail an die Hausverwaltung,2333
B2-0080,sich auf etwas beziehen,,,sich auf etwas beziehen,B2,Linie B2 Beruf,Kapitel 1,v,To refer to something,Über ein bestimmtes Thema sprechen.,Ich beziehe mich auf Ihr Schreiben vom letzten Montag.,,,,,,,,,,,,,,beruf|Eine E-Mail an die Hausverwaltung,2334
B2-0081,mittlerweile,,,mittlerweile,B2,Linie B2 Beruf,Kapitel 1,adv,In the meantime / By now,In der Zwischenzeit.,"Ich warte seit Wochen, mittlerweile ist es zu spät.",,,,,,,,,,,,,,beruf|Eine E-Mail an die Hausverwaltung,2335
B2-0082,entstandenen Unannehmlichkeiten,die,,entstandenen unannehmlichkeiten,B2,Linie B2 Beruf,Kapitel 1,n,The inconveniences caused,"Probleme, die durch einen Fehler entstanden sind.",Bitte entschuldigen Sie die entstandenen Unannehmlichkeiten.,,,,,,,,,,,,,,beruf|Eine E-Mail an die Hausverwaltung,2336
B2-0083,Reparaturauftrag,der,-aufträge,reparaturauftrag,B2,Linie B2 Beruf,Kapitel 1,n,Repair order,Ein offizieller Auftrag für eine Reparatur.,Der Vermieter hat den Reparaturauftrag unterschrieben.,,,,,,,,,,,,,,beruf|Eine E-Mail an die Hausverwaltung,2337
B2-0084,mindern,,,mindern,B2,Linie B2 Beruf,Kapitel 1,v,To reduce / To decrease,Etwas weniger machen (z.B. den Preis).,Wir möchten die Miete wegen des Schadens mindern.,senken,,,,Verben mit Präposition,um,Akkusativ,mindert,minderte,hat gemindert,haben,,,beruf|Eine E-Mail an die Hausverwaltung,2338
B2-0085,Kiosk,der,-e,kiosk,B2,Linie B2 Beruf,Kapitel 2 – Mein eigener Laden,n,Kiosk / Newsstand,Ein kleiner Laden für Zeitungen und Snacks.,Ich kaufe mir am Kiosk schnell eine Zeitschrift.,,,,,,,,,,,,,,beruf|Mehmets Kiosk,2339
B2-0086,Lieferant,der,-en,lieferant,B2,Linie B2 Beruf,Kapitel 2 – Mein eigener Laden,n,Supplier,"Eine Person oder Firma, die Waren bringt.",Der Lieferant bringt heute frische Getränke.,,,,,,,,,,,,,,beruf|Mehmets Kiosk,2340
B2-0087,Tiefkühlkost,die,,tiefkuhlkost,B2,Linie B2 Beruf,Kapitel 2 – Mein eigener Laden,n,Frozen food,"Essen, das tiefgekühlt ist (z.B. Pizza).",Im Kiosk gibt es auch eine Truhe für Tiefkühlkost.,,,,,,,,,,,,,,beruf|Mehmets Kiosk|nur Singular,2341
B2-0088,liefern,,,liefern,B2,Linie B2 Beruf,Kapitel 2 – Mein eigener Laden,v,To deliver,Waren zu einem Kunden bringen.,Wir liefern die Pizza direkt zu Ihnen nach Hause.,ausliefern,,,,,,,liefert,lieferte,hat geliefert,haben,,,beruf|Mehmets Kiosk,2342
B2-0089,Warenangebot,das,-e,warenangebot,B2,Linie B2 Beruf,Kapitel 2 – Mein eigener Laden,n,Range of goods,"Alle Produkte, die ein Laden verkauft.",Der Supermarkt hat ein großes Warenangebot.,,,,,,,,,,,,,,beruf|Warum ich die Spätis liebe,2343
B2-0090,Öffnungszeit,die,-en,offnungszeit,B2,Linie B2 Beruf,Kapitel 2 – Mein eigener Laden,n,Opening hours,"Die Zeit, in der ein Laden offen ist.",Wie sind die Öffnungszeiten am Wochenende?,,,,,,,,,,,,,,beruf|Warum ich die Spätis liebe,2344
B2-0091,rund um die Uhr,,,rund um die uhr,B2,Linie B2 Beruf,Kapitel 2 – Mein eigener Laden,phrase,Around the clock,24 Stunden am Tag.,Dieser Kiosk hat rund um die Uhr geöffnet.,,,,,,,,,,,,,,beruf|Warum ich die Spätis liebe,2345
B2-0092,Auswahl,die,,auswahl,B2,Linie B2 Beruf,Kapitel 2 – Mein eigener Laden,n,Selection / Choice,Viele verschiedene Dinge zum Aussuchen.,Hier gibt es eine große Auswahl an Zeitschriften.,Sortiment,,,,,,,,,,,,,beruf|Warum ich die Spätis liebe|nur Singular,2346
B2-0093,begehren,,,begehren,B2,Linie B2 Beruf,Kapitel 2 – Mein eigener Laden,v,To desire / crave,Etwas sehr stark wollen.,Er begehrt den Erfolg in seinem neuen Job.,,,,,,,,begehrt,begehrte,hat begehrt,haben,,,beruf|Warum ich die Spätis liebe,2347
B2-0094,Besorgung,die,-en,besorgung,B2,Linie B2 Beruf,Kapitel 2 – Mein eigener Laden,n,Errand / Purchase,"Dinge, die man kaufen oder erledigen muss.",Ich muss noch ein paar Besorgungen machen.,,,,,,,,,,,,,,beruf|Warum ich die Spätis liebe,2348
B2-0095,Einheimische,der/die,-n,einheimische,B2,Linie B2 Beruf,Kapitel 2 – Mein eigener Laden,n,Local,"Jemand, der an diesem Ort lebt.",Die Einheimischen kennen die besten Restaurants.,,,,,,,,,,,,,,beruf|Warum ich die Spätis liebe,2349
B2-0096,miteinander,,,miteinander,B2,Linie B2 Beruf,Kapitel 2 – Mein eigener Laden,adv,With each other,Zusammen mit anderen Personen.,Wir müssen mehr miteinander reden.,,,,,,,,,,,,,,beruf|Warum ich die Spätis liebe,2350
B2-0097,Zuhause,das,,zuhause,B2,Linie B2 Beruf,Kapitel 2 – Mein eigener Laden,n,Home,"Der Ort, an dem man wohnt.",Ich fühle mich hier wie in meinem eigenen Zuhause.,,,,,,,,,,,,,,beruf|Warum ich die Spätis liebe|nur Singular,2351
B2-0098,ein offenes Ohr für jemanden haben,,,ein offenes ohr fur jemanden haben,B2,Linie B2 Beruf,Kapitel 2 – Mein eigener Laden,phrase,To have a listening ear,Jemandem gut zuhören.,Mein Chef hat immer ein offenes Ohr für meine Sorgen.,,,,,,,,,,,,,,beruf|Warum ich die Spätis liebe,2352
B2-0099,Entdeckung,die,-en,entdeckung,B2,Linie B2 Beruf,Kapitel 2 – Mein eigener Laden,n,Discovery,Etwas Neues finden oder sehen.,In dieser Stadt gibt es immer eine neue Entdeckung.,,,,,,,,,,,,,,beruf|Warum ich die Spätis liebe,2353
B2-0100,hetzen,,,hetzen,B2,Linie B2 Beruf,Kapitel 2 – Mein eigener Laden,v,To rush / To hurry,Sehr schnell rennen oder unter Zeitdruck sein.,"Ich muss nicht hetzen, ich habe noch viel Zeit.",,,,,,,,hetzt,hetzte,hat gehetzt,haben,,,beruf|Warum ich die Spätis liebe,2354
B2-0101,freiberuflich,,,freiberuflich,B2,Linie B2 Beruf,Kapitel 2 – Mein eigener Laden,adj,Freelance,Ohne festen Arbeitgeber arbeiten.,Sie arbeitet freiberuflich als Grafikdesignerin.,,,,,,,,,,,,,,beruf|Warum ich die Spätis liebe,2355
B2-0102,sich etwas einteilen,,,sich etwas einteilen,B2,Linie B2 Beruf,Kapitel 2 – Mein eigener Laden,v,To organize / budget something,Seine Zeit oder sein Geld planen.,Als Freelancer muss man sich seine Zeit gut einteilen.,,,,,,,,,,,,,,beruf|Warum ich die Spätis liebe,2356
B2-0103,Auftrag,der,¨e,auftrag,B2,Linie B2 Beruf,Kapitel 2 – Mein eigener Laden,n,Order / Contract,Eine Aufgabe von einem Kunden.,Die Firma hat einen großen Auftrag erhalten.,Bestellung,,,,,,,,,,,,,beruf|Warum ich die Spätis liebe,2357
B2-0104,zufällig,,,zufallig,B2,Linie B2 Beruf,Kapitel 2 – Mein eigener Laden,adv,By chance / Coincidence,"Nicht geplant, durch Glück.",Ich habe ihn zufällig im Supermarkt getroffen.,,,,,,,,,,,,,,beruf|Warum ich die Spätis liebe,2358
B2-0105,Gleitzeit,die,,gleitzeit,B2,Linie B2 Beruf,Kapitel 2 – Mein eigener Laden,n,Flexible working hours,Wenn man den Arbeitsbeginn wählen kann.,Dank Gleitzeit fange ich erst um 10 Uhr an.,,,,,,,,,,,,,,beruf|Warum ich die Spätis liebe|nur Singular,2359
B2-0106,Schichtdienst,der,-e,schichtdienst,B2,Linie B2 Beruf,Kapitel 2 – Mein eigener Laden,n,Shift work,Arbeit zu wechselnden Zeiten (Tag/Nacht).,Krankenschwestern arbeiten oft im Schichtdienst.,,,,,,,,,,,,,,beruf|Warum ich die Spätis liebe,2360
B2-0107,Schuld,die,,schuld,B2,Linie B2 Beruf,Kapitel 2 – Mein eigener Laden,n,Fault / Guilt / Debt,Wenn man für etwas Negatives verantwortlich ist.,"Es war meine Schuld, dass wir zu spät kamen.",,,,,,,,,,,,,,beruf|Warum ich die Spätis liebe|nur Singular,2361
B2-0108,Feierabend,der,-e,feierabend,B2,Linie B2 Beruf,Kapitel 2 – Mein eigener Laden,n,End of the workday,Die Zeit nach der Arbeit.,Endlich Feierabend! Ich gehe jetzt nach Hause.,,,,,,,,,,,,,,beruf|Warum ich die Spätis liebe,2362
B2-0109,Frühschicht,die,-en,fruhschicht,B2,Linie B2 Beruf,Kapitel 2 – Mein eigener Laden,n,Morning shift,"Arbeit, die sehr früh am Morgen beginnt.",Diese Woche habe ich leider Frühschicht.,,,,,,,,,,,,,,beruf|Warum ich die Spätis liebe,2363
B2-0110,Kioskbesitzer,der,,kioskbesitzer,B2,Linie B2 Beruf,Kapitel 2 – Mein eigener Laden,n,Kiosk owner,"Die Person, der der Kiosk gehört.",Der Kioskbesitzer ist immer sehr freundlich.,,,,,,,,,,,,,,beruf|Warum ich die Spätis liebe,2364
B2-0111,Spätschicht,die,-en,spatschicht,B2,Linie B2 Beruf,Kapitel 2 – Mein eigener Laden,n,Late shift,"Arbeit, die am Nachmittag/Abend stattfindet.",In der Spätschicht arbeite ich bis 22 Uhr.,,,,,,,,,,,,,,beruf|Warum ich die Spätis liebe,2365
B2-0112,Redaktion,die,-en,redaktion,B2,Linie B2 Beruf,Kapitel 2 – Mein eigener Laden,n,Editorial office,"Die Leute, die eine Zeitung schreiben.",Er arbeitet in der Redaktion einer Sportzeitschrift.,,,,,,,,,,,,,,beruf|Warum ich die Spätis liebe,2366
B2-0113,einen Kiosk betreiben,,,einen kiosk betreiben,B2,Linie B2 Beruf,Kapitel 2 – Mein eigener Laden,phrase,To run a kiosk,Einen Kiosk als Chef führen.,Mehmet betreibt seinen Kiosk seit zehn Jahren.,,,,,,,,,,,,,,beruf|Ein Gespräch mit Mehmet,2367
B2-0114,Buchführung,die,,buchfuhrung,B2,Linie B2 Beruf,Kapitel 2 – Mein eigener Laden,n,Bookkeeping / Accounting,Die Dokumentation von Einnahmen/Ausgaben.,Die Buchführung macht mir keinen Spaß.,Buchhaltung,,,,,,,,,,,,,beruf|Ein Gespräch mit Mehmet|nur Singular,2368
B2-0115,Pachtvertrag,der,¨e,pachtvertrag,B2,Linie B2 Beruf,Kapitel 2 – Mein eigener Laden,n,Lease agreement,Ein Mietvertrag für geschäftliche Räume.,Wir haben den Pachtvertrag für den Laden unterschrieben.,,,,,,,,,,,,,,beruf|Ein Gespräch mit Mehmet,2369
B2-0116,Sortiment,das,-e,sortiment,B2,Linie B2 Beruf,Kapitel 2 – Mein eigener Laden,n,Assortment / Selection,"Alle Waren, die ein Geschäft anbietet.",Wir haben ein neues Sortiment an Bio-Produkten.,Auswahl,,,,,,,,,,,,,beruf|Ein Gespräch mit Mehmet,2370
B2-0117,Lage,die,,lage,B2,Linie B2 Beruf,Kapitel 2 – Mein eigener Laden,n,Location,"Der Ort, an dem ein Geschäft liegt.",Der Laden hat eine sehr gute Lage im Zentrum.,,,,,,,,,,,,,,beruf|Ein Gespräch mit Mehmet|nur Singular,2371
B2-0118,finanzielle Rücklagen,,,finanzielle rucklagen,B2,Linie B2 Beruf,Kapitel 2 – Mein eigener Laden,phrase,Financial reserves,Gespartes Geld für Notfälle.,Man sollte immer finanzielle Rücklagen haben.,,,,,,,,,,,,,,beruf|Ein Gespräch mit Mehmet,2372
B2-0119,eröffnen,,,eroffnen,B2,Linie B2 Beruf,Kapitel 2 – Mein eigener Laden,v,To open (a business),Ein neues Geschäft starten.,Er will nächsten Monat ein Café eröffnen.,,,,,,,,eröffnt,eröffnte,hat eröffnt,haben,,,beruf|Ein Gespräch mit Mehmet,2373
B2-0120,Besitzer / die Besitzerin,der,,besitzer / die besitzerin,B2,Linie B2 Beruf,Kapitel 2 – Mein eigener Laden,n,Owner,"Die Person, der etwas gehört.",Wer ist der Besitzer von diesem Auto?,,,,,,,,,,,,,,beruf|Ein Gespräch mit Mehmet,2374
B2-0121,gewerblich,,,gewerblich,B2,Linie B2 Beruf,Kapitel 2 – Mein eigener Laden,adj,Commercial / Business,Beruflich (nicht privat).,Die Räume werden nur gewerblich genutzt.,,,,,,,,,,,,,,beruf|Ein Gespräch mit Mehmet,2375
B2-0122,Reserve,die,-n,reserve,B2,Linie B2 Beruf,Kapitel 2 – Mein eigener Laden,n,Reserve,"Etwas, das man für später aufhebt.",Wir haben noch eine kleine Reserve im Lager.,,,,,,,,,,,,,,beruf|Ein Gespräch mit Mehmet,2376
B2-0123,Einnahme,die,-n,einnahme,B2,Linie B2 Beruf,Kapitel 2 – Mein eigener Laden,n,Income / Revenue,"Geld, das man durch Verkauf bekommt.",Unsere Einnahmen sind diesen Monat gestiegen.,Umsatz,,,,,,,,,,,,,beruf|Ein Gespräch mit Mehmet,2377
B2-0124,Ausgabe,die,-n,ausgabe,B2,Linie B2 Beruf,Kapitel 2 – Mein eigener Laden,n,Expense / Spending,"Geld, das man bezahlen muss.",Wir müssen unsere Ausgaben reduzieren.,Aufwand,,,,,,,,,,,,,beruf|Ein Gespräch mit Mehmet,2378
B2-0125,Verwirklichung,die,,verwirklichung,B2,Linie B2 Beruf,Kapitel 2 – Mein eigener Laden,n,Realization / Fulfillment,Das Erreichen eines Ziels oder Traums.,Er arbeitet hart an der Verwirklichung seines Traums.,Feststellung|Umsetzung,,,,,,,,,,,,,beruf|Ein Gespräch mit Mehmet|nur Singular,2379
B2-0126,profitieren,,,profitieren,B2,Linie B2 Beruf,Kapitel 2 – Mein eigener Laden,v,To profit / benefit from,Einen Vorteil durch etwas haben.,Kleine Firmen profitieren von dieser neuen Regel.,,,,,Verben mit Präposition,von,Dativ,profitiert,profitierte,hat profitiert,haben,,,beruf|Ein Gespräch mit Mehmet,2380
B2-0127,selbstständig,,,selbststandig,B2,Linie B2 Beruf,Kapitel 2 – Mein eigener Laden,adj,Self-employed,Sein eigener Chef sein.,Ich möchte mich bald selbstständig machen.,,,,,,,,,,,,selbstständiger,am selbstständigsten,beruf|Ein Gespräch mit Mehmet,2381
B2-0128,Versicherung,die,-en,versicherung,B2,Linie B2 Beruf,Kapitel 2 – Mein eigener Laden,n,Insurance,Schutz gegen finanzielle Schäden.,Hast du eine Versicherung für dein Geschäft?,,,,,,,,,,,,,,beruf|Ein Gespräch mit Mehmet,2382
B2-0129,Existenzgründerseminar,das,,existenzgrunderseminar,B2,Linie B2 Beruf,Kapitel 2 – Mein eigener Laden,n,Seminar for startups,"Ein Kurs für Leute, die eine Firma gründen.",Ich besuche ein Existenzgründerseminar bei der IHK.,,,,,,,,,,,,,,beruf|Ein Gespräch mit Mehmet,2383
B2-0130,Geschäftsidee,die,-n,geschaftsidee,B2,Linie B2 Beruf,Kapitel 2 – Mein eigener Laden,n,Business idea,Ein Plan für ein neues Unternehmen.,Sie hat eine brillante Geschäftsidee.,,,,,,,,,,,,,,beruf|Ein Gespräch mit Mehmet,2384
B2-0131,Familienbetrieb,der,-e,familienbetrieb,B2,Linie B2 Beruf,Kapitel 2 – Mein eigener Laden,n,Family business,"Eine Firma, die einer Familie gehört.",Unsere Bäckerei ist ein kleiner Familienbetrieb.,,,,,,,,,,,,,,beruf|Ein Gespräch mit Mehmet,2385
B2-0132,Konzern,der,-e,konzern,B2,Linie B2 Beruf,Kapitel 2 – Mein eigener Laden,n,Corporation / Group,Eine sehr große Firma mit vielen Abteilungen.,Er möchte Karriere in einem internationalen Konzern machen.,,,,,,,,,,,,,,beruf|Ein Gespräch mit Mehmet,2386
B2-0133,Vorgesetzte,der/die,-n,vorgesetzte,B2,Linie B2 Beruf,Kapitel 2 – Mein eigener Laden,n,Superior / Boss,"Die Person, die über einem steht.",Mein Vorgesetzter hat mir heute ein Lob gegeben.,,,,,,,,,,,,,,beruf|Ein Gespräch mit Mehmet,2387
B2-0134,Lieferung,die,-en,lieferung,B2,Linie B2 Beruf,Kapitel 2 – Mein eigener Laden,n,Delivery,Die zugestellte Ware.,Wir erwarten heute eine große Lieferung.,,,,,,,,,,,,,,beruf|Ein Gespräch mit Mehmet,2388
B2-0135,Rücksendung,die,-en,rucksendung,B2,Linie B2 Beruf,Kapitel 2 – Mein eigener Laden,n,Return shipment,"Ware, die man zurückschickt.",Für die Rücksendung müssen Sie dieses Etikett nutzen.,,,,,,,,,,,,,,beruf|Ein Gespräch mit Mehmet,2389
B2-0136,Logistik,die,,logistik,B2,Linie B2 Beruf,Kapitel 2 – Mein eigener Laden,n,Logistics,Die Organisation von Transporten.,Die Logistik ist in einem Kiosk sehr wichtig.,,,,,,,,,,,,,,beruf|Ein Gespräch mit Mehmet|nur Singular,2390
B2-0137,Nachfrage,die,,nachfrage,B2,Linie B2 Beruf,Kapitel 2 – Mein eigener Laden,n,Demand,Wie viele Leute ein Produkt kaufen wollen.,Die Nachfrage nach E-Bikes ist aktuell sehr hoch.,Anforderung|Bedarf|Forderung,,,,,,,,,,,,,beruf|Beiträge im Gründerforum|nur Singular,2391
B2-0138,klappen,,,klappen,B2,Linie B2 Beruf,Kapitel 2 – Mein eigener Laden,v,To work out / succeed,Wenn etwas funktioniert.,"Ich hoffe, dass der Plan mit dem Laden klappt.",etwas erarbeiten,,,,,,,klappt,klappte,hat geklappt,haben,,,beruf|Beiträge im Gründerforum,2392
B2-0139,Pleite,die,-n,pleite,B2,Linie B2 Beruf,Kapitel 2 – Mein eigener Laden,n,Bankruptcy / Failure,Wenn eine Firma kein Geld mehr hat.,Nach zwei Jahren kam leider die Pleite.,,,,,,,,,,,,,,beruf|Beiträge im Gründerforum,2393
B2-0140,pleitegehen,,,pleitegehen,B2,Linie B2 Beruf,Kapitel 2 – Mein eigener Laden,v,To go bankrupt,Kein Geld mehr haben und schließen.,Viele kleine Läden gehen pleite.,,,,,,,,pleitegeht,pleitegehte,hat gepleitegeht,haben,,,beruf|Beiträge im Gründerforum,2394
B2-0141,Kredit,der,-e,kredit,B2,Linie B2 Beruf,Kapitel 2 – Mein eigener Laden,n,Loan,"Geld, das man von der Bank leiht.","Wir brauchen einen Kredit, um die Maschinen zu kaufen.",Darlehen,,,,,,,,,,,,,beruf|Beiträge im Gründerforum,2395
B2-0142,einen Kredit aufnehmen,,,einen kredit aufnehmen,B2,Linie B2 Beruf,Kapitel 2 – Mein eigener Laden,phrase,To take out a loan,Sich Geld von der Bank leihen.,Für die Firmengründung musste er einen Kredit aufnehmen.,,,,,,,,,,,,,,beruf|Beiträge im Gründerforum,2396
B2-0143,niedergeschlagen,,,niedergeschlagen,B2,Linie B2 Beruf,Kapitel 2 – Mein eigener Laden,v,Depressed / Dejected,Sehr traurig und ohne Hoffnung.,Nach dem Misserfolg war er sehr niedergeschlagen.,,,,,,,,niedergeschlagt,niedergeschlagte,hat geniedergeschlagt,haben,,,beruf|Beiträge im Gründerforum,2397
B2-0144,gründen,,,grunden,B2,Linie B2 Beruf,Kapitel 2 – Mein eigener Laden,v,To found / start,Eine Firma oder einen Verein starten.,Wir möchten nächstes Jahr ein Start-up gründen.,,,,,,,,gründet,gründete,hat gegründet,haben,,,beruf|Beiträge im Gründerforum,2398
B2-0145,Gewerbefläche,die,-n,gewerbeflache,B2,Linie B2 Beruf,Kapitel 2 – Mein eigener Laden,n,Commercial space,Ein Raum für ein Geschäft.,Suchen Sie eine Gewerbefläche in der Innenstadt?,Gewerberaum,,,,,,,,,,,,,beruf|Beiträge im Gründerforum,2399
B2-0146,Existenzgründer,der,,existenzgrunder,B2,Linie B2 Beruf,Kapitel 2 – Mein eigener Laden,n,Entrepreneur / Founder,"Jemand, der gerade eine Firma gründet.",Die Stadt unterstützt junge Existenzgründer.,,,,,,,,,,,,,,beruf|Beiträge im Gründerforum,2400
B2-0147,günstig,,,gunstig,B2,Linie B2 Beruf,Kapitel 2 – Mein eigener Laden,adj,Cheap / Favorable,Nicht teuer oder passend.,Das Angebot für die Miete ist sehr günstig.,,,,,,,,,,,,günstiger,am günstigsten,beruf|Beiträge im Gründerforum,2401
B2-0148,Zuschuss,der,¨e,zuschuss,B2,Linie B2 Beruf,Kapitel 2 – Mein eigener Laden,n,Grant / Subsidy,Geld vom Staat oder einer Organisation.,Wir haben einen Zuschuss für unser Projekt bekommen.,,,,,,,,,,,,,,beruf|Beiträge im Gründerforum,2402
B2-0149,Dienstplan,der,¨e,dienstplan,B2,Linie B2 Beruf,Kapitel 2 – Mein eigener Laden,n,Duty roster / Shift schedule,"Ein Plan, wer wann arbeitet.",Hast du schon den neuen Dienstplan gesehen?,Schichtplan,,,,,,,,,,,,,beruf|Alltag im Späti – der Dienstplan,2403
B2-0150,etwas übernehmen,,,etwas ubernehmen,B2,Linie B2 Beruf,Kapitel 2 – Mein eigener Laden,v,To take over something,Eine Aufgabe oder Verantwortung annehmen.,Kannst du meine Schicht am Freitag übernehmen?,,,,,,,,,,,,,,beruf|Alltag im Späti – der Dienstplan,2404
B2-0151,etwas einhalten,,,etwas einhalten,B2,Linie B2 Beruf,Kapitel 2 – Mein eigener Laden,v,To adhere to / keep to,Regeln oder Termine respektieren.,"Bitte versuchen Sie, die Termine einzuhalten.",,,,,,,,,,,,,,beruf|Alltag im Späti – der Dienstplan,2405
B2-0152,ausnahmsweise,,,ausnahmsweise,B2,Linie B2 Beruf,Kapitel 2 – Mein eigener Laden,adv,For once / Exceptionally,Nur dieses eine Mal (nicht normal).,Heute darfst du ausnahmsweise früher gehen.,,,,,,,,,,,,,,beruf|Alltag im Späti – der Dienstplan,2406
B2-0153,Umstand,der,¨e,umstand,B2,Linie B2 Beruf,Kapitel 2 – Mein eigener Laden,n,Circumstance,Die Situation oder Bedingung.,Unter diesen Umständen können wir nicht arbeiten.,,,,,,,,,,,,,,beruf|Alltag im Späti – der Dienstplan,2407
B2-0154,unbedingt,,,unbedingt,B2,Linie B2 Beruf,Kapitel 2 – Mein eigener Laden,adv,Absolutely / By all means,Ohne Zweifel; auf jeden Fall.,Ich muss unbedingt heute mit dem Chef sprechen.,,,,,,,,,,,,,,beruf|Arbeitsaufträge,2408
B2-0155,dringend,,,dringend,B2,Linie B2 Beruf,Kapitel 2 – Mein eigener Laden,adj,Urgent,"Etwas, das sofort erledigt werden muss.","Das ist eine dringende E-Mail, bitte antworte schnell.",eilig,,,,,,,,,,,dringender,am dringendesten,beruf|Arbeitsaufträge,2409
B2-0156,Karton,der,-s,karton,B2,Linie B2 Beruf,Kapitel 2 – Mein eigener Laden,n,Cardboard box,Eine Kiste aus fester Pappe.,Pack bitte die Bücher in diesen Karton.,,,,,,,,,,,,,,beruf|Arbeitsaufträge,2410
B2-0157,Arbeitsauftrag,der,¨e,arbeitsauftrag,B2,Linie B2 Beruf,Kapitel 2 – Mein eigener Laden,n,Work order,"Eine Anweisung, eine bestimmte Arbeit zu tun.",Ich habe meinen ersten Arbeitsauftrag erhalten.,,,,,,,,,,,,,,beruf|Arbeitsaufträge,2411
B2-0158,das Telefon abnehmen,,,das telefon abnehmen,B2,Linie B2 Beruf,Kapitel 2 – Mein eigener Laden,phrase,To answer the phone,Einen Anruf entgegennehmen.,Kannst du bitte das Telefon abnehmen?,,,,,,,,,,,,,,beruf|Arbeitsaufträge,2412
B2-0159,zuständig,,,zustandig,B2,Linie B2 Beruf,Kapitel 2 – Mein eigener Laden,adj,Responsible / In charge,Für eine bestimmte Aufgabe verantwortlich.,Wer ist für die IT-Probleme zuständig?,verantwortungsvoll,,,,,,,,,,,zuständiger,am zuständigsten,beruf|Arbeitsaufträge,2413
B2-0160,Nachbestellung,die,-en,nachbestellung,B2,Linie B2 Beruf,Kapitel 2 – Mein eigener Laden,n,Reorder,Etwas noch einmal bestellen.,Wir müssen eine Nachbestellung für Papier machen.,,,,,,,,,,,,,,beruf|Arbeitsaufträge,2414
B2-0161,Teamarbeit,die,,teamarbeit,B2,Linie B2 Beruf,Kapitel 3 – Arbeit im Team,n,Teamwork,Wenn mehrere Leute zusammen an einer Aufgabe arbeiten.,Gute Teamarbeit ist der Schlüssel zum Erfolg.,,,,,,,,,,,,,,beruf|Teamarbeit|nur Singular,2415
B2-0162,Zusammenspiel,das,,zusammenspiel,B2,Linie B2 Beruf,Kapitel 3 – Arbeit im Team,n,Interaction / Synergy,Wie gut verschiedene Teile oder Leute zusammen funktionieren.,Das Zusammenspiel im Team funktioniert perfekt.,,,,,,,,,,,,,,beruf|Teamarbeit|nur Singular,2416
B2-0163,sich anstrengen,,,sich anstrengen,B2,Linie B2 Beruf,Kapitel 3 – Arbeit im Team,v,To make an effort,Sich viel Mühe geben.,"Wir müssen uns anstrengen, um das Projekt fertig zu bekommen.",,,,,,,,anstrengt,anstrengte,hat geanstrengt,haben,,,beruf|Teamarbeit,2417
B2-0164,weiterkommen,,,weiterkommen,B2,Linie B2 Beruf,Kapitel 3 – Arbeit im Team,v,To make progress,Fortschritte machen.,Ohne Hilfe werden wir bei dieser Aufgabe nicht weiterkommen.,,,,,,,,kommt weiter,kam weiter,ist weitergekommen,sein,,,beruf|Teamarbeit,2418
B2-0165,verteilen,,,verteilen,B2,Linie B2 Beruf,Kapitel 3 – Arbeit im Team,v,To distribute,Aufgaben oder Dinge an verschiedene Leute geben.,Der Chef verteilt die Aufgaben für die Woche.,vertreiben|ausliefern,,,,,,,verteilt,verteilte,hat verteilt,haben,,,beruf|Teamarbeit,2419
B2-0166,Mannschaft,die,-en,mannschaft,B2,Linie B2 Beruf,Kapitel 3 – Arbeit im Team,n,Team / Crew,"Eine Gruppe von Leuten, die zusammenarbeiten (oft im Sport).",Unsere Mannschaft hat das Spiel gewonnen.,,,,,,,,,,,,,,beruf|Teamarbeit,2420
B2-0167,Kritik üben / äußern,,,kritik uben / aussern,B2,Linie B2 Beruf,Kapitel 3 – Arbeit im Team,phrase,To express criticism,"Sagen, was einem nicht gefällt.",Man sollte konstruktive Kritik äußern.,,,,,,,,,,,,,,beruf|Sofia Adu ist neu beim Partyservice Fein,2421
B2-0168,Rundmail,die,-s,rundmail,B2,Linie B2 Beruf,Kapitel 3 – Arbeit im Team,n,Circular email,Eine E-Mail an alle Mitarbeiter.,Der Chef hat eine Rundmail an das ganze Team geschickt.,,,,,,,,,,,,,,beruf|Sofia Adu ist neu beim Partyservice Fein,2422
B2-0169,souverän,,,souveran,B2,Linie B2 Beruf,Kapitel 3 – Arbeit im Team,adj,Confident / Superior,Sicher und überlegen handeln.,Sie hat die schwierige Präsentation sehr souverän gemeistert.,,,,,,,,,,,,souveräner,am souveränsten,beruf|Sofia Adu ist neu beim Partyservice Fein,2423
B2-0170,Absprache,die,-n,absprache,B2,Linie B2 Beruf,Kapitel 3 – Arbeit im Team,n,Agreement / Consultation,"Wenn man vorher bespricht, was getan wird.",Ohne Absprache sollten wir nichts ändern.,Vereinbarung,,,,,,,,,,,,,beruf|Sofia Adu ist neu beim Partyservice Fein,2424
B2-0171,unvoreingenommen,,,unvoreingenommen,B2,Linie B2 Beruf,Kapitel 3 – Arbeit im Team,v,Unbiased / Open-minded,Ohne Vorurteile an etwas herangehen.,Man sollte neuen Kollegen unvoreingenommen begegnen.,aufgeschlossen,,,,,,,unvoreingenommt,unvoreingenommte,hat geunvoreingenommt,haben,,,beruf|Sofia Adu ist neu beim Partyservice Fein,2425
B2-0172,Verhalten,das,,verhalten,B2,Linie B2 Beruf,Kapitel 3 – Arbeit im Team,n,Behavior,"Die Art und Weise, wie man handelt.",Sein Verhalten im Meeting war sehr professionell.,,,,,,,,,,,,,,beruf|Sofia Adu ist neu beim Partyservice Fein|nur Singular,2426
B2-0173,überlastet sein,,,uberlastet sein,B2,Linie B2 Beruf,Kapitel 3 – Arbeit im Team,phrase,To be overloaded,Zu viel Arbeit haben.,Viele Mitarbeiter fühlen sich aktuell überlastet.,,,,,,,,,,,,,,beruf|Sofia Adu ist neu beim Partyservice Fein,2427
B2-0174,Verbesserungsvorschlag,der,¨e,verbesserungsvorschlag,B2,Linie B2 Beruf,Kapitel 3 – Arbeit im Team,n,Suggestion for improvement,"Eine Idee, wie man etwas besser machen kann.",Hast du einen Verbesserungsvorschlag für unseren Workflow?,,,,,,,,,,,,,,beruf|Sofia Adu ist neu beim Partyservice Fein,2428
B2-0175,sich unbeliebt machen,,,sich unbeliebt machen,B2,Linie B2 Beruf,Kapitel 3 – Arbeit im Team,v,To make oneself unpopular,"Dinge tun, die andere nicht mögen.",Mit ständigen Beschwerden macht er sich bei den Kollegen unbeliebt.,,,,,,,,,,,,,,beruf|Sofia Adu ist neu beim Partyservice Fein,2429
B2-0176,einen schlechten Eindruck hinterlassen,,,einen schlechten eindruck hinterlassen,B2,Linie B2 Beruf,Kapitel 3 – Arbeit im Team,phrase,To leave a bad impression,Wenn andere negativ über einen denken.,"Wer zu spät kommt, hinterlässt einen schlechten Eindruck.",,,,,,,,,,,,,,beruf|Sofia Adu ist neu beim Partyservice Fein,2430
B2-0177,Ehrlichkeit,die,,ehrlichkeit,B2,Linie B2 Beruf,Kapitel 3 – Arbeit im Team,n,Honesty,"Die Eigenschaft, immer die Wahrheit zu sagen.",Ehrlichkeit ist in einer Freundschaft sehr wichtig.,,,,,,,,,,,,,,beruf|Sofia Adu ist neu beim Partyservice Fein|nur Singular,2431
B2-0178,jdn. loben,,,jdn. loben,B2,Linie B2 Beruf,Kapitel 3 – Arbeit im Team,v,To praise someone,"Sagen, dass jemand etwas gut gemacht hat.",Der Lehrer lobt den Schüler für seine gute Note.,,,,,,,,,,,,,,beruf|Sofia Adu ist neu beim Partyservice Fein,2432
B2-0179,etwas vertuschen,,,etwas vertuschen,B2,Linie B2 Beruf,Kapitel 3 – Arbeit im Team,v,To cover something up,"Versuchen, einen Fehler geheim zu halten.","Man sollte Fehler nicht vertuschen, sondern sie korrigieren.",,,,,,,,,,,,,,beruf|Sofia Adu ist neu beim Partyservice Fein,2433
B2-0180,überfordert,,,uberfordert,B2,Linie B2 Beruf,Kapitel 3 – Arbeit im Team,adj,Overwhelmed,Wenn eine Aufgabe zu schwierig ist.,Mit der neuen Software ist sie momentan noch etwas überfordert.,,,,,,,,,,,,überforderter,am überfordertesten,beruf|Sofia Adu ist neu beim Partyservice Fein,2434
B2-0181,Gerücht,das,-e,gerucht,B2,Linie B2 Beruf,Kapitel 3 – Arbeit im Team,n,Rumor,"Eine Information, die vielleicht nicht wahr ist.","Es gibt ein Gerücht, dass die Firma verkauft wird.",,,,,,,,,,,,,,beruf|Sofia Adu ist neu beim Partyservice Fein,2435
B2-0182,IT-Beauftragte,der/die,-n,it-beauftragte,B2,Linie B2 Beruf,Kapitel 3 – Arbeit im Team,n,IT officer,"Die Person, die sich um die Computer kümmert.","Wenn der Drucker nicht geht, frag den IT-Beauftragten.",,,,,,,,,,,,,,beruf|Sofia Adu ist neu beim Partyservice Fein,2436
B2-0183,verhindern,,,verhindern,B2,Linie B2 Beruf,Kapitel 3 – Arbeit im Team,v,To prevent,"Dafür sorgen, dass etwas nicht passiert.",Wir müssen einen Unfall verhindern.,,,,,,,,verhindert,verhinderte,hat verhindert,haben,,,beruf|Sofia Adu ist neu beim Partyservice Fein,2437
B2-0184,gelassen,,,gelassen,B2,Linie B2 Beruf,Kapitel 3 – Arbeit im Team,v,Calm / Composed,Ruhig und entspannt bleiben.,Trotz des Stresses blieb der Chef ganz gelassen.,gelassen bleiben,,,,,,,gelasst,gelasste,hat gelasst,haben,,,beruf|Sofia Adu ist neu beim Partyservice Fein,2438
B2-0185,Vorurteil,das,-e,vorurteil,B2,Linie B2 Beruf,Kapitel 3 – Arbeit im Team,n,Prejudice,"Eine feste Meinung über jemanden, ohne ihn zu kennen.",Man sollte seine Vorurteile abbauen.,,,,,,,,,,,,,,beruf|Sofia Adu ist neu beim Partyservice Fein,2439
B2-0186,umgehen,,,umgehen,B2,Linie B2 Beruf,Kapitel 3 – Arbeit im Team,v,To deal with / handle,"Die Art, wie man jemanden behandelt.",Er kann sehr gut mit schwierigen Kunden umgehen.,,,,,Verben mit Präposition,mit,Dativ,,,,,,,beruf|Sofia Adu ist neu beim Partyservice Fein,2440
B2-0187,eine Entscheidung treffen,,,eine entscheidung treffen,B2,Linie B2 Beruf,Kapitel 3 – Arbeit im Team,phrase,To make a decision,Sich für eine Sache entscheiden.,Wir müssen heute endlich eine Entscheidung treffen.,,,,,,,,,,,,,,beruf|Sofia Adu ist neu beim Partyservice Fein,2441
B2-0188,Abteilungsleiter,der,,abteilungsleiter,B2,Linie B2 Beruf,Kapitel 3 – Arbeit im Team,n,Head of department,Der Chef einer Abteilung.,Unser Abteilungsleiter hat heute Geburtstag.,,,,,,,,,,,,,,beruf|Sofia Adu ist neu beim Partyservice Fein,2442
B2-0189,Verhandlungen führen,,,verhandlungen fuhren,B2,Linie B2 Beruf,Kapitel 3 – Arbeit im Team,v,To conduct negotiations,Über Preise oder Verträge sprechen.,Die Firmen führen gerade wichtige Verhandlungen.,,,,,,,,,,,,,,beruf|Sofia Adu ist neu beim Partyservice Fein,2443
B2-0190,einen Auftrag vergeben/annehmen,,,einen auftrag vergeben/annehmen,B2,Linie B2 Beruf,Kapitel 3 – Arbeit im Team,phrase,To award/accept a contract,Einen Job an jemanden geben oder bekommen.,Wir haben den Auftrag an eine externe Firma vergeben.,,,,,,,,,,,,,,beruf|Sofia Adu ist neu beim Partyservice Fein,2444
B2-0191,Buchhaltung,die,,buchhaltung,B2,Linie B2 Beruf,Kapitel 3 – Arbeit im Team,n,Accounting,"Die Abteilung, die sich um das Geld kümmert.",Schick die Rechnung bitte direkt an die Buchhaltung.,Buchführung,,,,,,,,,,,,,beruf|Ich möchte mich vorstellen|nur Singular,2445
B2-0192,auf jdn. zukommen,,,auf jdn. zukommen,B2,Linie B2 Beruf,Kapitel 3 – Arbeit im Team,phrase,To approach someone,"Zu jemandem gehen, um etwas zu fragen.","Wenn du Fragen hast, kannst du jederzeit auf mich zukommen.",,,,,,,,,,,,,,beruf|Ich möchte mich vorstellen,2446
B2-0193,Personalchef,der,-s,personalchef,B2,Linie B2 Beruf,Kapitel 3 – Arbeit im Team,n,HR Manager,Der Leiter der Personalabteilung.,Der Personalchef führt heute die Vorstellungsgespräche.,,,,,,,,,,,,,,beruf|Ich möchte mich vorstellen,2447
B2-0194,Fachhochschule,die,-n,fachhochschule,B2,Linie B2 Beruf,Kapitel 3 – Arbeit im Team,n,University of Applied Sciences,Eine Hochschule mit Fokus auf Praxis.,Er studiert Informatik an der Fachhochschule.,,,,,,,,,,,,,,beruf|Ich möchte mich vorstellen,2448
B2-0195,Versand,der,,versand,B2,Linie B2 Beruf,Kapitel 3 – Arbeit im Team,n,Shipping / Dispatch,"Die Abteilung, die Pakete verschickt.",Das Paket liegt schon im Versand.,,,,,,,,,,,,,,beruf|Ich möchte mich vorstellen|nur Singular,2449
B2-0196,Personal,das,,personal,B2,Linie B2 Beruf,Kapitel 3 – Arbeit im Team,n,Staff / Personnel,Alle Mitarbeiter einer Firma.,Das Personal ist heute sehr beschäftigt.,,,,,,,,,,,,,,beruf|Ich möchte mich vorstellen|nur Singular,2450
B2-0197,Protokoll,das,-e,protokoll,B2,Linie B2 Beruf,Kapitel 3 – Arbeit im Team,n,Minutes (of a meeting),"Ein Dokument, in dem steht, was besprochen wurde.",Wer schreibt heute das Protokoll?,,,,,,,,,,,,,,beruf|Das Protokoll,2451
B2-0198,Tagesordnungspunkt,der,-e,tagesordnungspunkt,B2,Linie B2 Beruf,Kapitel 3 – Arbeit im Team,n,Agenda item,Ein Thema auf einer Liste für ein Meeting.,Wir kommen nun zum nächsten Tagesordnungspunkt.,,,,,,,,,,,,,,beruf|Das Protokoll,2452
B2-0199,Büfett,das,-s,bufett,B2,Linie B2 Beruf,Kapitel 3 – Arbeit im Team,n,Buffet,Ein Tisch mit vielen Speisen zur Selbstbedienung.,Das Büfett ist eröffnet!,,,,,,,,,,,,,,beruf|Das Protokoll,2453
B2-0200,Servicekraft,die,¨e,servicekraft,B2,Linie B2 Beruf,Kapitel 3 – Arbeit im Team,n,Service staff / Waiter,"Jemand, der Kunden bedient.",Wir suchen eine neue Servicekraft für unser Restaurant.,,,,,,,,,,,,,,beruf|Das Protokoll,2454
B2-0201,präzise,,,prazise,B2,Linie B2 Beruf,Kapitel 3 – Arbeit im Team,adj,Precise,Sehr genau.,Deine Anweisungen müssen präzise sein.,,,,,,,,,,,,präziser,am präzisesten,beruf|Das Protokoll,2455
B2-0202,sachlich,,,sachlich,B2,Linie B2 Beruf,Kapitel 3 – Arbeit im Team,adj,Objective / Factual,"Ohne Gefühle, nur auf Fakten bezogen.",Bitte bleiben Sie bei der Diskussion sachlich.,,,,,,,,,,,,sachlicher,am sachlichsten,beruf|Das Protokoll,2456
B2-0203,neutral,,,neutral,B2,Linie B2 Beruf,Kapitel 3 – Arbeit im Team,adj,Neutral,Keine Partei ergreifen.,Der Protokollführer muss neutral bleiben.,,,,,,,,,,,,neutraler,am neutralsten,beruf|Das Protokoll,2457
B2-0204,ausschließlich,,,ausschliesslich,B2,Linie B2 Beruf,Kapitel 3 – Arbeit im Team,adj,Exclusively / Only,Nur das und nichts anderes.,Dieses Angebot gilt ausschließlich für Neukunden.,,,,,,,,,,,,ausschließlicher,am ausschließlichsten,beruf|Das Protokoll,2458
B2-0205,Sitzung,die,-en,sitzung,B2,Linie B2 Beruf,Kapitel 3 – Arbeit im Team,n,Meeting / Session,Eine offizielle Versammlung.,Die Sitzung dauert heute bis 18 Uhr.,,,,,,,,,,,,,,beruf|Das Protokoll,2459
B2-0206,Mithilfe,die,,mithilfe,B2,Linie B2 Beruf,Kapitel 3 – Arbeit im Team,n,Assistance / Help,Wenn jemand bei einer Arbeit hilft.,Ohne deine Mithilfe hätten wir es nicht geschafft.,,,,,Nomen mit Präposition,von,Dativ,,,,,,,beruf|Das Protokoll,2460
B2-0207,Entwurf,der,¨e,entwurf,B2,Linie B2 Beruf,Kapitel 3 – Arbeit im Team,n,Draft / Outline,Eine erste Version von einem Plan oder Text.,Hier ist der erste Entwurf für das neue Logo.,,,,,,,,,,,,,,beruf|Das Protokoll,2461
B2-0208,einen Entwurf erstellen,,,einen entwurf erstellen,B2,Linie B2 Beruf,Kapitel 3 – Arbeit im Team,phrase,To create a draft,Die erste Version von etwas machen.,Kannst du bitte einen Entwurf für die Einladung erstellen?,,,,,,,,,,,,,,beruf|Das Protokoll,2462
B2-0209,Flyer,der,,flyer,B2,Linie B2 Beruf,Kapitel 3 – Arbeit im Team,n,Flyer / Leaflet,Ein kleiner Zettel mit Werbung.,Wir verteilen heute Flyer in der Stadt.,,,,,,,,,,,,,,beruf|Das Protokoll,2463
B2-0210,Visitenkarte,die,-n,visitenkarte,B2,Linie B2 Beruf,Kapitel 3 – Arbeit im Team,n,Business card,Eine kleine Karte mit Kontaktdaten.,Darf ich Ihnen meine Visitenkarte geben?,,,,,,,,,,,,,,beruf|Das Protokoll,2464
B2-0211,Aushilfskraft,die,¨e,aushilfskraft,B2,Linie B2 Beruf,Kapitel 3 – Arbeit im Team,n,Temporary worker,"Jemand, der nur kurz oder bei Bedarf hilft.",Im Sommer brauchen wir eine Aushilfskraft.,,,,,,,,,,,,,,beruf|Das Protokoll,2465
B2-0212,Sommersaison,die,,sommersaison,B2,Linie B2 Beruf,Kapitel 3 – Arbeit im Team,n,Summer season,Die Zeit im Sommer (oft für Tourismus).,In der Sommersaison haben wir viel zu tun.,,,,,,,,,,,,,,beruf|Das Protokoll|nur Singular,2466
B2-0213,abstimmen,,,abstimmen,B2,Linie B2 Beruf,Kapitel 3 – Arbeit im Team,v,To vote (on),Eine Wahl treffen.,Wir müssen über den Termin abstimmen.,,,,,Verben mit Präposition,über,Akkusativ,abstimmt,abstimmte,hat geabstimmt,haben,,,beruf|Ein Teamgespräch führen,2467
B2-0214,problematisch,,,problematisch,B2,Linie B2 Beruf,Kapitel 3 – Arbeit im Team,adj,Problematic,Wenn etwas Schwierigkeiten macht.,Die Situation ist momentan sehr problematisch.,,,,,,,,,,,,problematischer,am problematischesten,beruf|Ein Teamgespräch führen,2468
B2-0215,Ganze,das,,ganze,B2,Linie B2 Beruf,Kapitel 3 – Arbeit im Team,n,The whole / The big picture,Alles zusammen betrachten.,Man muss immer das Ganze im Auge behalten.,,,,,,,,,,,,,,beruf|Welche Teamrolle haben Sie?|nur Singular,2469
B2-0216,ausmachen,,,ausmachen,B2,Linie B2 Beruf,Kapitel 3 – Arbeit im Team,v,To matter / To constitute,Etwas Wichtiges sein.,Das Teamwork macht den Erfolg aus.,,,,,,,,macht aus,machte aus,hat ausgemacht,haben,,,beruf|Welche Teamrolle haben Sie?,2470
B2-0217,Schulung,die,-en,schulung,B2,Linie B2 Beruf,Kapitel 3 – Arbeit im Team,n,Training / Workshop,"Ein Kurs, um etwas zu lernen.",Nächste Woche haben wir eine Schulung für die neue Software.,Werkstatt,,,,,,,,,,,,,beruf|Welche Teamrolle haben Sie?,2471
B2-0218,sich aufteilen,,,sich aufteilen,B2,Linie B2 Beruf,Kapitel 3 – Arbeit im Team,v,To split up / divide,In kleinere Gruppen gehen.,Wir teilen uns in drei Gruppen auf.,,,,,Verben mit Präposition,in,Dativ,teilt auf,teilte auf,hat aufgeteilt,haben,,,beruf|Welche Teamrolle haben Sie?,2472
B2-0219,komplex,,,komplex,B2,Linie B2 Beruf,Kapitel 3 – Arbeit im Team,adj,Complex,Schwierig und vielschichtig.,Das ist ein sehr komplexes Thema.,,,,,,,,,,,,komplexer,am komplexesten,beruf|Welche Teamrolle haben Sie?,2473
B2-0220,per Zufall,,,per zufall,B2,Linie B2 Beruf,Kapitel 3 – Arbeit im Team,phrase,By chance,Nicht geplant.,Ich habe die Lösung per Zufall gefunden.,,,,,,,,,,,,,,beruf|Welche Teamrolle haben Sie?,2474
B2-0221,ein Ergebnis erzielen,,,ein ergebnis erzielen,B2,Linie B2 Beruf,Kapitel 3 – Arbeit im Team,phrase,To achieve a result,Ein Ziel erreichen.,Wir wollen ein optimales Ergebnis erzielen.,,,,,,,,,,,,,,beruf|Welche Teamrolle haben Sie?,2475
B2-0222,Kompetenz,die,-en,kompetenz,B2,Linie B2 Beruf,Kapitel 3 – Arbeit im Team,n,Competence / Skill,"Das, was man gut kann.",Fachliche Kompetenz ist sehr wichtig.,Zuständigkeit,,,,,,,,,,,,,beruf|Welche Teamrolle haben Sie?,2476
B2-0223,Macher,der,,macher,B2,Linie B2 Beruf,Kapitel 3 – Arbeit im Team,n,Doer / Man of action,"Jemand, der Dinge sofort erledigt.",Er ist ein echter Macher und wartet nicht lange.,,,,,,,,,,,,,,beruf|Welche Teamrolle haben Sie?,2477
B2-0224,ohne Rücksicht auf Verluste,,,ohne rucksicht auf verluste,B2,Linie B2 Beruf,Kapitel 3 – Arbeit im Team,phrase,Regardless of the cost,"Etwas tun, egal was passiert.",Er arbeitet ohne Rücksicht auf Verluste.,,,,,,,,,,,,,,beruf|Welche Teamrolle haben Sie?,2478
B2-0225,Abwechslung,die,-en,abwechslung,B2,Linie B2 Beruf,Kapitel 3 – Arbeit im Team,n,Variety / Change,Wenn nicht immer das Gleiche passiert.,Ich brauche bei der Arbeit ein bisschen Abwechslung.,Änderung,,,,,,,,,,,,,beruf|Welche Teamrolle haben Sie?,2479
B2-0226,sich festlegen lassen,,,sich festlegen lassen,B2,Linie B2 Beruf,Kapitel 3 – Arbeit im Team,v,To commit oneself,Eine feste Zusage machen.,Er möchte sich noch nicht auf einen Termin festlegen lassen.,,,,,,,,,,,,,,beruf|Welche Teamrolle haben Sie?,2480
B2-0227,improvisieren,,,improvisieren,B2,Linie B2 Beruf,Kapitel 3 – Arbeit im Team,v,To improvise,Ohne Vorbereitung etwas tun.,"Wenn etwas schiefgeht, müssen wir improvisieren.",,,,,,,,improvisiert,improvisierte,hat improvisiert,haben,,,beruf|Welche Teamrolle haben Sie?,2481
B2-0228,Experimentierfreude,die,,experimentierfreude,B2,Linie B2 Beruf,Kapitel 3 – Arbeit im Team,n,Joy of experimenting,"Spaß daran, Neues auszuprobieren.",Seine Experimentierfreude hilft uns oft weiter.,,,,,,,,,,,,,,beruf|Welche Teamrolle haben Sie?|nur Singular,2482
B2-0229,Konservative,der/die,-n,konservative,B2,Linie B2 Beruf,Kapitel 3 – Arbeit im Team,n,Conservative,"Jemand, der an alten Traditionen festhält.",Viele Konservative wollen keine Veränderung.,,,,,,,,,,,,,,beruf|Welche Teamrolle haben Sie?,2483
B2-0230,über Bord werfen,,,uber bord werfen,B2,Linie B2 Beruf,Kapitel 3 – Arbeit im Team,phrase,To throw overboard / discard,Einen Plan komplett aufgeben.,Wir müssen unsere alten Ideen über Bord werfen.,,,,,,,,,,,,,,beruf|Welche Teamrolle haben Sie?,2484
B2-0231,Ausdauer,die,,ausdauer,B2,Linie B2 Beruf,Kapitel 3 – Arbeit im Team,n,Endurance / Persistence,"Die Fähigkeit, lange durchzuhalten.",Für dieses Projekt brauchen wir viel Ausdauer.,,,,,,,,,,,,,,beruf|Welche Teamrolle haben Sie?|nur Singular,2485
B2-0232,Treue,die,,treue,B2,Linie B2 Beruf,Kapitel 3 – Arbeit im Team,n,Loyalty,Zu jemandem oder einer Firma stehen.,Die Mitarbeiter schätzen die Treue der Kunden.,,,,,,,,,,,,,,beruf|Welche Teamrolle haben Sie?|nur Singular,2486
B2-0233,einen Gegenpol bilden,,,einen gegenpol bilden,B2,Linie B2 Beruf,Kapitel 3 – Arbeit im Team,phrase,To form an antithesis,Eine entgegengesetzte Meinung oder Art haben.,Er ist sehr ruhig und bildet einen Gegenpol zu seinem lauten Kollegen.,,,,,,,,,,,,,,beruf|Remaining Section from Chapter 3,2487
B2-0234,etwas in die Tat umsetzen,,,etwas in die tat umsetzen,B2,Linie B2 Beruf,Kapitel 3 – Arbeit im Team,phrase,To put something into practice,Eine Idee wirklich ausführen.,Wir müssen unsere Pläne jetzt in die Tat umsetzen.,,,,,,,,,,,,,,beruf|Remaining Section from Chapter 3,2488
B2-0235,systematisch,,,systematisch,B2,Linie B2 Beruf,Kapitel 3 – Arbeit im Team,adj,Systematic,Nach einem klaren Plan oder System.,Sie geht bei der Fehlersuche sehr systematisch vor.,,,,,,,,,,,,systematischer,am systematischesten,beruf|Remaining Section from Chapter 3,2489
B2-0236,Faktenwissen,das,,faktenwissen,B2,Linie B2 Beruf,Kapitel 3 – Arbeit im Team,n,Factual knowledge,"Wissen, das auf harten Fakten basiert.",Für diesen Job braucht man viel technisches Faktenwissen.,,,,,,,,,,,,,,beruf|Remaining Section from Chapter 3|nur Singular,2490
B2-0237,Statistik,die,-en,statistik,B2,Linie B2 Beruf,Kapitel 3 – Arbeit im Team,n,Statistics,Eine Sammlung von Daten und Zahlen.,"Die Statistik zeigt, dass die Verkäufe steigen.",,,,,,,,,,,,,,beruf|Remaining Section from Chapter 3,2491
B2-0238,detailliert,,,detailliert,B2,Linie B2 Beruf,Kapitel 3 – Arbeit im Team,adj,Detailed,Mit vielen Einzelheiten.,Er gab uns eine sehr detaillierte Beschreibung des Weges.,,,,,,,,,,,,detaillierter,am detailliertesten,beruf|Remaining Section from Chapter 3,2492
B2-0239,fasziniert,,,fasziniert,B2,Linie B2 Beruf,Kapitel 3 – Arbeit im Team,adj,Fascinated (by),Sehr interessiert und begeistert von etwas.,Ich bin fasziniert von der neuen Technologie.,,,,,Adjektive mit Präposition,von,Dativ,,,,,faszinierter,am fasziniertesten,beruf|Remaining Section from Chapter 3,2493
B2-0240,die Realität aus den Augen verlieren,,,die realitat aus den augen verlieren,B2,Linie B2 Beruf,Kapitel 3 – Arbeit im Team,phrase,To lose touch with reality,"Nicht mehr sehen, was wirklich machbar ist.",Träumer verlieren oft die Realität aus den Augen.,,,,,,,,,,,,,,beruf|Remaining Section from Chapter 3,2494
B2-0241,formal,,,formal,B2,Linie B2 Beruf,Kapitel 3 – Arbeit im Team,adj,Formal,Offiziell oder nach festen Regeln.,Die Einladung war sehr formal geschrieben.,,,,,,,,,,,,formaler,am formalsten,beruf|Remaining Section from Chapter 3,2495
B2-0242,Vorgabe,die,-n,vorgabe,B2,Linie B2 Beruf,Kapitel 3 – Arbeit im Team,n,Guideline / Requirement,"Eine Regel, an die man sich halten muss.",Wir müssen die Vorgaben des Chefs genau einhalten.,Anforderung|Bedürfnis,,,,,,,,,,,,,beruf|Remaining Section from Chapter 3,2496
B2-0243,ignorieren,,,ignorieren,B2,Linie B2 Beruf,Kapitel 3 – Arbeit im Team,v,To ignore,Etwas absichtlich nicht beachten.,Man kann dieses Problem nicht einfach ignorieren.,,,,,,,,ignoriert,ignorierte,hat ignoriert,haben,,,beruf|Remaining Section from Chapter 3,2497
B2-0244,Neugier,die,,neugier,B2,Linie B2 Beruf,Kapitel 3 – Arbeit im Team,n,Curiosity,"Der Wunsch, Neues zu erfahren.",Seine Neugier treibt ihn immer wieder zu neuen Entdeckungen.,,,,,,,,,,,,,,beruf|Remaining Section from Chapter 3|nur Singular,2498
B2-0245,Innovation,die,-en,innovation,B2,Linie B2 Beruf,Kapitel 3 – Arbeit im Team,n,Innovation,Eine neue Idee oder Erfindung.,Die Firma ist bekannt für ihre technischen Innovationen.,,,,,,,,,,,,,,beruf|Remaining Section from Chapter 3,2499
B2-0246,Wachstum,das,,wachstum,B2,Linie B2 Beruf,Kapitel 3 – Arbeit im Team,n,Growth,Wenn etwas größer oder mehr wird.,Das wirtschaftliche Wachstum ist dieses Jahr stabil.,,,,,,,,,,,,,,beruf|Remaining Section from Chapter 3|nur Singular,2500
B2-0247,konstruktiv – destruktiv,,,konstruktiv – destruktiv,B2,Linie B2 Beruf,Kapitel 3 – Arbeit im Team,phrase,Constructive – Destructive,Aufbauend – zerstörend.,"Wir brauchen konstruktive Kritik, keine destruktive.",,,,,,,,,,,,,,beruf|Remaining Section from Chapter 3,2501
B2-0248,chaotisch – strukturiert,,,chaotisch – strukturiert,B2,Linie B2 Beruf,Kapitel 3 – Arbeit im Team,phrase,Chaotic – Structured,Unordentlich – ordentlich geplant.,"Sein Schreibtisch ist chaotisch, aber seine Arbeit ist strukturiert.",,,,,,,,,,,,,,beruf|Remaining Section from Chapter 3,2502
B2-0249,traditionell – innovativ,,,traditionell – innovativ,B2,Linie B2 Beruf,Kapitel 3 – Arbeit im Team,phrase,Traditional – Innovative,Altbewährt – neuartig.,Das Design ist eine Mischung aus traditionellen und innovativen Elementen.,,,,,,,,,,,,,,beruf|Remaining Section from Chapter 3,2503
B2-0250,gefühlsbetont – rational,,,gefuhlsbetont – rational,B2,Linie B2 Beruf,Kapitel 3 – Arbeit im Team,phrase,Emotional – Rational,Nach Gefühl – nach Vernunft.,"Er trifft Entscheidungen oft gefühlsbetont, sie eher rational.",,,,,,,,,,,,,,beruf|Remaining Section from Chapter 3,2504
B2-0251,vorig,,,vorig,B2,Linie B2 Beruf,Kapitel 3 – Arbeit im Team,adj,Previous,Vorherig.,Im vorigen Jahr war der Urlaub schöner.,,,,,,,,,,,,voriger,am vorigsten,beruf|Remaining Section from Chapter 3,2505
B2-0252,motivierend – demotivierend,,,motivierend – demotivierend,B2,Linie B2 Beruf,Kapitel 3 – Arbeit im Team,phrase,Motivating – Demotivating,Anspornend – entmutigend.,Ein Lob vom Chef ist sehr motivierend.,,,,,,,,,,,,,,beruf|Remaining Section from Chapter 3,2506
B2-0253,provozierend – ausgleichend,,,provozierend – ausgleichend,B2,Linie B2 Beruf,Kapitel 3 – Arbeit im Team,phrase,Provocative – Balancing/Mediating,Streit suchend – Harmonie suchend.,"Seine Worte wirkten provozierend, aber sie reagierte ausgleichend.",,,,,,,,,,,,,,beruf|Remaining Section from Chapter 3,2507
B2-0254,pessimistisch – optimistisch,,,pessimistisch – optimistisch,B2,Linie B2 Beruf,Kapitel 3 – Arbeit im Team,phrase,Pessimistic – Optimistic,Negativ denkend – positiv denkend.,"Sei nicht so pessimistisch, alles wird gut!",,,,,,,,,,,,,,beruf|Remaining Section from Chapter 3,2508
B2-0255,einen Einblick bekommen,,,einen einblick bekommen,B2,Linie B2 Beruf,Kapitel 3 – Arbeit im Team,phrase,To get an insight (into),Etwas Neues kennenlernen.,Im Praktikum konnte ich einen Einblick in die Chirurgie bekommen.,,,,,Verben mit Präposition,in,Akkusativ,,,,,,,beruf|Remaining Section from Chapter 3,2509
B2-0256,jdn. freistellen,,,jdn. freistellen,B2,Linie B2 Beruf,Kapitel 3 – Arbeit im Team,v,To release/exempt someone,"Jemandem erlauben, für einen Zweck nicht zu arbeiten.",Die Firma stellt ihn für seine Fortbildung frei.,,,,,Verben mit Präposition,für,Akkusativ,,,,,,,beruf|Remaining Section from Chapter 3,2510
B2-0257,Pauschalreise,die,-n,pauschalreise,B2,Linie B2 Beruf,Kapitel 4 – Tourismus,n,Package tour,"Eine Reise, bei der Flug und Hotel zusammen gebucht werden.",Wir haben eine Pauschalreise nach Spanien gebucht.,,,,,,,,,,,,,,beruf|Kundenwünsche,2511
B2-0258,Vollpension,die,,vollpension,B2,Linie B2 Beruf,Kapitel 4 – Tourismus,n,Full board,"Urlaub inklusive Frühstück, Mittag- und Abendessen.","Im Hotel haben wir Vollpension, wir müssen uns um nichts kümmern.",,,,,,,,,,,,,,beruf|Kundenwünsche|nur Singular,2512
B2-0259,alles inklusive,,,alles inklusive,B2,Linie B2 Beruf,Kapitel 4 – Tourismus,phrase,All inclusive,Alles (auch Getränke) ist im Preis enthalten.,In diesem Resort ist alles inklusive.,,,,,,,,,,,,,,beruf|Kundenwünsche,2513
B2-0260,Hotelanlage,die,-n,hotelanlage,B2,Linie B2 Beruf,Kapitel 4 – Tourismus,n,Hotel complex / grounds,Das gesamte Gelände eines Hotels.,Die Hotelanlage hat drei große Pools.,,,,,,,,,,,,,,beruf|Kundenwünsche,2514
B2-0261,Reisegruppe,die,-n,reisegruppe,B2,Linie B2 Beruf,Kapitel 4 – Tourismus,n,Travel group,"Eine Gruppe von Menschen, die zusammen verreisen.",Die Reisegruppe trifft sich um 8 Uhr am Bus.,,,,,,,,,,,,,,beruf|Kundenwünsche,2515
B2-0262,Angebot,das,-e,angebot,B2,Linie B2 Beruf,Kapitel 4 – Tourismus,n,Offer / Deal,"Eine Möglichkeit, etwas zu einem Preis zu kaufen.",Das Reisebüro hat ein tolles Angebot für Italien.,,,,,,,,,,,,,,beruf|Reiseangebote,2516
B2-0263,sich erholen,,,sich erholen,B2,Linie B2 Beruf,Kapitel 4 – Tourismus,v,To recover / relax,Sich ausruhen und neue Kraft tanken.,Im Urlaub möchte ich mich einfach nur erholen.,,,,,,,,erholt,erholte,hat erholt,haben,,,beruf|Reiseangebote,2517
B2-0264,Frühbucherrabatt,der,-e,fruhbucherrabatt,B2,Linie B2 Beruf,Kapitel 4 – Tourismus,n,Early bird discount,"Ein billigerer Preis, wenn man sehr früh bucht.","Wenn man im Januar bucht, bekommt man einen Frühbucherrabatt.",,,,,,,,,,,,,,beruf|Reiseangebote,2518
B2-0265,sich entscheiden,,,sich entscheiden,B2,Linie B2 Beruf,Kapitel 4 – Tourismus,v,To decide,Eine Wahl zwischen Möglichkeiten treffen.,Wir können uns nicht zwischen Strand und Bergen entscheiden.,,,,,,,,entscheidet,entschied,hat entschieden,haben,,,beruf|Reiseangebote,2519
B2-0266,Halbpension,die,,halbpension,B2,Linie B2 Beruf,Kapitel 4 – Tourismus,n,Half board,Urlaub mit Frühstück und einer warmen Mahlzeit.,"Wir haben Halbpension gebucht, damit wir abends flexibel sind.",,,,,,,,,,,,,,beruf|Reiseangebote|nur Singular,2520
B2-0267,Erlebnis,das,-se,erlebnis,B2,Linie B2 Beruf,Kapitel 4 – Tourismus,n,Experience,"Etwas Besonderes, das man erlebt hat.",Die Safari war ein unvergessliches Erlebnis.,,,,,,,,,,,,,,beruf|Reiseangebote,2521
B2-0268,sensationell,,,sensationell,B2,Linie B2 Beruf,Kapitel 4 – Tourismus,adj,Sensational,Außergewöhnlich gut.,Die Aussicht vom Berg war einfach sensationell.,,,,,,,,,,,,sensationeller,am sensationellsten,beruf|Reiseangebote,2522
B2-0269,Haken,der,,haken,B2,Linie B2 Beruf,Kapitel 4 – Tourismus,n,Catch / Snag,Ein verstecktes Problem.,"Das Angebot klingt zu gut, da gibt es bestimmt einen Haken.",,,,,,,,,,,,,,beruf|Reiseangebote,2523
B2-0270,Gebühr,die,-en,gebuhr,B2,Linie B2 Beruf,Kapitel 4 – Tourismus,n,Fee,"Geld, das man für eine Dienstleistung zahlt.",Für die Umbuchung fällt eine kleine Gebühr an.,Beitrag,,,,,,,,,,,,,beruf|Reiseangebote,2524
B2-0271,versteckte Gebühren,,,versteckte gebuhren,B2,Linie B2 Beruf,Kapitel 4 – Tourismus,phrase,Hidden fees,"Kosten, die man erst später bemerkt.",Achten Sie auf versteckte Gebühren bei Billigflügen.,,,,,,,,,,,,,,beruf|Reiseangebote,2525
B2-0272,Anzahlung,die,-en,anzahlung,B2,Linie B2 Beruf,Kapitel 4 – Tourismus,n,Down payment / Deposit,"Ein Teil des Preises, den man sofort zahlt.",Wir müssen eine Anzahlung von 20 % leisten.,,,,,,,,,,,,,,beruf|Reiseangebote,2526
B2-0273,Ich wäre Ihnen dankbar...,,,ich ware ihnen dankbar...,B2,Linie B2 Beruf,Kapitel 4 – Tourismus,phrase,I would be grateful to you...,Eine höfliche Bitte.,"Ich wäre Ihnen dankbar, wenn Sie mir bald antworten könnten.",,,,,,,,,,,,,,beruf|Reiseangebote,2527
B2-0274,erreichbar,,,erreichbar,B2,Linie B2 Beruf,Kapitel 4 – Tourismus,adj,Reachable / Accessible,"Jemand, den man anrufen oder finden kann.",Das Hotel ist gut mit dem Bus erreichbar.,,,,,,,,,,,,erreichbarer,am erreichbarsten,beruf|Reiseangebote,2528
B2-0275,Reiserücktrittsversicherung,die,,reiserucktrittsversicherung,B2,Linie B2 Beruf,Kapitel 4 – Tourismus,n,Travel cancellation insurance,"Eine Versicherung, falls man die Reise nicht antreten kann.",Eine Reiserücktrittsversicherung ist bei teuren Reisen sinnvoll.,,,,,,,,,,,,,,beruf|Verträge sind wichtig,2529
B2-0276,eine Versicherung abschließen,,,eine versicherung abschliessen,B2,Linie B2 Beruf,Kapitel 4 – Tourismus,phrase,To take out insurance,Einen Versicherungsvertrag unterschreiben.,Sie sollten für den Urlaub eine Versicherung abschließen.,,,,,,,,,,,,,,beruf|Verträge sind wichtig,2530
B2-0277,Kosten,die,,kosten,B2,Linie B2 Beruf,Kapitel 4 – Tourismus,n,Costs,"Das Geld, das man bezahlen muss.",Wer übernimmt die Kosten für den Flug?,,,,,,,,,,,,,,beruf|Verträge sind wichtig,2531
B2-0278,für die Kosten aufkommen,,,fur die kosten aufkommen,B2,Linie B2 Beruf,Kapitel 4 – Tourismus,phrase,To cover/pay the costs,Die Rechnung bezahlen.,Die Versicherung wird für die Kosten aufkommen.,,,,,,,,,,,,,,beruf|Verträge sind wichtig,2532
B2-0279,Allgemeinen Geschäftsbedingungen,die,,allgemeinen geschaftsbedingungen,B2,Linie B2 Beruf,Kapitel 4 – Tourismus,n,General Terms and Conditions,Die Regeln eines Vertrags (das Kleingedruckte).,Bitte lesen Sie unsere AGBs aufmerksam durch.,,,,,,,,,,,,,,beruf|Verträge sind wichtig,2533
B2-0280,stornieren,,,stornieren,B2,Linie B2 Beruf,Kapitel 4 – Tourismus,v,To cancel (a trip),Eine Buchung rückgängig machen.,Er musste den Flug wegen Krankheit stornieren.,,,,,,,,storniert,stornierte,hat storniert,haben,,,beruf|Verträge sind wichtig,2534
B2-0281,buchen,,,buchen,B2,Linie B2 Beruf,Kapitel 4 – Tourismus,v,To book,Eine Reservierung fest machen.,Wir haben gestern unser Hotel gebucht.,,,,,,,,bucht,buchte,hat gebucht,haben,,,beruf|Verträge sind wichtig,2535
B2-0282,im Krankheitsfall,,,im krankheitsfall,B2,Linie B2 Beruf,Kapitel 4 – Tourismus,phrase,In case of illness,Wenn man krank wird.,Im Krankheitsfall bekommen Sie Ihr Geld zurück.,,,,,,,,,,,,,,beruf|Verträge sind wichtig,2536
B2-0283,aufwachsen,,,aufwachsen,B2,Linie B2 Beruf,Kapitel 4 – Tourismus,v,To grow up (in),Seine Kindheit an einem Ort verbringen.,Er ist in einem kleinen Dorf in den Alpen aufgewachsen.,,,,,Verben mit Präposition,in,Dativ,wächst auf,wuchs auf,ist aufgewachsen,sein,,,"beruf|Arbeiten, wenn andere Urlaub machen",2537
B2-0284,Master,der,,master,B2,Linie B2 Beruf,Kapitel 4 – Tourismus,n,Master's degree,Ein hoher akademischer Abschluss.,Sie macht gerade ihren Master in Tourismusmanagement.,,,,,,,,,,,,,,"beruf|Arbeiten, wenn andere Urlaub machen",2538
B2-0285,sich spezialisieren,,,sich spezialisieren,B2,Linie B2 Beruf,Kapitel 4 – Tourismus,v,To specialize (in),Experte für ein bestimmtes Thema werden.,Die Agentur hat sich auf Ökotourismus spezialisiert.,,,,,Verben mit Präposition,auf,Akkusativ,spezialisiert,spezialisierte,hat spezialisiert,haben,,,"beruf|Arbeiten, wenn andere Urlaub machen",2539
B2-0286,betreuen,,,betreuen,B2,Linie B2 Beruf,Kapitel 4 – Tourismus,v,To look after / supervise,Sich um Gäste oder Kunden kümmern.,Die Reiseleiterin betreut die Gruppe während der ganzen Woche.,,,,,,,,betreut,betreute,hat betreut,haben,,,"beruf|Arbeiten, wenn andere Urlaub machen",2540
B2-0287,unterwegs sein,,,unterwegs sein,B2,Linie B2 Beruf,Kapitel 4 – Tourismus,phrase,To be on the road / traveling,"Nicht zu Hause sein, sondern reisen.",Er ist beruflich viel unterwegs.,,,,,,,,,,,,,,"beruf|Arbeiten, wenn andere Urlaub machen",2541
B2-0288,zur Verfügung stehen,,,zur verfugung stehen,B2,Linie B2 Beruf,Kapitel 4 – Tourismus,phrase,To be available,"Bereit sein, zu helfen oder genutzt zu werden.",Unser Team steht Ihnen jederzeit zur Verfügung.,,,,,,,,,,,,,,"beruf|Arbeiten, wenn andere Urlaub machen",2542
B2-0289,anspruchsvoll,,,anspruchsvoll,B2,Linie B2 Beruf,Kapitel 4 – Tourismus,adj,Demanding / Fastidious,Wenn man hohe Erwartungen hat.,Manche Touristen sind sehr anspruchsvoll.,,,,,,,,,,,,anspruchsvoller,am anspruchsvollsten,"beruf|Arbeiten, wenn andere Urlaub machen",2543
B2-0290,feste Einkommen,das,,feste einkommen,B2,Linie B2 Beruf,Kapitel 4 – Tourismus,n,Fixed income / steady salary,"Ein Gehalt, das man sicher jeden Monat bekommt.",Als Selbstständiger hat man oft kein festes Einkommen.,,,,,,,,,,,,,,"beruf|Arbeiten, wenn andere Urlaub machen",2544
B2-0291,Geschäftsleitung,die,-en,geschaftsleitung,B2,Linie B2 Beruf,Kapitel 4 – Tourismus,n,Management / Leadership,Die Chefs einer Firma.,Die Geschäftsleitung hat neue Regeln beschlossen.,Geschäftsführung,,,,,,,,,,,,,"beruf|Arbeiten, wenn andere Urlaub machen",2545
B2-0292,reibungslos,,,reibungslos,B2,Linie B2 Beruf,Kapitel 4 – Tourismus,adj,Smooth / Without a hitch,Ohne Probleme oder Störungen.,Der Umzug hat reibungslos funktioniert.,,,,,,,,,,,,reibungsloser,am reibungslosesten,"beruf|Arbeiten, wenn andere Urlaub machen",2546
B2-0293,Check-in/out,das,,check-in/out,B2,Linie B2 Beruf,Kapitel 4 – Tourismus,n,Check-in/out,An- und Abmeldung im Hotel.,Das Check-out muss bis 11 Uhr erfolgen.,,,,,,,,,,,,,,"beruf|Arbeiten, wenn andere Urlaub machen",2547
B2-0294,Koordination,die,,koordination,B2,Linie B2 Beruf,Kapitel 4 – Tourismus,n,Coordination,Die Organisation von verschiedenen Abläufen.,Die Koordination der Termine ist ihre Aufgabe.,,,,,,,,,,,,,,"beruf|Arbeiten, wenn andere Urlaub machen|nur Singular",2548
B2-0295,abwechslungsreich,,,abwechslungsreich,B2,Linie B2 Beruf,Kapitel 4 – Tourismus,adj,Varied / Diverse,"Nicht langweilig, immer etwas Neues.",Mein Job als Reiseleiter ist sehr abwechslungsreich.,vielfältig,,,,,,,,,,,abwechslungsreicher,am abwechslungsreichsten,"beruf|Arbeiten, wenn andere Urlaub machen",2549
B2-0296,begeistert,,,begeistert,B2,Linie B2 Beruf,Kapitel 4 – Tourismus,adj,Enthusiastic / Thrilled,Mit großer Freude über etwas.,Die Urlauber waren begeistert vom Ausflug.,,,,,,,,,,,,begeisterter,am begeistertesten,"beruf|Arbeiten, wenn andere Urlaub machen",2550
B2-0297,Begeisterung,die,,begeisterung,B2,Linie B2 Beruf,Kapitel 4 – Tourismus,n,Enthusiasm,Ein Gefühl von großer Freude und Interesse.,Er erzählte mit großer Begeisterung von seiner Reise.,,,,,,,,,,,,,,"beruf|Arbeiten, wenn andere Urlaub machen|nur Singular",2551
B2-0298,Grundgehalt,das,¨er,grundgehalt,B2,Linie B2 Beruf,Kapitel 4 – Tourismus,n,Basic salary,Der Lohn ohne Überstunden oder Boni.,Mein Grundgehalt ist nicht sehr hoch.,,,,,,,,,,,,,,"beruf|Arbeiten, wenn andere Urlaub machen",2552
B2-0299,Aufstiegsmöglichkeit,die,-en,aufstiegsmoglichkeit,B2,Linie B2 Beruf,Kapitel 4 – Tourismus,n,Opportunity for promotion,"Die Chance, in der Firma Karriere zu machen.",In diesem Konzern gibt es gute Aufstiegsmöglichkeiten.,,,,,,,,,,,,,,"beruf|Arbeiten, wenn andere Urlaub machen",2553
B2-0300,Kreativität,die,,kreativitat,B2,Linie B2 Beruf,Kapitel 4 – Tourismus,n,Creativity,"Die Fähigkeit, neue Ideen zu haben.",In der Werbung braucht man viel Kreativität.,,,,,,,,,,,,,,"beruf|Arbeiten, wenn andere Urlaub machen|nur Singular",2554
B2-0301,Anerkennung,die,,anerkennung,B2,Linie B2 Beruf,Kapitel 4 – Tourismus,n,Recognition / Appreciation,Lob und Respekt für eine Leistung.,Jeder Mitarbeiter braucht ein bisschen Anerkennung.,,,,,,,,,,,,,,"beruf|Arbeiten, wenn andere Urlaub machen|nur Singular",2555
B2-0302,todmüde,,,todmude,B2,Linie B2 Beruf,Kapitel 4 – Tourismus,adj,Dead tired,Extrem müde.,Nach der langen Wanderung war ich todmüde.,,,,,,,,,,,,todmüder,am todmüdesten,"beruf|Arbeiten, wenn andere Urlaub machen",2556
B2-0303,Bezahlung,die,,bezahlung,B2,Linie B2 Beruf,Kapitel 4 – Tourismus,n,Payment / Salary,"Das Geld, das man für Arbeit bekommt.",Die Bezahlung in der Tourismusbranche ist oft niedrig.,Vergütung|Jahreseinkommen,,,,,,,,,,,,,"beruf|Arbeiten, wenn andere Urlaub machen|nur Singular",2557
B2-0304,Anforderung,die,-en,anforderung,B2,Linie B2 Beruf,Kapitel 4 – Tourismus,n,Requirement / Demand,Was man für einen Job können muss.,Die Anforderungen für diese Stelle sind sehr hoch.,Vorgabe|Bedürfnis|Nachfrage|Bedarf|Forderung,,,,,,,,,,,,,beruf|Faris will beruflich weiterkommen,2558
B2-0305,Team- und Kommunikationsfähigkeit,die,,team- und kommunikationsfahigkeit,B2,Linie B2 Beruf,Kapitel 4 – Tourismus,n,Teamwork and communication skills,Gut mit anderen reden und arbeiten können.,In der modernen Arbeitswelt ist Teamfähigkeit ein Muss.,,,,,,,,,,,,,,beruf|Faris will beruflich weiterkommen,2559
B2-0306,Bewerbungsunterlagen,die,,bewerbungsunterlagen,B2,Linie B2 Beruf,Kapitel 4 – Tourismus,n,Application documents,"Lebenslauf, Zeugnisse und Anschreiben.",Bitte schicken Sie Ihre Bewerbungsunterlagen per E-Mail.,,,,,,,,,,,,,,beruf|Faris will beruflich weiterkommen,2560
B2-0307,vollständig,,,vollstandig,B2,Linie B2 Beruf,Kapitel 4 – Tourismus,adj,Complete,Wenn nichts fehlt.,Ihre Unterlagen sind leider nicht vollständig.,,,,,,,,,,,,vollständiger,am vollständigsten,beruf|Faris will beruflich weiterkommen,2561
B2-0308,Berufsbild,das,-er,berufsbild,B2,Linie B2 Beruf,Kapitel 4 – Tourismus,n,Job profile,Die Beschreibung eines Berufs.,Das Berufsbild des Lehrers hat sich stark verändert.,,,,,,,,,,,,,,beruf|Berufsbild Reiseleiter/in – eine Satire,2562
B2-0309,Satire,die,-n,satire,B2,Linie B2 Beruf,Kapitel 4 – Tourismus,n,Satire,"Ein Text, der Dinge durch Humor kritisiert.",Der Artikel über das Büro ist eine lustige Satire.,,,,,,,,,,,,,,beruf|Berufsbild Reiseleiter/in – eine Satire,2563
B2-0310,Umbuchung,die,-en,umbuchung,B2,Linie B2 Beruf,Kapitel 4 – Tourismus,n,Rebooking / Change of reservation,Wenn man einen Termin oder Flug ändert.,Die Umbuchung des Hotels hat gut geklappt.,,,,,,,,,,,,,,beruf|Berufsbild Reiseleiter/in – eine Satire,2564
B2-0311,selbstverständlich,,,selbstverstandlich,B2,Linie B2 Beruf,Kapitel 4 – Tourismus,adj,Of course / Self-evident,Ganz natürlich; ohne Zweifel.,"Es ist selbstverständlich, dass wir Ihnen helfen.",,,,,,,,,,,,selbstverständlicher,am selbstverständlichsten,beruf|Berufsbild Reiseleiter/in – eine Satire,2565
B2-0312,hoffnungslos,,,hoffnungslos,B2,Linie B2 Beruf,Kapitel 4 – Tourismus,adj,Hopeless,Ohne Aussicht auf Besserung.,Die Situation am Flughafen war hoffnungslos chaotisch.,,,,,,,,,,,,hoffnungsloser,am hoffnungslosesten,beruf|Berufsbild Reiseleiter/in – eine Satire,2566
B2-0313,überbucht,,,uberbucht,B2,Linie B2 Beruf,Kapitel 4 – Tourismus,adj,Overbooked,"Wenn mehr Plätze verkauft wurden, als vorhanden sind.","Das Hotel war leider überbucht, wir mussten umziehen.",,,,,,,,,,,,überbuchter,am überbuchtesten,beruf|Berufsbild Reiseleiter/in – eine Satire,2567
B2-0314,zaubern,,,zaubern,B2,Linie B2 Beruf,Kapitel 4 – Tourismus,v,To do magic,Etwas Unmögliches möglich machen.,"Die Reiseleiterin musste fast zaubern, um noch Zimmer zu finden.",,,,,,,,zaubert,zauberte,hat gezaubert,haben,,,beruf|Berufsbild Reiseleiter/in – eine Satire,2568
B2-0315,in der Lage sein,,,in der lage sein,B2,Linie B2 Beruf,Kapitel 4 – Tourismus,phrase,To be able to,"Die Fähigkeit haben, etwas zu tun.","Sind Sie in der Lage, die Gruppe allein zu führen?",,,,,,,,,,,,,,beruf|Berufsbild Reiseleiter/in – eine Satire,2569
B2-0316,Rückkehr,die,,ruckkehr,B2,Linie B2 Beruf,Kapitel 4 – Tourismus,n,Return,Das Zurückkommen nach Hause.,Nach unserer Rückkehr aus dem Urlaub müssen wir viel arbeiten.,,,,,,,,,,,,,,beruf|Berufsbild Reiseleiter/in – eine Satire|nur Singular,2570
B2-0317,Presse,die,,presse,B2,Linie B2 Beruf,Kapitel 4 – Tourismus,n,The press / Media,"Zeitungen, Fernsehen und Radio.",Die Presse berichtet kritisch über die Reiseagentur.,,,,,,,,,,,,,,beruf|Berufsbild Reiseleiter/in – eine Satire|nur Singular,2571
B2-0318,psychisch,,,psychisch,B2,Linie B2 Beruf,Kapitel 4 – Tourismus,adj,Psychological / Mental,Den Geist oder die Seele betreffend.,Stress kann zu psychischen Problemen führen.,,,,,,,,,,,,,,beruf|Remaining Section from Chapter 4,2572
B2-0319,therapeutisch,,,therapeutisch,B2,Linie B2 Beruf,Kapitel 4 – Tourismus,adj,Therapeutic,Heilend; eine Therapie betreffend.,Malen kann eine therapeutische Wirkung haben.,,,,,,,,,,,,therapeutischer,am therapeutischesten,beruf|Remaining Section from Chapter 4,2573
B2-0320,alles im Griff haben,,,alles im griff haben,B2,Linie B2 Beruf,Kapitel 4 – Tourismus,phrase,To have everything under control,Eine Situation voll unter Kontrolle haben.,"Keine Sorge, ich habe alles im Griff.",,,,,,,,,,,,,,beruf|Remaining Section from Chapter 4,2574
B2-0321,Sinn des Lebens,der,,sinn des lebens,B2,Linie B2 Beruf,Kapitel 4 – Tourismus,n,The meaning of life,Das Ziel oder der Zweck der Existenz.,Viele Menschen suchen nach dem Sinn des Lebens.,,,,,,,,,,,,,,beruf|Remaining Section from Chapter 4,2575
B2-0322,dienen,,,dienen,B2,Linie B2 Beruf,Kapitel 4 – Tourismus,v,To serve,Jemandem nützlich sein oder helfen.,Das neue Gesetz soll der Sicherheit dienen.,,,,,,,,dient,diente,hat gedient,haben,,,beruf|Remaining Section from Chapter 4,2576
B2-0323,gut umgehen können,,,gut umgehen konnen,B2,Linie B2 Beruf,Kapitel 4 – Tourismus,phrase,To be able to handle well,Geschickt mit Dingen oder Menschen sein.,Er kann sehr gut mit Kindern umgehen.,,,,,Verben mit Präposition,mit,Dativ,,,,,,,beruf|Remaining Section from Chapter 4,2577
B2-0324,Präsentation,die,-en,prasentation,B2,Linie B2 Beruf,Kapitel 4 – Tourismus,n,Presentation,Das Vorstellen eines Themas vor Publikum.,Deine Präsentation war sehr informativ.,,,,,,,,,,,,,,beruf|Remaining Section from Chapter 4,2578
B2-0325,Vortrag,der,¨e,vortrag,B2,Linie B2 Beruf,Kapitel 4 – Tourismus,n,Lecture / Speech,Eine Rede über ein bestimmtes Thema.,Der Professor hielt einen spannenden Vortrag.,,,,,,,,,,,,,,beruf|Remaining Section from Chapter 4,2579
B2-0326,sicherlich,,,sicherlich,B2,Linie B2 Beruf,Kapitel 4 – Tourismus,adj,Certainly / Surely,Ganz bestimmt.,Das war sicherlich nur ein Missverständnis.,,,,,,,,,,,,sicherlicher,am sicherlichsten,beruf|Remaining Section from Chapter 4,2580
B2-0327,abschließend,,,abschliessend,B2,Linie B2 Beruf,Kapitel 4 – Tourismus,adj,In conclusion / Final,Zum Schluss.,Abschließend möchte ich mich bei allen bedanken.,,,,,,,,,,,,abschließender,am abschließendesten,beruf|Remaining Section from Chapter 4,2581
B2-0328,Aufmerksamkeit,die,,aufmerksamkeit,B2,Linie B2 Beruf,Kapitel 4 – Tourismus,n,Attention,Konzentration auf eine Sache.,Bitte schenken Sie mir kurz Ihre Aufmerksamkeit.,,,,,,,,,,,,,,beruf|Remaining Section from Chapter 4,2582
B2-0329,sich lohnen,,,sich lohnen,B2,Linie B2 Beruf,Kapitel 4 – Tourismus,v,To be worth it,Wenn der Nutzen größer ist als der Aufwand.,Die harte Arbeit hat sich gelohnt.,,,,,,,,lohnt,lohnte,hat gelohnt,haben,,,beruf|Remaining Section from Chapter 4,2583
B2-0330,verzweifelt,,,verzweifelt,B2,Linie B2 Beruf,Kapitel 4 – Tourismus,adj,Desperate,Ohne Hoffnung; sehr unglücklich.,"Er war verzweifelt, weil er seinen Schlüssel verloren hatte.",,,,,,,,,,,,verzweifelter,am verzweifeltesten,beruf|Remaining Section from Chapter 4,2584
B2-0331,Verspätung,die,-en,verspatung,B2,Linie B2 Beruf,Kapitel 4 – Tourismus,n,Delay,Wenn etwas später als geplant passiert.,Der Zug hat heute 20 Minuten Verspätung.,,,,,,,,,,,,,,beruf|Remaining Section from Chapter 4,2585
B2-0332,Anschlusszug,der,¨e,anschlusszug,B2,Linie B2 Beruf,Kapitel 4 – Tourismus,n,Connecting train,"Ein Zug, in den man nach dem Umsteigen einsteigt.",Ich habe meinen Anschlusszug leider verpasst.,,,,,,,,,,,,,,beruf|Remaining Section from Chapter 4,2586
B2-0333,Kündigungsfrist,die,-en,kundigungsfrist,B2,Linie B2 Beruf,Kapitel 4 – Tourismus,n,Notice period,Die Zeit zwischen Kündigung und Arbeitsende.,Meine Kündigungsfrist beträgt drei Monate.,Frist,,,,,,,,,,,,,beruf|Remaining Section from Chapter 4,2587
B2-0334,Arbeitsbedingungen,die,,arbeitsbedingungen,B2,Linie B2 Beruf,Kapitel 4 – Tourismus,n,Working conditions,"Die Umstände, unter denen man arbeitet.",In dieser Firma sind die Arbeitsbedingungen sehr gut.,,,,,,,,,,,,,,beruf|Remaining Section from Chapter 4,2588
B2-0335,Gewerkschaft,die,-en,gewerkschaft,B2,Linie B2 Beruf,Kapitel 4 – Tourismus,n,Trade union,"Eine Organisation, die Arbeitnehmerrechte vertritt.",Die Gewerkschaft fordert höhere Löhne.,,,,,,,,,,,,,,beruf|Remaining Section from Chapter 4,2589
B2-0336,beitreten,,,beitreten,B2,Linie B2 Beruf,Kapitel 4 – Tourismus,v,To join,Mitglied in einer Gruppe oder Organisation werden.,Er ist gestern der Gewerkschaft beigetreten.,,,,,,,,beitretet,beitretete,hat beitretet,haben,,,beruf|Remaining Section from Chapter 4,2590
B2-0337,jmd. beraten,,,jmd. beraten,B2,Linie B2 Beruf,Kapitel 4 – Tourismus,v,To advise someone,Jemandem Tipps oder Hilfe geben.,Der Experte berät uns beim Hauskauf.,,,,,,,,,,,,,,beruf|Remaining Section from Chapter 4,2591
B2-0338,verlegen,,,verlegen,B2,Linie B2 Beruf,Kapitel 5 – Aktiv im Handwerk,v,To lay (floors/cables),Fliesen oder Kabel auf dem Boden platzieren.,Der Handwerker muss neues Laminat verlegen.,,,,,,,,verlegt,verlegte,hat verlegt,haben,,,beruf|Handwerkliche Berufe,2592
B2-0339,nähen,,,nahen,B2,Linie B2 Beruf,Kapitel 5 – Aktiv im Handwerk,v,To sew,Kleidung mit Nadel und Faden herstellen.,Meine Oma kann sehr gut nähen.,,,,,,,,näht,nähte,hat genäht,haben,,,beruf|Handwerkliche Berufe,2593
B2-0340,Dichtung,die,-en,dichtung,B2,Linie B2 Beruf,Kapitel 5 – Aktiv im Handwerk,n,Seal / Gasket,"Ein Teil, das verhindert, dass Wasser austritt.","Der Wasserhahn tropft, die Dichtung ist kaputt.",,,,,,,,,,,,,,beruf|Handwerkliche Berufe,2594
B2-0341,auswechseln,,,auswechseln,B2,Linie B2 Beruf,Kapitel 5 – Aktiv im Handwerk,v,To replace / swap,Ein altes Teil durch ein neues ersetzen.,Wir müssen die Glühbirne auswechseln.,erneuern,,,,,,,auswechselt,auswechselte,hat geauswechselt,haben,,,beruf|Handwerkliche Berufe,2595
B2-0342,anbringen,,,anbringen,B2,Linie B2 Beruf,Kapitel 5 – Aktiv im Handwerk,v,To install / attach,Etwas an der Wand befestigen.,Kannst du bitte die neue Steckdose anbringen?,installieren|montieren,,,,,,,bringt an,brachte an,hat angebracht,haben,,,beruf|Handwerkliche Berufe,2596
B2-0343,tapezieren,,,tapezieren,B2,Linie B2 Beruf,Kapitel 5 – Aktiv im Handwerk,v,To wallpaper,Neue Tapeten an die Wand kleben.,Am Wochenende wollen wir das Wohnzimmer tapezieren.,,,,,,,,tapeziert,tapezierte,hat tapeziert,haben,,,beruf|Handwerkliche Berufe,2597
B2-0344,Schraubenzieher,der,,schraubenzieher,B2,Linie B2 Beruf,Kapitel 5 – Aktiv im Handwerk,n,Screwdriver,Werkzeug zum Drehen von Schrauben.,Hast du einen passenden Schraubenzieher?,,,,,,,,,,,,,,beruf|Handwerkliche Berufe,2598
B2-0345,zusammen-schweißen,,,zusammen-schweissen,B2,Linie B2 Beruf,Kapitel 5 – Aktiv im Handwerk,v,To weld together,Metallteile durch Hitze verbinden.,Der Schlosser muss die zwei Metallstücke zusammenschweißen.,,,,,,,,zusammen-schweißt,zusammen-schweißte,hat gezusammen-schweißt,haben,,,beruf|Handwerkliche Berufe,2599
B2-0346,das Dach decken,,,das dach decken,B2,Linie B2 Beruf,Kapitel 5 – Aktiv im Handwerk,phrase,To roof a house,Ziegel auf das Haus legen.,Die Dachdecker werden heute das Dach decken.,,,,,,,,,,,,,,beruf|Handwerkliche Berufe,2600
B2-0347,Waschbecken montieren,,,waschbecken montieren,B2,Linie B2 Beruf,Kapitel 5 – Aktiv im Handwerk,v,To install a sink,Ein Waschbecken im Bad festmachen.,Wir müssen noch das neue Waschbecken montieren.,,,,,,,,,,,,,,beruf|Handwerkliche Berufe,2601
B2-0348,Nadel,die,-n,nadel,B2,Linie B2 Beruf,Kapitel 5 – Aktiv im Handwerk,n,Needle,Ein spitzer Gegenstand zum Nähen.,"Pass auf, die Nadel ist sehr spitz!",,,,,,,,,,,,,,beruf|Handwerkliche Berufe,2602
B2-0349,Faden,der,¨,faden,B2,Linie B2 Beruf,Kapitel 5 – Aktiv im Handwerk,n,Thread,Ein dünnes Seil zum Nähen.,Ich brauche einen schwarzen Faden für meine Hose.,,,,,,,,,,,,,,beruf|Handwerkliche Berufe,2603
B2-0350,Stoff,der,-e,stoff,B2,Linie B2 Beruf,Kapitel 5 – Aktiv im Handwerk,n,Fabric / Material,Material aus dem Kleidung gemacht wird.,Dieser Stoff fühlt sich sehr weich an.,Material,,,,,,,,,,,,,beruf|Handwerkliche Berufe,2604
B2-0351,Maßband,das,¨er,massband,B2,Linie B2 Beruf,Kapitel 5 – Aktiv im Handwerk,n,Measuring tape,Ein Band zum Messen von Längen.,"Benutze das Maßband, um die Wand zu messen.",,,,,,,,,,,,,,beruf|Handwerkliche Berufe,2605
B2-0352,defekt,,,defekt,B2,Linie B2 Beruf,Kapitel 5 – Aktiv im Handwerk,adj,Defective / Broken,Kaputt; funktioniert nicht mehr.,Mein Computer ist leider defekt.,,,,,,,,,,,,defekter,am defektesten,beruf|Handwerkliche Berufe,2606
B2-0353,Abflussrohr,das,-e,abflussrohr,B2,Linie B2 Beruf,Kapitel 5 – Aktiv im Handwerk,n,Drainpipe,"Ein Rohr, durch das Schmutzwasser fließt.",Das Abflussrohr in der Küche ist verstopft.,,,,,,,,,,,,,,beruf|Handwerkliche Berufe,2607
B2-0354,Baumarkt,der,¨e,baumarkt,B2,Linie B2 Beruf,Kapitel 5 – Aktiv im Handwerk,n,DIY store / Hardware store,Ein Laden für Werkzeug und Baumaterial.,"Ich fahre in den Baumarkt, um Farbe zu kaufen.",,,,,,,,,,,,,,beruf|Im Baumarkt,2608
B2-0355,Umgang,der,,umgang,B2,Linie B2 Beruf,Kapitel 5 – Aktiv im Handwerk,n,Handling / Dealing with,"Die Art, wie man etwas benutzt oder behandelt.",Der Umgang mit der Säge erfordert Vorsicht.,,,,,Nomen mit Präposition,mit,Dativ,,,,,,,beruf|Im Baumarkt,2609
B2-0356,speziell,,,speziell,B2,Linie B2 Beruf,Kapitel 5 – Aktiv im Handwerk,adj,Special / Specific (for),Nur für einen bestimmten Zweck.,Dieses Werkzeug ist speziell für Profis gedacht.,,,,,Adjektive mit Präposition,für,Akkusativ,,,,,spezieller,am speziellsten,beruf|Im Baumarkt,2610
B2-0357,Konzept,das,-e,konzept,B2,Linie B2 Beruf,Kapitel 5 – Aktiv im Handwerk,n,Concept / Plan,Ein detaillierter Plan für ein Projekt.,Wir brauchen ein neues Konzept für unseren Garten.,,,,,,,,,,,,,,beruf|Im Baumarkt,2611
B2-0358,für sich sprechen,,,fur sich sprechen,B2,Linie B2 Beruf,Kapitel 5 – Aktiv im Handwerk,phrase,To speak for itself,"Wenn etwas so klar ist, dass man nichts sagen muss.",Die Qualität der Arbeit spricht für sich.,,,,,,,,,,,,,,beruf|Im Baumarkt,2612
B2-0359,sich fest etablieren,,,sich fest etablieren,B2,Linie B2 Beruf,Kapitel 5 – Aktiv im Handwerk,v,To become firmly established,Einen festen Platz in einem Bereich bekommen.,Der Laden hat sich in der Stadt fest etabliert.,,,,,,,,,,,,,,beruf|Im Baumarkt,2613
B2-0360,sich eintragen,,,sich eintragen,B2,Linie B2 Beruf,Kapitel 5 – Aktiv im Handwerk,v,To sign up / register,Seinen Namen auf eine Liste schreiben.,Du musst dich für den Kurs eintragen.,,,,,Verben mit Präposition,für,Akkusativ,trägt ein,trug ein,hat eingetragen,haben,,,beruf|Im Baumarkt,2614
B2-0361,etwas zur Verfügung stellen,,,etwas zur verfugung stellen,B2,Linie B2 Beruf,Kapitel 5 – Aktiv im Handwerk,phrase,To provide / make available,"Jemandem etwas geben, damit er es nutzt.",Die Firma stellt uns Werkzeuge zur Verfügung.,,,,,,,,,,,,,,beruf|Im Baumarkt,2615
B2-0362,Niveau,das,-s,niveau,B2,Linie B2 Beruf,Kapitel 5 – Aktiv im Handwerk,n,Level / Standard,Die Qualität oder Stufe von etwas.,Der Kurs hat ein sehr hohes Niveau.,Stufe,,,,,,,,,,,,,beruf|Im Baumarkt,2616
B2-0363,Fortbildungsbedarf,der,-e,fortbildungsbedarf,B2,Linie B2 Beruf,Kapitel 5 – Aktiv im Handwerk,n,Need for further training,Wenn man mehr lernen muss für den Job.,In unserer Abteilung gibt es großen Fortbildungsbedarf.,,,,,,,,,,,,,,beruf|Im Baumarkt,2617
B2-0364,den Teppich reinigen,,,den teppich reinigen,B2,Linie B2 Beruf,Kapitel 5 – Aktiv im Handwerk,phrase,To clean the carpet,Schmutz aus dem Teppich entfernen.,Wir müssen vor der Party noch den Teppich reinigen.,,,,,,,,,,,,,,beruf|Das ist schon erledigt!,2618
B2-0365,zuschneiden,,,zuschneiden,B2,Linie B2 Beruf,Kapitel 5 – Aktiv im Handwerk,v,To cut to size,Material in die richtige Form schneiden.,Der Stoff muss noch passend zugeschnitten werden.,,,,,,,,schneidet zu,schnitt zu,hat zugeschnitten,haben,,,beruf|Das ist schon erledigt!,2619
B2-0366,Preisschild,das,-er,preisschild,B2,Linie B2 Beruf,Kapitel 5 – Aktiv im Handwerk,n,Price tag,Ein Zettel mit dem Preis auf einer Ware.,"Auf dem Preisschild steht, dass es 20 Euro kostet.",,,,,,,,,,,,,,beruf|Das ist schon erledigt!,2620
B2-0367,erneuern,,,erneuern,B2,Linie B2 Beruf,Kapitel 5 – Aktiv im Handwerk,v,To renew / replace,Etwas Altes durch etwas Neues ersetzen.,Wir müssen den Anstrich an der Tür erneuern.,auswechseln,,,,,,,erneuert,erneuerte,hat erneuert,haben,,,beruf|Das ist schon erledigt!,2621
B2-0368,entfernen,,,entfernen,B2,Linie B2 Beruf,Kapitel 5 – Aktiv im Handwerk,v,To remove (a stain),Etwas sauber machen.,Wie kann ich diesen Kaffeefleck entfernen?,,,,,,,,entfernt,entfernte,hat entfernt,haben,,,beruf|Das ist schon erledigt!,2622
B2-0369,Heimwerker,der,,heimwerker,B2,Linie B2 Beruf,Kapitel 5 – Aktiv im Handwerk,n,DIYer / Handyman,"Jemand, der zu Hause selbst Dinge repariert.",Mein Vater ist ein begeisterter Heimwerker.,,,,,,,,,,,,,,beruf|Können Sie mir helfen?,2623
B2-0370,Notdienst,der,-e,notdienst,B2,Linie B2 Beruf,Kapitel 5 – Aktiv im Handwerk,n,Emergency service,"Hilfe, die man auch nachts oder am Wochenende ruft.","Wenn das Rohr bricht, rufen wir den Notdienst.",,,,,,,,,,,,,,beruf|Können Sie mir helfen?,2624
B2-0371,benötigen,,,benotigen,B2,Linie B2 Beruf,Kapitel 5 – Aktiv im Handwerk,v,To need (help),Etwas brauchen.,Benötigen Sie Hilfe beim Tragen?,,,,,,,,benötigt,benötigte,hat benötigt,haben,,,beruf|Können Sie mir helfen?,2625
B2-0372,Montage,die,,montage,B2,Linie B2 Beruf,Kapitel 5 – Aktiv im Handwerk,n,Assembly / Installation,Das Zusammenbauen von Teilen.,Die Montage des Schranks dauert zwei Stunden.,,,,,,,,,,,,,,beruf|Können Sie mir helfen?|nur Singular,2626
B2-0373,Montageanleitung,die,-en,montageanleitung,B2,Linie B2 Beruf,Kapitel 5 – Aktiv im Handwerk,n,Assembly instructions,"Ein Heft, das erklärt, wie man etwas aufbaut.",Bitte lies zuerst die Montageanleitung.,,,,,,,,,,,,,,beruf|Können Sie mir helfen?,2627
B2-0374,Geldbeutel,der,,geldbeutel,B2,Linie B2 Beruf,Kapitel 5 – Aktiv im Handwerk,n,Wallet / Purse,Eine Tasche für Geld (Süddeutsch).,Ich habe meinen Geldbeutel zu Hause vergessen.,,,,,,,,,,,,,,beruf|Können Sie mir helfen?,2628
B2-0375,allein klarkommen,,,allein klarkommen,B2,Linie B2 Beruf,Kapitel 5 – Aktiv im Handwerk,v,To manage alone,Eine Aufgabe ohne Hilfe schaffen.,"Danke, ich komme mit der Reparatur allein klar.",,,,,,,,,,,,,,beruf|Können Sie mir helfen?,2629
B2-0376,Haupthahn,der,¨e,haupthahn,B2,Linie B2 Beruf,Kapitel 5 – Aktiv im Handwerk,n,Main tap / Water valve,"Das Ventil, das das ganze Wasser im Haus stoppt.",Drehen Sie bei einem Rohrbruch sofort den Haupthahn zu.,,,,,,,,,,,,,,beruf|Können Sie mir helfen?,2630
B2-0377,zudrehen,,,zudrehen,B2,Linie B2 Beruf,Kapitel 5 – Aktiv im Handwerk,v,To turn off / Close,Einen Hahn schließen.,Hast du das Gas zugedreht?,,,,,,,,dreht zu,drehte zu,hat zugedreht,haben,,,beruf|Können Sie mir helfen?,2631
B2-0378,ablassen,,,ablassen,B2,Linie B2 Beruf,Kapitel 5 – Aktiv im Handwerk,v,To drain (water),Wasser aus einem Behälter fließen lassen.,Du musst zuerst das Wasser aus der Heizung ablassen.,,,,,,,,lässt ab,ließ ab,hat abgelassen,haben,,,beruf|Können Sie mir helfen?,2632
B2-0379,Ventil,das,-e,ventil,B2,Linie B2 Beruf,Kapitel 5 – Aktiv im Handwerk,n,Valve,Ein Teil zum Regeln von Luft oder Wasser.,Das Ventil am Reifen ist kaputt.,,,,,,,,,,,,,,beruf|Können Sie mir helfen?,2633
B2-0380,wickeln,,,wickeln,B2,Linie B2 Beruf,Kapitel 5 – Aktiv im Handwerk,v,To change (a baby's diaper),Einem Baby eine frische Windel anziehen.,Der Vater muss das Baby gerade wickeln.,,,,,,,,wickelt,wickelte,hat gewickelt,haben,,,beruf|Können Sie mir helfen?,2634
B2-0381,abdecken,,,abdecken,B2,Linie B2 Beruf,Kapitel 5 – Aktiv im Handwerk,v,To cover up,"Etwas schützen, indem man etwas darüber legt.",Beim Streichen musst du die Möbel abdecken.,,,,,,,,abdeckt,abdeckte,hat geabdeckt,haben,,,beruf|Können Sie mir helfen?,2635
B2-0382,Klappe,die,-n,klappe,B2,Linie B2 Beruf,Kapitel 5 – Aktiv im Handwerk,n,Flap / Lid,Eine bewegliche Abdeckung.,Mach bitte die Klappe vom Briefkasten zu.,,,,,,,,,,,,,,beruf|Können Sie mir helfen?,2636
B2-0383,die Grundlage legen,,,die grundlage legen,B2,Linie B2 Beruf,Kapitel 5 – Aktiv im Handwerk,phrase,To lay the foundation,Den ersten wichtigen Schritt machen.,Mit dieser Ausbildung legst du die Grundlage für deine Karriere.,,,,,,,,,,,,,,beruf|Das kann man besser machen,2637
B2-0384,intern – extern,,,intern – extern,B2,Linie B2 Beruf,Kapitel 5 – Aktiv im Handwerk,phrase,Internal – External,Drinnen – draußen (innerhalb/außerhalb der Firma).,"Wir suchen eine Lösung, egal ob intern oder extern.",,,,,,,,,,,,,,beruf|Das kann man besser machen,2638
B2-0385,Arbeitsbereich,der,-e,arbeitsbereich,B2,Linie B2 Beruf,Kapitel 5 – Aktiv im Handwerk,n,Workspace / Area of work,"Der Platz oder das Thema, an dem man arbeitet.",In meinem Arbeitsbereich ist es oft sehr laut.,,,,,,,,,,,,,,beruf|Das kann man besser machen,2639
B2-0386,Mobbing,das,,mobbing,B2,Linie B2 Beruf,Kapitel 5 – Aktiv im Handwerk,n,Bullying,Wenn jemand bei der Arbeit schikaniert wird.,Die Firma hat strenge Regeln gegen Mobbing.,,,,,,,,,,,,,,beruf|Das kann man besser machen|nur Singular,2640
B2-0387,"ausgerechnet dann, wenn...",,,"ausgerechnet dann, wenn...",B2,Linie B2 Beruf,Kapitel 5 – Aktiv im Handwerk,phrase,"Of all times, when...",Genau in dem unpassenden Moment.,"Das Auto geht ausgerechnet dann kaputt, wenn wir in den Urlaub wollen.",,,,,,,,,,,,,,beruf|Das kann man besser machen,2641
B2-0388,vor Ort,,,vor ort,B2,Linie B2 Beruf,Kapitel 5 – Aktiv im Handwerk,phrase,On site / Locally,"Direkt an der Stelle, wo etwas passiert.",Unser Techniker hilft Ihnen direkt vor Ort.,,,,,,,,,,,,,,beruf|Das kann man besser machen,2642
B2-0389,vereinfachen,,,vereinfachen,B2,Linie B2 Beruf,Kapitel 5 – Aktiv im Handwerk,v,To simplify,Etwas leichter machen.,Wir müssen den Prozess vereinfachen.,,,,,,,,vereinfacht,vereinfachte,hat vereinfacht,haben,,,beruf|Das kann man besser machen,2643
B2-0390,verbilligen,,,verbilligen,B2,Linie B2 Beruf,Kapitel 5 – Aktiv im Handwerk,v,To make cheaper,Den Preis senken.,Durch Massenproduktion kann man Produkte verbilligen.,,,,,,,,verbilligt,verbilligte,hat verbilligt,haben,,,beruf|Das kann man besser machen,2644
B2-0391,Instandhaltung,die,,instandhaltung,B2,Linie B2 Beruf,Kapitel 5 – Aktiv im Handwerk,n,Maintenance,"Dafür sorgen, dass etwas in gutem Zustand bleibt.",Die Instandhaltung der Maschinen ist sehr teuer.,Wartung,,,,,,,,,,,,,beruf|Das kann man besser machen|nur Singular,2645
B2-0392,Wartung,die,,wartung,B2,Linie B2 Beruf,Kapitel 5 – Aktiv im Handwerk,n,Servicing / Maintenance,Regelmäßige Kontrolle technischer Geräte.,Die Heizung braucht einmal im Jahr eine Wartung.,Instandhaltung,,,,,,,,,,,,,beruf|Das kann man besser machen|nur Singular,2646
B2-0393,senken,,,senken,B2,Linie B2 Beruf,Kapitel 5 – Aktiv im Handwerk,v,To lower / reduce,Etwas weniger machen (z.B. Kosten).,Wir wollen den Energieverbrauch senken.,mindern,,,,,,,senkt,senkte,hat gesenkt,haben,,,beruf|Das kann man besser machen,2647
B2-0394,Eingangsbestätigung,die,,eingangsbestatigung,B2,Linie B2 Beruf,Kapitel 5 – Aktiv im Handwerk,n,Acknowledgment of receipt,"Ein Brief, der sagt: ""Wir haben Ihre Nachricht erhalten"".",Ich habe heute die Eingangsbestätigung für meine Bewerbung bekommen.,,,,,,,,,,,,,,beruf|Das kann man besser machen,2648
B2-0395,sorgfältig,,,sorgfaltig,B2,Linie B2 Beruf,Kapitel 5 – Aktiv im Handwerk,adj,Careful / Thorough,Mit großer Genauigkeit.,Bitte füllen Sie das Formular sorgfältig aus.,gründlich|intensiv,,,,,,,,,,,sorgfältiger,am sorgfältigsten,beruf|Das kann man besser machen,2649
B2-0396,umsetzen,,,umsetzen,B2,Linie B2 Beruf,Kapitel 5 – Aktiv im Handwerk,v,To implement (a suggestion),Eine Idee in die Realität bringen.,Wir werden Ihren Vorschlag sofort umsetzen.,etwas umsetzen,,,,,,,,,,,,,beruf|Das kann man besser machen,2650
B2-0397,unterkommen,,,unterkommen,B2,Linie B2 Beruf,Kapitel 5 – Aktiv im Handwerk,v,To find a place / Get a job,Eine Stelle oder Unterkunft finden.,Er ist in einer großen Schreinerei untergekommen.,,,,,,,,,,,,,,beruf|Die Zukunft des Handwerks,2651
B2-0398,unternehmen,,,unternehmen,B2,Linie B2 Beruf,Kapitel 5 – Aktiv im Handwerk,v,To undertake / To do,Etwas aktiv machen oder starten.,Wir müssen etwas gegen den Lärm unternehmen.,,,,,,,,unternimmt,unternahm,hat unternommen,haben,,,beruf|Die Zukunft des Handwerks,2652
B2-0399,sich fit machen,,,sich fit machen,B2,Linie B2 Beruf,Kapitel 5 – Aktiv im Handwerk,v,To get ready / Train for,Sich vorbereiten oder trainieren.,Ich mache mich fit für die Prüfung.,,,,,Verben mit Präposition,für,Akkusativ,,,,,,,beruf|Die Zukunft des Handwerks,2653
B2-0400,duale Ausbildung,die,,duale ausbildung,B2,Linie B2 Beruf,Kapitel 5 – Aktiv im Handwerk,n,Dual training system,Ausbildung in der Berufsschule und im Betrieb gleichzeitig.,Die duale Ausbildung ist in Deutschland sehr beliebt.,,,,,,,,,,,,,,beruf|Die Zukunft des Handwerks,2654
B2-0401,durchlaufen,,,durchlaufen,B2,Linie B2 Beruf,Kapitel 5 – Aktiv im Handwerk,v,To go through / complete,Einen Prozess von Anfang bis Ende machen.,Er hat alle Abteilungen der Firma durchlaufen.,,,,,,,,,,,,,,beruf|Ergänzung zu Kapitel 5,2655
B2-0402,einen guten Ruf haben,,,einen guten ruf haben,B2,Linie B2 Beruf,Kapitel 5 – Aktiv im Handwerk,phrase,To have a good reputation,Wenn viele Leute positiv über jemanden denken.,Unser Ausbildungsbetrieb hat einen sehr guten Ruf.,,,,,,,,,,,,,,beruf|Ergänzung zu Kapitel 5,2656
B2-0403,Ausbildungsbetrieb,der,-e,ausbildungsbetrieb,B2,Linie B2 Beruf,Kapitel 5 – Aktiv im Handwerk,n,Training company,"Die Firma, in der man einen Beruf lernt.",Mein Ausbildungsbetrieb ist eine große Schreinerei.,,,,,,,,,,,,,,beruf|Ergänzung zu Kapitel 5,2657
B2-0404,Berufsschule,die,-n,berufsschule,B2,Linie B2 Beruf,Kapitel 5 – Aktiv im Handwerk,n,Vocational school,Schule für die Theorie während der Ausbildung.,Er geht montags immer in die Berufsschule.,,,,,,,,,,,,,,beruf|Ergänzung zu Kapitel 5,2658
B2-0405,Schulabgänger,der,,schulabganger,B2,Linie B2 Beruf,Kapitel 5 – Aktiv im Handwerk,n,School leaver,"Jemand, der gerade die Schule beendet hat.",Viele Schulabgänger suchen im August eine Stelle.,,,,,,,,,,,,,,beruf|Ergänzung zu Kapitel 5,2659
B2-0406,durchführen,,,durchfuhren,B2,Linie B2 Beruf,Kapitel 5 – Aktiv im Handwerk,v,To carry out / conduct,Eine Aufgabe oder Aktion erledigen.,Wir müssen eine Wartung an der Maschine durchführen.,,,,,,,,führt durch,führte durch,hat durchgeführt,haben,,,beruf|Ergänzung zu Kapitel 5,2660
B2-0407,etwas überdenken,,,etwas uberdenken,B2,Linie B2 Beruf,Kapitel 5 – Aktiv im Handwerk,v,To rethink / reconsider,Noch einmal genau über etwas nachdenken.,Ich muss meine Entscheidung noch einmal überdenken.,,,,,,,,,,,,,,beruf|Ergänzung zu Kapitel 5,2661
B2-0408,sich überzeugen,,,sich uberzeugen,B2,Linie B2 Beruf,Kapitel 5 – Aktiv im Handwerk,v,To convince oneself,"Sicherstellen, dass etwas gut oder wahr ist.",Ich möchte mich selbst von der Qualität überzeugen.,,,,,Verben mit Präposition,von,Dativ,überzeugt,überzeugte,hat überzeugt,haben,,,beruf|Ergänzung zu Kapitel 5,2662
B2-0409,Geflüchtete,der/die,-n,gefluchtete,B2,Linie B2 Beruf,Kapitel 5 – Aktiv im Handwerk,n,Refugee,"Jemand, der aus seiner Heimat fliehen musste.",Der Betrieb stellt zwei Geflüchtete als Azubis ein.,,,,,,,,,,,,,,beruf|Ergänzung zu Kapitel 5,2663
B2-0410,jdm. etwas ermöglichen,,,jdm. etwas ermoglichen,B2,Linie B2 Beruf,Kapitel 5 – Aktiv im Handwerk,phrase,To enable / make possible,"Jemandem die Chance geben, etwas zu tun.",Das Stipendium ermöglicht ihr das Studium.,,,,,,,,,,,,,,beruf|Ergänzung zu Kapitel 5,2664
B2-0411,nachhaltig,,,nachhaltig,B2,Linie B2 Beruf,Kapitel 5 – Aktiv im Handwerk,adj,Sustainable,"Etwas, das lange Zeit einen positiven Effekt hat.",Wir suchen eine nachhaltige Lösung für das Problem.,,,,,,,,,,,,nachhaltiger,am nachhaltigsten,beruf|Ergänzung zu Kapitel 5,2665
B2-0412,eingeschränkt,,,eingeschrankt,B2,Linie B2 Beruf,Kapitel 5 – Aktiv im Handwerk,adj,Restricted / Limited,Mit Grenzen; nicht voll funktionsfähig.,Meine Bewegungsfreiheit ist durch den Verband eingeschränkt.,,,,,,,,,,,,eingeschränkter,am eingeschränktesten,beruf|Ergänzung zu Kapitel 5,2666
B2-0413,überlaufen,,,uberlaufen,B2,Linie B2 Beruf,Kapitel 5 – Aktiv im Handwerk,v,To overflow / crowded,Wenn etwas zu voll ist (z.B. ein Eimer oder ein Ort).,Das Fach ist sehr beliebt und völlig überlaufen.,,,,,,,,,,,,,,beruf|Ergänzung zu Kapitel 5,2667
B2-0414,unpraktisch,,,unpraktisch,B2,Linie B2 Beruf,Kapitel 5 – Aktiv im Handwerk,adj,Impractical,Nicht nützlich oder schwer zu benutzen.,Diese Werkzeugkiste ist leider sehr unpraktisch.,,,,,,,,,,,,unpraktischer,am unpraktischesten,beruf|Ergänzung zu Kapitel 5,2668
B2-0415,digital,,,digital,B2,Linie B2 Beruf,Kapitel 5 – Aktiv im Handwerk,adj,Digital,Elektronisch; mit Computern verbunden.,Die Firma stellt alle Prozesse auf digital um.,,,,,,,,,,,,,,beruf|Ergänzung zu Kapitel 5,2669
B2-0416,etw. umgehen,,,etw. umgehen,B2,Linie B2 Beruf,Kapitel 5 – Aktiv im Handwerk,v,To bypass / avoid,Einen Umweg machen oder ein Problem vermeiden.,Wir können die Baustelle über die Dörfer umgehen.,ausweichen,,,,,,,,,,,,,beruf|Ergänzung zu Kapitel 5,2670
B2-0417,Messung,die,-en,messung,B2,Linie B2 Beruf,Kapitel 5 – Aktiv im Handwerk,n,Measurement,Das Feststellen einer Größe oder Menge.,Die Messung der Temperatur ist sehr wichtig.,,,,,,,,,,,,,,beruf|Ergänzung zu Kapitel 5,2671
B2-0418,Auswirkung,die,-en,auswirkung,B2,Linie B2 Beruf,Kapitel 5 – Aktiv im Handwerk,n,Impact / Effect,Die Folge einer Handlung.,Die Krise hat große Auswirkungen auf die Branche.,Effekt|Einfluss,,,,,,,,,,,,,beruf|Ergänzung zu Kapitel 5,2672
B2-0419,widersprechen,,,widersprechen,B2,Linie B2 Beruf,Kapitel 5 – Aktiv im Handwerk,v,To contradict,"Sagen, dass etwas falsch ist.","Ich muss Ihnen leider widersprechen, das stimmt nicht.",,,,,,,,,,,,,,beruf|Ergänzung zu Kapitel 5,2673
B2-0420,jdn. unter Druck setzen,,,jdn. unter druck setzen,B2,Linie B2 Beruf,Kapitel 5 – Aktiv im Handwerk,phrase,To put someone under pressure,"Jemanden zwingen, schneller zu arbeiten.",Der Zeitplan setzt das Team stark unter Druck.,,,,,,,,,,,,,,beruf|Ergänzung zu Kapitel 5,2674
B2-0421,Design,das,-s,design,B2,Linie B2 Beruf,Kapitel 5 – Aktiv im Handwerk,n,Design,Das Aussehen oder die Gestaltung von etwas.,Das Design der neuen Möbel ist sehr modern.,Motiv,,,,,,,,,,,,,beruf|Ergänzung zu Kapitel 5,2675
B2-0422,umarmen,,,umarmen,B2,Linie B2 Beruf,Kapitel 5 – Aktiv im Handwerk,v,To hug,Jemanden mit den Armen halten.,Zur Begrüßung umarmen sie sich kurz.,,,,,,,,,,,,,,beruf|Ergänzung zu Kapitel 5,2676
B2-0423,die Kosten überschlagen,,,die kosten uberschlagen,B2,Linie B2 Beruf,Kapitel 5 – Aktiv im Handwerk,phrase,To estimate the costs,Die Kosten grob im Kopf ausrechnen.,Können Sie die Kosten für die Reparatur kurz überschlagen?,,,,,,,,,,,,,,beruf|Ergänzung zu Kapitel 5,2677
B2-0424,Region,die,-en,region,B2,Linie B2 Beruf,Kapitel 6 – Arbeit in der Metropolregion,n,Region,Ein bestimmtes Gebiet eines Landes.,Diese Region ist bekannt für ihren Wein.,,,,,,,,,,,,,,beruf|Eine Region in Südwestdeutschland,2678
B2-0425,Industrieunternehmen,das,,industrieunternehmen,B2,Linie B2 Beruf,Kapitel 6 – Arbeit in der Metropolregion,n,Industrial company,"Eine Firma, die Produkte in Fabriken herstellt.",Das große Industieunternehmen sucht neue Ingenieure.,,,,,,,,,,,,,,beruf|Eine Region in Südwestdeutschland,2679
B2-0426,öffentliche Nahverkehr,der,,offentliche nahverkehr,B2,Linie B2 Beruf,Kapitel 6 – Arbeit in der Metropolregion,n,Public transport,"Busse, S-Bahnen und Straßenbahnen.",Der öffentliche Nahverkehr (ÖPNV) ist hier sehr günstig.,,,,,,,,,,,,,,beruf|Eine Region in Südwestdeutschland,2680
B2-0427,Aspekt,der,-e,aspekt,B2,Linie B2 Beruf,Kapitel 6 – Arbeit in der Metropolregion,n,Aspect,Ein Teilpunkt eines Themas.,Wir müssen alle Aspekte der Planung beachten.,,,,,,,,,,,,,,beruf|Eine Region in Südwestdeutschland,2681
B2-0428,Rathaus,das,¨er,rathaus,B2,Linie B2 Beruf,Kapitel 6 – Arbeit in der Metropolregion,n,Town hall,Sitz der Stadtverwaltung.,Wir müssen im Rathaus unseren Wohnsitz anmelden.,,,,,,,,,,,,,,beruf|Eine Region in Südwestdeutschland,2682
B2-0429,Lottogewinn,der,-e,lottogewinn,B2,Linie B2 Beruf,Kapitel 6 – Arbeit in der Metropolregion,n,Lottery win,"Geld, das man beim Glücksspiel gewinnt.",Mit einem Lottogewinn würde er sofort kündigen.,,,,,,,,,,,,,,beruf|Eine Reportage,2683
B2-0430,wirtschaftlich,,,wirtschaftlich,B2,Linie B2 Beruf,Kapitel 6 – Arbeit in der Metropolregion,adj,Economic / Financial,Die Wirtschaft betreffend.,Die Lage der Firma ist wirtschaftlich sehr stabil.,,,,,,,,,,,,,,beruf|Eine Reportage,2684
B2-0431,sich Gedanken machen,,,sich gedanken machen,B2,Linie B2 Beruf,Kapitel 6 – Arbeit in der Metropolregion,v,To reflect / worry,Über etwas intensiv nachdenken.,Ich mache mir Gedanken über meine Zukunft.,,,,,,,,,,,,,,beruf|Eine Reportage,2685
B2-0432,demografisch,,,demografisch,B2,Linie B2 Beruf,Kapitel 6 – Arbeit in der Metropolregion,adj,Demographic,Die Bevölkerung betreffend.,Der demografische Wandel ist eine Herausforderung.,,,,,,,,,,,,,,beruf|Eine Reportage,2686
B2-0433,Entwicklung,die,-en,entwicklung,B2,Linie B2 Beruf,Kapitel 6 – Arbeit in der Metropolregion,n,Development,Wenn sich etwas verändert oder wächst.,Die Entwicklung der Region ist sehr positiv.,,,,,,,,,,,,,,beruf|Eine Reportage,2687
B2-0434,einheimisch,,,einheimisch,B2,Linie B2 Beruf,Kapitel 6 – Arbeit in der Metropolregion,adj,Local / Native,Von hier stammend.,Die einheimische Bevölkerung feiert jedes Jahr ein Fest.,,,,,,,,,,,,einheimischer,am einheimischesten,beruf|Eine Reportage,2688
B2-0435,Bevölkerung,die,-en,bevolkerung,B2,Linie B2 Beruf,Kapitel 6 – Arbeit in der Metropolregion,n,Population,"Alle Menschen, die an einem Ort leben.",Die Bevölkerung in der Stadt wächst schnell.,,,,,,,,,,,,,,beruf|Eine Reportage,2689
B2-0436,Zuwanderung,die,-en,zuwanderung,B2,Linie B2 Beruf,Kapitel 6 – Arbeit in der Metropolregion,n,Immigration,Wenn Menschen ins Land ziehen.,Die Zuwanderung hilft gegen den Fachkräftemangel.,,,,,,,,,,,,,,beruf|Eine Reportage,2690
B2-0437,duale Hochschule,die,,duale hochschule,B2,Linie B2 Beruf,Kapitel 6 – Arbeit in der Metropolregion,n,Dual university,Hochschule mit Praxisphasen im Betrieb.,Er studiert BWL an einer dualen Hochschule.,,,,,,,,,,,,,,beruf|Eine Reportage,2691
B2-0438,Fahrzeit,die,-en,fahrzeit,B2,Linie B2 Beruf,Kapitel 6 – Arbeit in der Metropolregion,n,Travel time / Commute,Wie lange man von A nach B braucht.,Meine Fahrzeit zur Arbeit beträgt 40 Minuten.,,,,,,,,,,,,,,beruf|Eine Reportage,2692
B2-0439,in Kauf nehmen,,,in kauf nehmen,B2,Linie B2 Beruf,Kapitel 6 – Arbeit in der Metropolregion,phrase,To accept / put up with,Etwas Negatives für ein Ziel akzeptieren.,Für das gute Gehalt muss er viel Stress in Kauf nehmen.,,,,,,,,,,,,,,beruf|Eine Reportage,2693
B2-0440,Freibad,das,¨er,freibad,B2,Linie B2 Beruf,Kapitel 6 – Arbeit in der Metropolregion,n,Outdoor swimming pool,Ein Schwimmbad unter freiem Himmel.,Im Sommer gehen wir jeden Tag ins Freibad.,,,,,,,,,,,,,,beruf|Eine Reportage,2694
B2-0441,vielfältig,,,vielfaltig,B2,Linie B2 Beruf,Kapitel 6 – Arbeit in der Metropolregion,adj,Diverse / Varied,Mit vielen verschiedenen Möglichkeiten.,Das Kulturangebot in der Stadt ist sehr vielfältig.,abwechslungsreich,,,,,,,,,,,vielfältiger,am vielfältigsten,beruf|Eine Reportage,2695
B2-0442,Freizeitangebot,das,-e,freizeitangebot,B2,Linie B2 Beruf,Kapitel 6 – Arbeit in der Metropolregion,n,Leisure facilities,"Dinge, die man in der Freizeit tun kann.",Die Region bietet ein tolles Freizeitangebot.,,,,,,,,,,,,,,beruf|Eine Reportage,2696
B2-0443,knapp sein/werden,,,knapp sein/werden,B2,Linie B2 Beruf,Kapitel 6 – Arbeit in der Metropolregion,v,To be/become scarce,Wenn es von etwas zu wenig gibt.,Bezahlbare Wohnungen sind in der Stadt knapp.,,,,,,,,,,,,,,beruf|Eine Reportage,2697
B2-0444,die Kosten tragen,,,die kosten tragen,B2,Linie B2 Beruf,Kapitel 6 – Arbeit in der Metropolregion,phrase,To bear the costs,Die Rechnung bezahlen.,Die Versicherung wird die Kosten für den Schaden tragen.,,,,,,,,,,,,,,beruf|Eine Reportage,2698
B2-0445,Einfluss nehmen,,,einfluss nehmen,B2,Linie B2 Beruf,Kapitel 6 – Arbeit in der Metropolregion,v,To influence / exert influence,"Versuchen, eine Entscheidung zu steuern.",Die Politik möchte auf die Wirtschaft Einfluss nehmen.,,,,,,,,,,,,,,beruf|Eine Reportage,2699
B2-0446,jmd. Hilfe leisten,,,jmd. hilfe leisten,B2,Linie B2 Beruf,Kapitel 6 – Arbeit in der Metropolregion,phrase,To provide help,Jemandem aktiv helfen.,Bei einem Unfall muss man Erste Hilfe leisten.,,,,,,,,,,,,,,beruf|Eine Reportage,2700
B2-0447,etwas kostet Zeit und Kraft,,,etwas kostet zeit und kraft,B2,Linie B2 Beruf,Kapitel 6 – Arbeit in der Metropolregion,phrase,It takes time and effort,Eine anstrengende Aufgabe sein.,Das Projekt kostet uns viel Zeit und Kraft.,,,,,,,,,,,,,,beruf|Eine Reportage,2701
B2-0448,jmd. unterstützen,,,jmd. unterstutzen,B2,Linie B2 Beruf,Kapitel 6 – Arbeit in der Metropolregion,v,To support someone,Jemandem bei einer Aufgabe helfen.,Meine Kollegen unterstützen mich bei der Arbeit.,,,,,,,,,,,,,,beruf|Eine Reportage,2702
B2-0449,ein Gespräch führen,,,ein gesprach fuhren,B2,Linie B2 Beruf,Kapitel 6 – Arbeit in der Metropolregion,phrase,To have a conversation,Mit jemandem über etwas reden.,Ich muss mit dem Chef ein Gespräch führen.,,,,,,,,,,,,,,beruf|Eine Reportage,2703
B2-0450,Studiengebühren,die,,studiengebuhren,B2,Linie B2 Beruf,Kapitel 6 – Arbeit in der Metropolregion,n,Tuition fees,Geld für das Studium an der Universität.,Er muss jedes Semester Studiengebühren zahlen.,,,,,,,,,,,,,,beruf|Eine Reportage,2704
B2-0451,Arbeitsmarkt,der,¨e,arbeitsmarkt,B2,Linie B2 Beruf,Kapitel 6 – Arbeit in der Metropolregion,n,Labor market,Angebot und Nachfrage bei Jobs.,Auf dem Arbeitsmarkt fehlen viele Fachkräfte.,,,,,,,,,,,,,,beruf|Eine Reportage,2705
B2-0452,duale Studium,das,,duale studium,B2,Linie B2 Beruf,Kapitel 6 – Arbeit in der Metropolregion,n,Dual study program,Studium und Arbeit gleichzeitig.,Ein duales Studium ist sehr anstrengend aber gut.,,,,,,,,,,,,,,beruf|Haki Jelimo bewirbt sich,2706
B2-0453,Ausbildungsdauer,die,,ausbildungsdauer,B2,Linie B2 Beruf,Kapitel 6 – Arbeit in der Metropolregion,n,Duration of training,Wie lange die Ausbildung dauert.,Die Ausbildungsdauer beträgt drei Jahre.,,,,,,,,,,,,,,beruf|Haki Jelimo bewirbt sich,2707
B2-0454,mithilfe von,,,mithilfe von,B2,Linie B2 Beruf,Kapitel 6 – Arbeit in der Metropolregion,phrase,With the help of,Etwas mit Unterstützung erledigen.,Ich habe den Schrank mithilfe meines Bruders aufgebaut.,,,,,,,,,,,,,,beruf|Haki Jelimo bewirbt sich,2708
B2-0455,beiliegende Zeugnisse,,,beiliegende zeugnisse,B2,Linie B2 Beruf,Kapitel 6 – Arbeit in der Metropolregion,phrase,Enclosed certificates,"Dokumente, die in einem Brief dabei sind.",Bitte beachten Sie meine beiliegenden Zeugnisse.,,,,,,,,,,,,,,beruf|Haki Jelimo bewirbt sich,2709
B2-0456,Schwerpunkt,der,-e,schwerpunkt,B2,Linie B2 Beruf,Kapitel 6 – Arbeit in der Metropolregion,n,Focus / Emphasis,Das wichtigste Thema einer Sache.,Der Schwerpunkt meines Studiums liegt auf Marketing.,,,,,,,,,,,,,,beruf|Haki Jelimo bewirbt sich,2710
B2-0457,Semesterferien,die,,semesterferien,B2,Linie B2 Beruf,Kapitel 6 – Arbeit in der Metropolregion,n,Semester break,Die vorlesungsfreie Zeit an der Uni.,In den Semesterferien mache ich ein Praktikum.,,,,,,,,,,,,,,beruf|Haki Jelimo bewirbt sich,2711
B2-0458,Bereich,der,-e,bereich,B2,Linie B2 Beruf,Kapitel 6 – Arbeit in der Metropolregion,n,Area / Sector,Ein bestimmtes Feld (z.B. IT-Bereich).,In welchem Bereich möchten Sie arbeiten?,Branche,,,,,,,,,,,,,beruf|Haki Jelimo bewirbt sich,2712
B2-0459,Bedarf,der,,bedarf,B2,Linie B2 Beruf,Kapitel 6 – Arbeit in der Metropolregion,n,Demand / Need,Was aktuell gebraucht wird.,Es gibt einen großen Bedarf an Pflegekräften.,Nachfrage|Anforderung|Forderung|Bedürfnis,,,,,,,,,,,,,beruf|Haki Jelimo bewirbt sich|nur Singular,2713
B2-0460,Markt,der,¨e,markt,B2,Linie B2 Beruf,Kapitel 6 – Arbeit in der Metropolregion,n,Market,Ort für Handel oder wirtschaftliche Lage.,Der Markt für Smartphones ist hart umkämpft.,,,,,,,,,,,,,,beruf|Haki Jelimo bewirbt sich,2714
B2-0461,ehrenamtlich tätig sein,,,ehrenamtlich tatig sein,B2,Linie B2 Beruf,Kapitel 6 – Arbeit in der Metropolregion,phrase,To volunteer,Ohne Bezahlung für die Gesellschaft arbeiten.,Er ist ehrenamtlich im Sportverein tätig.,,,,,,,,,,,,,,beruf|Haki Jelimo bewirbt sich,2715
B2-0462,über-/unterdurchschnittlich,,,uber-/unterdurchschnittlich,B2,Linie B2 Beruf,Kapitel 6 – Arbeit in der Metropolregion,adj,Above/below average,Besser oder schlechter als die Mitte.,Seine Leistungen sind überdurchschnittlich gut.,,,,,,,,,,,,über-/unterdurchschnittlicher,am über-/unterdurchschnittlichsten,beruf|Haki Jelimo bewirbt sich,2716
B2-0463,Arbeitsvertrag,der,¨e,arbeitsvertrag,B2,Linie B2 Beruf,Kapitel 6 – Arbeit in der Metropolregion,n,Employment contract,Vertrag über Rechte und Pflichten im Job.,Ich habe heute den Arbeitsvertrag unterschrieben.,,,,,,,,,,,,,,beruf|Haki hat die Stelle bekommen!,2717
B2-0464,Laufzeit,die,-en,laufzeit,B2,Linie B2 Beruf,Kapitel 6 – Arbeit in der Metropolregion,n,Term / Duration,Wie lange ein Vertrag gültig ist.,Die Laufzeit des Mietvertrags ist unbefristet.,,,,,,,,,,,,,,beruf|Haki hat die Stelle bekommen!,2718
B2-0465,Vertragsbeginn,der,,vertragsbeginn,B2,Linie B2 Beruf,Kapitel 6 – Arbeit in der Metropolregion,n,Start of contract,"Das Datum, an dem die Arbeit anfängt.",Der Vertragsbeginn ist der erste September.,,,,,,,,,,,,,,beruf|Haki hat die Stelle bekommen!|nur Singular,2719
B2-0466,innerhalb – außerhalb,,,innerhalb – ausserhalb,B2,Linie B2 Beruf,Kapitel 6 – Arbeit in der Metropolregion,phrase,Within – outside,Drinnen – draußen (zeitlich oder räumlich).,Bitte rufen Sie innerhalb der Geschäftszeiten an.,,,,,,,,,,,,,,beruf|Haki hat die Stelle bekommen!,2720
B2-0467,Vergütung,die,-en,vergutung,B2,Linie B2 Beruf,Kapitel 6 – Arbeit in der Metropolregion,n,Remuneration / Salary,Gehalt oder Lohn für eine Leistung.,Die Vergütung während der Ausbildung ist festgelegt.,Bezahlung|Jahreseinkommen,,,,,,,,,,,,,beruf|Haki hat die Stelle bekommen!,2721
B2-0468,betragen,,,betragen,B2,Linie B2 Beruf,Kapitel 6 – Arbeit in der Metropolregion,v,To amount to,Wenn etwas eine bestimmte Größe hat.,Die Miete beträgt 800 Euro pro Monat.,,,,,,,,betragt,betragte,hat betragt,haben,,,beruf|Haki hat die Stelle bekommen!,2722
B2-0469,betrieblich,,,betrieblich,B2,Linie B2 Beruf,Kapitel 6 – Arbeit in der Metropolregion,adj,Operational / Internal,Das Unternehmen betreffend.,Wir haben eine betriebliche Altersvorsorge.,,,,,,,,,,,,,,beruf|Haki hat die Stelle bekommen!,2723
B2-0470,sich verpflichten,,,sich verpflichten,B2,Linie B2 Beruf,Kapitel 6 – Arbeit in der Metropolregion,v,To commit / pledge,Eine feste Zusage machen.,"Ich verpflichte mich, die Hausregeln einzuhalten.",,,,,,,,verpflichtet,verpflichtete,hat verpflichtet,haben,,,beruf|Haki hat die Stelle bekommen!,2724
B2-0471,Ausscheiden,das,,ausscheiden,B2,Linie B2 Beruf,Kapitel 6 – Arbeit in der Metropolregion,n,Retirement / Leaving,Wenn man eine Firma oder einen Dienst verlässt.,Sein Ausscheiden aus der Firma war sehr schade.,,,,,,,,,,,,,,beruf|Haki hat die Stelle bekommen!|nur Singular,2725
B2-0472,Bescheinigung,die,-en,bescheinigung,B2,Linie B2 Beruf,Kapitel 6 – Arbeit in der Metropolregion,n,Certificate / Confirmation,"Ein Papier, das etwas offiziell bestätigt.",Ich brauche eine Bescheinigung vom Arzt.,Zusage,,,,,,,,,,,,,beruf|Haki hat die Stelle bekommen!,2726
B2-0473,Änderung,die,-en,anderung,B2,Linie B2 Beruf,Kapitel 6 – Arbeit in der Metropolregion,n,Change / Amendment,Wenn etwas anders gemacht wird.,Gab es eine Änderung im Dienstplan?,Abwechslung,,,,,,,,,,,,,beruf|Haki hat die Stelle bekommen!,2727
B2-0474,Körperpflege,die,,korperpflege,B2,Linie B2 Beruf,Kapitel 6 – Arbeit in der Metropolregion,n,Personal hygiene,Sich waschen und pflegen.,Produkte für die Körperpflege sind dort im Angebot.,,,,,,,,,,,,,,beruf|Haki lernt die Region kennen|nur Singular,2728
B2-0475,wetterfest,,,wetterfest,B2,Linie B2 Beruf,Kapitel 6 – Arbeit in der Metropolregion,adj,Weatherproof,Hält Regen und Wind aus.,Für die Wanderung brauchst du eine wetterfeste Jacke.,,,,,,,,,,,,wetterfester,am wetterfestesten,beruf|Haki lernt die Region kennen,2729
B2-0476,geheimnisvoll,,,geheimnisvoll,B2,Linie B2 Beruf,Kapitel 6 – Arbeit in der Metropolregion,adj,Mysterious,Wenn man nicht alles über etwas weiß.,Die alte Burg wirkt in der Nacht sehr geheimnisvoll.,,,,,,,,,,,,geheimnisvoller,am geheimnisvollsten,beruf|Haki lernt die Region kennen,2730
B2-0477,weltberühmt,,,weltberuhmt,B2,Linie B2 Beruf,Kapitel 6 – Arbeit in der Metropolregion,adj,World-famous,Auf der ganzen Welt bekannt.,Das Schloss Neuschwanstein ist weltberühmt.,,,,,,,,,,,,weltberühmter,am weltberühmtesten,beruf|Haki lernt die Region kennen,2731
B2-0478,Ruine,die,-n,ruine,B2,Linie B2 Beruf,Kapitel 6 – Arbeit in der Metropolregion,n,Ruin,"Ein altes, zerstörtes Gebäude.",Wir haben die alte Kirchenruine besichtigt.,,,,,,,,,,,,,,beruf|Haki lernt die Region kennen,2732
B2-0479,altersmäßig,,,altersmassig,B2,Linie B2 Beruf,Kapitel 6 – Arbeit in der Metropolregion,adj,According to age,Passend zum Lebensalter.,Die Gruppen sind altersmäßig aufgeteilt.,,,,,,,,,,,,altersmäßiger,am altersmäßigsten,beruf|Haki lernt die Region kennen,2733
B2-0480,Begrenzung,die,-en,begrenzung,B2,Linie B2 Beruf,Kapitel 6 – Arbeit in der Metropolregion,n,Limitation / Boundary,Eine Grenze für etwas.,Es gibt eine zeitliche Begrenzung für den Test.,,,,,,,,,,,,,,beruf|Haki lernt die Region kennen,2734
B2-0481,sich richten,,,sich richten,B2,Linie B2 Beruf,Kapitel 6 – Arbeit in der Metropolregion,v,To be aimed at,Für eine bestimmte Zielgruppe sein.,Das Buch richtet sich an Anfänger.,,,,,Verben mit Präposition,an,Akkusativ,richtet,richtete,hat gerichtet,haben,,,beruf|Haki lernt die Region kennen,2735
B2-0482,Überbrückung,die,-en,uberbruckung,B2,Linie B2 Beruf,Kapitel 6 – Arbeit in der Metropolregion,n,Bridging,Eine Lösung für eine Zwischenzeit.,"Das ist nur eine Überbrückung, bis das neue Teil da ist.",,,,,,,,,,,,,,beruf|Haki lernt die Region kennen,2736
B2-0483,Druck,der,,druck,B2,Linie B2 Beruf,Kapitel 6 – Arbeit in der Metropolregion,n,Pressure,Kraft auf eine Fläche oder psychischer Stress.,Der Druck in der Schule ist manchmal sehr hoch.,,,,,,,,,,,,,,beruf|Haki lernt die Region kennen|nur Singular,2737
B2-0484,Motiv,das,-e,motiv,B2,Linie B2 Beruf,Kapitel 6 – Arbeit in der Metropolregion,n,Motive / Design,Ein Grund oder ein Bild auf einem Stoff.,Was war dein Motiv für den Jobwechsel?,Design,,,,,,,,,,,,,beruf|Haki lernt die Region kennen,2738
B2-0485,Methode,die,-n,methode,B2,Linie B2 Beruf,Kapitel 6 – Arbeit in der Metropolregion,n,Method,Ein systematischer Weg zum Ziel.,Kennst du eine gute Methode zum Sprachenlernen?,,,,,,,,,,,,,,beruf|Haki lernt die Region kennen,2739
B2-0486,wertvoll – wertlos,,,wertvoll – wertlos,B2,Linie B2 Beruf,Kapitel 6 – Arbeit in der Metropolregion,phrase,Valuable – worthless,Viel wert – gar nichts wert.,Das alte Schmuckstück ist sehr wertvoll.,,,,,,,,,,,,,,beruf|Haki lernt die Region kennen,2740
B2-0487,Grippe,die,,grippe,B2,Linie B2 Beruf,Kapitel 7 – Berufe im Gesundheitswesen,n,Flu / Influenza,Eine Infektionskrankheit mit Fieber.,Er liegt mit einer schweren Grippe im Bett.,,,,,,,,,,,,,,beruf|Was bedeutet für Sie Gesundheit?|nur Singular,2741
B2-0488,Durchfall,der,,durchfall,B2,Linie B2 Beruf,Kapitel 7 – Berufe im Gesundheitswesen,n,Diarrhea,Wenn man sehr oft und flüssig zur Toilette muss.,Nach dem schlechten Essen hatte er Durchfall.,,,,,,,,,,,,,,beruf|Was bedeutet für Sie Gesundheit?|nur Singular,2742
B2-0489,Krebs,der,,krebs,B2,Linie B2 Beruf,Kapitel 7 – Berufe im Gesundheitswesen,n,Cancer,Eine schwere Krankheit mit bösartigen Tumoren.,Die Früherkennung ist bei Krebs lebenswichtig.,,,,,,,,,,,,,,beruf|Was bedeutet für Sie Gesundheit?|nur Singular,2743
B2-0490,Arznei,die,-en,arznei,B2,Linie B2 Beruf,Kapitel 7 – Berufe im Gesundheitswesen,n,Medicine / Medication,Ein Heilmittel gegen Krankheiten.,Nehmen Sie die Arznei dreimal täglich nach dem Essen.,,,,,,,,,,,,,,beruf|Was bedeutet für Sie Gesundheit?,2744
B2-0491,Kapsel,die,-n,kapsel,B2,Linie B2 Beruf,Kapitel 7 – Berufe im Gesundheitswesen,n,Capsule,Eine Form von Medikamenten zum Schlucken.,Die Kapsel löst sich erst im Magen auf.,,,,,,,,,,,,,,beruf|Was bedeutet für Sie Gesundheit?,2745
B2-0492,Antibiotikum,das,Antibiotika,antibiotikum,B2,Linie B2 Beruf,Kapitel 7 – Berufe im Gesundheitswesen,n,Antibiotic,Medikament gegen Bakterien.,Der Arzt hat mir ein Antibiotikum verschrieben.,,,,,,,,,,,,,,beruf|Was bedeutet für Sie Gesundheit?,2746
B2-0493,Masseur,der,-e / die Masseurin,masseur,B2,Linie B2 Beruf,Kapitel 7 – Berufe im Gesundheitswesen,n,Masseur / Massage therapist,"Jemand, der beruflich Massagen gibt.",Nach dem Sport geht er zur Masseurin.,,,,,,,,,,,,,,beruf|Was bedeutet für Sie Gesundheit?,2747
B2-0494,Logopäde,der,-n / die Logopädin,logopade,B2,Linie B2 Beruf,Kapitel 7 – Berufe im Gesundheitswesen,n,Speech therapist,Therapeut für Sprach- und Sprechstörungen.,"Das Kind geht zum Logopäden, um besser sprechen zu lernen.",,,,,,,,,,,,,,beruf|Was bedeutet für Sie Gesundheit?,2748
B2-0495,Orthopäde,der,-n / die Orthopädin,orthopade,B2,Linie B2 Beruf,Kapitel 7 – Berufe im Gesundheitswesen,n,Orthopedist,Arzt für Knochen und Gelenke.,Wegen meiner Knieschmerzen muss ich zum Orthopäden.,,,,,,,,,,,,,,beruf|Was bedeutet für Sie Gesundheit?,2749
B2-0496,Diagnose,die,-n,diagnose,B2,Linie B2 Beruf,Kapitel 7 – Berufe im Gesundheitswesen,n,Diagnosis,Die Feststellung einer Krankheit durch den Arzt.,Die Diagnose des Arztes war zum Glück nicht schlimm.,,,,,,,,,,,,,,beruf|Was bedeutet für Sie Gesundheit?,2750
B2-0497,jemandem assistieren,,,jemandem assistieren,B2,Linie B2 Beruf,Kapitel 7 – Berufe im Gesundheitswesen,v,To assist someone,Jemandem bei der Arbeit helfen.,Die Krankenschwester assistiert dem Arzt bei der OP.,,,,,,,,,,,,,,beruf|Was bedeutet für Sie Gesundheit?,2751
B2-0498,anleiten,,,anleiten,B2,Linie B2 Beruf,Kapitel 7 – Berufe im Gesundheitswesen,v,To guide / instruct,"Jemandem zeigen, wie man etwas macht.",Die Physiotherapeutin leitet den Patienten bei den Übungen an.,,,,,,,,leitet an,leitete an,hat angeleitet,haben,,,beruf|Was bedeutet für Sie Gesundheit?,2752
B2-0499,jemandem etwas verschreiben,,,jemandem etwas verschreiben,B2,Linie B2 Beruf,Kapitel 7 – Berufe im Gesundheitswesen,phrase,To prescribe something,Ein Rezept für ein Medikament schreiben.,Der Arzt verschreibt mir ein Mittel gegen Husten.,,,,,,,,,,,,,,beruf|Was bedeutet für Sie Gesundheit?,2753
B2-0500,Physiotherapie,die,-n,physiotherapie,B2,Linie B2 Beruf,Kapitel 7 – Berufe im Gesundheitswesen,n,Physiotherapy,Krankengymnastik zur Heilung des Körpers.,Nach dem Unfall muss er zur Physiotherapie.,,,,,,,,,,,,,,beruf|Was bedeutet für Sie Gesundheit?,2754
B2-0501,fördern,,,fordern,B2,Linie B2 Beruf,Kapitel 7 – Berufe im Gesundheitswesen,v,To promote / support,Etwas unterstützen oder verbessern.,Sport fördert die Gesundheit.,,,,,,,,fördert,förderte,hat gefördert,haben,,,beruf|Die Pflegerin Wanda Semionova hat Rückenschmerzen.,2755
B2-0502,ansteckend,,,ansteckend,B2,Linie B2 Beruf,Kapitel 7 – Berufe im Gesundheitswesen,adj,Contagious,Wenn eine Krankheit von Mensch zu Mensch geht.,"Bleib zu Hause, deine Erkältung ist ansteckend!",,,,,,,,,,,,ansteckender,am ansteckendesten,beruf|Die Pflegerin Wanda Semionova hat Rückenschmerzen.,2756
B2-0503,Früherkennung,die,,fruherkennung,B2,Linie B2 Beruf,Kapitel 7 – Berufe im Gesundheitswesen,n,Early detection,"Eine Krankheit finden, bevor sie schlimm wird.",Die Früherkennung kann Leben retten.,,,,,,,,,,,,,,beruf|Die Pflegerin Wanda Semionova hat Rückenschmerzen.|nur Singular,2757
B2-0504,Gesundheitscheck,der,-s,gesundheitscheck,B2,Linie B2 Beruf,Kapitel 7 – Berufe im Gesundheitswesen,n,Health check-up,Eine allgemeine Untersuchung beim Arzt.,Einmal im Jahr gehe ich zum Gesundheitscheck.,,,,,,,,,,,,,,beruf|Die Pflegerin Wanda Semionova hat Rückenschmerzen.,2758
B2-0505,Impfpass,der,¨e,impfpass,B2,Linie B2 Beruf,Kapitel 7 – Berufe im Gesundheitswesen,n,Vaccination certificate,"Ein Dokument, in dem alle Impfungen stehen.",Bringen Sie bitte Ihren Impfpass mit in die Praxis.,,,,,,,,,,,,,,beruf|Die Pflegerin Wanda Semionova hat Rückenschmerzen.,2759
B2-0506,Vorsorge,die,,vorsorge,B2,Linie B2 Beruf,Kapitel 7 – Berufe im Gesundheitswesen,n,Precaution / Preventive care,"Maßnahmen, um Krankheiten zu verhindern.",Vorsorge ist besser als Heilen.,,,,,,,,,,,,,,beruf|Die Pflegerin Wanda Semionova hat Rückenschmerzen.|nur Singular,2760
B2-0507,Übertreibung,die,-en,ubertreibung,B2,Linie B2 Beruf,Kapitel 7 – Berufe im Gesundheitswesen,n,Exaggeration,"Wenn man etwas viel größer darstellt, als es ist.","Dass er todkrank ist, war eine totale Übertreibung.",,,,,,,,,,,,,,beruf|Die Pflegerin Wanda Semionova hat Rückenschmerzen.,2761
B2-0508,Gleichgewicht,das,,gleichgewicht,B2,Linie B2 Beruf,Kapitel 7 – Berufe im Gesundheitswesen,n,Balance,"Ein Zustand, in dem man nicht umfällt.",Er verlor das Gleichgewicht und stürzte.,,,,,,,,,,,,,,beruf|Die Pflegerin Wanda Semionova hat Rückenschmerzen.|nur Singular,2762
B2-0509,Basis,die,,basis,B2,Linie B2 Beruf,Kapitel 7 – Berufe im Gesundheitswesen,n,Basis / Foundation,Die Grundlage für etwas.,Eine gesunde Ernährung ist die Basis für Fitness.,Grundlage,,,,,,,,,,,,,beruf|Die Pflegerin Wanda Semionova hat Rückenschmerzen.|nur Singular,2763
B2-0510,akut,,,akut,B2,Linie B2 Beruf,Kapitel 7 – Berufe im Gesundheitswesen,adj,Acute,Plötzlich auftretend und heftig.,Er hat akute Schmerzen im Rücken.,,,,,,,,,,,,,,beruf|Ein Interview mit einem Krankenpfleger,2764
B2-0511,ambulant,,,ambulant,B2,Linie B2 Beruf,Kapitel 7 – Berufe im Gesundheitswesen,adj,Outpatient,Behandlung ohne Übernachtung im Krankenhaus.,Die Operation wurde ambulant durchgeführt.,,,,,,,,,,,,,,beruf|Ein Interview mit einem Krankenpfleger,2765
B2-0512,stationär,,,stationar,B2,Linie B2 Beruf,Kapitel 7 – Berufe im Gesundheitswesen,adj,Inpatient,Behandlung mit Übernachtung im Krankenhaus.,Der Patient muss für drei Tage stationär bleiben.,,,,,,,,,,,,,,beruf|Ein Interview mit einem Krankenpfleger,2766
B2-0513,Lungenentzündung,die,-en,lungenentzundung,B2,Linie B2 Beruf,Kapitel 7 – Berufe im Gesundheitswesen,n,Pneumonia,Eine schwere Entzündung der Lunge.,Eine Lungenentzündung muss im Krankenhaus behandelt werden.,,,,,,,,,,,,,,beruf|Ein Interview mit einem Krankenpfleger,2767
B2-0514,Pflegebericht,der,-e,pflegebericht,B2,Linie B2 Beruf,Kapitel 7 – Berufe im Gesundheitswesen,n,Nursing report,Eine Dokumentation über den Zustand eines Patienten.,Der Pfleger schreibt am Ende der Schicht den Pflegebericht.,,,,,,,,,,,,,,beruf|Ein Interview mit einem Krankenpfleger,2768
B2-0515,Hospiz,das,-e,hospiz,B2,Linie B2 Beruf,Kapitel 7 – Berufe im Gesundheitswesen,n,Hospice,Ein Ort für Menschen am Ende ihres Lebens.,Sie arbeitet ehrenamtlich in einem Hospiz.,,,,,,,,,,,,,,beruf|Ein Interview mit einem Krankenpfleger,2769
B2-0516,angewiesen sein,,,angewiesen sein,B2,Linie B2 Beruf,Kapitel 7 – Berufe im Gesundheitswesen,phrase,To be dependent on,Hilfe von jemandem oder etwas brauchen.,Er ist auf den Rollstuhl angewiesen.,,,,,Verben mit Präposition,auf,Akkusativ,,,,,,,beruf|Ein Interview mit einem Krankenpfleger,2770
B2-0517,verpflichtend,,,verpflichtend,B2,Linie B2 Beruf,Kapitel 7 – Berufe im Gesundheitswesen,adj,Mandatory / Obligatory,"Etwas, das man tun muss (Pflicht).",Der Kurs ist für alle Mitarbeiter verpflichtend.,,,,,,,,,,,,verpflichtender,am verpflichtendesten,beruf|Ein Interview mit einem Krankenpfleger,2771
B2-0518,beabsichtigen,,,beabsichtigen,B2,Linie B2 Beruf,Kapitel 7 – Berufe im Gesundheitswesen,v,To intend,"Den Plan haben, etwas zu tun.","Wir beabsichtigen, die Station zu vergrößern.",,,,,,,,beabsichtigt,beabsichtigte,hat beabsichtigt,haben,,,beruf|Ein Interview mit einem Krankenpfleger,2772
B2-0519,befürchten,,,befurchten,B2,Linie B2 Beruf,Kapitel 7 – Berufe im Gesundheitswesen,v,To fear / suspect,"Denken, dass etwas Negatives passiert.","Ich befürchte, dass er wieder krank wird.",,,,,,,,befürchtet,befürchtete,hat befürchtet,haben,,,beruf|Ein Interview mit einem Krankenpfleger,2773
B2-0520,bedauern,,,bedauern,B2,Linie B2 Beruf,Kapitel 7 – Berufe im Gesundheitswesen,v,To regret,"Sagen, dass einem etwas leidtut.","Wir bedauern sehr, dass Sie gehen.",,,,,,,,bedauert,bedauerte,hat bedauert,haben,,,beruf|Ein Interview mit einem Krankenpfleger,2774
B2-0521,liebevoll,,,liebevoll,B2,Linie B2 Beruf,Kapitel 7 – Berufe im Gesundheitswesen,adj,Affectionate / Caring,Mit viel Liebe und Sorgfalt.,Sie kümmert sich sehr liebevoll um die Senioren.,,,,,,,,,,,,liebevoller,am liebevollsten,beruf|Ein Interview mit einem Krankenpfleger,2775
B2-0522,Wert legen,,,wert legen,B2,Linie B2 Beruf,Kapitel 7 – Berufe im Gesundheitswesen,v,To set store by / value,Etwas als sehr wichtig betrachten.,Wir legen großen Wert auf Pünktlichkeit.,etwas/jemanden schätzen,,,,Verben mit Präposition,auf,Akkusativ,,,,,,,beruf|Ein Interview mit einem Krankenpfleger,2776
B2-0523,Tour,die,-en,tour,B2,Linie B2 Beruf,Kapitel 7 – Berufe im Gesundheitswesen,n,Round / Circuit,"Die Runde, die eine Pflegekraft macht.",Ich fahre jetzt meine erste Tour zu den Patienten.,,,,,,,,,,,,,,beruf|Ein Arbeitstag in der Pflege,2777
B2-0524,Kreislauf,der,,kreislauf,B2,Linie B2 Beruf,Kapitel 7 – Berufe im Gesundheitswesen,n,Circulation,Das System des Blutes im Körper.,Bei der Hitze hat sie Probleme mit dem Kreislauf.,,,,,,,,,,,,,,beruf|Ein Arbeitstag in der Pflege|nur Singular,2778
B2-0525,Blutdruck,der,,blutdruck,B2,Linie B2 Beruf,Kapitel 7 – Berufe im Gesundheitswesen,n,Blood pressure,Der Druck des Blutes in den Adern.,Der Arzt misst den Blutdruck des Patienten.,,,,,,,,,,,,,,beruf|Ein Arbeitstag in der Pflege|nur Singular,2779
B2-0526,Puls,der,,puls,B2,Linie B2 Beruf,Kapitel 7 – Berufe im Gesundheitswesen,n,Pulse,"Der Herzschlag, den man am Handgelenk fühlt.",Ihr Puls ist nach dem Laufen sehr hoch.,,,,,,,,,,,,,,beruf|Ein Arbeitstag in der Pflege|nur Singular,2780
B2-0527,Vorrat,der,¨e,vorrat,B2,Linie B2 Beruf,Kapitel 7 – Berufe im Gesundheitswesen,n,Supply / Stock,"Dinge, die man für später lagert.",Wir haben einen großen Vorrat an Verbandsmaterial.,,,,,,,,,,,,,,beruf|Ein Arbeitstag in der Pflege,2781
B2-0528,aggressiv,,,aggressiv,B2,Linie B2 Beruf,Kapitel 7 – Berufe im Gesundheitswesen,adj,Aggressive,Angreifend oder gewalttätig.,Manche Patienten werden im Alter leider aggressiv.,,,,,,,,,,,,aggressiver,am aggressivsten,beruf|Ein Arbeitstag in der Pflege,2782
B2-0529,Pflegekraft,die,¨e,pflegekraft,B2,Linie B2 Beruf,Kapitel 7 – Berufe im Gesundheitswesen,n,Caregiver / Nurse,"Eine Person, die beruflich pflegt.",Wir brauchen dringend mehr Pflegekräfte.,,,,,,,,,,,,,,beruf|Ein Arbeitstag in der Pflege,2783
B2-0530,etwas in den Griff bekommen,,,etwas in den griff bekommen,B2,Linie B2 Beruf,Kapitel 7 – Berufe im Gesundheitswesen,phrase,To get a handle on,Ein Problem unter Kontrolle bringen.,Wir müssen den Stress endlich in den Griff bekommen.,,,,,,,,,,,,,,beruf|Ein Arbeitstag in der Pflege,2784
B2-0531,Fakten,die,,fakten,B2,Linie B2 Beruf,Kapitel 7 – Berufe im Gesundheitswesen,n,Facts,"Tatsachen, die man beweisen kann.",Im Bericht zählen nur die nackten Fakten.,,,,,,,,,,,,,,beruf|Der Pflegebericht,2785
B2-0532,subjektiv,,,subjektiv,B2,Linie B2 Beruf,Kapitel 7 – Berufe im Gesundheitswesen,adj,Subjective ≠ Objective,Nach Gefühl ≠ Nach Fakten.,Berichte sollten objektiv und nicht subjektiv sein.,,objektiv,,,,,,,,,,subjektiver,am subjektivsten,beruf|Der Pflegebericht,2786
B2-0533,Einschätzung,die,-en,einschatzung,B2,Linie B2 Beruf,Kapitel 7 – Berufe im Gesundheitswesen,n,Assessment / Appraisal,Eine Meinung oder Bewertung einer Situation.,Wie ist Ihre Einschätzung zum Zustand des Patienten?,,,,,,,,,,,,,,beruf|Der Pflegebericht,2787
B2-0534,jemanden antreffen,,,jemanden antreffen,B2,Linie B2 Beruf,Kapitel 7 – Berufe im Gesundheitswesen,v,To find / meet someone,Jemanden an einem Ort finden.,Ich konnte den Arzt in seinem Büro nicht antreffen.,jemandem begegnen,,,,,,,,,,,,,beruf|Der Pflegebericht,2788
B2-0535,klagen,,,klagen,B2,Linie B2 Beruf,Kapitel 7 – Berufe im Gesundheitswesen,v,To complain (about),Über Schmerzen oder Probleme sprechen.,Der Patient klagt über starke Kopfschmerzen.,,,,,Verben mit Präposition,über,Akkusativ,klagt,klagte,hat geklagt,haben,,,beruf|Der Pflegebericht,2789
B2-0536,Schwindel,der,,schwindel,B2,Linie B2 Beruf,Kapitel 7 – Berufe im Gesundheitswesen,n,Dizziness,"Das Gefühl, dass sich alles dreht.",Ihm ist schlecht und er hat Schwindel.,,,,,,,,,,,,,,beruf|Der Pflegebericht|nur Singular,2790
B2-0537,jemanden verständigen,,,jemanden verstandigen,B2,Linie B2 Beruf,Kapitel 7 – Berufe im Gesundheitswesen,v,To notify someone,Jemandem eine Information geben oder Hilfe rufen.,Bei einem Notfall müssen Sie den Arzt verständigen.,,,,,,,,,,,,,,beruf|Der Pflegebericht,2791
B2-0538,eintreffen,,,eintreffen,B2,Linie B2 Beruf,Kapitel 7 – Berufe im Gesundheitswesen,v,To arrive,An einem Ort ankommen.,Der Krankenwagen wird in fünf Minuten eintreffen.,,,,,,,,trifft ein,traf ein,hat eingetroffen,haben,,,beruf|Der Pflegebericht,2792
B2-0539,jemanden motivieren,,,jemanden motivieren,B2,Linie B2 Beruf,Kapitel 7 – Berufe im Gesundheitswesen,v,To motivate someone,Jemandem Lust auf eine Aufgabe machen.,"Wir müssen ihn motivieren, wieder spazieren zu gehen.",,,,,,,,,,,,,,beruf|Der Pflegebericht,2793
B2-0540,verwirrt,,,verwirrt,B2,Linie B2 Beruf,Kapitel 7 – Berufe im Gesundheitswesen,adj,Confused,Wenn man nicht klar denken kann.,Der alte Mann wirkt heute sehr verwirrt.,,,,,,,,,,,,verwirrter,am verwirrtesten,beruf|Der Pflegebericht,2794
B2-0541,Stufe,die,-n,stufe,B2,Linie B2 Beruf,Kapitel 7 – Berufe im Gesundheitswesen,n,Step / Level,Ein Teil einer Treppe oder eine Phase.,Wir müssen das Problem Stufe für Stufe lösen.,Niveau,,,,,,,,,,,,,beruf|Vereinfache dein Leben,2795
B2-0542,durchschnittlich,,,durchschnittlich,B2,Linie B2 Beruf,Kapitel 7 – Berufe im Gesundheitswesen,adv,Average,Im Mittelwert.,Er arbeitet durchschnittlich 40 Stunden pro Woche.,,,,,,,,,,,,,,beruf|Vereinfache dein Leben,2796
B2-0543,Klarheit,die,,klarheit,B2,Linie B2 Beruf,Kapitel 7 – Berufe im Gesundheitswesen,n,Clarity,Wenn etwas eindeutig und verständlich ist.,Wir brauchen Klarheit über unsere Finanzen.,,,,,,,,,,,,,,beruf|Vereinfache dein Leben|nur Singular,2797
B2-0544,Durcheinander,das,,durcheinander,B2,Linie B2 Beruf,Kapitel 7 – Berufe im Gesundheitswesen,n,Mess / Chaos,Wenn nichts an seinem Platz ist.,Auf seinem Schreibtisch herrscht ein großes Durcheinander.,,,,,,,,,,,,,,beruf|Vereinfache dein Leben|nur Singular,2798
B2-0545,Kontostand,der,¨e,kontostand,B2,Linie B2 Beruf,Kapitel 7 – Berufe im Gesundheitswesen,n,Account balance,Wie viel Geld auf dem Bankkonto ist.,Ich muss erst meinen Kontostand prüfen.,,,,,,,,,,,,,,beruf|Vereinfache dein Leben,2799
B2-0546,Schulden,die,,schulden,B2,Linie B2 Beruf,Kapitel 7 – Berufe im Gesundheitswesen,n,Debts,"Geld, das man anderen zurückzahlen muss.",Er hat viele Schulden bei der Bank.,,,,,,,,,,,,,,beruf|Vereinfache dein Leben,2800
B2-0547,Darlehen,das,,darlehen,B2,Linie B2 Beruf,Kapitel 7 – Berufe im Gesundheitswesen,n,Loan,Geliehenes Geld (oft von einer Bank).,Für das Haus haben wir ein Darlehen aufgenommen.,Kredit,,,,,,,,,,,,,beruf|Vereinfache dein Leben,2801
B2-0548,sich drehen,,,sich drehen,B2,Linie B2 Beruf,Kapitel 7 – Berufe im Gesundheitswesen,v,To revolve around,Wenn etwas das wichtigste Thema ist.,Alles dreht sich um das neue Projekt.,,,,,Verben mit Präposition,um,Akkusativ,dreht,drehte,hat gedreht,haben,,,beruf|Vereinfache dein Leben,2802
B2-0549,verdrängen,,,verdrangen,B2,Linie B2 Beruf,Kapitel 7 – Berufe im Gesundheitswesen,v,To suppress / push away,Etwas Unangenehmes ignorieren.,Man sollte Probleme nicht einfach verdrängen.,,,,,,,,verdrängt,verdrängte,hat verdrängt,haben,,,beruf|Vereinfache dein Leben,2803
B2-0550,langfristig,,,langfristig,B2,Linie B2 Beruf,Kapitel 7 – Berufe im Gesundheitswesen,adj,Long-term,Über einen langen Zeitraum hinweg.,Wir suchen eine langfristige Lösung.,,,,,,,,,,,,langfristiger,am langfristigsten,beruf|Vereinfache dein Leben,2804
B2-0551,Streit,der,,streit,B2,Linie B2 Beruf,Kapitel 7 – Berufe im Gesundheitswesen,n,Argument / Fight,Ein Konflikt zwischen Personen.,Sie hatten einen heftigen Streit über das Geld.,,,,,,,,,,,,,,beruf|Vereinfache dein Leben|nur Singular,2805
B2-0552,Neid,der,,neid,B2,Linie B2 Beruf,Kapitel 7 – Berufe im Gesundheitswesen,n,Envy,"Wenn man will, was ein anderer hat.",Neid macht unglücklich.,,,,,,,,,,,,,,beruf|Vereinfache dein Leben|nur Singular,2806
B2-0553,Überzeugung,die,-en,uberzeugung,B2,Linie B2 Beruf,Kapitel 7 – Berufe im Gesundheitswesen,n,Conviction / Belief,Eine feste Meinung.,"Ich bin der Überzeugung, dass wir das schaffen.",,,,,,,,,,,,,,beruf|Vereinfache dein Leben,2807
B2-0554,jemandem begegnen,,,jemandem begegnen,B2,Linie B2 Beruf,Kapitel 7 – Berufe im Gesundheitswesen,v,To encounter / meet someone,Jemanden zufällig treffen.,Ich bin ihm heute morgen im Flur begegnet.,jemanden antreffen,,,,,,,,,,,,,beruf|Vereinfache dein Leben,2808
B2-0555,Feststellung,die,-en,feststellung,B2,Linie B2 Beruf,Kapitel 7 – Berufe im Gesundheitswesen,n,Finding / Realization,Eine Bemerkung oder Erkenntnis.,Das ist eine wichtige Feststellung.,Verwirklichung|Umsetzung,,,,,,,,,,,,,beruf|Vereinfache dein Leben,2809
B2-0556,zwangsläufig,,,zwangslaufig,B2,Linie B2 Beruf,Kapitel 7 – Berufe im Gesundheitswesen,adv,Inevitable / Necessary,"Etwas, das automatisch passiert.","Wer nicht lernt, wird zwangsläufig Fehler machen.",,,,,,,,,,,,,,beruf|Vereinfache dein Leben,2810
B2-0557,Belastung,die,-en,belastung,B2,Linie B2 Beruf,Kapitel 7 – Berufe im Gesundheitswesen,n,Burden / Strain,"Etwas, das anstrengend oder schwer ist.",Der Lärm ist eine große Belastung.,,,,,,,,,,,,,,beruf|Vereinfache dein Leben,2811
B2-0558,Prinzip,das,-ien,prinzip,B2,Linie B2 Beruf,Kapitel 7 – Berufe im Gesundheitswesen,n,Principle,Eine feste Regel oder Grundlage.,Das ist gegen meine Prinzipien.,,,,,,,,,,,,,,beruf|Vereinfache dein Leben,2812
B2-0559,Beschleunigung,die,,beschleunigung,B2,Linie B2 Beruf,Kapitel 7 – Berufe im Gesundheitswesen,n,Acceleration,Wenn etwas schneller wird.,Wir brauchen eine Beschleunigung der Prozesse.,,,,,,,,,,,,,,beruf|Vereinfache dein Leben|nur Singular,2813
B2-0560,Entschleunigung,die,,entschleunigung,B2,Linie B2 Beruf,Kapitel 7 – Berufe im Gesundheitswesen,n,Slowing down,Bewusst langsamer werden (gegen Stress).,Urlaub dient der Entschleunigung.,,,,,,,,,,,,,,beruf|Vereinfache dein Leben|nur Singular,2814
B2-0561,Einstellung,die,,einstellung,B2,Linie B2 Beruf,Kapitel 7 – Berufe im Gesundheitswesen,n,Attitude (towards),Die eigene Meinung zu einem Thema.,Er hat eine positive Einstellung zur Arbeit.,,,,,Nomen mit Präposition,zu,Dativ,,,,,,,beruf|Vereinfache dein Leben,2815
B2-0562,unnötig,,,unnotig,B2,Linie B2 Beruf,Kapitel 7 – Berufe im Gesundheitswesen,adj,Unnecessary,"Etwas, das man nicht braucht.","Kauf dir das nicht, das ist unnötig.",,,,,,,,,,,,unnötiger,am unnötigsten,beruf|Vereinfache dein Leben,2816
B2-0563,Podiumsdiskussion,die,-en,podiumsdiskussion,B2,Linie B2 Beruf,Kapitel 7 – Berufe im Gesundheitswesen,n,Panel discussion,Ein Gespräch von Experten vor Publikum.,Heute Abend gibt es eine Podiumsdiskussion.,,,,,,,,,,,,,,beruf|Vereinfache dein Leben,2817
B2-0564,Vertreter / die Vertreterin,der,,vertreter / die vertreterin,B2,Linie B2 Beruf,Kapitel 7 – Berufe im Gesundheitswesen,n,Representative,"Jemand, der für eine Gruppe spricht.",Er ist der Vertreter der Gewerkschaft.,,,,,,,,,,,,,,beruf|Vereinfache dein Leben,2818
B2-0565,sich beschränken,,,sich beschranken,B2,Linie B2 Beruf,Kapitel 7 – Berufe im Gesundheitswesen,v,To limit oneself (to),Nur das Nötigste tun oder haben.,Wir müssen uns auf die wichtigsten Fakten beschränken.,,,,,Verben mit Präposition,auf,Akkusativ,beschränkt,beschränkte,hat beschränkt,haben,,,beruf|Vereinfache dein Leben,2819
B2-0566,Work-Life-Balance,die,,work-life-balance,B2,Linie B2 Beruf,Kapitel 7 – Berufe im Gesundheitswesen,n,Work-life balance,Gleichgewicht zwischen Job und Freizeit.,Eine gute Work-Life-Balance verhindert Burnout.,,,,,,,,,,,,,,beruf|Vereinfache dein Leben|nur Singular,2820
B2-0567,grundlegend,,,grundlegend,B2,Linie B2 Beruf,Kapitel 7 – Berufe im Gesundheitswesen,adj,Fundamental / Basic,Ganz wichtig und elementar.,Wir planen eine grundlegende Änderung.,,,,,,,,,,,,grundlegender,am grundlegendesten,beruf|Vereinfache dein Leben,2821
B2-0568,Revolution,die,-en,revolution,B2,Linie B2 Beruf,Kapitel 7 – Berufe im Gesundheitswesen,n,Revolution,"Eine plötzliche, große Veränderung.",Das Internet war eine technische Revolution.,,,,,,,,,,,,,,beruf|Vereinfache dein Leben,2822
B2-0569,zum Ausgleich,,,zum ausgleich,B2,Linie B2 Beruf,Kapitel 7 – Berufe im Gesundheitswesen,phrase,To balance / compensate,Um eine Balance zu schaffen.,Ich mache Yoga zum Ausgleich zum Bürojob.,,,,,,,,,,,,,,beruf|Vereinfache dein Leben,2823
B2-0570,etwas als ... betrachten,,,etwas als ... betrachten,B2,Linie B2 Beruf,Kapitel 7 – Berufe im Gesundheitswesen,phrase,To consider something as,Eine bestimmte Meinung über etwas haben.,Er betrachtet die Arbeit als sein Hobby.,,,,,,,,,,,,,,beruf|Vereinfache dein Leben,2824
B2-0571,permanent,,,permanent,B2,Linie B2 Beruf,Kapitel 7 – Berufe im Gesundheitswesen,adv,Permanent / Constant,Dauerhaft; die ganze Zeit.,Er ist permanent am Telefon.,,,,,,,,,,,,,,beruf|Vereinfache dein Leben,2825
B2-0572,Homeoffice,das,-s,homeoffice,B2,Linie B2 Beruf,Kapitel 7 – Berufe im Gesundheitswesen,n,Home office,Arbeit von zu Hause aus.,Freitags arbeite ich meistens im Homeoffice.,,,,,,,,,,,,,,beruf|Vereinfache dein Leben,2826
B2-0573,sich eine Existenz aufbauen,,,sich eine existenz aufbauen,B2,Linie B2 Beruf,Kapitel 7 – Berufe im Gesundheitswesen,v,To build a life/career,Sich eine berufliche Grundlage schaffen.,Er will sich als Grafiker eine Existenz aufbauen.,,,,,,,,,,,,,,beruf|Vereinfache dein Leben,2827
B2-0574,aus meiner Sicht,,,aus meiner sicht,B2,Linie B2 Beruf,Kapitel 7 – Berufe im Gesundheitswesen,phrase,From my point of view,Meiner Meinung nach.,Aus meiner Sicht ist das eine gute Idee.,,,,,,,,,,,,,,beruf|Vereinfache dein Leben,2828
B2-0575,Gericht,das,-e,gericht,B2,Linie B2 Beruf,Kapitel 8 – In der Gastronomie,n,Dish / Meal,Eine zubereitete Speise.,Welches Gericht können Sie heute empfehlen?,,,,,,,,,,,,,,beruf|Kochen und essen,2829
B2-0576,mild,,,mild,B2,Linie B2 Beruf,Kapitel 8 – In der Gastronomie,adj,Mild ≠ Spicy,Nicht intensiv gewürzt ≠ brennend im Geschmack.,"Das Curry ist nicht mild, sondern ziemlich scharf.",,scharf,,,,,,,,,,milder,am mildesten,beruf|Kochen und essen,2830
B2-0577,silberne Hochzeit,die,-en,silberne hochzeit,B2,Linie B2 Beruf,Kapitel 8 – In der Gastronomie,n,Silver wedding anniversary,Das Fest nach 25 Jahren Ehe.,Sie feiern ihre silberne Hochzeit im Restaurant.,,,,,,,,,,,,,,beruf|Vielfalt des Angebots,2831
B2-0578,gewürzt,,,gewurzt,B2,Linie B2 Beruf,Kapitel 8 – In der Gastronomie,adj,Seasoned / Spiced,"Mit Salz, Pfeffer oder Kräutern verfeinert.",Die Suppe ist perfekt mit frischen Kräutern gewürzt.,,,,,,,,,,,,gewürzter,am gewürztesten,beruf|Vielfalt des Angebots,2832
B2-0579,kompetent,,,kompetent,B2,Linie B2 Beruf,Kapitel 8 – In der Gastronomie,adj,Competent / Capable,Fachlich geschickt und gut informiert.,Unser Servicepersonal ist sehr aufmerksam und kompetent.,,,,,,,,,,,,kompetenter,am kompetentesten,beruf|Vielfalt des Angebots,2833
B2-0580,Sorgfalt,die,,sorgfalt,B2,Linie B2 Beruf,Kapitel 8 – In der Gastronomie,n,Care / Diligence,Sehr genaue und ordentliche Arbeit.,In der Küche ist absolute Sorgfalt bei der Hygiene nötig.,,,,,,,,,,,,,,beruf|Vielfalt des Angebots|nur Singular,2834
B2-0581,vegan,,,vegan,B2,Linie B2 Beruf,Kapitel 8 – In der Gastronomie,adj,Vegan,Ohne jegliche tierische Produkte.,Haben Sie auch eine vegane Alternative auf der Karte?,,,,,,,,,,,,,,beruf|Vielfalt des Angebots,2835
B2-0582,Allergiker,der,- / die -in,allergiker,B2,Linie B2 Beruf,Kapitel 8 – In der Gastronomie,n,Allergy sufferer,"Jemand, der bestimmte Stoffe nicht verträgt.",Für Allergiker bieten wir glutenfreie Gerichte an.,,,,,,,,,,,,,,beruf|Vielfalt des Angebots,2836
B2-0583,Liebhaber,der,- / die -in,liebhaber,B2,Linie B2 Beruf,Kapitel 8 – In der Gastronomie,n,Enthusiast / Lover,"Jemand, der eine bestimmte Sache sehr mag.",Das Steakhouse ist ein Paradies für Fleischliebhaber.,,,,,,,,,,,,,,beruf|Vielfalt des Angebots,2837
B2-0584,erstklassig,,,erstklassig,B2,Linie B2 Beruf,Kapitel 8 – In der Gastronomie,adj,First-class / Excellent,Von hervorragender Qualität.,Der Fisch schmeckt absolut erstklassig.,,,,,,,,,,,,erstklassiger,am erstklassigsten,beruf|Vielfalt des Angebots,2838
B2-0585,Zutat,die,-en,zutat,B2,Linie B2 Beruf,Kapitel 8 – In der Gastronomie,n,Ingredient,"Bestandteil, den man zum Kochen braucht.",Kaufen wir alle Zutaten frisch auf dem Markt?,,,,,,,,,,,,,,beruf|Vielfalt des Angebots,2839
B2-0586,umfangreich,,,umfangreich,B2,Linie B2 Beruf,Kapitel 8 – In der Gastronomie,adj,Extensive / Comprehensive,Sehr groß; mit vielen Optionen.,Unsere Weinkarte ist sehr umfangreich.,,,,,,,,,,,,umfangreicher,am umfangreichsten,beruf|Vielfalt des Angebots,2840
B2-0587,Genuss,der,¨e,genuss,B2,Linie B2 Beruf,Kapitel 8 – In der Gastronomie,n,Enjoyment / Delight,Eine große Freude beim Essen oder Trinken.,Dieses Dessert ist ein echter Genuss.,,,,,,,,,,,,,,beruf|Vielfalt des Angebots,2841
B2-0588,zeitgemäß,,,zeitgemass,B2,Linie B2 Beruf,Kapitel 8 – In der Gastronomie,adj,Contemporary / Modern,Passend zur heutigen Zeit.,"Eine moderne, zeitgemäße Küche bietet leichte Speisen an.",,,,,,,,,,,,zeitgemäßer,am zeitgemäßesten,beruf|Vielfalt des Angebots,2842
B2-0589,Trend,der,-s,trend,B2,Linie B2 Beruf,Kapitel 8 – In der Gastronomie,n,Trend,"Eine neue, beliebte Entwicklung.",Alkoholfreie Cocktails liegen aktuell voll im Trend.,,,,,,,,,,,,,,beruf|Vielfalt des Angebots,2843
B2-0590,knusprig,,,knusprig,B2,Linie B2 Beruf,Kapitel 8 – In der Gastronomie,adj,Crispy / Crunchy,Fest und frisch gebacken oder gebraten.,Die Pommes sind schön knusprig.,,,,,,,,,,,,knuspriger,am knusprigsten,beruf|Vielfalt des Angebots,2844
B2-0591,cremig,,,cremig,B2,Linie B2 Beruf,Kapitel 8 – In der Gastronomie,adj,Creamy,Weich und dickflüssig (wie Sahne).,Die Suppe ist wunderbar cremig.,,,,,,,,,,,,cremiger,am cremigsten,beruf|Vielfalt des Angebots,2845
B2-0592,reichhaltig,,,reichhaltig,B2,Linie B2 Beruf,Kapitel 8 – In der Gastronomie,adj,Rich / Plentiful / Abundant,Mit vielen Kalorien oder reich an Auswahl.,Das Frühstücksbüfett ist sehr reichhaltig.,,,,,,,,,,,,reichhaltiger,am reichhaltigsten,beruf|Vielfalt des Angebots,2846
B2-0593,bewährt,,,bewahrt,B2,Linie B2 Beruf,Kapitel 8 – In der Gastronomie,adj,Proven / Time-tested,Schon lange bekannt und für gut befunden.,"Das ist ein altes, bewährtes Familienrezept.",,,,,,,,,,,,bewährter,am bewährtesten,beruf|Vielfalt des Angebots,2847
B2-0594,würzig,,,wurzig,B2,Linie B2 Beruf,Kapitel 8 – In der Gastronomie,adj,Savory / Flavorful / Spicy,"Mit kräftigem, gutem Eigengeschmack.",Der Käse hat ein sehr würziges Aroma.,,,,,,,,,,,,würziger,am würzigsten,beruf|Vielfalt des Angebots,2848
B2-0595,Ambiente,das,,ambiente,B2,Linie B2 Beruf,Kapitel 8 – In der Gastronomie,n,Ambience / Atmosphere,Die besondere Stimmung eines Raumes.,Das Restaurant hat ein gemütliches Ambiente.,,,,,,,,,,,,,,beruf|Vielfalt des Angebots|nur Singular,2849
B2-0596,Speisesaal,der,-säle,speisesaal,B2,Linie B2 Beruf,Kapitel 8 – In der Gastronomie,n,Dining hall,Ein großer Raum zum Essen.,"Das Hotel hat einen großen, hellen Speisesaal.",,,,,,,,,,,,,,beruf|Vielfalt des Angebots,2850
B2-0597,bewerten,,,bewerten,B2,Linie B2 Beruf,Kapitel 8 – In der Gastronomie,v,To rate / evaluate,"Sagen oder schreiben, wie gut etwas war.",Die Gäste bewerten unseren Service im Internet sehr positiv.,,,,,,,,bewertet,bewertete,hat bewertet,haben,,,beruf|Vielfalt des Angebots,2851
B2-0598,Bewertung,die,-en,bewertung,B2,Linie B2 Beruf,Kapitel 8 – In der Gastronomie,n,Review / Rating,Die Benotung im Internet oder Magazin.,Das Restaurant hat eine Fünf-Sterne-Bewertung erhalten.,,,,,,,,,,,,,,beruf|Vielfalt des Angebots,2852
B2-0599,Pluspunkt,der,-e,pluspunkt,B2,Linie B2 Beruf,Kapitel 8 – In der Gastronomie,n,Advantage / Asset / Plus point,Ein Vorteil einer Sache.,Die zentrale Lage des Cafés ist ein großer Pluspunkt.,Nutzen,,,,,,,,,,,,,beruf|Vielfalt des Angebots,2853
B2-0600,aromatisch,,,aromatisch,B2,Linie B2 Beruf,Kapitel 8 – In der Gastronomie,adj,Aromatic,Intensiv und gut duftend oder schmeckend.,Die Tomaten sind frisch und sehr aromatisch.,,,,,,,,,,,,aromatischer,am aromatischesten,beruf|Vielfalt des Angebots,2854
B2-0601,sich etwas gönnen,,,sich etwas gonnen,B2,Linie B2 Beruf,Kapitel 8 – In der Gastronomie,v,To treat oneself to something,Sich freiwillig etwas Schönes kaufen.,Am Wochenende gönne ich mir ein teures Abendessen.,,,,,,,,,,,,,,beruf|Vielfalt des Angebots,2855
B2-0602,Portion,die,-en,portion,B2,Linie B2 Beruf,Kapitel 8 – In der Gastronomie,n,Portion / Serving,Die Menge an Essen auf einem Teller.,"Die Portionen hier sind riesig, man wird gut satt.",,,,,,,,,,,,,,beruf|Vielfalt des Angebots,2856
B2-0603,Gang,der,¨e,gang,B2,Linie B2 Beruf,Kapitel 8 – In der Gastronomie,n,Course (of a meal),Ein Teil eines mehrteiligen Menüs.,Als ersten Gang servieren wir eine feine Suppe.,,,,,,,,,,,,,,beruf|Vielfalt des Angebots,2857
B2-0604,zuverlässig,,,zuverlassig,B2,Linie B2 Beruf,Kapitel 8 – In der Gastronomie,adj,Reliable,"Jemand, auf den man sich verlassen kann.",Unser Gemüse-Lieferant ist absolut zuverlässig.,,,,,,,,,,,,zuverlässiger,am zuverlässigsten,beruf|Vielfalt des Angebots,2858
B2-0605,schwören,,,schworen,B2,Linie B2 Beruf,Kapitel 8 – In der Gastronomie,v,To swear by something,Fest von einer Sache überzeugt sein.,Unser Küchenchef schwört auf französische Butter.,,,,,Verben mit Präposition,auf,Akkusativ,schwört,schwörte,hat geschwört,haben,,,beruf|Vielfalt des Angebots,2859
B2-0606,Topf,der,¨e,topf,B2,Linie B2 Beruf,Kapitel 8 – In der Gastronomie,n,Pot,Ein tiefes Gefäß zum Kochen von Suppe.,Wasser kocht am schnellsten mit einem Deckel auf dem Topf.,,,,,,,,,,,,,,beruf|Im Kochkurs,2860
B2-0607,Pfanne,die,-n,pfanne,B2,Linie B2 Beruf,Kapitel 8 – In der Gastronomie,n,Pan / Skillet,Ein flaches Gefäß zum Braten von Fleisch.,"Gib etwas Öl in die Pfanne, bevor du das Fleisch brätst.",,,,,,,,,,,,,,beruf|Im Kochkurs,2861
B2-0608,Backblech,das,-e,backblech,B2,Linie B2 Beruf,Kapitel 8 – In der Gastronomie,n,Baking sheet / tray,Eine flache Metallplatte für den Ofen.,Kuchen wird direkt auf dem Backblech gebacken.,,,,,,,,,,,,,,beruf|Im Kochkurs,2862
B2-0609,Schüssel,die,-n,schussel,B2,Linie B2 Beruf,Kapitel 8 – In der Gastronomie,n,Bowl,"Ein tiefes Gefäß, z.B. für Salat.",Stell bitte die Schüssel mit dem Salat auf den Tisch.,,,,,,,,,,,,,,beruf|Im Kochkurs,2863
B2-0610,Sieb,das,-e,sieb,B2,Linie B2 Beruf,Kapitel 8 – In der Gastronomie,n,Strainer / Colander / Sieve,Gerät mit Löchern zum Trennen von Wasser.,Schütte die Nudeln nach dem Kochen in ein Sieb.,,,,,,,,,,,,,,beruf|Im Kochkurs,2864
B2-0611,Waage,die,-n,waage,B2,Linie B2 Beruf,Kapitel 8 – In der Gastronomie,n,Scale,Gerät zum Messen von Gewicht.,"Nutze die Waage, um 500 Gramm Mehl abzuwiegen.",,,,,,,,,,,,,,beruf|Im Kochkurs,2865
B2-0612,Pfeffermühle,die,-n,pfeffermuhle,B2,Linie B2 Beruf,Kapitel 8 – In der Gastronomie,n,Pepper mill / grinder,Gerät zum feinen Zermahlen von Pfeffer.,Reiche mir bitte kurz die Pfeffermühle.,,,,,,,,,,,,,,beruf|Im Kochkurs,2866
B2-0613,Salzstreuer,der,,salzstreuer,B2,Linie B2 Beruf,Kapitel 8 – In der Gastronomie,n,Salt shaker,Ein kleines Gefäß für Salz auf dem Tisch.,Der Salzstreuer steht direkt neben dem Brot.,,,,,,,,,,,,,,beruf|Im Kochkurs,2867
B2-0614,Knoblauchpresse,die,-n,knoblauchpresse,B2,Linie B2 Beruf,Kapitel 8 – In der Gastronomie,n,Garlic press,Werkzeug zum feinen Zerdrücken von Knoblauch.,Mit der Knoblauchpresse spart man viel Zeit.,,,,,,,,,,,,,,beruf|Im Kochkurs,2868
B2-0615,Mixer,der,,mixer,B2,Linie B2 Beruf,Kapitel 8 – In der Gastronomie,n,Blender / Mixer,Elektrisches Gerät zum Pürieren.,"Mixe die Früchte mit dem Mixer, bis sie flüssig sind.",,,,,,,,,,,,,,beruf|Im Kochkurs,2869
B2-0616,abwiegen,,,abwiegen,B2,Linie B2 Beruf,Kapitel 8 – In der Gastronomie,v,To weigh out,Das genaue Gewicht bestimmen.,Wir müssen die Zutaten für den Teig exakt abwiegen.,,,,,,,,wiegt ab,wog ab,hat abgewogen,haben,,,beruf|Im Kochkurs,2870
B2-0617,reiben,,,reiben,B2,Linie B2 Beruf,Kapitel 8 – In der Gastronomie,v,To grate / rub,Etwas mit einer Reibe zerkleinern (Käse).,Kannst du bitte den Parmesan für die Pasta reiben?,,,,,,,,reibt,rieb,hat gerieben,haben,,,beruf|Im Kochkurs,2871
B2-0618,rühren,,,ruhren,B2,Linie B2 Beruf,Kapitel 8 – In der Gastronomie,v,To stir / mix,Flüssigkeiten mit einem Löffel bewegen.,"Du musst die Suppe ständig rühren, damit sie nicht anbrennt.",vermischen,,,,,,,rührt,rührte,hat gerührt,haben,,,beruf|Im Kochkurs,2872
B2-0619,braten,,,braten,B2,Linie B2 Beruf,Kapitel 8 – In der Gastronomie,v,To fry / roast,Essen in der Pfanne bei Hitze garen.,Wir braten die Steaks circa drei Minuten pro Seite.,,,,,,,,brät,briet,hat gebraten,haben,,,beruf|Im Kochkurs,2873
B2-0620,schälen,,,schalen,B2,Linie B2 Beruf,Kapitel 8 – In der Gastronomie,v,To peel,Die Schale von Obst oder Gemüse entfernen.,Vor dem Kochen muss man die Kartoffeln schälen.,,,,,,,,schält,schälte,hat geschält,haben,,,beruf|Im Kochkurs,2874
B2-0621,zäh,,,zah,B2,Linie B2 Beruf,Kapitel 8 – In der Gastronomie,adj,Tough / Chewy,"Fleisch, das schwer zu kauen ist.",Das Rindfleisch war leider zu lang im Ofen und ist sehr zäh.,,,,,,,,,,,,zäher,am zähsten,beruf|Im Kochkurs,2875
B2-0622,Schürze,die,-n,schurze,B2,Linie B2 Beruf,Kapitel 8 – In der Gastronomie,n,Apron,Kleidungsschutz für die Arbeit in der Küche.,"Binde dir die Schürze um, damit deine Kleidung sauber bleibt.",,,,,,,,,,,,,,beruf|Im Kochkurs,2876
B2-0623,etwas vermitteln,,,etwas vermitteln,B2,Linie B2 Beruf,Kapitel 8 – In der Gastronomie,v,To convey / pass on,Wissen oder Jobs an andere weitergeben.,Der Kurs vermittelt grundlegende Kochtechniken.,,,,,,,,,,,,,,beruf|Berufe rund ums Essen,2877
B2-0624,vorausdenken,,,vorausdenken,B2,Linie B2 Beruf,Kapitel 8 – In der Gastronomie,v,To think ahead,Pläne für die Zukunft im Kopf machen.,Als Küchenchef muss man immer ein paar Tage vorausdenken.,,,,,,,,denkt voraus,dachte voraus,hat vorausgedacht,haben,,,beruf|Berufe rund ums Essen,2878
B2-0625,verantwortungsvoll,,,verantwortungsvoll,B2,Linie B2 Beruf,Kapitel 8 – In der Gastronomie,adj,Responsible,Mit großer Pflicht bewusst handelnd.,Das Management eines Restaurants ist eine verantwortungsvolle Aufgabe.,zuständig,,,,,,,,,,,verantwortungsvoller,am verantwortungsvollsten,beruf|Berufe rund ums Essen,2879
B2-0626,erfahren,,,erfahren,B2,Linie B2 Beruf,Kapitel 8 – In der Gastronomie,v,Experienced,Wenn man einen Job schon sehr lange macht.,Sie ist eine sehr erfahrene Restaurantleiterin.,,,,,,,,erfahrt,erfahrte,hat erfahrt,haben,,,beruf|Berufe rund ums Essen,2880
B2-0627,eigenverantwortlich,,,eigenverantwortlich,B2,Linie B2 Beruf,Kapitel 8 – In der Gastronomie,adj,On one's own responsibility,"Selbstständig, ohne ständige Kontrolle arbeiten.",Jeder Koch arbeitet in seinem Bereich eigenverantwortlich.,,,,,,,,,,,,eigenverantwortlicher,am eigenverantwortlichsten,beruf|Berufe rund ums Essen,2881
B2-0628,serviceorientiert,,,serviceorientiert,B2,Linie B2 Beruf,Kapitel 8 – In der Gastronomie,adj,Service-oriented,Sehr freundlich und hilfsbereit zum Kunden.,Unser Service muss absolut serviceorientiert sein.,,,,,,,,,,,,serviceorientierter,am serviceorientiertesten,beruf|Berufe rund ums Essen,2882
B2-0629,engagiert,,,engagiert,B2,Linie B2 Beruf,Kapitel 8 – In der Gastronomie,adj,Committed / Dedicated,Mit viel persönlichem Einsatz bei der Arbeit.,Der neue Azubi zeigt sich in der Küche sehr engagiert.,,,,,,,,,,,,engagierter,am engagiertesten,beruf|Berufe rund ums Essen,2883
B2-0630,belastbar,,,belastbar,B2,Linie B2 Beruf,Kapitel 8 – In der Gastronomie,adj,Resilient / Able to work under pressure,Kann gut mit großem Stress umgehen.,"Am Wochenende ist es stressig, da muss man belastbar sein.",,,,,,,,,,,,belastbarer,am belastbarsten,beruf|Berufe rund ums Essen,2884
B2-0631,Teamfähigkeit,die,,teamfahigkeit,B2,Linie B2 Beruf,Kapitel 8 – In der Gastronomie,n,Teamwork skills,Gut mit anderen Kollegen arbeiten können.,Ohne Teamfähigkeit funktioniert eine Großküche nicht.,,,,,,,,,,,,,,beruf|Berufe rund ums Essen|nur Singular,2885
B2-0632,Geschicklichkeit,die,,geschicklichkeit,B2,Linie B2 Beruf,Kapitel 8 – In der Gastronomie,n,Dexterity / Skillfulness,Feinmotorisches Talent mit den Händen.,Beim Verzieren von Torten braucht man Geschicklichkeit.,,,,,,,,,,,,,,beruf|Berufe rund ums Essen|nur Singular,2886
B2-0633,Durchsetzungsvermögen,das,,durchsetzungsvermogen,B2,Linie B2 Beruf,Kapitel 8 – In der Gastronomie,n,Assertiveness,Seine Meinung oder Befehle durchsetzen können.,Eine Küchenchefin braucht ein starkes Durchsetzungsvermögen.,,,,,,,,,,,,,,beruf|Berufe rund ums Essen,2887
B2-0634,Vollständigkeit,die,,vollstandigkeit,B2,Linie B2 Beruf,Kapitel 8 – In der Gastronomie,n,Completeness,Wenn absolut nichts fehlt.,Prüfen Sie die Lieferung bei der Ankunft auf Vollständigkeit.,,,,,,,,,,,,,,beruf|Berufe rund ums Essen|nur Singular,2888
B2-0635,Verbrauch,der,,verbrauch,B2,Linie B2 Beruf,Kapitel 8 – In der Gastronomie,n,Consumption / Usage,"Die Menge, die verbraucht wird.",Der Verbrauch an Kaffeebohnen ist im Café sehr hoch.,,,,,,,,,,,,,,beruf|Berufe rund ums Essen|nur Singular,2889
B2-0636,zuständig sein,,,zustandig sein,B2,Linie B2 Beruf,Kapitel 8 – In der Gastronomie,phrase,To be responsible for,Für einen Bereich die Verantwortung haben.,Wer ist für den Weinkeller zuständig?,,,,,Verben mit Präposition,für,Akkusativ,,,,,,,beruf|Berufe rund ums Essen,2890
B2-0637,achten,,,achten,B2,Linie B2 Beruf,Kapitel 8 – In der Gastronomie,v,To pay attention to,Auf Details oder Regeln aufpassen.,Achten Sie besonders auf die Frische des Fisches.,,,,,Verben mit Präposition,auf,Akkusativ,achtet,achtete,hat geachtet,haben,,,beruf|Berufe rund ums Essen,2891
B2-0638,Ruhe bewahren,,,ruhe bewahren,B2,Linie B2 Beruf,Kapitel 8 – In der Gastronomie,v,To keep calm,In einer stressigen Situation leise und cool bleiben.,"Wenn die Küche voll ist, muss das Servicepersonal Ruhe bewahren.",,,,,,,,,,,,,,beruf|Berufe rund ums Essen,2892
B2-0639,einen Beruf ausüben,,,einen beruf ausuben,B2,Linie B2 Beruf,Kapitel 8 – In der Gastronomie,phrase,To practice/exercise a profession,Aktiv in einem Job arbeiten.,Er übt den Beruf des Kochs seit fünf Jahren aus.,,,,,,,,,,,,,,beruf|Berufe rund ums Essen,2893
B2-0640,Einzelhandel,der,,einzelhandel,B2,Linie B2 Beruf,Kapitel 8 – In der Gastronomie,n,Retail sector,Der Verkauf von Waren direkt an Endkunden.,"Bevor sie im Restaurant anfing, arbeitete sie im Einzelhandel.",,,,,,,,,,,,,,beruf|Berufe rund ums Essen|nur Singular,2894
B2-0641,aussagekräftig,,,aussagekraftig,B2,Linie B2 Beruf,Kapitel 8 – In der Gastronomie,adj,Meaningful / Informative,Mit klaren Fakten und hohem Informationswert.,Ihre Bewerbung sollte aussagekräftig sein.,,,,,,,,,,,,aussagekräftiger,am aussagekräftigsten,beruf|Berufe rund ums Essen,2895
B2-0642,seither,,,seither,B2,Linie B2 Beruf,Kapitel 8 – In der Gastronomie,adv,Since then / Ever since,Seit einem bestimmten Zeitpunkt in der Vergangenheit.,"Er hat die Karte geändert, seither kommen mehr Gäste.",,,,,,,,,,,,,,beruf|Berufe rund ums Essen,2896
B2-0643,aufgeschlossen,,,aufgeschlossen,B2,Linie B2 Beruf,Kapitel 8 – In der Gastronomie,v,Open-minded / Sociable,Freundlich und interessiert an neuen Dingen/Menschen.,Unser Service-Team ist sehr aufgeschlossen und kommunikativ.,unvoreingenommen,,,,,,,aufgeschlosst,aufgeschlosste,hat geaufgeschlosst,haben,,,beruf|Berufe rund ums Essen,2897
B2-0644,verderben,,,verderben,B2,Linie B2 Beruf,Kapitel 8 – In der Gastronomie,v,To spoil / go bad,Wenn Essen schlecht und ungenießbar wird.,Fisch kann ungekühlt sehr schnell verderben.,,,,,,,,verderbt,verderbte,hat verderbt,haben,,,beruf|Berufe rund ums Essen,2898
B2-0645,vorrätig sein,,,vorratig sein,B2,Linie B2 Beruf,Kapitel 8 – In der Gastronomie,phrase,To be in stock / available,Im Lager vorhanden sein.,Diese Weinsorte ist momentan leider nicht mehr vorrätig.,,,,,,,,,,,,,,beruf|Berufe rund ums Essen,2899
B2-0646,Bestellung,die,-en,bestellung,B2,Linie B2 Beruf,Kapitel 8 – In der Gastronomie,n,Order,Die Anforderung von Waren beim Lieferanten.,Ich habe die Bestellung für die Getränke bereits abgeschickt.,Auftrag,,,,,,,,,,,,,beruf|Die Lieferung,2900
B2-0647,prüfen,,,prufen,B2,Linie B2 Beruf,Kapitel 8 – In der Gastronomie,v,To check / verify,"Kontrollieren, ob alles korrekt ist.",Bitte prüfen Sie das Mindesthaltbarkeitsdatum.,überprüfen,,,,,,,prüft,prüfte,hat geprüft,haben,,,beruf|Die Lieferung,2901
B2-0648,vereinbaren,,,vereinbaren,B2,Linie B2 Beruf,Kapitel 8 – In der Gastronomie,v,To arrange / agree upon,Einen festen Termin oder Preis absprechen.,Wir haben einen festen Liefertermin vereinbart.,absprechen,,,,,,,vereinbart,vereinbarte,hat vereinbart,haben,,,beruf|Die Lieferung,2902
B2-0649,akzeptabel,,,akzeptabel,B2,Linie B2 Beruf,Kapitel 8 – In der Gastronomie,adj,Acceptable,In Ordnung; annehmbar.,Eine Verspätung von zehn Minuten ist noch akzeptabel.,zumutbar,,,,,,,,,,,akzeptabler,am akzeptabelsten,beruf|Die Lieferung,2903
B2-0650,Lieferschein,der,-e,lieferschein,B2,Linie B2 Beruf,Kapitel 8 – In der Gastronomie,n,Delivery note,"Ein Papier, das zeigt, was geliefert wurde.",Unterschreiben Sie den Lieferschein erst nach der Kontrolle.,,,,,,,,,,,,,,beruf|Die Lieferung,2904
B2-0651,vermerken,,,vermerken,B2,Linie B2 Beruf,Kapitel 8 – In der Gastronomie,v,To note down / record,Etwas schriftlich festhalten.,Bitte vermerken Sie den Fehler direkt auf dem Protokoll.,,,,,,,,vermerkt,vermerkte,hat vermerkt,haben,,,beruf|Die Lieferung,2905
B2-0652,stattdessen,,,stattdessen,B2,Linie B2 Beruf,Kapitel 8 – In der Gastronomie,adv,Instead / Alternatively,Als Ersatz für etwas anderes.,"Wir hatten keine Tomaten mehr, wir haben stattdessen Paprika genutzt.",,,,,,,,,,,,,,beruf|Die Lieferung,2906
B2-0653,auf den Markt kommen,,,auf den markt kommen,B2,Linie B2 Beruf,Kapitel 8 – In der Gastronomie,phrase,To hit the market / launched,Neu zum Verkauf angeboten werden.,Nächste Woche wird ein neues Bio-Bier auf den Markt kommen.,,,,,,,,,,,,,,beruf|Die Lieferung,2907
B2-0654,Lieferzeit,die,-en,lieferzeit,B2,Linie B2 Beruf,Kapitel 8 – In der Gastronomie,n,Delivery time,"Die Dauer, bis eine Ware ankommt.",Die Lieferzeit für die neuen Küchengeräte beträgt zwei Wochen.,,,,,,,,,,,,,,beruf|Die Lieferung,2908
B2-0655,/ die Vertriebsleiter/in,der,,/ die vertriebsleiter/in,B2,Linie B2 Beruf,Kapitel 8 – In der Gastronomie,n,Sales manager,Der Chef der Verkaufsabteilung.,Bei Großbestellungen wenden Sie sich an den Vertriebsleiter.,,,,,,,,,,,,,,beruf|Die Lieferung,2909
B2-0656,erfolgreich,,,erfolgreich,B2,Linie B2 Beruf,Kapitel 8 – In der Gastronomie,adj,Successful,"Mit einem guten, positiven Ergebnis.",Die Preisverhandlung mit dem Winzer war erfolgreich.,,,,,,,,,,,,erfolgreicher,am erfolgreichsten,beruf|Erfolgreich verhandeln,2910
B2-0657,Verhandlungspartner,der,,verhandlungspartner,B2,Linie B2 Beruf,Kapitel 8 – In der Gastronomie,n,Negotiation partner,"Die Person, mit der man verhandelt.",Mein Verhandlungspartner war sehr kompromissbereit.,,,,,,,,,,,,,,beruf|Erfolgreich verhandeln,2911
B2-0658,Konflikt,der,-e,konflikt,B2,Linie B2 Beruf,Kapitel 8 – In der Gastronomie,n,Conflict,Ein heftiger Streit oder eine Meinungsverschiedenheit.,Im Team gab es einen kleinen Konflikt wegen der Arbeitszeiten.,,,,,,,,,,,,,,beruf|Remaining Section from Chapter 8,2912
B2-0659,ausweichen,,,ausweichen,B2,Linie B2 Beruf,Kapitel 8 – In der Gastronomie,v,To avoid / evade,Einem Problem oder einer Frage aus dem Weg gehen.,Der Chef wollte meiner Frage nach einer Gehaltserhöhung ausweichen.,etw. umgehen,,,,,,,ausweicht,ausweichte,hat geausweicht,haben,,,beruf|Remaining Section from Chapter 8,2913
B2-0660,Forderung,die,-en,forderung,B2,Linie B2 Beruf,Kapitel 8 – In der Gastronomie,n,Demand,Ein klarer Anspruch oder Wunsch an jemanden.,Die Gewerkschaft stellt eine Forderung nach mehr Lohn.,Nachfrage|Anforderung|Bedarf,,,,,,,,,,,,,beruf|Remaining Section from Chapter 8,2914
B2-0661,bestehen,,,bestehen,B2,Linie B2 Beruf,Kapitel 8 – In der Gastronomie,v,To consist in,Den Kern oder die Hauptsache von etwas darstellen.,Das Hauptproblem besteht in der schlechten Kommunikation.,,,,,Verben mit Präposition,in,Dativ,besteht,bestand,hat bestanden,haben,,,beruf|Remaining Section from Chapter 8,2915
B2-0662,unglaubwürdig,,,unglaubwurdig,B2,Linie B2 Beruf,Kapitel 8 – In der Gastronomie,adj,Unbelievable / Unreliable,"So, dass man es einer Person nicht glauben kann.",Seine Ausrede für das Zuspätkommen klingt völlig unglaubwürdig.,,,,,,,,,,,,unglaubwürdiger,am unglaubwürdigsten,beruf|Remaining Section from Chapter 8,2916
B2-0663,Selbstbewusstsein,das,,selbstbewusstsein,B2,Linie B2 Beruf,Kapitel 8 – In der Gastronomie,n,Self-confidence,Das Vertrauen in die eigenen Fähigkeiten.,Durch den Erfolg im neuen Job wuchs sein Selbstbewusstsein.,,,,,,,,,,,,,,beruf|Remaining Section from Chapter 8|nur Singular,2917
B2-0664,schweigen,,,schweigen,B2,Linie B2 Beruf,Kapitel 8 – In der Gastronomie,v,To keep silent,Nichts sagen; still sein.,"Wenn man keine Antwort weiß, sollte man besser schweigen.",,,,,,,,schweigt,schwieg,hat geschwiegen,haben,,,beruf|Remaining Section from Chapter 8,2918
B2-0665,Stellung beziehen,,,stellung beziehen,B2,Linie B2 Beruf,Kapitel 8 – In der Gastronomie,v,To take a stand,Seine Meinung zu einem Thema öffentlich machen.,Der Politiker musste zu dem Skandal Stellung beziehen.,,,,,,,,,,,,,,beruf|Remaining Section from Chapter 8,2919
B2-0666,Standpunkt,der,-e,standpunkt,B2,Linie B2 Beruf,Kapitel 8 – In der Gastronomie,n,Point of view / Standpoint,"Die eigene, feste Meinung zu einer Sache.","Ich verstehe deinen Standpunkt, sehe es aber anders.",,,,,,,,,,,,,,beruf|Remaining Section from Chapter 8,2920
B2-0667,jemanden in eine Rolle drängen,,,jemanden in eine rolle drangen,B2,Linie B2 Beruf,Kapitel 8 – In der Gastronomie,phrase,To push someone into a role,"Jemanden zwingen, sich auf eine bestimmte Art zu verhalten.",Man darf neue Mitarbeiter nicht sofort in eine Rolle drängen.,,,,,,,,,,,,,,beruf|Remaining Section from Chapter 8,2921
B2-0668,nachgeben,,,nachgeben,B2,Linie B2 Beruf,Kapitel 8 – In der Gastronomie,v,To give in / yield,Seinen Widerstand aufgeben und den Wünschen anderer folgen.,Bei der Preisverhandlung mussten wir am Ende leider nachgeben.,,,,,,,,gibt nach,gab nach,hat nachgegeben,haben,,,beruf|Remaining Section from Chapter 8,2922
B2-0669,sich einstellen,,,sich einstellen,B2,Linie B2 Beruf,Kapitel 8 – In der Gastronomie,v,To adapt to / prepare for,Sich auf eine neue Situation vorbereiten.,Wir müssen uns auf veränderte Kundenwünsche einstellen.,,,,,Verben mit Präposition,auf,Akkusativ,stellt ein,stellte ein,hat eingestellt,haben,,,beruf|Remaining Section from Chapter 8,2923
B2-0670,nachfragen,,,nachfragen,B2,Linie B2 Beruf,Kapitel 8 – In der Gastronomie,v,To inquire / ask again,Noch einmal nach Informationen fragen.,"Wenn Sie die Aufgabe nicht verstehen, sollten Sie nachfragen.",sich erkundigen,,,,,,,nachfragt,nachfragte,hat genachfragt,haben,,,beruf|Remaining Section from Chapter 8,2924
B2-0671,sich erkundigen,,,sich erkundigen,B2,Linie B2 Beruf,Kapitel 8 – In der Gastronomie,v,To gather information / inquire,Informationen über ein Thema einholen.,Ich möchte mich nach den aktuellen Lieferbedingungen erkundigen.,nachfragen,,,,,,,erkundigt,erkundigte,hat erkundigt,haben,,,beruf|Remaining Section from Chapter 8,2925
B2-0672,Dienstleistung,die,-en,dienstleistung,B2,Linie B2 Beruf,Kapitel 9 – Handel international,n,Service,"Eine Arbeit, die man für Kunden erledigt (kein Sachgut).",Unsere Firma bietet IT-Beratung als Dienstleistung an.,,,,,,,,,,,,,,beruf|Handel früher und heute,2926
B2-0673,expandieren,,,expandieren,B2,Linie B2 Beruf,Kapitel 9 – Handel international,v,To expand,Als Firma größer werden oder neue Märkte erobern.,Das Unternehmen möchte im nächsten Jahr nach Asien expandieren.,,,,,,,,expandiert,expandierte,hat expandiert,haben,,,beruf|Handel früher und heute,2927
B2-0674,Export,der,-e,export,B2,Linie B2 Beruf,Kapitel 9 – Handel international,n,Export,Der Verkauf und Transport von Waren ins Ausland.,Der Export von Autos ist für Deutschland sehr wichtig.,,,,,,,,,,,,,,beruf|Handel früher und heute,2928
B2-0675,exportieren,,,exportieren,B2,Linie B2 Beruf,Kapitel 9 – Handel international,v,To export,Waren ins Ausland verkaufen.,Wir exportieren unsere Maschinen in die ganze Welt.,,,,,,,,exportiert,exportierte,hat exportiert,haben,,,beruf|Handel früher und heute,2929
B2-0676,global,,,global,B2,Linie B2 Beruf,Kapitel 9 – Handel international,adj,Global ≠ Local,Weltweit ≠ Auf einen kleinen Ort beschränkt.,"Die Klimakrise ist ein globales Problem, das lokale Lösungen braucht.",,lokal,,,,,,,,,,globaler,am globalsten,beruf|Handel früher und heute,2930
B2-0677,Großhandel,der,,grosshandel,B2,Linie B2 Beruf,Kapitel 9 – Handel international,n,Wholesale,Handel mit großen Warenmengen (oft für Firmen).,Unser Betrieb kauft die Rohstoffe direkt im Großhandel.,,,,,,,,,,,,,,beruf|Handel früher und heute|nur Singular,2931
B2-0678,Kundenorientierung,die,,kundenorientierung,B2,Linie B2 Beruf,Kapitel 9 – Handel international,n,Customer orientation,Die Ausrichtung aller Firmenprozesse auf den Kunden.,Exzellenter Service zeigt eine starke Kundenorientierung.,,,,,,,,,,,,,,beruf|Handel früher und heute|nur Singular,2932
B2-0679,Marktlücke,die,-n,marktlucke,B2,Linie B2 Beruf,Kapitel 9 – Handel international,n,Market niche / gap,"Ein Produkt oder Service, den es so noch nicht gibt.",Sie hat eine echte Marktlücke für vegane Tiernahrung gefunden.,,,,,,,,,,,,,,beruf|Handel früher und heute,2933
B2-0680,Nachhaltigkeit,die,,nachhaltigkeit,B2,Linie B2 Beruf,Kapitel 9 – Handel international,n,Sustainability,Verantwortungsvoller Umgang mit Ressourcen für die Zukunft.,Bei der Produktion legen wir großen Wert auf Nachhaltigkeit.,,,,,,,,,,,,,,beruf|Handel früher und heute|nur Singular,2934
B2-0681,online,,,online,B2,Linie B2 Beruf,Kapitel 9 – Handel international,adj,Online ≠ Offline,Im Internet ≠ In der realen Welt.,Viele Geschäfte verkaufen ihre Waren sowohl online als auch offline.,,offline,,,,,,,,,,,,beruf|Handel früher und heute,2935
B2-0682,Produktion,die,,produktion,B2,Linie B2 Beruf,Kapitel 9 – Handel international,n,Production / Manufacturing,Die Herstellung von Waren in einer Fabrik.,Die Produktion der neuen Bauteile beginnt im Sommer.,,,,,,,,,,,,,,beruf|Handel früher und heute|nur Singular,2936
B2-0683,Umsatz,der,¨e,umsatz,B2,Linie B2 Beruf,Kapitel 9 – Handel international,n,Turnover / Revenue,"Das gesamte Geld, das eine Firma durch Verkäufe einnimmt.",Unser Umsatz hat sich in diesem Jahr verdoppelt.,Einnahme,,,,,,,,,,,,,beruf|Handel früher und heute,2937
B2-0684,Umweltstandard,der,-s,umweltstandard,B2,Linie B2 Beruf,Kapitel 9 – Handel international,n,Environmental standard,Gesetzliche Regeln zum Schutz der Natur.,Die Fabrik erfüllt alle modernen Umweltstandards.,,,,,,,,,,,,,,beruf|Handel früher und heute,2938
B2-0685,Währung,die,-en,wahrung,B2,Linie B2 Beruf,Kapitel 9 – Handel international,n,Currency,"Das offizielle Geld eines Landes (z. B. Euro, Dollar).",In England zahlt man mit der Währung Pfund.,,,,,,,,,,,,,,beruf|Handel früher und heute,2939
B2-0686,Wechselkurs,der,-e,wechselkurs,B2,Linie B2 Beruf,Kapitel 9 – Handel international,n,Exchange rate,"Der Wert, zu dem man Geld in eine andere Währung tauscht.",Der Wechselkurs zwischen Euro und Dollar schwankt täglich.,,,,,,,,,,,,,,beruf|Handel früher und heute,2940
B2-0687,Zielgruppe,die,-n,zielgruppe,B2,Linie B2 Beruf,Kapitel 9 – Handel international,n,Target group / audience,"Die Gruppe von Menschen, an die sich ein Produkt richtet.",Junge Familien sind die wichtigste Zielgruppe für unser Auto.,,,,,,,,,,,,,,beruf|Handel früher und heute,2941
B2-0688,Mimik,die,,mimik,B2,Linie B2 Beruf,Kapitel 9 – Handel international,n,Facial expressions,Der Ausdruck des Gesichts beim Reden oder Fühlen.,"Seine Mimik verriet mir sofort, dass er unzufrieden war.",,,,,,,,,,,,,,beruf|Handel im Netz|nur Singular,2942
B2-0689,Gestik,die,,gestik,B2,Linie B2 Beruf,Kapitel 9 – Handel international,n,Gestures,Die Bewegung von Händen und Armen beim Sprechen.,Er nutzt beim Erklären eine sehr lebendige Gestik.,,,,,,,,,,,,,,beruf|Handel im Netz|nur Singular,2943
B2-0690,Webauftritt,der,-e,webauftritt,B2,Linie B2 Beruf,Kapitel 9 – Handel international,n,Website / Web presence,Die Homepage oder Internetseite einer Firma.,Unser neuer Webauftritt sieht viel moderner aus.,,,,,,,,,,,,,,beruf|Handel im Netz,2944
B2-0691,etwas/jemanden schätzen,,,etwas/jemanden schatzen,B2,Linie B2 Beruf,Kapitel 9 – Handel international,v,To value / appreciate,Den Wert von etwas oder die Arbeit von jemandem loben.,Ich schätze die Zuverlässigkeit meiner Kollegen sehr.,Wert legen,,,,,,,,,,,,,beruf|Handel im Netz,2945
B2-0692,gut ankommen,,,gut ankommen,B2,Linie B2 Beruf,Kapitel 9 – Handel international,v,To be well received,Wenn eine Idee oder ein Produkt den Menschen gefällt.,Das neue Design ist bei den Kunden sehr gut angekommen.,,,,,,,,,,,,,,beruf|Handel im Netz,2946
B2-0693,indem,,,indem,B2,Linie B2 Beruf,Kapitel 9 – Handel international,adj,By / Through doing,"Drückt aus, wie oder mit welchem Mittel etwas gemacht wird.","Man spart Energie, indem man das Licht ausschaltet.",,,,,,,,,,,,indemer,am indemsten,beruf|Handel im Netz,2947
B2-0694,universell,,,universell,B2,Linie B2 Beruf,Kapitel 9 – Handel international,adj,Universal,Überall und für fast alles passend oder gültig.,Dieses Werkzeug ist universell einsetzbar.,,,,,,,,,,,,universeller,am universellsten,beruf|Handel im Netz,2948
B2-0695,ohne ... dass,,,ohne ... dass,B2,Linie B2 Beruf,Kapitel 9 – Handel international,phrase,Without ... doing,Drückt ein Fehlen einer Begleiterscheinung aus.,"Er ging aus dem Büro, ohne dass es jemand bemerkte.",,,,,,,,,,,,,,beruf|Handel im Netz,2949
B2-0696,potenziell,,,potenziell,B2,Linie B2 Beruf,Kapitel 9 – Handel international,adj,Potential,Möglich; in der Zukunft denkbar.,Auf der Messe haben wir viele potenzielle Kunden getroffen.,,,,,,,,,,,,potenzieller,am potenziellsten,beruf|Handel im Netz,2950
B2-0697,etwas ausgleichen,,,etwas ausgleichen,B2,Linie B2 Beruf,Kapitel 9 – Handel international,v,To compensate / balance,Einen Nachteil durch einen Vorteil neutralisieren.,Die Qualität des Produkts gleicht den hohen Preis wieder aus.,vergüten|ausgleichen,,,,,,,,,,,,,beruf|Handel im Netz,2951
B2-0698,visuell,,,visuell,B2,Linie B2 Beruf,Kapitel 9 – Handel international,adj,Visual,Das Sehen betreffend; optisch.,Der Webauftritt bietet viele visuelle Reize für den Käufer.,,,,,,,,,,,,visueller,am visuellsten,beruf|Handel im Netz,2952
B2-0699,Effekt,der,-e,effekt,B2,Linie B2 Beruf,Kapitel 9 – Handel international,n,Effect,Die Wirkung von etwas.,Die Werbung hatte einen sehr positiven Effekt auf die Verkäufe.,Auswirkung,,,,,,,,,,,,,beruf|Handel im Netz,2953
B2-0700,freizügig,,,freizugig,B2,Linie B2 Beruf,Kapitel 9 – Handel international,adj,Revealing / Liberal,Sehr offen; wenig Kleidung tragend oder großzügig.,Für geschäftliche Meetings ist dieses Outfit zu freizügig.,,,,,,,,,,,,freizügiger,am freizügigsten,beruf|Handel im Netz,2954
B2-0701,provozieren,,,provozieren,B2,Linie B2 Beruf,Kapitel 9 – Handel international,v,To provoke,Einen Streit oder eine heftige Reaktion absichtlich auslösen.,Mit seinen frechen Kommentaren wollte er den Chef provozieren.,,,,,,,,provoziert,provozierte,hat provoziert,haben,,,beruf|Handel im Netz,2955
B2-0702,Geste,die,-n,geste,B2,Linie B2 Beruf,Kapitel 9 – Handel international,n,Gesture,Eine Bewegung mit der Hand als Zeichen des Grußes/Danks.,Das Geschenk war eine sehr nette Geste der Firma.,,,,,,,,,,,,,,beruf|Handel im Netz,2956
B2-0703,Beleidigung,die,-en,beleidigung,B2,Linie B2 Beruf,Kapitel 9 – Handel international,n,Insult / Offense,"Ein unfreundliches Wort, das jemanden verletzt.",Das war eine schwere Beleidigung für das gesamte Team.,,,,,,,,,,,,,,beruf|Handel im Netz,2957
B2-0704,ohne zu ...,,,ohne zu ...,B2,Linie B2 Beruf,Kapitel 9 – Handel international,phrase,Without ... -ing,Eine Handlung ohne eine andere Begleithandlung ausführen.,"Er unterschrieb den Vertrag, ohne ihn vorher zu lesen.",,,,,,,,,,,,,,beruf|Handel im Netz,2958
B2-0705,recherchieren,,,recherchieren,B2,Linie B2 Beruf,Kapitel 9 – Handel international,v,To research / investigate,Nach Informationen suchen.,Vor dem Kauf sollten Sie gründlich im Netz recherchieren.,forschen,,,,,,,recherchiert,recherchierte,hat recherchiert,haben,,,beruf|Handel im Netz,2959
B2-0706,vertikal,,,vertikal,B2,Linie B2 Beruf,Kapitel 9 – Handel international,adj,Vertical ≠ Horizontal,Von oben nach unten ≠ Von links nach rechts.,Die Linien auf dem Grundriss verlaufen vertikal und horizontal.,,horizontal,,,,,,,,,,vertikaler,am vertikalsten,beruf|Handel im Netz,2960
B2-0707,sich zurechtfinden,,,sich zurechtfinden,B2,Linie B2 Beruf,Kapitel 9 – Handel international,v,To find one's way / Navigate,Sich an einem neuen Ort oder auf einer Webseite orientieren.,Auf dem neuen Onlineportal kann man sich sehr leicht zurechtfinden.,,,,,,,,findet zurecht,fand zurecht,hat zurechtgefunden,haben,,,beruf|Handel im Netz,2961
B2-0708,freischalten,,,freischalten,B2,Linie B2 Beruf,Kapitel 9 – Handel international,v,To unlock / activate,Den Zugriff auf eine Internetseite oder Funktion erlauben.,Die Bank muss Ihr Konto erst für das Online-Shopping freischalten.,,,,,,,,schaltet frei,schaltete frei,hat freigeschaltet,haben,,,beruf|Handel im Netz,2962
B2-0709,etwas herausfinden,,,etwas herausfinden,B2,Linie B2 Beruf,Kapitel 9 – Handel international,v,To find out / discover,Die Antwort auf eine Frage durch Suchen entdecken.,"Wir müssen herausfinden, warum der Server abgestürzt ist.",,,,,,,,,,,,,,beruf|Handel im Netz,2963
B2-0710,Faktor,der,-en,faktor,B2,Linie B2 Beruf,Kapitel 9 – Handel international,n,Factor,"Ein Umstand, der ein Ergebnis beeinflusst.",Pünktlichkeit ist ein wichtiger Faktor für den Erfolg.,,,,,,,,,,,,,,beruf|Handel im Netz,2964
B2-0711,bewusst,,,bewusst,B2,Linie B2 Beruf,Kapitel 9 – Handel international,adj,Conscious / Intentional,Mit Absicht und klarem Verstand.,Sie hat sich bewusst für ein duales Studium entschieden.,,,,,,,,,,,,bewusster,am bewusstesten,beruf|Handel im Netz,2965
B2-0712,berücksichtigen,,,berucksichtigen,B2,Linie B2 Beruf,Kapitel 9 – Handel international,v,To consider / take into account,Eine Information bei der Planung beachten.,Wir müssen das Budget bei unserer Entscheidung berücksichtigen.,,,,,,,,berücksichtigt,berücksichtigte,hat berücksichtigt,haben,,,beruf|Handel im Netz,2966
B2-0713,anpassungsfähig,,,anpassungsfahig,B2,Linie B2 Beruf,Kapitel 9 – Handel international,adj,Adaptable,"In der Lage, sich schnell an Neues zu gewöhnen.",In einer Krise müssen Unternehmen sehr anpassungsfähig sein.,,,,,,,,,,,,anpassungsfähiger,am anpassungsfähigsten,beruf|Handel im Netz,2967
B2-0714,etwas umsetzen,,,etwas umsetzen,B2,Linie B2 Beruf,Kapitel 9 – Handel international,v,To implement / realize,Eine Idee oder einen Plan in die Realität bringen.,Wir wollen den neuen Marketingplan ab Montag umsetzen.,umsetzen,,,,,,,,,,,,,beruf|Handel im Netz,2968
B2-0715,Konsument,der,-en / die -in,konsument,B2,Linie B2 Beruf,Kapitel 9 – Handel international,n,Consumer,"Der Endverbraucher, der ein Produkt kauft.",Die Wünsche der Konsumenten verändern sich rasant.,,,,,,,,,,,,,,beruf|Handel im Netz,2969
B2-0716,Zuwachsrate,die,-n,zuwachsrate,B2,Linie B2 Beruf,Kapitel 9 – Handel international,n,Growth rate,"Der Prozentsatz, um den etwas wächst oder steigt.",Der Onlinehandel verzeichnet eine hohe Zuwachsrate.,,,,,,,,,,,,,,beruf|Handel im Netz,2970
B2-0717,Bauteil,das,-e,bauteil,B2,Linie B2 Beruf,Kapitel 9 – Handel international,n,Component / Part,Ein einzelnes Teil einer Maschine oder Elektronik.,Für den Computer fehlt uns noch ein wichtiges Bauteil.,,,,,,,,,,,,,,beruf|Telefonat mit IQ-Web,2971
B2-0718,Wunschliste,die,-n,wunschliste,B2,Linie B2 Beruf,Kapitel 9 – Handel international,n,Wishlist,"Eine Liste mit Dingen, die man gerne hätte.",Ich habe das Buch auf meine Wunschliste im Onlineshop gesetzt.,,,,,,,,,,,,,,beruf|Telefonat mit IQ-Web,2972
B2-0719,vertreiben,,,vertreiben,B2,Linie B2 Beruf,Kapitel 9 – Handel international,v,To distribute / market,Produkte kommerziell verkaufen.,Die Agentur vertreibt Softwarelösungen an kleine Firmen.,verteilen|ausliefern,,,,,,,vertreibt,vertreibte,hat vertreibt,haben,,,beruf|Telefonat mit IQ-Web,2973
B2-0720,Budget,das,-s,budget,B2,Linie B2 Beruf,Kapitel 9 – Handel international,n,Budget,"Das Geld, das für eine Aufgabe zur Verfügung steht.",Wir haben das Budget für die Werbung leider schon überschritten.,,,,,,,,,,,,,,beruf|Telefonat mit IQ-Web,2974
B2-0721,installieren,,,installieren,B2,Linie B2 Beruf,Kapitel 9 – Handel international,v,To install,Eine Software auf dem PC aufspielen oder ein Gerät einbauen.,Du musst das neue Update auf deinem Laptop installieren.,anbringen|montieren,,,,,,,installiert,installierte,hat installiert,haben,,,beruf|Das war nicht optimal,2975
B2-0722,Mangel,der,¨,mangel,B2,Linie B2 Beruf,Kapitel 9 – Handel international,n,Defect / Lack / Shortcoming,Ein Fehler an einer Ware oder ein Fehlen von etwas.,Das gelieferte Gerät hat leider einen schweren Mangel.,,,,,,,,,,,,,,beruf|Das war nicht optimal,2976
B2-0723,einen Ablauf darstellen,,,einen ablauf darstellen,B2,Linie B2 Beruf,Kapitel 9 – Handel international,phrase,To map / outline a process,"Zeigen, wie ein Prozess nacheinander funktioniert.",Die Grafik soll einen typischen Bestellablauf darstellen.,,,,,,,,,,,,,,beruf|Das war nicht optimal,2977
B2-0724,Grundlage,die,-n,grundlage,B2,Linie B2 Beruf,Kapitel 9 – Handel international,n,Foundation / Basis,Das Fundament für eine Arbeit.,Datenanalysen bilden die Grundlage für unsere Strategie.,Basis,,,,,,,,,,,,,beruf|Das war nicht optimal,2978
B2-0725,etwas festlegen,,,etwas festlegen,B2,Linie B2 Beruf,Kapitel 9 – Handel international,v,To determine / schedule,Einen festen Termin oder eine Regel bestimmen.,Wir müssen die Zuständigkeiten im Team genau festlegen.,,,,,,,,,,,,,,beruf|Das war nicht optimal,2979
B2-0726,kommentieren,,,kommentieren,B2,Linie B2 Beruf,Kapitel 9 – Handel international,v,To comment on,Seine Meinung zu einem Text oder einer Aussage schreiben.,Der Chef wird den Entwurf morgen im Meeting kommentieren.,,,,,,,,kommentiert,kommentierte,hat kommentiert,haben,,,beruf|Das war nicht optimal,2980
B2-0727,überarbeiten,,,uberarbeiten,B2,Linie B2 Beruf,Kapitel 9 – Handel international,v,To revise / rework,Einen Text korrigieren und verbessern.,Ich muss den Text für den Flyer noch einmal überarbeiten.,,,,,,,,,,,,,,beruf|Das war nicht optimal,2981
B2-0728,korrigieren,,,korrigieren,B2,Linie B2 Beruf,Kapitel 9 – Handel international,v,To correct,Fehler ausbessern.,Bitte korrigieren Sie die Rechtschreibfehler im Brief.,,,,,,,,korrigiert,korrigierte,hat korrigiert,haben,,,beruf|Das war nicht optimal,2982
B2-0729,Überarbeitung,die,-en,uberarbeitung,B2,Linie B2 Beruf,Kapitel 9 – Handel international,n,Revision / Reworking,Die Verbesserung oder Korrektur einer Sache.,Nach der Überarbeitung ist das Handbuch viel verständlicher.,,,,,,,,,,,,,,beruf|Das war nicht optimal,2983
B2-0730,Benutzerfreundlichkeit,die,,benutzerfreundlichkeit,B2,Linie B2 Beruf,Kapitel 9 – Handel international,n,User-friendliness,Wie leicht ein System oder eine Webseite zu bedienen ist.,Die Benutzerfreundlichkeit des Onlineshops muss besser werden.,,,,,,,,,,,,,,beruf|Das war nicht optimal,2984
B2-0731,Lesbarkeit,die,,lesbarkeit,B2,Linie B2 Beruf,Kapitel 9 – Handel international,n,Readability,Wie gut man eine Schrift lesen kann.,"Die Schriftgröße ist zu klein, das schadet der Lesbarkeit.",,,,,,,,,,,,,,beruf|Das war nicht optimal|nur Singular,2985
B2-0732,beseitigen,,,beseitigen,B2,Linie B2 Beruf,Kapitel 9 – Handel international,v,To eliminate / fix (an error),Einen Fehler komplett löschen oder repariert haben.,Der Programmierer konnte den Softwarefehler beseitigen.,,,,,,,,beseitigt,beseitigte,hat beseitigt,haben,,,beruf|Das war nicht optimal,2986
B2-0733,Erprobungsphase,die,-n,erprobungsphase,B2,Linie B2 Beruf,Kapitel 9 – Handel international,n,Testing phase,"Zeitraum, in dem ein neues Produkt getestet wird.",Die App befindet sich aktuell noch in der Erprobungsphase.,,,,,,,,,,,,,,beruf|Das war nicht optimal,2987
B2-0734,einen Termin halten,,,einen termin halten,B2,Linie B2 Beruf,Kapitel 9 – Handel international,phrase,To meet a deadline,Pünktlich zu einem vereinbarten Datum fertig sein.,"Wir müssen hart arbeiten, um einen engen Termin zu halten.",,,,,,,,,,,,,,beruf|Das war nicht optimal,2988
B2-0735,gelten,,,gelten,B2,Linie B2 Beruf,Kapitel 9 – Handel international,v,To apply / be valid,Gültigkeit haben (z. B. ein Gesetz oder ein Preis).,Die Sonderangebote gelten nur bis zum Ende der Woche.,,,,,,,,gilt,galt,hat gegolten,haben,,,beruf|Das war nicht optimal,2989
B2-0736,jemanden auffordern,,,jemanden auffordern,B2,Linie B2 Beruf,Kapitel 9 – Handel international,v,To call upon / request,"Jemanden offiziell bitten, etwas Bestimmtes zu tun.","Der Vermieter fordert uns auf, die Miete pünktlich zu zahlen.",,,,,,,,,,,,,,beruf|Das war nicht optimal,2990
B2-0737,online gehen,,,online gehen,B2,Linie B2 Beruf,Kapitel 9 – Handel international,v,To go live / go online,Eine Webseite für alle Nutzer im Netz sichtbar machen.,Der neue Webauftritt wird am kommenden Montag online gehen.,,,,,,,,,,,,,,beruf|Das war nicht optimal,2991
B2-0738,Beschreibung,die,-en,beschreibung,B2,Linie B2 Beruf,Kapitel 9 – Handel international,n,Description,"Text, der erklärt, wie ein Produkt aussieht/funktioniert.","Bitte lies die Beschreibung, bevor du das Gerät benutzt.",,,,,,,,,,,,,,beruf|Das war nicht optimal,2992
B2-0739,Aufforderung,die,-en,aufforderung,B2,Linie B2 Beruf,Kapitel 9 – Handel international,n,Request / Call to action,"Eine offizielle Aufforderung, aktiv zu werden.",Sie erhielt eine schriftliche Aufforderung zur Zahlung.,,,,,,,,,,,,,,beruf|Das war nicht optimal,2993
B2-0740,Handeln,das,,handeln,B2,Linie B2 Beruf,Kapitel 9 – Handel international,n,Actions / Conduct,Das aktive Tun einer Person oder Firma.,Schnelles Handeln war in dieser Notsituation absolut notwendig.,,,,,,,,,,,,,,beruf|Das war nicht optimal|nur Singular,2994
B2-0741,Konsequenz,die,-en,konsequenz,B2,Linie B2 Beruf,Kapitel 9 – Handel international,n,Consequence,Die logische Folge einer Handlung.,Fehler bei der Produktion haben teure Konsequenzen.,,,,,,,,,,,,,,beruf|Das war nicht optimal,2995
B2-0742,Mahnung,die,-en,mahnung,B2,Linie B2 Beruf,Kapitel 9 – Handel international,n,Payment reminder / Warning,"Ein offizieller Brief, wenn man eine Rechnung nicht zahlt.","Wenn Sie jetzt nicht zahlen, erhalten Sie eine Mahnung.",,,,,,,,,,,,,,beruf|Das war nicht optimal,2996
B2-0743,Maß,das,-e,mass,B2,Linie B2 Beruf,Kapitel 9 – Handel international,n,Measure / Dimension / Degree,Die Abmessung oder das richtige Gleichgewicht von etwas.,Man muss bei der Arbeit das richtige Maß an Pausen finden.,,,,,,,,,,,,,,beruf|Das war nicht optimal,2997
B2-0744,volle Preis,der,,volle preis,B2,Linie B2 Beruf,Kapitel 9 – Handel international,n,The full price,Der gesamte Betrag ohne Rabatte.,Nach Ablauf der Aktion gilt wieder der volle Preis.,,,,,,,,,,,,,,beruf|Das war nicht optimal,2998
B2-0745,Abzug,der,¨e,abzug,B2,Linie B2 Beruf,Kapitel 9 – Handel international,n,Deduction,Wenn ein Teil vom Geld abgezogen wird (z. B. Skonto).,Bei Zahlung innerhalb von drei Tagen erhalten Sie 2 % Abzug.,,,,,,,,,,,,,,beruf|Das war nicht optimal,2999
B2-0746,im Laufe des Tages,,,im laufe des tages,B2,Linie B2 Beruf,Kapitel 9 – Handel international,phrase,During the day / Later today,Irgendwann vor dem Abend.,Der Techniker wird im Laufe des Tages bei Ihnen vorbeischauen.,,,,,,,,,,,,,,beruf|Das war nicht optimal,3000
B2-0747,montieren,,,montieren,B2,Linie B2 Beruf,Kapitel 9 – Handel international,v,to assemble / install,Bauteile oder Geräte fest anbringen.,Der Techniker muss die neue Klimaanlage montieren.,anbringen|installieren,,,,,,,montiert,montierte,hat montiert,haben,,,beruf|Remaining Section from Chapter 9: 5 Wir über uns,3001
B2-0748,ausliefern,,,ausliefern,B2,Linie B2 Beruf,Kapitel 9 – Handel international,v,to deliver / distribute,Waren an Kunden bringen.,Die Spedition wird die Möbel morgen ausliefern.,verteilen|vertreiben|liefern,,,,,,,ausliefert,auslieferte,hat geausliefert,haben,,,beruf|Remaining Section from Chapter 9: 5 Wir über uns,3002
B2-0749,vernetzen,,,vernetzen,B2,Linie B2 Beruf,Kapitel 9 – Handel international,v,to network / connect,Dinge oder Personen miteinander verbinden.,Wir wollen alle Computer im Büro miteinander vernetzen.,Kontakte knüpfen|anschließen|verknüpfen,,,,,,,vernetzt,vernetzte,hat vernetzt,haben,,,beruf|Remaining Section from Chapter 9: 5 Wir über uns,3003
B2-0750,untereinander vernetzt,,,untereinander vernetzt,B2,Linie B2 Beruf,Kapitel 9 – Handel international,phrase,interconnected / networked with each other,Gegenseitig miteinander verbunden.,Die Abteilungen sind untereinander gut vernetzt.,,,,,,,,,,,,,,beruf|Remaining Section from Chapter 9: 5 Wir über uns,3004
B2-0751,einzigartig,,,einzigartig,B2,Linie B2 Beruf,Kapitel 9 – Handel international,adj,unique,"So besonders, dass es nichts Vergleichbares gibt.",Das Design unserer Produkte ist absolut einzigartig.,,,,,,,,,,,,einzigartiger,am einzigartigsten,beruf|Remaining Section from Chapter 9: 5 Wir über uns,3005
B2-0752,beliefern,,,beliefern,B2,Linie B2 Beruf,Kapitel 9 – Handel international,v,to supply / deliver to,Jemandem regelmäßig Waren schicken.,Der Großhändler beliefert uns zweimal pro Woche.,,,,,,,,beliefert,belieferte,hat beliefert,haben,,,beruf|Remaining Section from Chapter 9: 5 Wir über uns,3006
B2-0753,kontinuierlich,,,kontinuierlich,B2,Linie B2 Beruf,Kapitel 9 – Handel international,adj,continuously / steady,Ohne Unterbrechung; ständig fortlaufend.,Die Verkaufszahlen steigen seit Monaten kontinuierlich.,,,,,,,,,,,,kontinuierlicher,am kontinuierlichsten,beruf|Remaining Section from Chapter 9: 5 Wir über uns,3007
B2-0754,gründlich,,,grundlich,B2,Linie B2 Beruf,Kapitel 9 – Handel international,adj,thorough / meticulous,Sehr sorgfältig und genau ausgeführt.,Bitte machen Sie eine gründliche Kontrolle der Lieferung.,sorgfältig|intensiv,,,,,,,,,,,gründlicher,am gründlichsten,beruf|Remaining Section from Chapter 9: 5 Wir über uns,3008
B2-0755,Einsatz,der,¨e,einsatz,B2,Linie B2 Beruf,Kapitel 9 – Handel international,n,deployment / use / effort,Die Verwendung von Mitteln oder die Arbeit für ein Ziel.,Der Einsatz neuer Technologien spart viel Zeit.,Aufwand|Überwindung|Anstrengung,,,,,,,,,,,,,beruf|Remaining Section from Chapter 9: 5 Wir über uns,3009
B2-0756,Zuständigkeit,die,-en,zustandigkeit,B2,Linie B2 Beruf,Kapitel 9 – Handel international,n,responsibility / competence,"Der Bereich, für den man verantwortlich ist.",Die IT-Sicherheit fällt in die Zuständigkeit der Systemadministration.,Kompetenz,,,,,,,,,,,,,beruf|Remaining Section from Chapter 9: 5 Wir über uns,3010
B2-0757,basieren,,,basieren,B2,Linie B2 Beruf,Kapitel 9 – Handel international,v,to be based (on),Sich auf eine Grundlage oder Fakten stützen.,Unsere Pläne basieren auf den neuesten Marktdaten.,,,,,Verben mit Präposition,auf,Dativ,basiert,basierte,hat basiert,haben,,,beruf|Remaining Section from Chapter 9: 5 Wir über uns,3011
B2-0758,gemeinsame Nenner,der,,gemeinsame nenner,B2,Linie B2 Beruf,Kapitel 9 – Handel international,n,common denominator,Eine Übereinstimmung bei verschiedenen Meinungen.,Nach langer Diskussion fanden wir einen gemeinsamen Nenner.,,,,,,,,,,,,,,beruf|Remaining Section from Chapter 9: 5 Wir über uns,3012
B2-0759,Bedürfnis,das,-se,bedurfnis,B2,Linie B2 Beruf,Kapitel 9 – Handel international,n,need / requirement,"Der Wunsch oder Mangel, den man abstellen möchte.",Die Firma orientiert sich an den Bedürfnissen der Kunden.,Vorgabe|Anforderung|Bedarf,,,,,,,,,,,,,beruf|Remaining Section from Chapter 9: 5 Wir über uns,3013
B2-0760,ineinander greifen,,,ineinander greifen,B2,Linie B2 Beruf,Kapitel 9 – Handel international,v,to interlock / work together seamlessly,Wenn verschiedene Teile perfekt zusammenpassen.,In einem guten Team müssen alle Abläufe ineinandergreifen.,,,,,,,,,,,,,,beruf|Remaining Section from Chapter 9: 5 Wir über uns,3014
B2-0761,Energieverbrauch,der,,energieverbrauch,B2,Linie B2 Beruf,Kapitel 9 – Handel international,n,energy consumption,"Die Menge an Strom oder Gas, die verbraucht wird.","Wir versuchen, den Energieverbrauch der Fabrik zu senken.",,,,,,,,,,,,,,beruf|Remaining Section from Chapter 9: 5 Wir über uns|nur Singular,3015
B2-0762,Haltbarkeit,die,,haltbarkeit,B2,Linie B2 Beruf,Kapitel 9 – Handel international,n,durability / shelf life,Wie lange ein Produkt oder Lebensmittel gut bleibt.,Das Mindesthaltbarkeitsdatum zeigt die Haltbarkeit an.,,,,,,,,,,,,,,beruf|Remaining Section from Chapter 9: 5 Wir über uns|nur Singular,3016
B2-0763,Geschäftsführung,die,-en,geschaftsfuhrung,B2,Linie B2 Beruf,Kapitel 9 – Handel international,n,management / executive board,Die leitenden Personen oder Chefs einer Firma.,Die Geschäftsführung hat eine neue Strategie beschlossen.,Geschäftsleitung,,,,,,,,,,,,,beruf|Remaining Section from Chapter 9: 5 Wir über uns,3017
B2-0764,Steuerung,die,-en,steuerung,B2,Linie B2 Beruf,Kapitel 9 – Handel international,n,control / regulation,Die Kontrolle oder Führung eines Systems oder Prozesses.,Die Steuerung der Maschinen erfolgt vollautomatisch.,,,,,,,,,,,,,,beruf|Remaining Section from Chapter 9: 5 Wir über uns,3018
B2-0765,Forschung,die,-en,forschung,B2,Linie B2 Beruf,Kapitel 9 – Handel international,n,research,Das wissenschaftliche Suchen nach neuen Erkenntnissen.,Das Unternehmen investiert viel Geld in die Forschung.,,,,,,,,,,,,,,beruf|Remaining Section from Chapter 9: 5 Wir über uns,3019
B2-0766,Datenschutz,der,,datenschutz,B2,Linie B2 Beruf,Kapitel 9 – Handel international,n,data protection / privacy,Der Schutz persönlicher Daten vor Missbrauch.,Beim Umgang mit Kundendaten müssen wir den Datenschutz beachten.,,,,,,,,,,,,,,beruf|Remaining Section from Chapter 9: 5 Wir über uns|nur Singular,3020
B2-0767,Gleichstellung,die,,gleichstellung,B2,Linie B2 Beruf,Kapitel 9 – Handel international,n,equality / equal opportunities,Die rechtliche und soziale Gleichbehandlung (z. B. von Mann und Frau).,Die Firma fördert die Gleichstellung im Beruf.,,,,,,,,,,,,,,beruf|Remaining Section from Chapter 9: 5 Wir über uns|nur Singular,3021
B2-0768,Arbeitsschutz,der,,arbeitsschutz,B2,Linie B2 Beruf,Kapitel 9 – Handel international,n,occupational safety,Regeln zum Schutz der Mitarbeiter vor Unfällen bei der Arbeit.,Der Helm gehört zu den Maßnahmen für den Arbeitsschutz.,,,,,,,,,,,,,,beruf|Remaining Section from Chapter 9: 5 Wir über uns|nur Singular,3022
B2-0769,Finanzen,die,,finanzen,B2,Linie B2 Beruf,Kapitel 9 – Handel international,n,finances,Das Geldwesen oder die Geldmittel einer Person oder Firma.,Die Buchhaltung überwacht die Finanzen des Betriebs.,,,,,,,,,,,,,,beruf|Remaining Section from Chapter 9: 5 Wir über uns,3023
B2-0770,Kernzeit,die,-en,kernzeit,B2,Linie B2 Beruf,Kapitel 10 – Rechte und Pflichten,n,core working hours,"Die feste Zeit, in der alle Mitarbeiter anwesend sein müssen.",Unsere Kernzeit ist täglich von 10:00 Uhr bis 15:00 Uhr.,,,,,,,,,,,,,,beruf|Eine neue Arbeitsstelle – viele Fragen,3024
B2-0771,Teilzeit,die,,teilzeit,B2,Linie B2 Beruf,Kapitel 10 – Rechte und Pflichten,n,part-time,Eine reduzierte wöchentliche Arbeitszeit (weniger als Vollzeit).,Nach der Elternzeit arbeitet sie zunächst in Teilzeit.,,,,,,,,,,,,,,beruf|Eine neue Arbeitsstelle – viele Fragen|nur Singular,3025
B2-0772,Vollzeit,die,,vollzeit,B2,Linie B2 Beruf,Kapitel 10 – Rechte und Pflichten,n,full-time,"Die reguläre, komplette Wochenarbeitszeit (meist 38–40 Stunden).",Er hat eine unbefristete Stelle in Vollzeit gefunden.,,,,,,,,,,,,,,beruf|Eine neue Arbeitsstelle – viele Fragen|nur Singular,3026
B2-0773,Notfall,der,¨e,notfall,B2,Linie B2 Beruf,Kapitel 10 – Rechte und Pflichten,n,emergency,"Eine plötzliche, gefährliche Situation, die schnelles Handeln erfordert.",Im Notfall müssen Sie sofort den Haupthahn zudrehen.,,,,,,,,,,,,,,beruf|Eine neue Arbeitsstelle – viele Fragen,3027
B2-0774,etwas frei wählen,,,etwas frei wahlen,B2,Linie B2 Beruf,Kapitel 10 – Rechte und Pflichten,phrase,to choose something freely,Eine Entscheidung ohne Zwang treffen können.,Wir können unsere Pausenzeiten frei wählen.,,,,,,,,,,,,,,beruf|Eine neue Arbeitsstelle – viele Fragen,3028
B2-0775,übrigbleiben,,,ubrigbleiben,B2,Linie B2 Beruf,Kapitel 10 – Rechte und Pflichten,v,to be left over,Was nach Abzug aller Kosten oder Teile noch da ist.,Wie viel Geld wird nach Abzug der Steuern vom Gehalt übrigbleiben?,,,,,Verben mit Präposition,von,Dativ,übrigbleibt,übrigbleibte,hat geübrigbleibt,haben,,,beruf|Eine neue Arbeitsstelle – viele Fragen,3029
B2-0776,brutto,,,brutto,B2,Linie B2 Beruf,Kapitel 10 – Rechte und Pflichten,adj,gross,Der Betrag oder Lohn vor Abzug von Steuern und Versicherungen.,Mein Bruttogehalt steht ganz oben auf der Abrechnung.,,,,,,,,,,,,bruttoer,am bruttosten,beruf|Eine neue Arbeitsstelle – viele Fragen,3030
B2-0777,netto,,,netto,B2,Linie B2 Beruf,Kapitel 10 – Rechte und Pflichten,adj,net,Der Betrag oder Lohn nach Abzug aller Abgaben.,"Was man bar auf das Konto bekommt, ist das Nettoeinkommen.",,,,,,,,,,,,nettoer,am nettosten,beruf|Eine neue Arbeitsstelle – viele Fragen,3031
B2-0778,Personalabteilung,die,-en,personalabteilung,B2,Linie B2 Beruf,Kapitel 10 – Rechte und Pflichten,n,HR department,"Die Abteilung in der Firma, die sich um Mitarbeiter kümmert.",Schicken Sie Ihre Bewerbung bitte an die Personalabteilung.,,,,,,,,,,,,,,beruf|Eine neue Arbeitsstelle – viele Fragen,3032
B2-0779,Versicherungsbeitrag,der,¨e,versicherungsbeitrag,B2,Linie B2 Beruf,Kapitel 10 – Rechte und Pflichten,n,insurance premium,"Das Geld, das man für eine Versicherung bezahlen muss.",Der Versicherungsbeitrag für die Krankenkasse wird direkt vom Lohn abgezogen.,,,,,,,,,,,,,,beruf|Eine neue Arbeitsstelle – viele Fragen,3033
B2-0780,Hort,der,-e,hort,B2,Linie B2 Beruf,Kapitel 10 – Rechte und Pflichten,n,after-school care center,Eine Betreuungseinrichtung für Schulkinder am Nachmittag.,Nach der Schule gehen die Kinder in den Hort.,,,,,,,,,,,,,,beruf|Eine neue Arbeitsstelle – viele Fragen,3034
B2-0781,Arbeitgeber,der,,arbeitgeber,B2,Linie B2 Beruf,Kapitel 10 – Rechte und Pflichten,n,employer,"Die Firma oder Person, die Arbeiter einstellt und bezahlt.",Mein neuer Arbeitgeber ist ein großes Logistikunternehmen.,Arbeitgeberin,,,,,,,,,,,,,beruf|Davi Fendelas Arbeitsvertrag,3035
B2-0782,Arbeitgeberin,die,-nen,arbeitgeberin,B2,Linie B2 Beruf,Kapitel 10 – Rechte und Pflichten,n,employer (female),"Eine Frau, die als Chefin Mitarbeiter einstellt.",Die Arbeitgeberin unterschrieb den Vertrag persönlich.,Arbeitgeber,,,,,,,,,,,,,beruf|Davi Fendelas Arbeitsvertrag,3036
B2-0783,Arbeitnehmer,der,,arbeitnehmer,B2,Linie B2 Beruf,Kapitel 10 – Rechte und Pflichten,n,employee (male),"Jemand, der bei einer Firma angestellt ist.",Als Arbeitnehmer hat man ein Recht auf bezahlten Urlaub.,Arbeitnehmerin,,,,,,,,,,,,,beruf|Davi Fendelas Arbeitsvertrag,3037
B2-0784,Arbeitnehmerin,die,-nen,arbeitnehmerin,B2,Linie B2 Beruf,Kapitel 10 – Rechte und Pflichten,n,employee (female),Eine weibliche Angestellte.,Die Arbeitnehmerin fordert eine Anpassung ihrer Arbeitszeit.,Arbeitnehmer,,,,,,,,,,,,,beruf|Davi Fendelas Arbeitsvertrag,3038
B2-0785,Arbeitsverhältnis,das,-se,arbeitsverhaltnis,B2,Linie B2 Beruf,Kapitel 10 – Rechte und Pflichten,n,employment relationship,Die rechtliche Beziehung zwischen Firma und Mitarbeiter.,Das Arbeitsverhältnis beginnt am ersten Januar.,,,,,,,,,,,,,,beruf|Davi Fendelas Arbeitsvertrag,3039
B2-0786,Probezeit,die,-en,probezeit,B2,Linie B2 Beruf,Kapitel 10 – Rechte und Pflichten,n,probationary period,"Der Zeitraum am Anfang des Jobs, in dem man schnell kündigen kann.",Die Probezeit in meinem neuen Job dauert sechs Monate.,,,,,,,,,,,,,,beruf|Davi Fendelas Arbeitsvertrag,3040
B2-0787,Frist,die,-en,frist,B2,Linie B2 Beruf,Kapitel 10 – Rechte und Pflichten,n,deadline / notice period,"Ein bestimmter Zeitraum, bis zu dem etwas erledigt sein muss.",Wir müssen die Frist für die Steuererklärung einhalten.,Kündigungsfrist,,,,,,,,,,,,,beruf|Davi Fendelas Arbeitsvertrag,3041
B2-0788,kündigen,,,kundigen,B2,Linie B2 Beruf,Kapitel 10 – Rechte und Pflichten,v,to resign / terminate a contract,Einen Vertrag oder Job offiziell beenden.,Er möchte seinen alten Job zum Monatsende kündigen.,,,,,,,,kündigt,kündigte,hat gekündigt,haben,,,beruf|Davi Fendelas Arbeitsvertrag,3042
B2-0789,zumutbar,,,zumutbar,B2,Linie B2 Beruf,Kapitel 10 – Rechte und Pflichten,adj,reasonable / acceptable,"Etwas, das man von jemandem verlangen kann, weil es nicht zu schwer ist.",Eine Fahrzeit von 30 Minuten zur Arbeit ist absolut zumutbar.,akzeptabel,,,,,,,,,,,zumutbarer,am zumutbarsten,beruf|Davi Fendelas Arbeitsvertrag,3043
B2-0790,Bruttovergütung,die,-en,bruttovergutung,B2,Linie B2 Beruf,Kapitel 10 – Rechte und Pflichten,n,gross remuneration,Das Gehalt vor Abzug von Steuern und Sozialabgaben.,Ihre Bruttovergütung beträgt 3.500 Euro im Monat.,,,,,,,,,,,,,,beruf|Davi Fendelas Arbeitsvertrag,3044
B2-0791,Berücksichtigung,die,,berucksichtigung,B2,Linie B2 Beruf,Kapitel 10 – Rechte und Pflichten,n,consideration / taking into account,Das Beachten von bestimmten Umständen.,Unter Berücksichtigung aller Fakten war die Entscheidung richtig.,,,,,,,,,,,,,,beruf|Davi Fendelas Arbeitsvertrag|nur Singular,3045
B2-0792,Anspruch haben auf,,,anspruch haben auf,B2,Linie B2 Beruf,Kapitel 10 – Rechte und Pflichten,phrase,to be entitled to,Das gesetzliche oder vertragliche Recht auf etwas haben.,Alle Mitarbeiter haben Anspruch auf mindestens 24 Tage Urlaub.,,,,,,,,,,,,,,beruf|Davi Fendelas Arbeitsvertrag,3046
B2-0793,absprechen,,,absprechen,B2,Linie B2 Beruf,Kapitel 10 – Rechte und Pflichten,v,to arrange / agree with,Pläne oder Aufgaben gemeinsam festlegen.,Wir sollten uns vor dem Meeting kurz absprechen.,vereinbaren,,,,Verben mit Präposition,mit,Dativ,spricht ab,sprach ab,hat abgesprochen,haben,,,beruf|Davi Fendelas Arbeitsvertrag,3047
B2-0794,Phase,die,-n,phase,B2,Linie B2 Beruf,Kapitel 10 – Rechte und Pflichten,n,phase / stage,Ein bestimmter Zeitabschnitt in einer Entwicklung.,Das Projekt befindet sich aktuell in einer schwierigen Phase.,,,,,,,,,,,,,,beruf|Davi Fendelas Arbeitsvertrag,3048
B2-0795,vertraglich geregelt,,,vertraglich geregelt,B2,Linie B2 Beruf,Kapitel 10 – Rechte und Pflichten,phrase,contractually regulated,Festgelegt durch Regeln in einem Vertrag.,Die Überstunden sind im Arbeitsvertrag vertraglich geregelt.,,,,,,,,,,,,,,beruf|Davi Fendelas Arbeitsvertrag,3049
B2-0796,Tätigkeit,die,-en,tatigkeit,B2,Linie B2 Beruf,Kapitel 10 – Rechte und Pflichten,n,activity / duty / task,"Die Arbeit oder Beschäftigung, die man ausführt.",Zu meinen Haupttätigkeiten gehört das Schreiben von Berichten.,Arbeitsfeld,,,,,,,,,,,,,beruf|Davi Fendelas Arbeitsvertrag,3050
B2-0797,Gesetz,das,-e,gesetz,B2,Linie B2 Beruf,Kapitel 10 – Rechte und Pflichten,n,law / statute,"Eine feste Regel, die vom Staat beschlossen wurde.",Das Gesetz regelt den Kündigungsschutz für Arbeitnehmer.,,,,,,,,,,,,,,beruf|Vertragssprache,3051
B2-0798,Tarifvertrag,der,¨e,tarifvertrag,B2,Linie B2 Beruf,Kapitel 10 – Rechte und Pflichten,n,collective agreement,Vertrag über Löhne und Arbeitsbedingungen zwischen Gewerkschaft und Arbeitgeber.,Die Gehaltserhöhung ist im neuen Tarifvertrag festgelegt.,Tarif,,,,,,,,,,,,,beruf|Vertragssprache,3052
B2-0799,Betriebsvereinbarung,die,,betriebsvereinbarung,B2,Linie B2 Beruf,Kapitel 10 – Rechte und Pflichten,n,company agreement,Ein Vertrag zwischen der Geschäftsführung und dem Betriebsrat.,Die Regeln zum Homeoffice sind in einer Betriebsvereinbarung geregelt.,,,,,,,,,,,,,,beruf|Vertragssprache,3053
B2-0800,etwas regeln,,,etwas regeln,B2,Linie B2 Beruf,Kapitel 10 – Rechte und Pflichten,v,to regulate / govern,"Bestimmen, wie etwas ablaufen soll.",Die AGBs regeln die Bedingungen für eine Stornierung.,,,,,,,,,,,,,,beruf|Vertragssprache,3054
B2-0801,Vereinbarung,die,-en,vereinbarung,B2,Linie B2 Beruf,Kapitel 10 – Rechte und Pflichten,n,agreement,Eine Absprache oder ein Vertrag zwischen Parteien.,Wir haben eine schriftliche Vereinbarung getroffen.,Absprache,,,,,,,,,,,,,beruf|Vertragssprache,3055
B2-0802,Betriebsrat,der,¨e,betriebsrat,B2,Linie B2 Beruf,Kapitel 10 – Rechte und Pflichten,n,works council,Die Vertretung der Mitarbeiter in einer Firma.,Bei Problemen mit dem Chef kann man den Betriebsrat um Hilfe bitten.,,,,,,,,,,,,,,beruf|Vertragssprache,3056
B2-0803,Nebentätigkeit,die,-en,nebentatigkeit,B2,Linie B2 Beruf,Kapitel 10 – Rechte und Pflichten,n,side job / secondary employment,Eine zusätzliche Arbeit neben dem Hauptberuf.,Man muss eine Nebentätigkeit beim Arbeitgeber anmelden.,,,,,,,,,,,,,,beruf|Vertragssprache,3057
B2-0804,Kündigung,die,-en,kundigung,B2,Linie B2 Beruf,Kapitel 10 – Rechte und Pflichten,n,termination / dismissal,"Das offizielle Dokument, mit dem man einen Vertrag beendet.",Er hat gestern seine schriftliche Kündigung abgegeben.,Entlassung,,,,,,,,,,,,,beruf|Vertragssprache,3058
B2-0805,jemanden einstellen,,,jemanden einstellen,B2,Linie B2 Beruf,Kapitel 10 – Rechte und Pflichten,v,to hire / employ someone,Jemandem einen Job geben und einen Vertrag schließen.,Die Werkstatt möchte im Sommer zwei neue Mechaniker einstellen.,jemanden beschäftigen,,,,,,,,,,,,,beruf|Vertragssprache,3059
B2-0806,regulär,,,regular,B2,Linie B2 Beruf,Kapitel 10 – Rechte und Pflichten,adj,regular / normal,Ganz normal; den Regeln entsprechend.,Die reguläre Arbeitszeit beträgt 40 Stunden pro Woche.,,,,,,,,,,,,regulärer,am regulärsten,beruf|Vertragssprache,3060
B2-0807,etwas anordnen,,,etwas anordnen,B2,Linie B2 Beruf,Kapitel 10 – Rechte und Pflichten,v,to order / decree,"Offiziell befehlen, dass etwas getan werden muss.",Der Chef kann in Notfällen Überstunden anordnen.,,,,,,,,,,,,,,beruf|Vertragssprache,3061
B2-0808,verpflichtet sein,,,verpflichtet sein,B2,Linie B2 Beruf,Kapitel 10 – Rechte und Pflichten,phrase,to be obliged / required,Etwas tun müssen (wegen eines Gesetzes oder Vertrags).,"Sie sind verpflichtet, eine Krankmeldung abzugeben.",,,,,,,,,,,,,,beruf|Vertragssprache,3062
B2-0809,spätestens,,,spatestens,B2,Linie B2 Beruf,Kapitel 10 – Rechte und Pflichten,adj,at the latest,Nicht nach einem bestimmten Zeitpunkt.,Die Bewerbungsunterlagen müssen spätestens am Freitag hier sein.,,,,,,,,,,,,spätestenser,am spätestensesten,beruf|Vertragssprache,3063
B2-0810,Vertragsdauer,die,,vertragsdauer,B2,Linie B2 Beruf,Kapitel 10 – Rechte und Pflichten,n,duration of contract,"Die Laufzeit, für die ein Vertrag gültig ist.",Die Vertragsdauer beträgt zunächst zwölf Monate.,,,,,,,,,,,,,,beruf|Vertragssprache|nur Singular,3064
B2-0811,Gruppenleiter,der,,gruppenleiter,B2,Linie B2 Beruf,Kapitel 10 – Rechte und Pflichten,n,group leader / supervisor (male),Der Chef einer kleineren Arbeitsgruppe.,Unser Gruppenleiter koordiniert die täglichen Aufgaben.,Gruppenleiterin,,,,,,,,,,,,,beruf|Regeln im Betrieb,3065
B2-0812,Gruppenleiterin,die,-nen,gruppenleiterin,B2,Linie B2 Beruf,Kapitel 10 – Rechte und Pflichten,n,group leader / supervisor (female),"Eine Frau, die eine Arbeitsgruppe leitet.",Die Gruppenleiterin hat uns zum Meeting eingeladen.,Gruppenleiter,,,,,,,,,,,,,beruf|Regeln im Betrieb,3066
B2-0813,pünktlich erscheinen,,,punktlich erscheinen,B2,Linie B2 Beruf,Kapitel 10 – Rechte und Pflichten,v,to appear on time,Genau zur richtigen Zeit an einem Ort ankommen.,Alle Mitarbeiter müssen morgens pünktlich erscheinen.,,,,,,,,,,,,,,beruf|Regeln im Betrieb,3067
B2-0814,eine Lösung finden,,,eine losung finden,B2,Linie B2 Beruf,Kapitel 10 – Rechte und Pflichten,phrase,to find a solution,Ein Problem erfolgreich klären.,Wir müssen gemeinsam eine Lösung für den Konflikt finden.,,,,,,,,,,,,,,beruf|Regeln im Betrieb,3068
B2-0815,sich etwas  gefallen lassen,,,sich etwas  gefallen lassen,B2,Linie B2 Beruf,Kapitel 10 – Rechte und Pflichten,v,(not) to put up with something,Etwas Unfaires akzeptieren (oder sich dagegen wehren).,Schlechtes Verhalten vom Chef sollte man sich nicht gefallen lassen.,,,,,,,,,,,,,,beruf|Regeln im Betrieb,3069
B2-0816,Personalakte,die,-n,personalakte,B2,Linie B2 Beruf,Kapitel 10 – Rechte und Pflichten,n,personnel file,Die Sammlung aller Dokumente über einen Mitarbeiter.,Die Abmahnung wird in der Personalakte gespeichert.,,,,,,,,,,,,,,beruf|Regeln im Betrieb,3070
B2-0817,wegen,,,wegen,B2,Linie B2 Beruf,Kapitel 10 – Rechte und Pflichten,v,because of,Drückt den Grund für etwas aus.,Wegen des Feiertags bleibt das Maklerbüro am Montag geschlossen.,,,,,,,,wegt,wegte,hat gewegt,haben,,,beruf|Regeln im Betrieb,3071
B2-0818,Gewissenskonflikt,der,-e,gewissenskonflikt,B2,Linie B2 Beruf,Kapitel 10 – Rechte und Pflichten,n,conflict of conscience,"Ein innerer Streit, wenn man etwas tun soll, das man moralisch falsch findet.","Sie war in einem Gewissenskonflikt, ob sie den Fehler vertuschen sollte.",,,,,,,,,,,,,,beruf|Regeln im Betrieb,3072
B2-0819,Auftragslage,die,,auftragslage,B2,Linie B2 Beruf,Kapitel 10 – Rechte und Pflichten,n,order situation / volume of orders,"Die Menge an Aufträgen, die eine Firma aktuell hat.",Wegen der guten Auftragslage müssen wir Überstunden machen.,,,,,,,,,,,,,,beruf|Regeln im Betrieb|nur Singular,3073
B2-0820,etwas selbst bestimmen,,,etwas selbst bestimmen,B2,Linie B2 Beruf,Kapitel 10 – Rechte und Pflichten,phrase,to decide something for oneself,Eigenständig eine Entscheidung treffen.,Freelancer können ihre Arbeitszeiten selbst bestimmen.,,,,,,,,,,,,,,beruf|Regeln im Betrieb,3074
B2-0821,Dienstbekleidung,die,-en,dienstbekleidung,B2,Linie B2 Beruf,Kapitel 10 – Rechte und Pflichten,n,uniform / work clothes,Vorgeschriebene Kleidung für die Arbeit.,Im Service ist das Tragen der Dienstbekleidung Pflicht.,,,,,,,,,,,,,,beruf|Regeln im Betrieb,3075
B2-0822,innerhalb,,,innerhalb,B2,Linie B2 Beruf,Kapitel 10 – Rechte und Pflichten,adj,within,Drinnen; in einem bestimmten zeitlichen oder räumlichen Rahmen.,Wir müssen den Mangel innerhalb einer Woche beheben.,,,,,,,,,,,,innerhalber,am innerhalbsten,beruf|Regeln im Betrieb,3076
B2-0823,außerhalb,,,ausserhalb,B2,Linie B2 Beruf,Kapitel 10 – Rechte und Pflichten,adj,outside of,Draußen; außerhalb von Zeiten oder Orten.,Telefonate außerhalb der Arbeitszeit sind nicht Pflicht.,,,,,,,,,,,,außerhalber,am außerhalbsten,beruf|Regeln im Betrieb,3077
B2-0824,anstelle von,,,anstelle von,B2,Linie B2 Beruf,Kapitel 10 – Rechte und Pflichten,phrase,instead of,Als Ersatz für eine andere Sache oder Person.,Anstelle von Herrn Müller wird Frau Schmidt das Protokoll schreiben.,,,,,,,,,,,,,,beruf|Regeln im Betrieb,3078
B2-0825,anlässlich,,,anlasslich,B2,Linie B2 Beruf,Kapitel 10 – Rechte und Pflichten,adj,on the occasion of,Aus Grund eines besonderen Ereignisses oder Festes.,Anlässlich des Firmenjubiläums gibt es einen Betriebsausflug.,,,,,,,,,,,,anlässlicher,am anlässlichsten,beruf|Regeln im Betrieb,3079
B2-0826,trotz,,,trotz,B2,Linie B2 Beruf,Kapitel 10 – Rechte und Pflichten,adj,despite / in spite of,Obwohl ein Hindernis vorhanden ist.,Trotz der Mieterhöhung bleiben wir in diesen Büroräumen.,,,,,,,,,,,,trotzer,am trotzesten,beruf|Regeln im Betrieb,3080
B2-0827,Startup,der/das,-s,startup,B2,Linie B2 Beruf,Kapitel 10 – Rechte und Pflichten,n,startup,"Eine neu gegründete, junge Firma mit innovativen Ideen.",Das Startup sucht neue Investoren für die Geschäftsidee.,,,,,,,,,,,,,,beruf|Regeln im Betrieb,3081
B2-0828,verpachten,,,verpachten,B2,Linie B2 Beruf,Kapitel 10 – Rechte und Pflichten,v,to lease out,Einen Laden oder Grund gegen Geld zur Nutzung überlassen (inklusive Inventar).,Der Besitzer möchte seinen Kiosk an einen Nachfolger verpachten.,,,,,,,,verpachtet,verpachtete,hat verpachtet,haben,,,beruf|Regeln im Betrieb,3082
B2-0829,Gruppenleitung,die,-en,gruppenleitung,B2,Linie B2 Beruf,Kapitel 10 – Rechte und Pflichten,n,Team leadership / Group management,"Die Person oder Position, die ein Team leitet.",Sie hat sich erfolgreich um die Gruppenleitung beworben.,,,,,,,,,,,,,,beruf|Gespräche mit Vorgesetzten,3083
B2-0830,Gehaltswunsch,der,¨e,gehaltswunsch,B2,Linie B2 Beruf,Kapitel 10 – Rechte und Pflichten,n,Salary expectation,"Das Einkommen, das man sich bei Verhandlungen wünscht.",Nennen Sie in Ihrer Bewerbung bitte Ihren Gehaltswunsch.,,,,,,,,,,,,,,beruf|Gespräche mit Vorgesetzten,3084
B2-0831,Arbeitsbelastung,die,-en,arbeitsbelastung,B2,Linie B2 Beruf,Kapitel 10 – Rechte und Pflichten,n,Workload / Work strain,"Die Menge an Arbeit, die man bewältigen muss.",Die hohe Arbeitsbelastung führt oft zu großem Stress.,,,,,,,,,,,,,,beruf|Gespräche mit Vorgesetzten,3085
B2-0832,Tarif,der,-e,tarif,B2,Linie B2 Beruf,Kapitel 10 – Rechte und Pflichten,n,Collective agreement / Wage rate,Ein vertraglich festgesetzter Lohn zwischen Partnern.,Die Bezahlung in diesem Unternehmen ist durch einen Tarif geregelt.,Tarifvertrag,,,,,,,,,,,,,beruf|Gespräche mit Vorgesetzten,3086
B2-0833,über/unter Tarif bezahlen,,,uber/unter tarif bezahlen,B2,Linie B2 Beruf,Kapitel 10 – Rechte und Pflichten,phrase,To pay above/below tariff rate,Mehr oder weniger Gehalt geben als im Tarifvertrag steht.,Großkonzerne bezahlen ihre Angestellten oft über Tarif.,,,,,,,,,,,,,,beruf|Gespräche mit Vorgesetzten,3087
B2-0834,Urlaub nehmen,,,urlaub nehmen,B2,Linie B2 Beruf,Kapitel 10 – Rechte und Pflichten,v,To take a vacation / annual leave,Freie Tage bei der Firma beantragen und nutzen.,Im August möchte ich zwei Wochen Urlaub nehmen.,,,,,,,,,,,,,,beruf|Gespräche mit Vorgesetzten,3088
B2-0835,jmdm. droht die Kündigung,,,jmdm. droht die kundigung,B2,Linie B2 Beruf,Kapitel 10 – Rechte und Pflichten,phrase,Someone is facing dismissal,"Wenn es sehr wahrscheinlich ist, dass man den Job verliert.",Wegen der Krise droht vielen Mitarbeitern die Kündigung.,,,,,,,,,,,,,,beruf|Kündigung,3089
B2-0836,Diskriminierung,die,,diskriminierung,B2,Linie B2 Beruf,Kapitel 10 – Rechte und Pflichten,n,Discrimination,Die Benachteiligung von Menschen aus unfairen Gründen.,Am Arbeitsplatz darf es keine Diskriminierung geben.,,,,,,,,,,,,,,beruf|Kündigung|nur Singular,3090
B2-0837,jemanden entlassen,,,jemanden entlassen,B2,Linie B2 Beruf,Kapitel 10 – Rechte und Pflichten,v,To dismiss / fire someone,Einem Arbeitnehmer die Stelle kündigen.,Der Chef musste den Mitarbeiter wegen Diebstahls entlassen.,,,,,,,,,,,,,,beruf|Kündigung,3091
B2-0838,stehlen,,,stehlen,B2,Linie B2 Beruf,Kapitel 10 – Rechte und Pflichten,v,To steal,Unberechtigt Eigentum von anderen mitnehmen.,"Wer Werkzeuge aus der Firma stiehlt, verliert seinen Job.",,,,,,,,stiehlt,stahl,hat gestohlen,haben,,,beruf|Kündigung,3092
B2-0839,Belästigung,die,-en,belastigung,B2,Linie B2 Beruf,Kapitel 10 – Rechte und Pflichten,n,Harassment / Annoyance,Ein störendes oder verletzendes Verhalten gegenüber anderen.,Jede Form von Belästigung wird im Betrieb streng bestraft.,,,,,,,,,,,,,,beruf|Kündigung,3093
B2-0840,sexuell,,,sexuell,B2,Linie B2 Beruf,Kapitel 10 – Rechte und Pflichten,adj,Sexual,Das Geschlechtsleben oder die Sexualität betreffend.,Eine sexuelle Belästigung wird niemals toleriert.,,,,,,,,,,,,sexueller,am sexuellsten,beruf|Kündigung,3094
B2-0841,jemanden mobben,,,jemanden mobben,B2,Linie B2 Beruf,Kapitel 10 – Rechte und Pflichten,v,To bully / harass someone,Einen Kollegen absichtlich und unfair behandeln.,"Es ist unfair, wenn mehrere Kollegen eine Person mobben.",,,,,,,,,,,,,,beruf|Kündigung,3095
B2-0842,Betriebsversammlung,die,-en,betriebsversammlung,B2,Linie B2 Beruf,Kapitel 10 – Rechte und Pflichten,n,Works meeting / Staff meeting,Ein offizielles Treffen aller Mitarbeiter mit dem Betriebsrat.,Auf der Betriebsversammlung wurden neue Regeln besprochen.,,,,,,,,,,,,,,beruf|Kündigung,3096
B2-0843,sich schonen,,,sich schonen,B2,Linie B2 Beruf,Kapitel 10 – Rechte und Pflichten,v,To take it easy / rest oneself,"Sich ausruhen, um die Gesundheit zu schützen.",Nach der Operation muss der Patient sich noch schonen.,,,,,,,,schont,schonte,hat geschont,haben,,,beruf|Kündigung,3097
B2-0844,schwanger sein,,,schwanger sein,B2,Linie B2 Beruf,Kapitel 10 – Rechte und Pflichten,phrase,To be pregnant,Ein Kind im Körper erwarten.,"Wenn Mitarbeiterinnen schwanger sind, gilt ein besonderer Schutz.",,,,,,,,,,,,,,beruf|Arbeitsschutz,3098
B2-0845,Mutterschaftsgeld,das,,mutterschaftsgeld,B2,Linie B2 Beruf,Kapitel 10 – Rechte und Pflichten,n,Maternity pay,Finanzielles Geld für Frauen rund um die Geburt.,Während des Mutterschutzes zahlt die Kasse Mutterschaftsgeld.,,,,,,,,,,,,,,beruf|Arbeitsschutz|nur Singular,3099
B2-0846,Zeitungen austragen,,,zeitungen austragen,B2,Linie B2 Beruf,Kapitel 10 – Rechte und Pflichten,v,To deliver newspapers,Zeitungen zu den Häusern bringen (oft als Nebenjob).,Als Schüler hat er am Wochenende Zeitungen ausgetragen.,,,,,,,,,,,,,,beruf|Arbeitsschutz,3100
B2-0847,Kinderarbeit,die,,kinderarbeit,B2,Linie B2 Beruf,Kapitel 10 – Rechte und Pflichten,n,Child labor,Die verbotene wirtschaftliche Arbeit von Kindern.,Gesetze zum Arbeitsschutz verbieten illegale Kinderarbeit.,,,,,,,,,,,,,,beruf|Arbeitsschutz|nur Singular,3101
B2-0848,Schwerarbeit,die,,schwerarbeit,B2,Linie B2 Beruf,Kapitel 10 – Rechte und Pflichten,n,Heavy physical labor,Körperlich sehr anstrengende und schwere Arbeit.,Auf dem Bau leistet das Personal oft harte Schwerarbeit.,,,,,,,,,,,,,,beruf|Arbeitsschutz|nur Singular,3102
B2-0849,Gesundheitsschutz,der,,gesundheitsschutz,B2,Linie B2 Beruf,Kapitel 10 – Rechte und Pflichten,n,Health protection,"Maßnahmen, um Krankheiten bei der Arbeit zu verhindern.",Ergonomische Bürostühle dienen dem Gesundheitsschutz.,,,,,,,,,,,,,,beruf|Arbeitsschutz|nur Singular,3103
B2-0850,Ruhezeit,die,-en,ruhezeit,B2,Linie B2 Beruf,Kapitel 10 – Rechte und Pflichten,n,Rest period / Break time,Die gesetzliche Mindestzeit zur Erholung zwischen Schichten.,Zwischen zwei Schichten muss eine Ruhezeit liegen.,,,,,,,,,,,,,,beruf|Arbeitsschutz,3104
B2-0851,übermäßig,,,ubermassig,B2,Linie B2 Beruf,Kapitel 10 – Rechte und Pflichten,adj,Excessive,Zu viel; über das normale Maß hinausgehend.,Ein übermäßiger Konsum von Kaffee ist ungesund.,,,,,,,,,,,,übermäßiger,am übermäßigsten,beruf|Arbeitsschutz,3105
B2-0852,ätzend,,,atzend,B2,Linie B2 Beruf,Kapitel 10 – Rechte und Pflichten,adj,Corrosive / Caustic,"Chemische Stoffe, die Oberflächen oder Haut zerstören.",Beim Umgang mit ätzenden Flüssigkeiten muss man aufpassen.,,,,,,,,,,,,ätzender,am ätzendesten,beruf|Arbeitsschutz,3106
B2-0853,Schutzbrille,die,-n,schutzbrille,B2,Linie B2 Beruf,Kapitel 10 – Rechte und Pflichten,n,Safety goggles,"Eine Brille, die die Augen bei der Arbeit schützt.",Beim Schweißen ist das Tragen einer Schutzbrille Pflicht.,,,,,,,,,,,,,,beruf|Arbeitsschutz,3107
B2-0854,Einmalhandschuhe,die,,einmalhandschuhe,B2,Linie B2 Beruf,Kapitel 10 – Rechte und Pflichten,n,Disposable gloves,"Handschuhe aus Plastik, die man nur einmal benutzt.",Im Labor müssen die Mitarbeiter stets Einmalhandschuhe tragen.,,,,,,,,,,,,,,beruf|Arbeitsschutz,3108
B2-0855,Hygiene,die,,hygiene,B2,Linie B2 Beruf,Kapitel 10 – Rechte und Pflichten,n,Hygiene / Cleanliness,Sauberkeit zur Vermeidung von Krankheiten.,In der Küche gelten strenge Regeln für die Hygiene.,,,,,,,,,,,,,,beruf|Arbeitsschutz|nur Singular,3109
B2-0856,desinfizieren,,,desinfizieren,B2,Linie B2 Beruf,Kapitel 10 – Rechte und Pflichten,v,To disinfect / sanitize,Keime und Bakterien mit Mitteln abtöten.,Vor einer OP muss der Arzt sich die Hände gründlich desinfizieren.,,,,,,,,desinfiziert,desinfizierte,hat desinfiziert,haben,,,beruf|Arbeitsschutz,3110
B2-0857,Beitrag,der,¨e,beitrag,B2,Linie B2 Beruf,Kapitel 10 – Rechte und Pflichten,n,Contribution / Fee,"Geld, das man für eine Versicherung oder einen Club zahlt.",Der Beitrag zur Krankenversicherung wird vom Lohn abgezogen.,Gebühr,,,,,,,,,,,,,beruf|Arbeitsschutz,3111
B2-0858,anklicken,,,anklicken,B2,Linie B2 Beruf,Kapitel 11 – Arbeit und neue Medien,v,To click on,Mit der Computermaus auf ein Symbol drücken.,Sie müssen das Symbol auf dem Bildschirm doppelt anklicken.,,,,,,,,anklickt,anklickte,hat geanklickt,haben,,,beruf|Alles digital,3112
B2-0859,herunterladen,,,herunterladen,B2,Linie B2 Beruf,Kapitel 11 – Arbeit und neue Medien,v,To download,Daten aus dem Internet auf den PC kopieren.,Du kannst dir die Dokumente direkt von der Seite herunterladen.,,,,,,,,lädt herunter,lud herunter,hat heruntergeladen,haben,,,beruf|Alles digital,3113
B2-0860,hochfahren,,,hochfahren,B2,Linie B2 Beruf,Kapitel 11 – Arbeit und neue Medien,v,To boot up / start up,Einen Computer einschalten und starten lassen.,Morgens muss ich als Erstes meinen Laptop hochfahren.,,,,,,,,fährt hoch,fuhr hoch,ist hochgefahren,sein,,,beruf|Alles digital,3114
B2-0861,posten,,,posten,B2,Linie B2 Beruf,Kapitel 11 – Arbeit und neue Medien,v,To post (online),Einen Text oder ein Bild im Internet veröffentlichen.,Die Firma möchte täglich Neuigkeiten auf Social Media posten.,veröffentlichen,,,,,,,postet,postete,hat gepostet,haben,,,beruf|Alles digital,3115
B2-0862,twittern,,,twittern,B2,Linie B2 Beruf,Kapitel 11 – Arbeit und neue Medien,v,To tweet,Eine kurze Nachricht auf der Plattform X senden.,Der Politiker nutzt soziale Netzwerke und twittert sehr viel.,,,,,,,,twittert,twitterte,hat getwittert,haben,,,beruf|Alles digital,3116
B2-0863,speichern,,,speichern,B2,Linie B2 Beruf,Kapitel 11 – Arbeit und neue Medien,v,To save (data),Daten dauerhaft auf einer Festplatte sichern.,"Vergessen Sie nicht, Ihre Dokumente vor dem Schließen zu speichern.",,,,,,,,speichert,speicherte,hat gespeichert,haben,,,beruf|Alles digital,3117
B2-0864,verzichten,,,verzichten,B2,Linie B2 Beruf,Kapitel 11 – Arbeit und neue Medien,v,To do without / give up,Etwas freiwillig nicht benutzen oder konsumieren.,Während des Experiments wollte er komplett auf sein Handy verzichten.,,,,,Verben mit Präposition,auf,Akkusativ,verzichtet,verzichtete,hat verzichtet,haben,,,beruf|Einen Monat offline,3118
B2-0865,schwerfallen,,,schwerfallen,B2,Linie B2 Beruf,Kapitel 11 – Arbeit und neue Medien,v,To be difficult for someone,Wenn eine Aufgabe große Mühe bereitet.,Der Verzicht auf das Internet wird vielen Menschen sehr schwerfallen.,,,,,,,,schwerfallt,schwerfallte,hat geschwerfallt,haben,,,beruf|Einen Monat offline,3119
B2-0866,kommunizieren,,,kommunizieren,B2,Linie B2 Beruf,Kapitel 11 – Arbeit und neue Medien,v,To communicate with,Informationen oder Nachrichten mit anderen austauschen.,Wir kommunizieren mit unseren Kunden meistens per E-Mail.,,,,,Verben mit Präposition,mit,Dativ,kommuniziert,kommunizierte,hat kommuniziert,haben,,,beruf|Einen Monat offline,3120
B2-0867,je ... desto / umso ...,,,je ... desto / umso ...,B2,Linie B2 Beruf,Kapitel 11 – Arbeit und neue Medien,phrase,The ... the ...,Zweiteilige Struktur für proportionale Änderungen.,"Je mehr man lernt, desto leichter fällt einem die Prüfung.",,,,,,,,,,,,,,beruf|Einen Monat offline,3121
B2-0868,zurückkehren,,,zuruckkehren,B2,Linie B2 Beruf,Kapitel 11 – Arbeit und neue Medien,v,To return / go back,"An einen Ort zurückgehen, wo man vorher war.",Nach dem Urlaub müssen wir wieder an unseren Arbeitsplatz zurückkehren.,,,,,,,,zurückkehrt,zurückkehrte,hat gezurückkehrt,haben,,,beruf|Einen Monat offline,3122
B2-0869,deuten,,,deuten,B2,Linie B2 Beruf,Kapitel 11 – Arbeit und neue Medien,v,To interpret / point to,Ein Zeichen oder ein Verhalten auf eine Weise erklären.,Seine Stille kann man als Zustimmung deuten.,,,,,,,,deutet,deutete,hat gedeutet,haben,,,beruf|Einen Monat offline,3123
B2-0870,sich blamieren,,,sich blamieren,B2,Linie B2 Beruf,Kapitel 11 – Arbeit und neue Medien,v,To make a fool of oneself,Durch einen Fehler lächerlich oder peinlich wirken.,"Wer unvorbereitet in das Meeting geht, kann sich leicht blamieren.",,,,,,,,blamiert,blamierte,hat blamiert,haben,,,beruf|Einen Monat offline,3124
B2-0871,lauschen,,,lauschen,B2,Linie B2 Beruf,Kapitel 11 – Arbeit und neue Medien,v,To listen intently,"Sehr aufmerksam zuhören, oft heimlich.",Die Kinder lauschen der spannenden Geschichte des Großvaters.,,,,,,,,lauscht,lauschte,hat gelauscht,haben,,,beruf|Einen Monat offline,3125
B2-0872,vibrieren,,,vibrieren,B2,Linie B2 Beruf,Kapitel 11 – Arbeit und neue Medien,v,To vibrate,"Eine schnelle, zitternde Bewegung machen.","Mein Handy vibriert in der Tasche, weil jemand anruft.",,,,,,,,vibriert,vibrierte,hat vibriert,haben,,,beruf|Einen Monat offline,3126
B2-0873,übertragen,,,ubertragen,B2,Linie B2 Beruf,Kapitel 11 – Arbeit und neue Medien,v,To transmit / transfer,Daten senden oder Rundfunk ausstrahlen.,Die Daten werden automatisch an den Hauptserver übertragen.,,,,,,,,,,,,,,beruf|Einen Monat offline,3127
B2-0874,auf sich selbst gestellt sein,,,auf sich selbst gestellt sein,B2,Linie B2 Beruf,Kapitel 11 – Arbeit und neue Medien,phrase,To be on one's own,Ohne die Hilfe von anderen Personen klarkommen müssen.,Ohne funktionierende Technik ist man im Büro auf sich selbst gestellt.,,,,,,,,,,,,,,beruf|Einen Monat offline,3128
B2-0875,kurzfristig,,,kurzfristig,B2,Linie B2 Beruf,Kapitel 11 – Arbeit und neue Medien,adj,Short-term / Short notice,Ohne lange Vorbereitungszeit; in naher Zukunft.,Der Termin wurde leider sehr kurzfristig abgesagt.,,,,,,,,,,,,kurzfristiger,am kurzfristigsten,beruf|Einen Monat offline,3129
B2-0876,sich etwas zulegen,,,sich etwas zulegen,B2,Linie B2 Beruf,Kapitel 11 – Arbeit und neue Medien,v,To acquire / buy for oneself,Etwas käuflich erwerben oder anschaffen.,"Ich möchte mir ein neues, moderneres Notebook zulegen.",,,,,,,,,,,,,,beruf|Einen Monat offline,3130
B2-0877,scheitern,,,scheitern,B2,Linie B2 Beruf,Kapitel 11 – Arbeit und neue Medien,v,To fail,Ein Ziel nicht erreichen; ein Misserfolg sein.,"Der Versuch, die alte Software zu reparieren, ist leider gescheitern.",,,,,,,,scheitert,scheiterte,hat gescheitert,haben,,,beruf|Einen Monat offline,3131
B2-0878,in Betrieb nehmen,,,in betrieb nehmen,B2,Linie B2 Beruf,Kapitel 11 – Arbeit und neue Medien,phrase,To put into operation,Ein Gerät zum ersten Mal einschalten und nutzen.,Wir werden die neue Druckmaschine nächste Woche in Betrieb nehmen.,,,,,,,,,,,,,,beruf|Einen Monat offline,3132
B2-0879,sich rechtfertigen,,,sich rechtfertigen,B2,Linie B2 Beruf,Kapitel 11 – Arbeit und neue Medien,v,To justify oneself,"Die Gründe für ein Verhalten erklären, um sich zu verteidigen.",Man muss sich nicht für jede kleine Entscheidung rechtfertigen.,,,,,,,,rechtfertigt,rechtfertigte,hat gerechtfertigt,haben,,,beruf|Einen Monat offline,3133
B2-0880,überprüfen,,,uberprufen,B2,Linie B2 Beruf,Kapitel 11 – Arbeit und neue Medien,v,To check / verify,"Etwas genau kontrollieren, um Fehler zu finden.",Der Techniker muss die Leitungen gründlich überprüfen.,prüfen,,,,,,,,,,,,,beruf|Einen Monat offline,3134
B2-0881,vernetzt,,,vernetzt,B2,Linie B2 Beruf,Kapitel 11 – Arbeit und neue Medien,adj,Networked,Durch ein Netzwerk miteinander verbunden sein.,Alle Computer in der Firma sind miteinander vernetzt.,,,,,,,,,,,,vernetzter,am vernetztesten,beruf|Einen Monat offline,3135
B2-0882,vertraut sein,,,vertraut sein,B2,Linie B2 Beruf,Kapitel 11 – Arbeit und neue Medien,phrase,To be familiar with,Sich mit einem Thema oder System sehr gut auskennen.,Sind Sie mit den neuen Datenschutzregeln vertraut?,,,,,Verben mit Präposition,mit,Dativ,,,,,,,beruf|Einen Monat offline,3136
B2-0883,stammen,,,stammen,B2,Linie B2 Beruf,Kapitel 11 – Arbeit und neue Medien,v,To originate / stem from,Seinen Ursprung an einem Ort oder einer Zeit haben.,Die Daten in der Statistik stammen aus dem letzten Jahr.,,,,,Verben mit Präposition,von,Dativ,stammt,stammte,hat gestammt,haben,,,beruf|Mediennutzung,3137
B2-0884,Untersuchung,die,-en,untersuchung,B2,Linie B2 Beruf,Kapitel 11 – Arbeit und neue Medien,n,Study / Analysis,Eine wissenschaftliche Prüfung oder eine Studie.,Die Untersuchung zeigt deutliche Veränderungen bei den Medien.,,,,,,,,,,,,,,beruf|Mediennutzung,3138
B2-0885,Befragte,der/die,-n,befragte,B2,Linie B2 Beruf,Kapitel 11 – Arbeit und neue Medien,n,Respondent,"Eine Person, die bei einer Umfrage Fragen beantwortet.","Mehrere Befragte gaben an, täglich soziale Medien zu nutzen.",,,,,,,,,,,,,,beruf|Mediennutzung,3139
B2-0886,Hälfte,die,-n,halfte,B2,Linie B2 Beruf,Kapitel 11 – Arbeit und neue Medien,n,Half,Ein Teil von zwei exakt gleichen Teilen (50%).,Fast die Hälfte der Mitarbeiter arbeitet im Homeoffice.,,,,,,,,,,,,,,beruf|Mediennutzung,3140
B2-0887,Drittel,das,,drittel,B2,Linie B2 Beruf,Kapitel 11 – Arbeit und neue Medien,n,Third (1/3),Einer von drei gleichen Teilen einer Menge.,Ein Drittel des Budgets wird für Werbung ausgegeben.,,,,,,,,,,,,,,beruf|Mediennutzung,3141
B2-0888,an erster/letzter Stelle stehen,,,an erster/letzter stelle stehen,B2,Linie B2 Beruf,Kapitel 11 – Arbeit und neue Medien,phrase,To be in first/last place,Das Wichtigste oder Unwichtigste in einer Rangliste sein.,Kundenzufriedenheit sollte immer an erster Stelle stehen.,,,,,,,,,,,,,,beruf|Mediennutzung,3142
B2-0889,sich etwas vornehmen,,,sich etwas vornehmen,B2,Linie B2 Beruf,Kapitel 11 – Arbeit und neue Medien,v,To intend to do something,"Fest planen, ein Ziel in der Zukunft zu erreichen.","Ich nehme mir vor, weniger Zeit am Smartphone zu verbringen.",,,,,,,,,,,,,,beruf|Mediennutzung,3143
B2-0890,etwas durchhalten,,,etwas durchhalten,B2,Linie B2 Beruf,Kapitel 11 – Arbeit und neue Medien,v,To persevere / endure,Eine schwierige Situation bis zum Ende ohne Aufgeben ertragen.,"Man braucht Disziplin, um eine Diät über Monate durchzuhalten.",,,,,,,,,,,,,,beruf|Mediennutzung,3144
B2-0891,Umfrage,die,-n,umfrage,B2,Linie B2 Beruf,Kapitel 11 – Arbeit und neue Medien,n,Survey / Poll,Eine Befragung von Personen zu Meinungen oder Trends.,Wir führen eine Umfrage zur Zufriedenheit im Büro durch.,,,,,,,,,,,,,,beruf|Mediennutzung,3145
B2-0892,reklamieren,,,reklamieren,B2,Linie B2 Beruf,Kapitel 11 – Arbeit und neue Medien,v,To file a product claim,Eine fehlerhafte Ware beim Verkäufer offiziell bemängeln.,"Wenn das Gerät kaputt ankommt, müssen Sie es sofort reklamieren.",,,,,,,,reklamiert,reklamierte,hat reklamiert,haben,,,beruf|Dana und der Drucker,3146
B2-0893,Reklamation,die,-en,reklamation,B2,Linie B2 Beruf,Kapitel 11 – Arbeit und neue Medien,n,Product claim / Complaint,Der offizielle Vorgang des Umtauschs wegen eines Mangels.,Die Abteilung für Reklamationen prüft Ihren Fall schnell.,,,,,,,,,,,,,,beruf|Dana und der Drucker,3147
B2-0894,Voraussetzung,die,-en,voraussetzung,B2,Linie B2 Beruf,Kapitel 11 – Arbeit und neue Medien,n,Prerequisite / Condition,"Eine Bedingung, die vorher erfüllt sein muss.",Fachwissen ist eine wichtige Voraussetzung für diesen Beruf.,,,,,,,,,,,,,,beruf|Dana und der Drucker,3148
B2-0895,Abholung,die,-en,abholung,B2,Linie B2 Beruf,Kapitel 11 – Arbeit und neue Medien,n,Pick-up / Collection,Das Holen einer bereitstehenden Ware oder eines Pakets.,Die Ware liegt im Lager bereit zur Abholung.,,,,,,,,,,,,,,beruf|Dana und der Drucker,3149
B2-0896,Bezug nehmen,,,bezug nehmen,B2,Linie B2 Beruf,Kapitel 11 – Arbeit und neue Medien,v,To refer to / reference,Sich in einem Schreiben offiziell auf etwas beziehen.,Ich möchte Bezug nehmen auf unser Telefonat von gestern.,,,,,Verben mit Präposition,auf,Akkusativ,,,,,,,beruf|Dana und der Drucker,3150
B2-0897,in Erfahrung bringen,,,in erfahrung bringen,B2,Linie B2 Beruf,Kapitel 11 – Arbeit und neue Medien,phrase,To find out / learn,Informationen über eine Unklarheit heraussuchen.,"Können Sie bitte in Erfahrung bringen, wann der Chef kommt?",,,,,,,,,,,,,,beruf|Dana und der Drucker,3151
B2-0898,in Anspruch nehmen,,,in anspruch nehmen,B2,Linie B2 Beruf,Kapitel 11 – Arbeit und neue Medien,phrase,To make use of / utilize,Die angebotene Unterstützung oder Zeit von jemandem nutzen.,Wir müssen die Hilfe eines Experten in Anspruch nehmen.,,,,,,,,,,,,,,beruf|Dana und der Drucker,3152
B2-0899,einen Auftrag erteilen,,,einen auftrag erteilen,B2,Linie B2 Beruf,Kapitel 11 – Arbeit und neue Medien,phrase,To place an order,Einer Firma offiziell den Befehl für eine Arbeit geben.,Die Geschäftsleitung hat der Spedition einen neuen Auftrag erteilt.,,,,,,,,,,,,,,beruf|Dana und der Drucker,3153
B2-0900,einen Fehler beheben,,,einen fehler beheben,B2,Linie B2 Beruf,Kapitel 11 – Arbeit und neue Medien,phrase,To fix an error / fault,Eine Fehlfunktion reparieren oder ein Problem korrigieren.,Der IT-Mitarbeiter konnte den Systemfehler rasch beheben.,,,,,,,,,,,,,,beruf|Dana und der Drucker,3154
B2-0901,sich in Verbindung setzen,,,sich in verbindung setzen,B2,Linie B2 Beruf,Kapitel 11 – Arbeit und neue Medien,v,To contact / get in touch,"Jemanden anrufen oder anschreiben, um etwas zu klären.",Bitte setzen Sie sich direkt mit dem Kundenservice in Verbindung.,sich wenden|Kontakt bekommen,,,,,,,,,,,,,beruf|Dana und der Drucker,3155
B2-0902,in Betracht kommen,,,in betracht kommen,B2,Linie B2 Beruf,Kapitel 11 – Arbeit und neue Medien,phrase,To be considered,Eine mögliche Option für eine Entscheidung sein.,Diese teure Lösung kommt für unser Budget nicht in Betracht.,,,,,,,,,,,,,,beruf|Dana und der Drucker,3156
B2-0903,bestätigen,,,bestatigen,B2,Linie B2 Beruf,Kapitel 11 – Arbeit und neue Medien,v,To confirm,"Offiziell erklären, dass eine Information richtig ist.",Bitte bestätigen Sie mir den Erhalt dieser E-Mail schriftlich.,,,,,,,,bestätigt,bestätigte,hat bestätigt,haben,,,beruf|Dana und der Drucker,3157
B2-0904,benachrichtigen,,,benachrichtigen,B2,Linie B2 Beruf,Kapitel 11 – Arbeit und neue Medien,v,To notify / inform,Jemandem eine wichtige Nachricht oder Info schicken.,"Wir werden Sie sofort benachrichtigen, wenn die Ware da ist.",,,,,,,,benachrichtigt,benachrichtigte,hat benachrichtigt,haben,,,beruf|Dana und der Drucker,3158
B2-0905,einwandfrei,,,einwandfrei,B2,Linie B2 Beruf,Kapitel 11 – Arbeit und neue Medien,adj,Flawless / Perfect order,Ohne jeden Fehler; in einem absolut perfekten Zustand.,Nach der Wartung läuft die Maschine wieder vollkommen einwandfrei.,,,,,,,,,,,,einwandfreier,am einwandfreisten,beruf|Dana und der Drucker,3159
B2-0906,Sendung,die,-en,sendung,B2,Linie B2 Beruf,Kapitel 11 – Arbeit und neue Medien,n,Shipment / Broadcast,Ein Paket oder eine Postlieferung.,Sie können den Status Ihrer Sendung online verfolgen.,,,,,,,,,,,,,,beruf|Section 4 continued & 5 Gut vernetzt,3160
B2-0907,umgehend,,,umgehend,B2,Linie B2 Beruf,Kapitel 11 – Arbeit und neue Medien,adj,Immediately / Promptly,Sehr schnell; ohne Verzögerung.,Wir werden uns umgehend um Ihr Problem kümmern.,,,,,,,,,,,,umgehender,am umgehendesten,beruf|Section 4 continued & 5 Gut vernetzt,3161
B2-0908,Kostenvoranschlag,der,¨e,kostenvoranschlag,B2,Linie B2 Beruf,Kapitel 11 – Arbeit und neue Medien,n,Cost estimate / Quote,Eine ungefähre Berechnung der Kosten vor einer Reparatur.,Der Mechaniker erstellt uns einen Kostenvoranschlag.,,,,,,,,,,,,,,beruf|Section 4 continued & 5 Gut vernetzt,3162
B2-0909,andernfalls,,,andernfalls,B2,Linie B2 Beruf,Kapitel 11 – Arbeit und neue Medien,adj,Otherwise,Wenn das nicht passiert; im anderen Fall.,"Bezahlen Sie die Rechnung bitte sofort, andernfalls fallen Gebühren an.",,,,,,,,,,,,andernfallser,am andernfallsesten,beruf|Section 4 continued & 5 Gut vernetzt,3163
B2-0910,Versandhandel,der,,versandhandel,B2,Linie B2 Beruf,Kapitel 11 – Arbeit und neue Medien,n,Mail-order business / E-commerce,Der Verkauf von Waren über Kataloge oder das Internet.,Er kauft fast alle seine Kleider im Versandhandel.,,,,,,,,,,,,,,beruf|Section 4 continued & 5 Gut vernetzt|nur Singular,3164
B2-0911,schäumen,,,schaumen,B2,Linie B2 Beruf,Kapitel 11 – Arbeit und neue Medien,v,To foam / lather,Blasen bilden (z. B. Seife oder Bier).,Das neue Reinigungsmittel schäumt sehr stark.,,,,,,,,schäumt,schäumte,hat geschäumt,haben,,,beruf|Section 4 continued & 5 Gut vernetzt,3165
B2-0912,sich wenden,,,sich wenden,B2,Linie B2 Beruf,Kapitel 11 – Arbeit und neue Medien,v,To turn to / contact,Jemanden um Hilfe oder Informationen bitten.,Bei Fragen können Sie sich an den Kundenservice wenden.,sich in Verbindung setzen,,,,Verben mit Präposition,an,Akkusativ,wendet,wendete,hat gewendet,haben,,,beruf|Section 4 continued & 5 Gut vernetzt,3166
B2-0913,Umtausch,der,,umtausch,B2,Linie B2 Beruf,Kapitel 11 – Arbeit und neue Medien,n,Exchange (of goods),Eine Ware zurückgeben und eine andere dafür bekommen.,Ein Umtausch der Ware ist innerhalb von 14 Tagen möglich.,Austausch,,,,,,,,,,,,,beruf|Section 4 continued & 5 Gut vernetzt|nur Singular,3167
B2-0914,zur Verfügung stellen,,,zur verfugung stellen,B2,Linie B2 Beruf,Kapitel 11 – Arbeit und neue Medien,phrase,To provide / make available,"Jemandem etwas geben, damit er es benutzen kann.",Die Firma stellt uns Laptops zur Verfügung.,,,,,,,,,,,,,,beruf|Section 4 continued & 5 Gut vernetzt,3168
B2-0915,in Rechnung stellen,,,in rechnung stellen,B2,Linie B2 Beruf,Kapitel 11 – Arbeit und neue Medien,phrase,To invoice / charge for,Jemandem eine Arbeit offiziell berechnen.,Wir werden Ihnen die Fahrtkosten in Rechnung stellen.,,,,,,,,,,,,,,beruf|Section 4 continued & 5 Gut vernetzt,3169
B2-0916,fest angestellt,,,fest angestellt,B2,Linie B2 Beruf,Kapitel 11 – Arbeit und neue Medien,phrase,Permanently employed,"Einen sicheren, festen Arbeitsvertrag bei einer Firma haben.",Nach dem Praktikum wurde sie direkt fest angestellt.,,,,,,,,,,,,,,beruf|Section 4 continued & 5 Gut vernetzt,3170
B2-0917,Initiativ-Bewerbung,die,-en,initiativ-bewerbung,B2,Linie B2 Beruf,Kapitel 11 – Arbeit und neue Medien,n,Unsolicited application,"Eine Bewerbung bei einer Firma, ohne dass es eine freie Stelle gibt.",Ich schicke eine Initiativ-Bewerbung an mein Traumunternehmen.,,,,,,,,,,,,,,beruf|Section 4 continued & 5 Gut vernetzt,3171
B2-0918,Netzwerk,das,-e,netzwerk,B2,Linie B2 Beruf,Kapitel 11 – Arbeit und neue Medien,n,Network,Ein System von Verbindungen zwischen Computern oder Menschen.,Ein gutes berufliches Netzwerk hilft bei der Jobsuche.,,,,,,,,,,,,,,beruf|Section 4 continued & 5 Gut vernetzt,3172
B2-0919,gezielt,,,gezielt,B2,Linie B2 Beruf,Kapitel 11 – Arbeit und neue Medien,adj,Targeted / Purposeful,Ganz genau auf ein bestimmtes Ziel gerichtet.,Wir müssen gezielt nach Fehlern im System suchen.,zielstrebig,,,,,,,,,,,gezielter,am gezieltesten,beruf|Section 4 continued & 5 Gut vernetzt,3173
B2-0920,Aufwand,der,,aufwand,B2,Linie B2 Beruf,Kapitel 11 – Arbeit und neue Medien,n,Effort / Expense,"Die Arbeit, Zeit oder das Geld, das man für ein Projekt braucht.",Die Organisation der Konferenz war ein großer Aufwand.,Einsatz|Überwindung|Anstrengung|Ausgabe,,,,,,,,,,,,,beruf|Section 4 continued & 5 Gut vernetzt|nur Singular,3174
B2-0921,optimieren,,,optimieren,B2,Linie B2 Beruf,Kapitel 11 – Arbeit und neue Medien,v,To optimize / streamline,Etwas verbessern oder effizienter machen.,Wir müssen unsere Arbeitsabläufe im Team optimieren.,,,,,,,,optimiert,optimierte,hat optimiert,haben,,,beruf|Section 4 continued & 5 Gut vernetzt,3175
B2-0922,in Kontakt bleiben,,,in kontakt bleiben,B2,Linie B2 Beruf,Kapitel 11 – Arbeit und neue Medien,phrase,To stay in touch (with),Verbindung zu jemandem halten.,Nach dem Studium möchte ich mit meinen Kommilitonen in Kontakt bleiben.,,,,,Verben mit Präposition,mit,Dativ,,,,,,,beruf|Section 4 continued & 5 Gut vernetzt,3176
B2-0923,veröffentlichen,,,veroffentlichen,B2,Linie B2 Beruf,Kapitel 11 – Arbeit und neue Medien,v,To publish / post,Einen Text oder ein Bild für alle sichtbar machen.,Die Agentur wird den neuen Artikel morgen veröffentlichen.,posten,,,,,,,veröffentlicht,veröffentlichte,hat veröffentlicht,haben,,,beruf|Section 4 continued & 5 Gut vernetzt,3177
B2-0924,zugehen,,,zugehen,B2,Linie B2 Beruf,Kapitel 11 – Arbeit und neue Medien,v,To approach someone,Aktiv auf Menschen einen Schritt zumachen.,Auf Messen sollte man offen auf potenzielle Kunden zugehen.,,,,,Verben mit Präposition,auf,Akkusativ,geht zu,ging zu,ist zugegangen,sein,,,beruf|Section 4 continued & 5 Gut vernetzt,3178
B2-0925,Gemeinsamkeit,die,-en,gemeinsamkeit,B2,Linie B2 Beruf,Kapitel 11 – Arbeit und neue Medien,n,Similarity / Common ground,"Etwas, das zwei Personen oder Dinge teilen.",Das neue Team hat viele Interessen und Gemeinsamkeiten.,,,,,,,,,,,,,,beruf|Section 4 continued & 5 Gut vernetzt,3179
B2-0926,Eindruck,der,¨e,eindruck,B2,Linie B2 Beruf,Kapitel 11 – Arbeit und neue Medien,n,Impression,"Die Wirkung, die jemand auf andere hinterlässt.",Der neue Bewerber hat einen sehr guten Eindruck gemacht.,,,,,,,,,,,,,,beruf|Section 4 continued & 5 Gut vernetzt,3180
B2-0927,Überwindung,die,,uberwindung,B2,Linie B2 Beruf,Kapitel 11 – Arbeit und neue Medien,n,Effort / Overcoming hesitation,"Wenn man Mut braucht, um etwas Unangenehmes zu tun.","Es kostete mich große Überwindung, vor allen Leuten zu sprechen.",Einsatz|Aufwand|Anstrengung,,,,,,,,,,,,,beruf|Section 4 continued & 5 Gut vernetzt|nur Singular,3181
B2-0928,Umsetzung,die,-en,umsetzung,B2,Linie B2 Beruf,Kapitel 11 – Arbeit und neue Medien,n,Implementation / Realization,Das Ausführen eines Plans in die Realität.,Wir beginnen ab Montag mit der Umsetzung des Projekts.,Verwirklichung|Feststellung,,,,,,,,,,,,,beruf|Section 4 continued & 5 Gut vernetzt,3182
B2-0929,vermischen,,,vermischen,B2,Linie B2 Beruf,Kapitel 11 – Arbeit und neue Medien,v,To mix / blend,Verschiedene Dinge zusammenbringen.,Man sollte Privates und Berufliches nicht miteinander vermischen.,rühren,,,,,,,vermischt,vermischte,hat vermischt,haben,,,beruf|Section 4 continued & 5 Gut vernetzt,3183
B2-0930,jemanden von einem Plan abbringen,,,jemanden von einem plan abbringen,B2,Linie B2 Beruf,Kapitel 11 – Arbeit und neue Medien,phrase,To dissuade someone from a plan,"Jemandem ausreden, ein bestimmtes Ziel weiterzuverfolgen.",Lass dich nicht von deinen Kollegen von deinem Plan abbringen.,,,,,,,,,,,,,,beruf|Section 4 continued & 5 Gut vernetzt,3184
B2-0931,Krieg,der,-e,krieg,B2,Linie B2 Beruf,Kapitel 12 – Global arbeiten und leben,n,War ≠ Peace,Bewaffneter Konflikt ≠ Zustand ohne Gewalt.,Alle Menschen hoffen auf ein schnelles Ende des Krieges und auf Frieden.,,der Frieden (Sg.),,,,,,,,,,,,beruf|Aspekte der Globalisierung,3185
B2-0932,Verständigung,die,,verstandigung,B2,Linie B2 Beruf,Kapitel 12 – Global arbeiten und leben,n,Communication / Mutual understanding,Das gegenseitige Verstehen zwischen Kulturen oder Personen.,Sprache ist der Schlüssel zur internationalen Verständigung.,,,,,,,,,,,,,,beruf|Aspekte der Globalisierung|nur Singular,3186
B2-0933,Identität,die,-en,identitat,B2,Linie B2 Beruf,Kapitel 12 – Global arbeiten und leben,n,Identity,"Das, was eine Person oder Kultur einzigartig macht.",Das Leben im Ausland verändert oft die eigene Identität.,,,,,,,,,,,,,,beruf|Aspekte der Globalisierung,3187
B2-0934,Armut,die,,armut,B2,Linie B2 Beruf,Kapitel 12 – Global arbeiten und leben,n,Poverty ≠ Wealth,Zu wenig Geld haben ≠ Sehr viel Geld besitzen.,Die Schere zwischen Armut und Reichtum wird weltweit größer.,,der Reichtum (Sg.),,,,,,,,,,,,beruf|Aspekte der Globalisierung|nur Singular,3188
B2-0935,Klimawandel,der,,klimawandel,B2,Linie B2 Beruf,Kapitel 12 – Global arbeiten und leben,n,Climate change,Die globale Erwärmung und Veränderung des Wetters.,Der Klimawandel ist eine der größten globalen Herausforderungen.,,,,,,,,,,,,,,beruf|Aspekte der Globalisierung|nur Singular,3189
B2-0936,Sprachbarriere,die,-n,sprachbarriere,B2,Linie B2 Beruf,Kapitel 12 – Global arbeiten und leben,n,Language barrier,Probleme bei der Kommunikation wegen unterschiedlicher Sprachen.,Dank seiner guten Englischkenntnisse gab es keine Sprachbarriere.,,,,,,,,,,,,,,beruf|Aspekte der Globalisierung,3190
B2-0937,Menschenrecht,das,-e,menschenrecht,B2,Linie B2 Beruf,Kapitel 12 – Global arbeiten und leben,n,Human right,"Rechte, die jeder Mensch auf der Welt besitzen sollte.",Die Einhaltung der Menschenrechte muss überall kontrolliert werden.,,,,,,,,,,,,,,beruf|Aspekte der Globalisierung,3191
B2-0938,Austausch,der,,austausch,B2,Linie B2 Beruf,Kapitel 12 – Global arbeiten und leben,n,Exchange / Interchange,Das gegenseitige Geben und Nehmen von Ideen oder Waren.,Der kulturelle Austausch zwischen den Ländern ist sehr wertvoll.,Umtausch,,,,,,,,,,,,,beruf|Aspekte der Globalisierung|nur Singular,3192
B2-0939,Hautfarbe,die,-n,hautfarbe,B2,Linie B2 Beruf,Kapitel 12 – Global arbeiten und leben,n,Skin color,Die natürliche Färbung der Haut.,Kein Mensch darf wegen seiner Hautfarbe benachteiligt werden.,,,,,,,,,,,,,,beruf|Aspekte der Globalisierung,3193
B2-0940,Rassismus,der,,rassismus,B2,Linie B2 Beruf,Kapitel 12 – Global arbeiten und leben,n,Racism,Die unfaire Diskriminierung von Menschen aufgrund ihrer Herkunft.,Wir müssen uns im Alltag aktiv gegen Rassismus einsetzen.,,,,,,,,,,,,,,beruf|Aspekte der Globalisierung|nur Singular,3194
B2-0941,Zerstörung,die,-en,zerstorung,B2,Linie B2 Beruf,Kapitel 12 – Global arbeiten und leben,n,Destruction,Wenn etwas komplett kaputt gemacht wird.,Der Sturm führte zur Zerstörung vieler Häuser in der Region.,,,,,,,,,,,,,,beruf|Aspekte der Globalisierung,3195
B2-0942,Tradition,die,-en,tradition,B2,Linie B2 Beruf,Kapitel 12 – Global arbeiten und leben,n,Tradition,"Bräuche, die seit Generationen weitergegeben werden.","Jedes Land hat seine eigenen, besonderen Traditionen.",,,,,,,,,,,,,,beruf|Aspekte der Globalisierung,3196
B2-0943,Risiko,das,Risiken,risiko,B2,Linie B2 Beruf,Kapitel 12 – Global arbeiten und leben,n,Risk,Eine mögliche Gefahr oder ein potenzieller Verlust.,Die Expansion auf einen neuen Markt birgt immer ein gewisses Risiko.,,,,,,,,,,,,,,beruf|Aspekte der Globalisierung,3197
B2-0944,Prozess,der,-e,prozess,B2,Linie B2 Beruf,Kapitel 12 – Global arbeiten und leben,n,Process,"Ein Ablauf, der sich über eine bestimmte Zeit hinzieht.","Die Globalisierung ist ein fortlaufender, weltweiter Prozess.",,,,,,,,,,,,,,beruf|Aspekte der Globalisierung,3198
B2-0945,Vernetzung,die,-en,vernetzung,B2,Linie B2 Beruf,Kapitel 12 – Global arbeiten und leben,n,Networking / Interconnection,"Die Verbindung von Systemen, Firmen oder Menschen weltweit.",Die digitale Vernetzung macht die globale Zusammenarbeit einfach.,,,,,,,,,,,,,,beruf|Aspekte der Globalisierung,3199
B2-0946,Kapazität,die,-en,kapazitat,B2,Linie B2 Beruf,Kapitel 12 – Global arbeiten und leben,n,Capacity,"Das maximale Vermögen aufzunehmen, zu lagern oder zu produzieren.",Unsere Fabrik hat die Kapazität für die Produktion erhöht.,,,,,,,,,,,,,,beruf|Aspekte der Globalisierung,3200
B2-0947,Effizienz,die,,effizienz,B2,Linie B2 Beruf,Kapitel 12 – Global arbeiten und leben,n,Efficiency,Das Erreichen eines Ziels mit möglichst wenig Aufwand.,Durch neue Maschinen konnten wir die Effizienz steigern.,,,,,,,,,,,,,,beruf|Aspekte der Globalisierung|nur Singular,3201
B2-0948,Bruchteil,der,-e,bruchteil,B2,Linie B2 Beruf,Kapitel 12 – Global arbeiten und leben,n,Fraction / Small part,Ein sehr kleiner Teil von einem Ganzen.,Die Reparatur kostet nur einen Bruchteil des Neupreises.,,,,,,,,,,,,,,beruf|Aspekte der Globalisierung,3202
B2-0949,Phänomen,das,-e,phanomen,B2,Linie B2 Beruf,Kapitel 12 – Global arbeiten und leben,n,Phenomenon,Eine außergewöhnliche oder auffällige Erscheinung.,Weltweite Trends im Internet sind ein modernes Phänomen.,,,,,,,,,,,,,,beruf|Aspekte der Globalisierung,3203
B2-0950,Material,das,-ien,material,B2,Linie B2 Beruf,Kapitel 12 – Global arbeiten und leben,n,Material,"Rohstoffe oder Stoffe, aus denen Dinge gebaut werden.",Für den Bau des Messestands brauchen wir stabiles Material.,Stoff,,,,,,,,,,,,,beruf|Willkommen bei WTC,3204
B2-0951,Interesse an ... haben,,,interesse an ... haben,B2,Linie B2 Beruf,Kapitel 12 – Global arbeiten und leben,phrase,To be interested in,Sich für ein bestimmtes Thema oder Produkt begeistern.,Haben Sie Interesse an einer internationalen Karriere?,,,,,,,,,,,,,,beruf|Willkommen bei WTC,3205
B2-0952,sodass,,,sodass,B2,Linie B2 Beruf,Kapitel 12 – Global arbeiten und leben,adj,So that / With the result that,"Konjunktion, die eine logische Folge einleitet.","Der Zug hatte Verspätung, sodass ich das Meeting verpasste.",,,,,,,,,,,,sodasser,am sodassesten,beruf|Willkommen bei WTC,3206
B2-0953,Anstrengung,die,-en,anstrengung,B2,Linie B2 Beruf,Kapitel 12 – Global arbeiten und leben,n,Effort / Exertion,Eine große körperliche oder geistige Mühe.,Das Projekt erfordert die volle Anstrengung des gesamten Teams.,Einsatz|Aufwand|Überwindung,,,,,,,,,,,,,beruf|Willkommen bei WTC,3207
B2-0954,etwas erarbeiten,,,etwas erarbeiten,B2,Linie B2 Beruf,Kapitel 12 – Global arbeiten und leben,v,To develop / work out,Einen Plan oder eine Lösung durch harte Arbeit erstellen.,Wir müssen uns ein neues Konzept für den Vertrieb erarbeiten.,klappen,,,,,,,,,,,,,beruf|Willkommen bei WTC,3208
B2-0955,Unfallschutz,der,,unfallschutz,B2,Linie B2 Beruf,Kapitel 12 – Global arbeiten und leben,n,Accident prevention / protection,Maßnahmen zur Vermeidung von Verletzungen am Arbeitsplatz.,Das Tragen von Sicherheitsschuhen dient dem Unfallschutz.,,,,,,,,,,,,,,beruf|Willkommen bei WTC|nur Singular,3209
B2-0956,Mentor,der,"-en / die Mentorin, -nen",mentor,B2,Linie B2 Beruf,Kapitel 12 – Global arbeiten und leben,n,Mentor,"Eine erfahrene Person, die Anfänger berät und unterstützt.",Mein Mentor hilft mir sehr bei der Einarbeitung in der Firma.,,,,,,,,,,,,,,beruf|Willkommen bei WTC,3210
B2-0957,sich  scheuen,,,sich  scheuen,B2,Linie B2 Beruf,Kapitel 12 – Global arbeiten und leben,v,To (not) hesitate / shirk,"Keine Angst davor haben, eine Aufgabe zu übernehmen.","Sie sollten sich nicht scheuen, den Chef nach Hilfe zu fragen.",,,,,,,,scheut,scheute,hat gescheut,haben,,,beruf|Willkommen bei WTC,3211
B2-0958,dankbar,,,dankbar,B2,Linie B2 Beruf,Kapitel 12 – Global arbeiten und leben,adj,Grateful / Thankful (for),Ein Gefühl des Dankes für eine Hilfe empfinden.,Ich bin Ihnen sehr dankbar für Ihre Unterstützung im Projekt.,,,,,Adjektive mit Präposition,für,Akkusativ,,,,,dankbarer,am dankbarsten,beruf|Willkommen bei WTC,3212
B2-0959,Urlaubsplanung,die,-en,urlaubsplanung,B2,Linie B2 Beruf,Kapitel 12 – Global arbeiten und leben,n,Vacation planning,Die zeitliche Absprache der freien Tage im Team.,Wir müssen im Büro diese Woche die Urlaubsplanung abschließen.,,,,,,,,,,,,,,beruf|Manches ähnlich – vieles neu,3213
B2-0960,Bürokratie,die,-n,burokratie,B2,Linie B2 Beruf,Kapitel 12 – Global arbeiten und leben,n,Bureaucracy,Die Verwaltung mit vielen Formularen und festen Regeln.,Die ausländische Bürokratie macht die Firmengründung schwer.,,,,,,,,,,,,,,beruf|Manches ähnlich – vieles neu,3214
B2-0961,Körpersprache,die,-n,korpersprache,B2,Linie B2 Beruf,Kapitel 12 – Global arbeiten und leben,n,Body language,"Die Signale des Körpers (Gestik, Mimik) beim Sprechen.",In Verhandlungen ist eine selbstbewusste Körpersprache wichtig.,,,,,,,,,,,,,,beruf|Manches ähnlich – vieles neu,3215
B2-0962,einen Termin verschieben / vereinbaren / freihalten / notieren,,,einen termin verschieben / vereinbaren / freihalten / notieren,B2,Linie B2 Beruf,Kapitel 12 – Global arbeiten und leben,phrase,To postpone / arrange / keep free / note down an appointment,Das Ändern oder Festlegen eines Datums für ein Treffen.,"Können wir den Termin verschieben, da ich am Montag krank bin?",,,,,,,,,,,,,,beruf|Kommunikation im Betrieb,3216
B2-0963,Vorbereitung,die,-en,vorbereitung,B2,Linie B2 Beruf,Kapitel 12 – Global arbeiten und leben,n,Preparation (for),Die Planung und Arbeit vor einem Event oder Meeting.,Eine gute Vorbereitung auf das Audit ist absolut notwendig.,,,,,Nomen mit Präposition,auf,Akkusativ,,,,,,,beruf|Kommunikation im Betrieb,3217
B2-0964,Detail,das,-s,detail,B2,Linie B2 Beruf,Kapitel 12 – Global arbeiten und leben,n,Detail,Eine kleine Einzelheit in einem großen Projekt.,Achten Sie bei der Ausarbeitung bitte auf jedes kleine Detail.,,,,,,,,,,,,,,beruf|Kommunikation im Betrieb,3218
B2-0965,Gespräch,das,,gesprach,B2,Linie B2 Beruf,Kapitel 12 – Global arbeiten und leben,n,Conversation / Discussion,Eine verbale Unterhaltung zwischen zwei oder mehr Parteien.,Der Chef führte ein langes Gespräch mit mir über meine Ziele.,,,,,Nomen mit Präposition,mit,Dativ,,,,,,,beruf|Kommunikation im Betrieb,3219
B2-0966,erstaunt,,,erstaunt,B2,Linie B2 Beruf,Kapitel 12 – Global arbeiten und leben,adj,Astonished / Surprised,Sehr überrascht über eine unerwartete Nachricht.,Ich war erstaunt über den schnellen Erfolg unseres neuen Produkts.,,,,,,,,,,,,erstaunter,am erstauntesten,beruf|Kommunikation im Betrieb,3220
B2-0967,ärgerlich,,,argerlich,B2,Linie B2 Beruf,Kapitel 12 – Global arbeiten und leben,adj,Annoying / Inconvenient,"Unangenehm; so, dass man sich darüber ärgert.","Es ist sehr ärgerlich, dass die Lieferung schon wieder fehlt.",,,,,,,,,,,,ärgerlicher,am ärgerlichsten,beruf|Kommunikation im Betrieb,3221
B2-0968,sich etwas ausdenken,,,sich etwas ausdenken,B2,Linie B2 Beruf,Kapitel 12 – Global arbeiten und leben,v,To devise / invent something,Eine neue Idee oder eine kreative Lösung im Kopf entwickeln.,Für das Firmenjubiläum müssen wir uns etwas Besonderes ausdenken.,,,,,,,,,,,,,,beruf|Kommunikation im Betrieb,3222
B2-0969,Stellungnahme,die,-n,stellungnahme,B2,Linie B2 Beruf,Kapitel 12 – Global arbeiten und leben,n,Statement / Official comment,Eine schriftliche oder mündliche Äußerung zu einer Kritik.,Die Marketingabteilung veröffentlicht eine offizielle Stellungnahme.,,,,,,,,,,,,,,beruf|Kommunikation im Betrieb,3223
B2-0970,vergüten,,,verguten,B2,Linie B2 Beruf,Kapitel 12 – Global arbeiten und leben,v,To compensate / pay for,Eine geleistete Arbeit finanziell bezahlen.,Überstunden werden in dieser Firma extra vergütet.,etwas ausgleichen|ausgleichen,,,,,,,vergütet,vergütete,hat vergütet,haben,,,beruf|Kommunikation im Betrieb,3224
B2-0971,etwas ankündigen,,,etwas ankundigen,B2,Linie B2 Beruf,Kapitel 12 – Global arbeiten und leben,v,To announce something,Eine zukünftige Änderung oder ein Event offiziell bekannt geben.,Der Chef möchte morgen eine wichtige Umstrukturierung ankündigen.,,,,,,,,,,,,,,beruf|Kommunikation im Betrieb,3225
B2-0972,Potenzial,das,-e,potenzial,B2,Linie B2 Beruf,Kapitel 12 – Global arbeiten und leben,n,Potential,"Die Fähigkeit, sich in der Zukunft positiv zu entwickeln.",Der junge Auszubildende hat ein enormes fachliches Potenzial.,,,,,,,,,,,,,,beruf|Kommunikation im Betrieb,3226
B2-0973,jemandem danken,,,jemandem danken,B2,Linie B2 Beruf,Kapitel 12 – Global arbeiten und leben,v,To thank someone (for),Seine Dankbarkeit für eine Aktion ausdrücken.,Ich danke Ihnen herzlich für die tolle Zusammenarbeit im Team.,,,,,Verben mit Präposition,für,Akkusativ,,,,,,,beruf|Kommunikation im Betrieb,3227
B2-0974,Ärger,der,,arger,B2,Linie B2 Beruf,Kapitel 12 – Global arbeiten und leben,n,Anger / Trouble (about),Das Gefühl von Frust oder Wut über eine schlechte Situation.,Es gab großen Ärger über die verspätete Gehaltszahlung.,,,,,Nomen mit Präposition,über,Akkusativ,,,,,,,beruf|Kommunikation im Betrieb|nur Singular,3228
B2-0975,informiert,,,informiert,B2,Linie B2 Beruf,Kapitel 12 – Global arbeiten und leben,adj,Informed (about),Wenn man alle relevanten Fakten zu einem Thema kennt.,Bitte halten Sie mich immer über alle Änderungen informiert.,,,,,Adjektive mit Präposition,über,Akkusativ,,,,,informierter,am informiertesten,beruf|Kommunikation im Betrieb,3229
B2-0976,jemanden unfreundlich behandeln,,,jemanden unfreundlich behandeln,B2,Linie B2 Beruf,Kapitel 12 – Global arbeiten und leben,phrase,To treat someone unkindly,Nicht nett oder unhöflich zu Kollegen oder Kunden sein.,"Wer Kunden unfreundlich behandelt, schadet dem Image der Firma.",,,,,,,,,,,,,,beruf|Kommunikation im Betrieb,3230
B2-0977,etwas besprechen,,,etwas besprechen,B2,Linie B2 Beruf,Kapitel 12 – Global arbeiten und leben,v,To discuss something,"Über ein Thema reden, um eine gemeinsame Lösung zu finden.",Wir müssen das neue Budget morgen im Detail besprechen.,,,,,,,,,,,,,,beruf|Kommunikation im Betrieb,3231
B2-0978,etwas genehmigen,,,etwas genehmigen,B2,Linie B2 Beruf,Kapitel 12 – Global arbeiten und leben,v,To approve / authorize something,Einen offiziellen Antrag oder Urlaub erlauben.,Der Abteilungsleiter muss den Dienstreiseantrag erst genehmigen.,,,,,,,,,,,,,,beruf|Kommunikation im Betrieb,3232
B2-0979,nachlässig,,,nachlassig,B2,Linie B2 Beruf,Kapitel 12 – Global arbeiten und leben,adj,Careless / Negligent,Unordentlich arbeiten; Aufgaben nicht sorgfältig erledigen.,"Wer bei der Qualitätskontrolle nachlässig ist, macht teure Fehler.",,,,,,,,,,,,nachlässiger,am nachlässigsten,beruf|Kommunikation im Betrieb,3233
B2-0980,etwas genau nehmen,,,etwas genau nehmen,B2,Linie B2 Beruf,Kapitel 12 – Global arbeiten und leben,phrase,To be precise / strict about something,Eine Regel oder Aufgabe sehr exakt befolgen.,Bei Sicherheitsvorschriften muss man etwas immer sehr genau nehmen.,,,,,,,,,,,,,,beruf|Section 4 continued & 5 Persönliche Beziehungen in einer globalisierten Welt,3234
B2-0981,Titel,der,,titel,B2,Linie B2 Beruf,Kapitel 12 – Global arbeiten und leben,n,"Title (e.g., doctoral degree)",Ein akademischer oder offizieller Name.,Nach der Promotion darf sie den Titel „Dr.“ tragen.,,,,,,,,,,,,,,beruf|Section 4 continued & 5 Persönliche Beziehungen in einer globalisierten Welt,3235
B2-0982,professionell,,,professionell,B2,Linie B2 Beruf,Kapitel 12 – Global arbeiten und leben,adj,Professional ≠ Unprofessional,Fachgerecht und kompetent ≠ ungeschickt oder unpassend.,Ihr Verhalten im Umgang mit dem schwierigen Kunden war sehr professionell.,,unprofessionell,,,,,,,,,,professioneller,am professionellsten,beruf|Section 4 continued & 5 Persönliche Beziehungen in einer globalisierten Welt,3236
B2-0983,eilig,,,eilig,B2,Linie B2 Beruf,Kapitel 12 – Global arbeiten und leben,adj,Urgent / In a hurry,Wenn etwas sehr schnell erledigt werden muss.,"Ich habe es heute eilig, weil mein Zug gleich abfährt.",dringend,,,,,,,,,,,eiliger,am eiligsten,beruf|Section 4 continued & 5 Persönliche Beziehungen in einer globalisierten Welt,3237
B2-0984,etwas untersagen,,,etwas untersagen,B2,Linie B2 Beruf,Kapitel 12 – Global arbeiten und leben,v,To forbid / prohibit something,Etwas offiziell verbieten.,Der Chef kann die private Handynutzung während der Arbeitszeit untersagen.,,,,,,,,,,,,,,beruf|Section 4 continued & 5 Persönliche Beziehungen in einer globalisierten Welt,3238
B2-0985,ausdrücklich,,,ausdrucklich,B2,Linie B2 Beruf,Kapitel 12 – Global arbeiten und leben,adv,Explicit / Clear,"Ganz klar, deutlich und ohne Zweifel gesagt.","Der Vermieter hat ausdrücklich betont, dass keine Haustiere erlaubt sind.",,,,,,,,,,,,,,beruf|Section 4 continued & 5 Persönliche Beziehungen in einer globalisierten Welt,3239
B2-0986,Zeitalter,das,,zeitalter,B2,Linie B2 Beruf,Kapitel 12 – Global arbeiten und leben,n,Era / Age,"Ein großer, historischer oder moderner Zeitraum.",Wir leben heute im Zeitalter der Digitalisierung.,,,,,,,,,,,,,,beruf|Section 4 continued & 5 Persönliche Beziehungen in einer globalisierten Welt,3240
B2-0987,Migration,die,,migration,B2,Linie B2 Beruf,Kapitel 12 – Global arbeiten und leben,n,Migration,Das Abwandern in ein anderes Land oder eine andere Region.,Die globale Migration beeinflusst den internationalen Arbeitsmarkt.,,,,,,,,,,,,,,beruf|Section 4 continued & 5 Persönliche Beziehungen in einer globalisierten Welt|nur Singular,3241
B2-0988,Trennung,die,-en,trennung,B2,Linie B2 Beruf,Kapitel 12 – Global arbeiten und leben,n,Separation,Das Auseinandergehen von Personen oder Dingen.,Die Trennung von Familie und Beruf ist für viele eine Herausforderung.,,,,,,,,,,,,,,beruf|Section 4 continued & 5 Persönliche Beziehungen in einer globalisierten Welt,3242
B2-0989,ganz zu schweigen von,,,ganz zu schweigen von,B2,Linie B2 Beruf,Kapitel 12 – Global arbeiten und leben,phrase,Not to mention / Let alone,"Ein Ausdruck, um eine noch extremere Sache zu betonen.","Das Projekt erfordert viel Zeit, ganz zu schweigen von den enormen Kosten.",,,,,,,,,,,,,,beruf|Section 4 continued & 5 Persönliche Beziehungen in einer globalisierten Welt,3243
B2-0990,auseinanderreißen,,,auseinanderreissen,B2,Linie B2 Beruf,Kapitel 12 – Global arbeiten und leben,v,To tear apart / separate forcefully,Zwei Dinge oder Personen mit Gewalt trennen.,Grenzkontrollen können Familien im schlimmsten Fall auseinanderreißen.,,,,,,,,auseinanderreißt,auseinanderreißte,hat geauseinanderreißt,haben,,,beruf|Section 4 continued & 5 Persönliche Beziehungen in einer globalisierten Welt,3244
B2-0991,Schätzung,die,-en,schatzung,B2,Linie B2 Beruf,Kapitel 12 – Global arbeiten und leben,n,Estimate / Approximated value,Eine ungefähre Berechnung ohne exakte Zahlen.,Nach ersten Schätzungen wird der Umbau drei Wochen dauern.,,,,,,,,,,,,,,beruf|Section 4 continued & 5 Persönliche Beziehungen in einer globalisierten Welt,3245
B2-0992,belastend,,,belastend,B2,Linie B2 Beruf,Kapitel 12 – Global arbeiten und leben,adj,Burdening / Stressful,"Etwas, das großen psychischen oder physischen Druck macht.",Die ständigen Überstunden sind sehr belastend für die Gesundheit.,,,,,,,,,,,,belastender,am belastendesten,beruf|Section 4 continued & 5 Persönliche Beziehungen in einer globalisierten Welt,3246
B2-0993,etwas investieren,,,etwas investieren,B2,Linie B2 Beruf,Kapitel 12 – Global arbeiten und leben,v,To invest something,"Zeit, Geld oder Energie für ein Ziel einsetzen.",Wir müssen mehr Zeit in die Weiterbildung der Mitarbeiter investieren.,,,,,,,,,,,,,,beruf|Section 4 continued & 5 Persönliche Beziehungen in einer globalisierten Welt,3247
B2-0994,getrennt leben,,,getrennt leben,B2,Linie B2 Beruf,Kapitel 12 – Global arbeiten und leben,v,To live apart,Nicht mehr in derselben Wohnung zusammenwohnen.,"Obwohl sie verheiratet sind, leben die Eheleute aktuell getrennt.",,,,,,,,,,,,,,beruf|Section 4 continued & 5 Persönliche Beziehungen in einer globalisierten Welt,3248
B2-0995,Freiraum,der,¨e,freiraum,B2,Linie B2 Beruf,Kapitel 12 – Global arbeiten und leben,n,Scope / Personal space,"Ein Bereich, in dem man frei und selbstständig entscheiden kann.",Jeder Mitarbeiter braucht ein bisschen Freiraum für kreative Ideen.,,,,,,,,,,,,,,beruf|Section 4 continued & 5 Persönliche Beziehungen in einer globalisierten Welt,3249
B2-0996,leiden,,,leiden,B2,Linie B2 Beruf,Kapitel 12 – Global arbeiten und leben,v,To suffer (from),Große Probleme oder Schmerzen wegen einer Sache haben.,Viele Angestellte leiden unter dem schlechten Betriebsklima.,,,,,Verben mit Präposition,unter,Dativ,leidet,litt,hat gelitten,haben,,,beruf|Section 4 continued & 5 Persönliche Beziehungen in einer globalisierten Welt,3250
B2-0997,sich gegenseitig anregen,,,sich gegenseitig anregen,B2,Linie B2 Beruf,Kapitel 12 – Global arbeiten und leben,v,To inspire/motivate each other,Sich gegenseitig neue Ideen oder Impulse geben.,Im Team können wir uns gegenseitig zu kreativen Lösungen anregen.,,,,,,,,,,,,,,beruf|Section 4 continued & 5 Persönliche Beziehungen in einer globalisierten Welt,3251
B2-0998,etwas erschweren,,,etwas erschweren,B2,Linie B2 Beruf,Kapitel 12 – Global arbeiten und leben,v,To complicate / make difficult,Eine Aufgabe oder Situation komplizierter machen.,Die bürokratischen Regeln erschweren die internationale Zusammenarbeit.,,,,,,,,,,,,,,beruf|Section 4 continued & 5 Persönliche Beziehungen in einer globalisierten Welt,3252
B2-0999,Scheinehe,die,-n,scheinehe,B2,Linie B2 Beruf,Kapitel 12 – Global arbeiten und leben,n,Marriage of convenience,"Eine Ehe, die man nur für rechtliche Vorteile (z. B. Visum) schließt.","Eine Scheinehe zu schließen, ist gesetzlich verboten.",,,,,,,,,,,,,,beruf|Section 4 continued & 5 Persönliche Beziehungen in einer globalisierten Welt,3253
B2-1000,tendenziell,,,tendenziell,B2,Linie B2 Beruf,Kapitel 12 – Global arbeiten und leben,adv,Tending to / Generally,Vom Trend her; in eine bestimmte Richtung gehend.,Jüngere Mitarbeiter sind tendenziell offener für digitale Tools.,,,,,,,,,,,,,,beruf|Section 4 continued & 5 Persönliche Beziehungen in einer globalisierten Welt,3254
B2-1001,dominant,,,dominant,B2,Linie B2 Beruf,Kapitel 12 – Global arbeiten und leben,adj,Dominant,Sehr stark bestimmend; im Vordergrund stehend.,Er hat eine sehr dominante Persönlichkeit und redet im Meeting viel.,,,,,,,,,,,,dominanter,am dominantesten,beruf|Section 4 continued & 5 Persönliche Beziehungen in einer globalisierten Welt,3255
B2-1002,finanziell abhängig / unabhängig,,,finanziell abhangig / unabhangig,B2,Linie B2 Beruf,Kapitel 12 – Global arbeiten und leben,phrase,Financially dependent / independent,Vom Geld anderer Leute leben ≠ eigenes Geld haben.,Dank ihrer Festanstellung ist sie nun endlich finanziell unabhängig.,,,,,,,,,,,,,,beruf|Section 4 continued & 5 Persönliche Beziehungen in einer globalisierten Welt,3256
B2-1003,folglich,,,folglich,B2,Linie B2 Beruf,Kapitel 12 – Global arbeiten und leben,adv,Consequently / Therefore,"Ein Wort, das eine logische Konsequenz einleitet.","Die Fabrik war defekt, folglich gab es Lieferverzögerungen.",infolgedessen,,,,,,,,,,,,,beruf|Section 4 continued & 5 Persönliche Beziehungen in einer globalisierten Welt,3257
B2-1004,infolgedessen,,,infolgedessen,B2,Linie B2 Beruf,Kapitel 12 – Global arbeiten und leben,adv,As a result / Consequently,Aufgrund einer vorher genannten Ursache.,"Der Server ist abgestürzt, infolgedessen konnten wir nicht arbeiten.",folglich,,,,,,,,,,,,,beruf|Section 4 continued & 5 Persönliche Beziehungen in einer globalisierten Welt,3258
B2-1005,Epoche,die,-n,epoche,B2,Linie B2 Beruf,Kapitel 12 – Global arbeiten und leben,n,Epoch / Historical era,Ein historischer Zeitraum mit besonderen Merkmalen.,Jede geschichtliche Epoche hat ihre eigenen Baustile hervorgebracht.,,,,,,,,,,,,,,beruf|Section 4 continued & 5 Persönliche Beziehungen in einer globalisierten Welt,3259
B2-1006,alleinerziehend,,,alleinerziehend,B2,Linie B2 Beruf,Kapitel 13 – Konflikte lösen,adj,Single-parenting,Ein Kind ohne Partner oder Partnerin großziehen.,Als alleinerziehende Mutter muss sie Familie und Job gut organisieren.,,,,,,,,,,,,,,beruf|Probleme im Arbeitsalltag,3260
B2-1007,in Schicht arbeiten,,,in schicht arbeiten,B2,Linie B2 Beruf,Kapitel 13 – Konflikte lösen,phrase,To work in shifts,Zu wechselnden Tages- oder Nachtzeiten arbeiten.,"Da er im Krankenhaus angestellt ist, muss er oft in Schicht arbeiten.",,,,,,,,,,,,,,beruf|Probleme im Arbeitsalltag,3261
B2-1008,Kundenbeschwerde,die,-n,kundenbeschwerde,B2,Linie B2 Beruf,Kapitel 13 – Konflikte lösen,n,Customer complaint,Wenn ein Kunde unzufrieden ist und dies der Firma meldet.,Die Serviceabteilung kümmert sich sofort um jede Kundenbeschwerde.,,,,,,,,,,,,,,beruf|Probleme im Arbeitsalltag,3262
B2-1009,Babypause,die,-n,babypause,B2,Linie B2 Beruf,Kapitel 13 – Konflikte lösen,n,Maternity/Paternity leave,Eine Freistellung von der Arbeit direkt nach der Geburt eines Kindes.,Nach der Geburt ihrer Tochter nimmt sie eine einjährige Babypause.,,,,,,,,,,,,,,beruf|Probleme im Arbeitsalltag,3263
B2-1010,Mutterschutz,der,,mutterschutz,B2,Linie B2 Beruf,Kapitel 13 – Konflikte lösen,n,Maternity protection,Der gesetzliche Schutz für schwangere Frauen vor und nach der Geburt.,Während des Mutterschutzes darf eine Frau absolut nicht arbeiten.,,,,,,,,,,,,,,beruf|Probleme im Arbeitsalltag|nur Singular,3264
B2-1011,Elternzeit,die,,elternzeit,B2,Linie B2 Beruf,Kapitel 13 – Konflikte lösen,n,Parental leave,"Zeit für Mütter oder Väter, um das Kind zu betreuen (mit Kündigungsschutz).",Mein Kollege geht für sechs Monate in Elternzeit.,,,,,,,,,,,,,,beruf|Probleme im Arbeitsalltag|nur Singular,3265
B2-1012,Meisterkurs,der,-e,meisterkurs,B2,Linie B2 Beruf,Kapitel 13 – Konflikte lösen,n,Master craftsman course,Eine Weiterbildung für Handwerker zum Erlangen des Meistertitels.,"Er besucht abends einen Meisterkurs, um sich selbstständig zu machen.",,,,,,,,,,,,,,beruf|Probleme im Arbeitsalltag,3266
B2-1013,Teilzeit arbeiten,,,teilzeit arbeiten,B2,Linie B2 Beruf,Kapitel 13 – Konflikte lösen,v,To work part-time,Weniger Stunden als die reguläre Vollzeit arbeiten.,Nach der Elternzeit möchte sie erst einmal nur Teilzeit arbeiten.,,,,,,,,,,,,,,beruf|Probleme im Arbeitsalltag,3267
B2-1014,Messe,die,-n,messe,B2,Linie B2 Beruf,Kapitel 13 – Konflikte lösen,n,Trade fair / Exhibition,"Eine Großveranstaltung, auf der Firmen ihre Produkte zeigen.",Wir stellen unsere neuen Erfindungen auf der Branchenmesse aus.,,,,,,,,,,,,,,beruf|Das finde ich nicht in Ordnung!,3268
B2-1015,sich/jemanden beruhigen,,,sich/jemanden beruhigen,B2,Linie B2 Beruf,Kapitel 13 – Konflikte lösen,v,To calm down / soothe someone,Nach einem Streit oder Stress wieder leise und entspannt werden.,Nach der hitzigen Diskussion mussten wir uns erst einmal beruhigen.,,,,,,,,,,,,,,beruf|Das finde ich nicht in Ordnung!,3269
B2-1016,Respekt voreinander haben,,,respekt voreinander haben,B2,Linie B2 Beruf,Kapitel 13 – Konflikte lösen,phrase,To have mutual respect,Andere Menschen und ihre Meinungen höflich achten.,Auch bei Konflikten muss man im Team immer Respekt voreinander haben.,,,,,,,,,,,,,,beruf|Gemeinsam Lösungen finden,3270
B2-1017,ausreden,,,ausreden,B2,Linie B2 Beruf,Kapitel 13 – Konflikte lösen,v,To finish speaking,"Zu Ende sprechen, ohne unterbrochen zu werden.","Lass mich bitte kurz ausreden, bevor du mir widersprichst.",,,,,,,,ausredet,ausredete,hat geausredet,haben,,,beruf|Gemeinsam Lösungen finden,3271
B2-1018,jemanden einschalten,,,jemanden einschalten,B2,Linie B2 Beruf,Kapitel 13 – Konflikte lösen,v,To involve / call upon someone,Einen Experten oder Dritten zur Hilfe holen.,Bei diesem schweren Streit mussten wir den Betriebsrat einschalten.,,,,,,,,,,,,,,beruf|Gemeinsam Lösungen finden,3272
B2-1019,Meinungsunterschiede offen austragen,,,meinungsunterschiede offen austragen,B2,Linie B2 Beruf,Kapitel 13 – Konflikte lösen,phrase,To settle differences openly,Über Probleme und Konflikte ehrlich miteinander sprechen.,"Es ist gesund für die Firma, wenn wir Meinungsunterschiede offen austragen.",,,,,,,,,,,,,,beruf|Gemeinsam Lösungen finden,3273
B2-1020,sich etwas bewusst machen,,,sich etwas bewusst machen,B2,Linie B2 Beruf,Kapitel 13 – Konflikte lösen,v,To become aware of something,Sich eine Tatsache oder ein Problem ganz klar vor Augen führen.,"Wir müssen uns bewusst machen, dass Fehler zum Lernen dazugehören.",,,,,,,,,,,,,,beruf|Gemeinsam Lösungen finden,3274
B2-1021,nachtragend sein,,,nachtragend sein,B2,Linie B2 Beruf,Kapitel 13 – Konflikte lösen,phrase,To hold a grudge,Einen Streit auch nach langer Zeit nicht vergessen oder verzeihen.,"Sei bitte nicht nachtragend, wir haben das Problem doch gelöst!",,,,,,,,,,,,,,beruf|Gemeinsam Lösungen finden,3275
B2-1022,wagen,,,wagen,B2,Linie B2 Beruf,Kapitel 13 – Konflikte lösen,v,To dare / venture,"Genug Mut haben, etwas Schwieriges oder Gefährliches zu tun.",Sie wollte den Schritt in die Selbstständigkeit einfach wagen.,,,,,,,,wagt,wagte,hat gewagt,haben,,,beruf|Gemeinsam Lösungen finden,3276
B2-1023,jemanden beschäftigen,,,jemanden beschaftigen,B2,Linie B2 Beruf,Kapitel 13 – Konflikte lösen,v,To employ someone / occupy someone,Jemandem Arbeit geben oder über ein Thema nachdenken lassen.,Die Firma beschäftigt mehr als zweihundert Mitarbeiter vor Ort.,jemanden einstellen,,,,,,,,,,,,,beruf|Gemeinsam Lösungen finden,3277
B2-1024,Großraumbüro,das,-s,grossraumburo,B2,Linie B2 Beruf,Kapitel 13 – Konflikte lösen,n,Open-plan office,"Ein sehr großer Raum, in dem viele Angestellte gleichzeitig arbeiten.",Im Großraumbüro ist es wegen der vielen Telefonate oft laut.,,,,,,,,,,,,,,beruf|Gemeinsam Lösungen finden,3278
B2-1025,Schichtplan,der,¨e,schichtplan,B2,Linie B2 Beruf,Kapitel 13 – Konflikte lösen,n,Shift schedule / Duty roster,"Ein Kalender, der zeigt, wer wann arbeiten muss.",Der neue Schichtplan für die kommende Woche hängt im Flur aus.,Dienstplan,,,,,,,,,,,,,beruf|Gemeinsam Lösungen finden,3279
B2-1026,Anlass,der,¨e,anlass,B2,Linie B2 Beruf,Kapitel 13 – Konflikte lösen,n,Occasion / Cause,Der Grund oder der Auslöser für ein Event oder Verhalten.,Das erfolgreiche Projekt war ein schöner Anlass für eine Firmenfeier.,,,,,,,,,,,,,,beruf|Gemeinsam Lösungen finden,3280
B2-1027,jemandem etwas in die Schuhe schieben,,,jemandem etwas in die schuhe schieben,B2,Linie B2 Beruf,Kapitel 13 – Konflikte lösen,phrase,To blame someone else unrightfully,Einen eigenen Fehler unberechtigt auf einen anderen schieben.,Du kannst mir diesen Produktionsfehler nicht einfach in die Schuhe schieben!,,,,,,,,,,,,,,beruf|Gemeinsam Lösungen finden,3281
B2-1028,ankündigen,,,ankundigen,B2,Linie B2 Beruf,Kapitel 13 – Konflikte lösen,v,To announce,Eine zukünftige Änderung offiziell im Voraus bekannt geben.,Der Abteilungsleiter möchte morgen strukturelle Änderungen ankündigen.,,,,,,,,ankündigt,ankündigte,hat geankündigt,haben,,,beruf|Gemeinsam Lösungen finden,3282
B2-1029,Notizen durchlesen / vervollständigen,,,notizen durchlesen / vervollstandigen,B2,Linie B2 Beruf,Kapitel 13 – Konflikte lösen,phrase,To review / complete notes,Aufgeschriebene Infos kontrollieren und fehlende Details ergänzen.,Nach dem Telefonat sollte man seine Notizen kurz vervollständigen.,,,,,,,,,,,,,,beruf|Berufliche Telefongespräche führen,3283
B2-1030,gelassen bleiben,,,gelassen bleiben,B2,Linie B2 Beruf,Kapitel 13 – Konflikte lösen,v,To stay calm / composed,Auch in stressigen Situationen ganz ruhig und cool bleiben.,"Wenn ein Kunde am Telefon schreit, muss man immer gelassen bleiben.",gelassen,,,,,,,,,,,,,beruf|Berufliche Telefongespräche führen,3284
B2-1031,bei Bedarf,,,bei bedarf,B2,Linie B2 Beruf,Kapitel 13 – Konflikte lösen,phrase,If required / If necessary,Wenn es im Moment nötig ist.,Wir können bei Bedarf ein weiteres Treffen für nächste Woche vereinbaren.,,,,,,,,,,,,,,beruf|Berufliche Telefongespräche führen,3285
B2-1032,unter Druck sein,,,unter druck sein,B2,Linie B2 Beruf,Kapitel 13 – Konflikte lösen,phrase,To be under pressure,Großen Stress oder Zeitmangel bei einer Aufgabe haben.,Wegen des nahen Termins ist das gesamte Team aktuell stark unter Druck.,,,,,,,,,,,,,,beruf|Wenn ich das gewusst hätte ...,3286
B2-1033,etwas an eine Mail anhängen,,,etwas an eine mail anhangen,B2,Linie B2 Beruf,Kapitel 13 – Konflikte lösen,phrase,To attach something to an email,Eine Datei (z. B. PDF) mit einer E-Mail mitsenden.,Ich werde den Kostenvoranschlag direkt an die Mail anhängen.,,,,,,,,,,,,,,beruf|Wenn ich das gewusst hätte ...,3287
B2-1034,Rückfrage,die,-n,ruckfrage,B2,Linie B2 Beruf,Kapitel 13 – Konflikte lösen,n,Follow-up question / Inquiry,"Eine Frage, die man stellt, weil man etwas nicht ganz verstanden hat.","Falls Sie noch Rückfragen haben, rufen Sie mich gerne an.",,,,,,,,,,,,,,beruf|Wenn ich das gewusst hätte ...,3288
B2-1035,etwas nachvollziehen können,,,etwas nachvollziehen konnen,B2,Linie B2 Beruf,Kapitel 13 – Konflikte lösen,phrase,To be able to understand/empathize,Die Logik oder Gefühle eines anderen gut verstehen.,Ich kann deine Enttäuschung über das verpasste Projekt gut nachvollziehen.,,,,,,,,,,,,,,"beruf|Veränderte Rollen in Beruf, Partnerschaft und Familie",3289
B2-1036,in einer Krise stecken,,,in einer krise stecken,B2,Linie B2 Beruf,Kapitel 13 – Konflikte lösen,phrase,To be in a crisis,"In einer sehr schwierigen, problematischen Situation sein.",Die Tourismusbranche steckt wegen der wirtschaftlichen Lage in einer Krise.,,,,,,,,,,,,,,"beruf|Veränderte Rollen in Beruf, Partnerschaft und Familie",3290
B2-1037,extrem,,,extrem,B2,Linie B2 Beruf,Kapitel 13 – Konflikte lösen,adj,Extreme,Sehr stark; weit über dem normalen Durchschnitt liegend.,Die Anforderungen für das duale Studium sind manchmal extrem hoch.,,,,,,,,,,,,extremer,am extremsten,"beruf|Veränderte Rollen in Beruf, Partnerschaft und Familie",3291
B2-1038,Abschlussnote,die,-n,abschlussnote,B2,Linie B2 Beruf,Kapitel 13 – Konflikte lösen,n,Final grade,Die Gesamtnote am Ende einer Ausbildung oder eines Studiums.,Er hat sein Studium mit einer hervorragenden Abschlussnote beendet.,,,,,,,,,,,,,,"beruf|Veränderte Rollen in Beruf, Partnerschaft und Familie",3292
B2-1039,gleichaltrig,,,gleichaltrig,B2,Linie B2 Beruf,Kapitel 13 – Konflikte lösen,adj,Of the same age,Im exakt selben Alter wie eine andere Person sein.,Die gleichaltrigen Kollegen verstehen sich auch privat sehr gut.,,,,,,,,,,,,gleichaltriger,am gleichaltrigsten,"beruf|Veränderte Rollen in Beruf, Partnerschaft und Familie",3293
B2-1040,jemandem Chancen verschaffen,,,jemandem chancen verschaffen,B2,Linie B2 Beruf,Kapitel 13 – Konflikte lösen,phrase,To create opportunities for someone,"Dafür sorgen, dass jemand eine gute Möglichkeit bekommt.",Ein gutes Praktikum kann einem tolle Chancen auf dem Arbeitsmarkt verschaffen.,,,,,,,,,,,,,,"beruf|Veränderte Rollen in Beruf, Partnerschaft und Familie",3294
B2-1041,Wirkung zeigen,,,wirkung zeigen,B2,Linie B2 Beruf,Kapitel 13 – Konflikte lösen,v,To take effect / show results,"Wenn eine Maßnahme oder Medizin beginnt, positiv zu funktionieren.",Die neuen Marketingregeln zeigen bereits eine deutliche Wirkung.,,,,,,,,,,,,,,"beruf|Veränderte Rollen in Beruf, Partnerschaft und Familie",3295
B2-1042,Führungsaufgaben übernehmen,,,fuhrungsaufgaben ubernehmen,B2,Linie B2 Beruf,Kapitel 13 – Konflikte lösen,v,To take on managerial tasks,Verantwortung für Teams oder Projekte als Chef tragen.,Sie möchte in ihrer neuen Position bald mehr Führungsaufgaben übernehmen.,,,,,,,,,,,,,,"beruf|Veränderte Rollen in Beruf, Partnerschaft und Familie",3296
B2-1043,bewusst miterleben,,,bewusst miterleben,B2,Linie B2 Beruf,Kapitel 13 – Konflikte lösen,v,To witness consciously,Ein Ereignis ganz aufmerksam und aktiv miterleben.,Er wollte das Aufwachsen seiner Kinder ganz bewusst miterleben.,,,,,,,,,,,,,,"beruf|Veränderte Rollen in Beruf, Partnerschaft und Familie",3297
B2-1044,Nachwuchs,der,,nachwuchs,B2,Linie B2 Beruf,Kapitel 13 – Konflikte lösen,n,Offspring / New generation,Kinder einer Familie oder die junge Generation in einem Beruf.,Die Handwerksbranche braucht dringend qualifizierten Nachwuchs.,,,,,,,,,,,,,,"beruf|Veränderte Rollen in Beruf, Partnerschaft und Familie|nur Singular",3298
B2-1045,Belastungsprobe,die,-n,belastungsprobe,B2,Linie B2 Beruf,Kapitel 13 – Konflikte lösen,n,Acid test / Stress test,Eine sehr schwere Prüfung für eine Beziehung oder ein System.,Das komplexe Projekt wurde zu einer echten Belastungsprobe für das Team.,,,,,,,,,,,,,,"beruf|Veränderte Rollen in Beruf, Partnerschaft und Familie",3299
B2-1046,jmdn. vor große Herausforderungen stellen,,,jmdn. vor grosse herausforderungen stellen,B2,Linie B2 Beruf,Kapitel 13 – Konflikte lösen,phrase,To present someone with great challenges,Jemandem eine sehr schwierige Aufgabe geben.,Der plötzliche Umzug stellt uns vor große Herausforderungen.,,,,,,,,,,,,,,"beruf|Veränderte Rollen in Beruf, Partnerschaft und Familie",3300
B2-1047,etwas aushandeln,,,etwas aushandeln,B2,Linie B2 Beruf,Kapitel 13 – Konflikte lösen,v,To negotiate / hammer out,Einen Kompromiss oder Vertrag durch Diskussionen erreichen.,Die Gewerkschaft konnte bessere Lohnbedingungen für uns aushandeln.,,,,,,,,,,,,,,"beruf|Veränderte Rollen in Beruf, Partnerschaft und Familie",3301
B2-1048,Trendwende,die,-n,trendwende,B2,Linie B2 Beruf,Kapitel 13 – Konflikte lösen,n,Trend reversal / Turnaround,"Der Moment, in dem sich eine Entwicklung komplett umdreht.",Die steigenden Zahlen auf dem Arbeitsmarkt zeigen eine echte Trendwende.,,,,,,,,,,,,,,"beruf|Veränderte Rollen in Beruf, Partnerschaft und Familie",3302
B2-1049,Modell,das,-e,modell,B2,Linie B2 Beruf,Kapitel 13 – Konflikte lösen,n,Model,"Ein Entwurf, ein Muster oder eine flexible Arbeitszeitvariante.",Das Modell der Gleitzeit wird von vielen Angestellten bevorzugt.,,,,,,,,,,,,,,"beruf|Veränderte Rollen in Beruf, Partnerschaft und Familie",3303
B2-1050,sich qualifizieren,,,sich qualifizieren,B2,Linie B2 Beruf,Kapitel 13 – Konflikte lösen,v,To qualify (for),Die nötigen Fähigkeiten für eine Stelle erlangen.,Durch den Meisterkurs qualifiziert er sich für eine Führungsposition.,,,,,Verben mit Präposition,für,Akkusativ,qualifiziert,qualifizierte,hat qualifiziert,haben,,,"beruf|Veränderte Rollen in Beruf, Partnerschaft und Familie",3304
B2-1051,Nachwuchskraft,die,¨e,nachwuchskraft,B2,Linie B2 Beruf,Kapitel 13 – Konflikte lösen,n,Junior employee / Young talent,"Ein junger, gut ausgebildeter Mitarbeiter in einer Firma.",Wir müssen jede junge Nachwuchskraft im Betrieb intensiv fördern.,,,,,,,,,,,,,,"beruf|Veränderte Rollen in Beruf, Partnerschaft und Familie",3305
B2-1052,verteidigen,,,verteidigen,B2,Linie B2 Beruf,Kapitel 13 – Konflikte lösen,v,To defend,Eine eigene Meinung oder ein Recht gegen Kritik beschützen.,Der Chef musste seine unbeliebte Entscheidung vor dem Team verteidigen.,,,,,,,,verteidigt,verteidigte,hat verteidigt,haben,,,"beruf|Veränderte Rollen in Beruf, Partnerschaft und Familie",3306
B2-1053,jemandem blind vertrauen,,,jemandem blind vertrauen,B2,Linie B2 Beruf,Kapitel 13 – Konflikte lösen,phrase,To trust someone blindly,Jemandem ohne jede Kontrolle vollkommen glauben.,In einer Partnerschaft muss man seinem Partner blind vertrauen können.,,,,,,,,,,,,,,"beruf|Veränderte Rollen in Beruf, Partnerschaft und Familie",3307
B2-1054,sich verwirklichen,,,sich verwirklichen,B2,Linie B2 Beruf,Kapitel 13 – Konflikte lösen,v,To fulfill oneself,"Seine eigenen Träume, Talente und Pläne in die Realität umsetzen.",Im Beruf als selbstständiger Designer kann er sich voll verwirrklichen.,,,,,,,,verwirklicht,verwirklichte,hat verwirklicht,haben,,,"beruf|Veränderte Rollen in Beruf, Partnerschaft und Familie",3308
B2-1055,Umschulung,die,-en,umschulung,B2,Linie B2 Beruf,Kapitel 14 – Weiterbildung,n,Retraining / Career change training,"Ausbildung für einen neuen, anderen Beruf.",Wegen seiner Verletzung macht er eine Umschulung zum Kaufmann.,,,,,,,,,,,,,,beruf|Bildungsgeschichten,3309
B2-1056,Pubertät,die,,pubertat,B2,Linie B2 Beruf,Kapitel 14 – Weiterbildung,n,Puberty,Die Phase des Heranwachsens bei Jugendlichen.,In der Pubertät verändern sich Jugendliche stark.,,,,,,,,,,,,,,beruf|Bildungsgeschichten|nur Singular,3310
B2-1057,Schwangerschaft,die,-en,schwangerschaft,B2,Linie B2 Beruf,Kapitel 14 – Weiterbildung,n,Pregnancy,"Die Zeit, in der eine Frau ein Kind erwartet.",Während ihrer Schwangerschaft hat sie viel gelesen.,,,,,,,,,,,,,,beruf|Bildungsgeschichten,3311
B2-1058,Weiterbildung,die,-en,weiterbildung,B2,Linie B2 Beruf,Kapitel 14 – Weiterbildung,n,Further education / Continuing training,Zusätzliches Lernen im bereits gelernten Beruf.,Die Firma bezahlt ihm eine Weiterbildung im Online-Marketing.,,,,,,,,,,,,,,beruf|Bildungsgeschichten,3312
B2-1059,Gesellenprüfung,die,-en,gesellenprufung,B2,Linie B2 Beruf,Kapitel 14 – Weiterbildung,n,Journeyman's examination,Die Abschlussprüfung in einem Handwerksberuf.,Nach drei Jahren Ausbildung hat er die Gesellenprüfung bestanden.,,,,,,,,,,,,,,beruf|Bildungsgeschichten,3313
B2-1060,Ausbildungsvergütung,die,-en,ausbildungsvergutung,B2,Linie B2 Beruf,Kapitel 14 – Weiterbildung,n,Training allowance / Apprentice salary,"Das Geld, das man während einer Ausbildung verdient.",Im dritten Lehrjahr steigt die Ausbildungsvergütung spürbar an.,,,,,,,,,,,,,,beruf|Bildungsgeschichten,3314
B2-1061,mehr als genug,,,mehr als genug,B2,Linie B2 Beruf,Kapitel 14 – Weiterbildung,phrase,More than enough,Sehr viel; mehr als eigentlich nötig ist.,Für das anstehende Projekt haben wir mehr als genug Zeit.,,,,,,,,,,,,,,beruf|Man lernt nie aus.,3315
B2-1062,sich weiterbilden,,,sich weiterbilden,B2,Linie B2 Beruf,Kapitel 14 – Weiterbildung,v,To continue one's education,Neue Fähigkeiten für den Beruf erlernen.,"Er möchte sich weiterbilden, um bessere Karrierechancen zu haben.",,,,,,,,weiterbildet,weiterbildete,hat geweiterbildet,haben,,,beruf|Man lernt nie aus.,3316
B2-1063,Weiterbildungsangebot,das,-e,weiterbildungsangebot,B2,Linie B2 Beruf,Kapitel 14 – Weiterbildung,n,Range of continuing education,"Die Gesamtheit der Kurse, die angeboten werden.",Das Weiterbildungsangebot der Volkshochschule ist sehr groß.,,,,,,,,,,,,,,beruf|Man lernt nie aus.,3317
B2-1064,etwas erkennen,,,etwas erkennen,B2,Linie B2 Beruf,Kapitel 14 – Weiterbildung,v,To recognize / realize something,Eine Tatsache oder ein Problem klar sehen und verstehen.,"Man konnte sofort erkennen, dass der Plan fehlerhaft war.",,,,,,,,,,,,,,beruf|Man lernt nie aus.,3318
B2-1065,sich  fit fühlen,,,sich  fit fuhlen,B2,Linie B2 Beruf,Kapitel 14 – Weiterbildung,v,To feel (mentally) fit / sharp,"Geistig gesund, wach und konzentriert sein.",Trotz des hohen Alters fühlt er sich im Kopf absolut fit.,,,,,,,,,,,,,,beruf|Man lernt nie aus.,3319
B2-1066,offensichtlich,,,offensichtlich,B2,Linie B2 Beruf,Kapitel 14 – Weiterbildung,adv,Obviously / Apparent,"Klar erkennbar; so, dass es jeder sehen kann.",Das war offensichtlich ein großes Missverständnis im Team.,,,,,,,,,,,,,,beruf|Man lernt nie aus.,3320
B2-1067,erhalten bleiben,,,erhalten bleiben,B2,Linie B2 Beruf,Kapitel 14 – Weiterbildung,v,To be preserved / maintained,Nicht verloren gehen; in gutem Zustand bleiben.,Das historische Gebäude muss für die Stadt erhalten bleiben.,,,,,,,,,,,,,,beruf|Man lernt nie aus.,3321
B2-1068,Rollstuhl,der,¨e,rollstuhl,B2,Linie B2 Beruf,Kapitel 14 – Weiterbildung,n,Wheelchair,Ein Stuhl mit Rädern für gehbehinderte Menschen.,Seit dem schweren Unfall ist sie auf einen Rollstuhl angewiesen.,,,,,,,,,,,,,,beruf|Man lernt nie aus.,3322
B2-1069,etwas betonen,,,etwas betonen,B2,Linie B2 Beruf,Kapitel 14 – Weiterbildung,v,To emphasize / stress something,Einer Aussage besonderes Gewicht geben.,Der Chef möchte die Wichtigkeit dieses Termins nochmals betonen.,,,,,,,,,,,,,,beruf|Man lernt nie aus.,3323
B2-1070,Kontakte knüpfen,,,kontakte knupfen,B2,Linie B2 Beruf,Kapitel 14 – Weiterbildung,v,To network / make contacts,Neue Menschen kennenlernen (oft im Beruf).,Auf der Messe konnte ich viele wertvolle Kontakte knüpfen.,vernetzen,,,,,,,,,,,,,beruf|Man lernt nie aus.,3324
B2-1071,diszipliniert,,,diszipliniert,B2,Linie B2 Beruf,Kapitel 14 – Weiterbildung,adj,Disciplined ≠ Undisciplined,Ordentlich und kontrolliert ≠ unorganisiert.,"Wer erfolgreich lernen will, muss sehr diszipliniert vorgehen.",,disziplinlos,,,,,,,,,,disziplinierter,am diszipliniertesten,beruf|Man lernt nie aus.,3325
B2-1072,sozial,,,sozial,B2,Linie B2 Beruf,Kapitel 14 – Weiterbildung,adj,Social,Die Gesellschaft oder das Zusammenleben betreffend.,Die Arbeitsagentur unterstützt Projekte für soziale Berufe.,,,,,,,,,,,,,,beruf|Man lernt nie aus.,3326
B2-1073,tolerant,,,tolerant,B2,Linie B2 Beruf,Kapitel 14 – Weiterbildung,adj,Tolerant ≠ Intolerant,Andere Meinungen oder Kulturen respektierend ≠ engstirnig.,Im internationalen Team muss man absolut tolerant sein.,,intolerant,,,,,,,,,,toleranter,am tolerantesten,beruf|Man lernt nie aus.,3327
B2-1074,kämpferisch,,,kampferisch,B2,Linie B2 Beruf,Kapitel 14 – Weiterbildung,adj,Feisty / Combative / Determined,Mit viel Energie und Kampfgeist für ein Ziel einstehend.,Sie zeigte sich im Gespräch über das Budget sehr kämpferisch.,,,,,,,,,,,,kämpferischer,am kämpferischesten,beruf|Man lernt nie aus.,3328
B2-1075,kollegial,,,kollegial,B2,Linie B2 Beruf,Kapitel 14 – Weiterbildung,adj,Collegial / Supportive ≠ Unsupportive,Hilfsbereit zu Kollegen ≠ egoistisch im Team.,Die Zusammenarbeit in unserer Abteilung ist sehr kollegial.,,unkollegial,,,,,,,,,,kollegialer,am kollegialsten,beruf|Man lernt nie aus.,3329
B2-1076,mobil,,,mobil,B2,Linie B2 Beruf,Kapitel 14 – Weiterbildung,adj,Mobile,Beweglich; flexibel den Ort wechseln können.,Als Reiseleiter muss man in diesem Job flexibel und mobil sein.,,,,,,,,,,,,,,beruf|Man lernt nie aus.,3330
B2-1077,temperamentvoll,,,temperamentvoll,B2,Linie B2 Beruf,Kapitel 14 – Weiterbildung,adj,High-spirited / Full of energy,"Mit viel Schwung, Energie und sichtbaren Gefühlen.",Seine temperamentvolle Art motiviert das gesamte Team.,,,,,,,,,,,,temperamentvoller,am temperamentvollsten,beruf|Man lernt nie aus.,3331
B2-1078,verantwortungsbewusst,,,verantwortungsbewusst,B2,Linie B2 Beruf,Kapitel 14 – Weiterbildung,adj,Responsible ≠ Irresponsible,Pflichtbewusst handelnd ≠ leichtsinnig.,Ein Arzt trägt eine sehr verantwortungsbewusste Aufgabe.,,verantwortungslos,,,,,,,,,,verantwortungsbewusster,am verantwortungsbewusstesten,beruf|Man lernt nie aus.,3332
B2-1079,zielstrebig,,,zielstrebig,B2,Linie B2 Beruf,Kapitel 14 – Weiterbildung,adj,Purposeful / Driven ≠ Aimless,Ein klares Ziel vor Augen habend ≠ ohne Plan.,Sie arbeitet sehr zielstrebig an ihrer Beförderung.,gezielt,ziellos,,,,,,,,,,zielstrebiger,am zielstrebigsten,beruf|Man lernt nie aus.,3333
B2-1080,stellvertretend,,,stellvertretend,B2,Linie B2 Beruf,Kapitel 14 – Weiterbildung,adj,Representative / On behalf of,Als Vertretung für eine andere Person handeln.,Er hielt die Rede stellvertretend für den erkrankten Chef.,,,,,Adjektive mit Präposition,für,Akkusativ,,,,,stellvertretender,am stellvertretendesten,beruf|Man lernt nie aus.,3334
B2-1081,etwas versäumen,,,etwas versaumen,B2,Linie B2 Beruf,Kapitel 14 – Weiterbildung,v,To miss out on / neglect something,Einen Termin verpassen oder eine Pflicht vergessen.,"Sie dürfen es nicht versäumen, den Antrag rechtzeitig abzugeben.",,,,,,,,,,,,,,beruf|Man lernt nie aus.,3335
B2-1082,Zelle,die,-n,zelle,B2,Linie B2 Beruf,Kapitel 14 – Weiterbildung,n,Cell (prison),Ein kleiner Raum in einer Justizvollzugsanstalt.,Der Gefangene verbrachte den Tag in seiner Zelle.,,,,,,,,,,,,,,beruf|Man lernt nie aus.,3336
B2-1083,Entlassung,die,-en,entlassung,B2,Linie B2 Beruf,Kapitel 14 – Weiterbildung,n,Dismissal / Discharge / Release,Das Kündigen eines Jobs oder das Freilassen aus der Haft.,Nach der Entlassung aus dem Betrieb suchte er sofort einen neuen Job.,Kündigung,,,,,,,,,,,,,beruf|Man lernt nie aus.,3337
B2-1084,vermissen,,,vermissen,B2,Linie B2 Beruf,Kapitel 14 – Weiterbildung,v,To miss,Sich nach einer Person oder Sache sehnen.,Nach meinem Umzug vermisse ich meine alten Arbeitskollegen.,,,,,,,,vermisst,vermisste,hat vermisst,haben,,,beruf|Man lernt nie aus.,3338
B2-1085,erwerbstätig,,,erwerbstatig,B2,Linie B2 Beruf,Kapitel 14 – Weiterbildung,adj,Employed / Working,Berufstätig sein; Geld mit Arbeit verdienen.,In Deutschland sind viele Frauen in Teilzeit erwerbstätig.,,,,,,,,,,,,erwerbstätiger,am erwerbstätigsten,beruf|Hilfen für die berufliche Entwicklung,3339
B2-1086,Jahreseinkommen,das,,jahreseinkommen,B2,Linie B2 Beruf,Kapitel 14 – Weiterbildung,n,Annual income / salary,"Das gesamte Geld, das man in einem Jahr verdient.",Sein Jahreseinkommen hat sich durch den Jobwechsel erhöht.,Bezahlung|Vergütung,,,,,,,,,,,,,beruf|Hilfen für die berufliche Entwicklung,3340
B2-1087,versteuern,,,versteuern,B2,Linie B2 Beruf,Kapitel 14 – Weiterbildung,v,To pay tax on,Steuern an den Staat für ein Einkommen zahlen.,Man muss jeden verdienten Euro korrekt versteuern.,,,,,,,,versteuert,versteuerte,hat versteuert,haben,,,beruf|Hilfen für die berufliche Entwicklung,3341
B2-1088,übersteigen,,,ubersteigen,B2,Linie B2 Beruf,Kapitel 14 – Weiterbildung,v,To exceed,Größer oder mehr sein als ein bestimmter Wert.,Die Kosten für den Kurs übersteigen unser Budget.,,,,,,,,,,,,,,beruf|Hilfen für die berufliche Entwicklung,3342
B2-1089,Anerkennungsverfahren,das,,anerkennungsverfahren,B2,Linie B2 Beruf,Kapitel 14 – Weiterbildung,n,Recognition procedure,Offizielle Prüfung von ausländischen Abschlüssen.,Das Anerkennungsverfahren für Ärzte dauert oft sehr lange.,,,,,,,,,,,,,,beruf|Hilfen für die berufliche Entwicklung,3343
B2-1090,entsprechen,,,entsprechen,B2,Linie B2 Beruf,Kapitel 14 – Weiterbildung,v,To correspond to / match,Mit einer Vorgabe oder Erwartung übereinstimmen.,Die Qualifikationen des Bewerbers entsprechen unserem Profil.,,,,,,,,entsprecht,entsprechte,hat entsprecht,haben,,,beruf|Hilfen für die berufliche Entwicklung,3344
B2-1091,Unterstützung erhalten,,,unterstutzung erhalten,B2,Linie B2 Beruf,Kapitel 14 – Weiterbildung,v,To receive support,Hilfe oder finanzielle Förderung bekommen.,Junge Gründer können staatliche Unterstützung erhalten.,,,,,,,,,,,,,,beruf|Hilfen für die berufliche Entwicklung,3345
B2-1092,promovieren,,,promovieren,B2,Linie B2 Beruf,Kapitel 14 – Weiterbildung,v,To do a doctorate / PhD,Seine Doktorarbeit an einer Universität schreiben.,Nach dem Master-Abschluss möchte sie im Fach Chemie promovieren.,,,,,,,,promoviert,promovierte,hat promoviert,haben,,,beruf|Hilfen für die berufliche Entwicklung,3346
B2-1093,forschen,,,forschen,B2,Linie B2 Beruf,Kapitel 14 – Weiterbildung,v,To research,Wissenschaftliche Untersuchungen durchführen.,Die Wissenschaftler forschen an einem neuen Medikament.,recherchieren,,,,,,,forscht,forschte,hat geforscht,haben,,,beruf|Hilfen für die berufliche Entwicklung,3347
B2-1094,Stipendium,das,Stipendien,stipendium,B2,Linie B2 Beruf,Kapitel 14 – Weiterbildung,n,Scholarship / Fellowship,Finanzielle Hilfe für begabte Studenten.,Dank eines Stipendiums konnte er in den USA studieren.,,,,,,,,,,,,,,beruf|Hilfen für die berufliche Entwicklung,3348
B2-1095,drohen,,,drohen,B2,Linie B2 Beruf,Kapitel 14 – Weiterbildung,v,To threaten / Loom,Wenn etwas Negatives sehr wahrscheinlich bald passiert.,Ohne neue Aufträge droht der Firma die Insolvenz.,,,,,,,,droht,drohte,hat gedroht,haben,,,beruf|Hilfen für die berufliche Entwicklung,3349
B2-1096,etwas nachweisen,,,etwas nachweisen,B2,Linie B2 Beruf,Kapitel 14 – Weiterbildung,v,To prove / verify something,Einen offiziellen Nachweis oder Beweis für etwas liefern.,Für den Job müssen Sie Ihre Sprachkenntnisse nachweisen.,,,,,,,,,,,,,,beruf|Hilfen für die berufliche Entwicklung,3350
B2-1097,sich beraten lassen,,,sich beraten lassen,B2,Linie B2 Beruf,Kapitel 14 – Weiterbildung,v,To seek advice / consult,Hilfe und Tipps von einem Experten einholen.,Vor dem Hauskauf sollten Sie sich gründlich beraten lassen.,,,,,,,,,,,,,,beruf|Hilfen für die berufliche Entwicklung,3351
B2-1098,zunehmen + abnehmen,,,zunehmen + abnehmen,B2,Linie B2 Beruf,Kapitel 14 – Weiterbildung,phrase,To increase + decrease,Mehr werden + weniger werden (oder Gewicht ändern).,Die Nachfrage nach Kursen wird in der Zukunft weiter zunehmen.,,,,,,,,,,,,,,beruf|Luka möchte eine Weiterbildung machen.,3352
B2-1099,sich grundlegend ändern,,,sich grundlegend andern,B2,Linie B2 Beruf,Kapitel 14 – Weiterbildung,v,To change fundamentally,Sich komplett und in der Basis verändern.,Durch KI wird sich die Büroarbeit grundlegend ändern.,,,,,,,,,,,,,,beruf|Luka möchte eine Weiterbildung machen.,3353
B2-1100,Grundkenntnisse erwerben,,,grundkenntnisse erwerben,B2,Linie B2 Beruf,Kapitel 14 – Weiterbildung,v,To acquire basic knowledge,Die wichtigsten Basics eines Themas lernen.,Im Einführungskurs kann man solide Grundkenntnisse erwerben.,,,,,,,,,,,,,,beruf|Luka möchte eine Weiterbildung machen.,3354
B2-1101,Arbeitsfeld,das,-er,arbeitsfeld,B2,Linie B2 Beruf,Kapitel 14 – Weiterbildung,n,Field of work / Activity,"Ein bestimmter Bereich, in dem man beruflich arbeitet.",Die Altenpflege ist ein sehr anspruchsvolles Arbeitsfeld.,Tätigkeit,,,,,,,,,,,,,beruf|Luka möchte eine Weiterbildung machen.,3355
B2-1102,Fachkraft,die,¨e,fachkraft,B2,Linie B2 Beruf,Kapitel 14 – Weiterbildung,n,Skilled worker / Professional,Eine Person mit einer abgeschlossenen Berufsausbildung.,Auf dem Arbeitsmarkt fehlt fast überall eine qualifizierte Fachkraft.,,,,,,,,,,,,,,beruf|Luka möchte eine Weiterbildung machen.,3356
B2-1103,zuständigen Stellen,die,,zustandigen stellen,B2,Linie B2 Beruf,Kapitel 14 – Weiterbildung,n,The competent authorities,"Die Behörden oder Abteilungen, die dafür verantwortlich sind.",Bitte senden Sie die Dokumente an die zuständigen Stellen.,,,,,,,,,,,,,,beruf|Luka möchte eine Weiterbildung machen.,3357
B2-1104,beantragen,,,beantragen,B2,Linie B2 Beruf,Kapitel 14 – Weiterbildung,v,To apply for (official),Einen offiziellen Antrag beim Amt oder Chef stellen.,Sie müssen die Förderung vor dem Kursbeginn beantragen.,,,,,,,,beantragt,beantragte,hat beantragt,haben,,,beruf|Luka möchte eine Weiterbildung machen.,3358
B2-1105,offene Fragen klären,,,offene fragen klaren,B2,Linie B2 Beruf,Kapitel 14 – Weiterbildung,phrase,To clarify open questions,Unklarheiten in einem Gespräch auflösen.,Wir müssen im Meeting noch ein paar offene Fragen klären.,,,,,,,,,,,,,,beruf|Luka möchte eine Weiterbildung machen.,3359
B2-1106,Anreise,die,-n,anreise,B2,Linie B2 Beruf,Kapitel 14 – Weiterbildung,n,Journey / Arrival,Die Fahrt zu einem bestimmten Veranstaltungsort.,Die Anreise zum Seminar erfolgt am Sonntagmorgen per Bahn.,,,,,,,,,,,,,,beruf|Luka möchte eine Weiterbildung machen.,3360
B2-1107,Anmeldeschluss,der,,anmeldeschluss,B2,Linie B2 Beruf,Kapitel 14 – Weiterbildung,n,Registration deadline,"Das letzte Datum, an dem man sich anmelden kann.",Der Anmeldeschluss für den Sprachkurs ist am kommenden Freitag.,,,,,,,,,,,,,,beruf|Luka möchte eine Weiterbildung machen.|nur Singular,3361
B2-1108,erste/zweite Jahreshälfte,die,,erste/zweite jahreshalfte,B2,Linie B2 Beruf,Kapitel 14 – Weiterbildung,n,The first/second half of the year,Die ersten oder letzten sechs Monate eines Kalenderjahres.,Das neue System wird in der zweiten Jahreshälfte installiert.,,,,,,,,,,,,,,beruf|Luka möchte eine Weiterbildung machen.|nur Singular,3362
B2-1109,aufmerksam machen,,,aufmerksam machen,B2,Linie B2 Beruf,Kapitel 14 – Weiterbildung,v,To draw attention (to),Das Interesse von Menschen auf ein Thema lenken.,Wir möchten auf die Wichtigkeit von Weiterbildung aufmerksam machen.,,,,,Verben mit Präposition,auf,Akkusativ,,,,,,,beruf|Luka möchte eine Weiterbildung machen.,3363
B2-1110,ausgleichen,,,ausgleichen,B2,Linie B2 Beruf,Kapitel 14 – Weiterbildung,v,To balance / compensate,Einen Nachteil durch einen Vorteil neutralisieren.,Mit viel Fleiß kann man fehlende Erfahrung gut ausgleichen.,etwas ausgleichen|vergüten,,,,,,,ausgleicht,ausgleichte,hat geausgleicht,haben,,,beruf|Luka möchte eine Weiterbildung machen.,3364
B2-1111,Einfluss,der,¨e,einfluss,B2,Linie B2 Beruf,Kapitel 14 – Weiterbildung,n,Influence / Impact (on),"Die Wirkung, die eine Sache auf etwas anderes hat.",Schlaf hat einen großen Einfluss auf die Konzentration.,Auswirkung,,,,Nomen mit Präposition,auf,Akkusativ,,,,,,,beruf|Was beim Lernen hilft.,3365
B2-1112,blockieren,,,blockieren,B2,Linie B2 Beruf,Kapitel 14 – Weiterbildung,v,To block,Den Ablauf von etwas komplett stoppen oder behindern.,Großer Stress kann das Gehirn beim Lernen total blockieren.,,,,,,,,blockiert,blockierte,hat blockiert,haben,,,beruf|Was beim Lernen hilft.,3366
B2-1113,intensiv,,,intensiv,B2,Linie B2 Beruf,Kapitel 14 – Weiterbildung,adj,Intensive / Thorough,"Mit sehr viel Energie, Zeit und Gründlichkeit getan.",Vor der Prüfung ist eine intensive Vorbereitung notwendig.,sorgfältig|gründlich,,,,,,,,,,,intensiver,am intensivsten,beruf|Was beim Lernen hilft.,3367
B2-1114,die Ergebnisse belegen/zeigen,,,die ergebnisse belegen/zeigen,B2,Linie B2 Beruf,Kapitel 14 – Weiterbildung,phrase,The results prove/show,Wenn Daten eine Vermutung offiziell beweisen.,"Die Ergebnisse der Studie belegen, dass Pausen wichtig sind.",,,,,,,,,,,,,,beruf|Was beim Lernen hilft.,3368
B2-1115,verknüpfen,,,verknupfen,B2,Linie B2 Beruf,Kapitel 14 – Weiterbildung,v,To link / connect (with),Neue Infos mit bekanntem Wissen verbinden.,"Man lernt leichter, wenn man Vokabeln mit Bildern verknüpft.",anschließen|vernetzen,,,,Verben mit Präposition,mit,Dativ,verknüpft,verknüpfte,hat verknüpft,haben,,,beruf|Was beim Lernen hilft.,3369
B2-1116,einschränken,,,einschranken,B2,Linie B2 Beruf,Kapitel 14 – Weiterbildung,v,To limit / restrict,Grenzen setzen; weniger von etwas machen.,Während der Lernphase sollte man den Handykonsum einschränken.,,,,,,,,einschränkt,einschränkte,hat geeinschränkt,haben,,,beruf|Was beim Lernen hilft.,3370
B2-1117,differenzieren,,,differenzieren,B2,Linie B2 Beruf,Kapitel 14 – Weiterbildung,v,To differentiate (between),Unterschiede zwischen zwei Dingen genau erkennen.,Man muss zwischen wichtigem und unwichtigem Wissen differenzieren.,,,,,Verben mit Präposition,zwischen,Dativ,differenziert,differenzierte,hat differenziert,haben,,,beruf|Was beim Lernen hilft.,3371
B2-1118,signalisieren,,,signalisieren,B2,Linie B2 Beruf,Kapitel 14 – Weiterbildung,v,To signal / indicate,Ein deutliches Zeichen für etwas geben.,Pünktlichkeit signalisiert großes Interesse am Job.,,,,,,,,signalisiert,signalisierte,hat signalisiert,haben,,,beruf|Was beim Lernen hilft.,3372
B2-1119,etwas senken / steigern,,,etwas senken / steigern,B2,Linie B2 Beruf,Kapitel 14 – Weiterbildung,phrase,To lower / to increase,Etwas weniger machen ≠ etwas mehr machen.,Wir wollen die Fehlerquote senken und die Effizienz steigern.,,,,,,,,,,,,,,beruf|Was beim Lernen hilft.,3373
B2-1120,messbar,,,messbar,B2,Linie B2 Beruf,Kapitel 14 – Weiterbildung,adj,Measurable,"So, dass man es in Zahlen oder Daten prüfen kann.",Der Erfolg einer Weiterbildung ist nicht immer sofort messbar.,,,,,,,,,,,,messbarer,am messbarsten,beruf|Was beim Lernen hilft.,3374
B2-1121,etwas verursachen,,,etwas verursachen,B2,Linie B2 Beruf,Kapitel 14 – Weiterbildung,v,To cause something,"Der Grund dafür sein, dass etwas passiert.",Schlafmangel kann Konzentrationsprobleme verursachen.,,,,,,,,,,,,,,beruf|Was beim Lernen hilft.,3375
B2-1122,einen Abschluss nachholen,,,einen abschluss nachholen,B2,Linie B2 Beruf,Kapitel 14 – Weiterbildung,phrase,To complete a degree later,Einen Schul- oder Berufsabschluss später im Leben machen.,Er möchte seinen Realschulabschluss an der Abendschule nachholen.,,,,,,,,,,,,,,beruf|Was beim Lernen hilft.,3376
B2-1123,"sich fühlen, als ob/wenn",,,"sich fuhlen, als ob/wenn",B2,Linie B2 Beruf,Kapitel 14 – Weiterbildung,v,To feel as if,Ein bestimmtes Gefühl oder einen Eindruck von sich selbst haben.,"Ich fühle mich, als ob ich die Prüfung schon bestanden hätte.",,,,,,,,,,,,,,beruf|Was beim Lernen hilft.,3377
B2-1124,Wettkampf,der,¨e,wettkampf,B2,Linie B2 Beruf,Kapitel 14 – Weiterbildung,n,Competition / Match,Ein sportlicher oder beruflicher Leistungsvergleich.,Am Wochenende nimmt er an einem wichtigen Wettkampf teil.,,,,,,,,,,,,,,beruf|Was beim Lernen hilft.,3378
B2-1125,innerhalb kürzester Zeit,,,innerhalb kurzester zeit,B2,Linie B2 Beruf,Kapitel 14 – Weiterbildung,phrase,Within a very short time,Extrem schnell; in einem ganz kurzen Zeitraum.,Sie hat die neue Software innerhalb kürzester Zeit gelernt.,,,,,,,,,,,,,,beruf|Was beim Lernen hilft.,3379
B2-1126,enorm viel,,,enorm viel,B2,Linie B2 Beruf,Kapitel 14 – Weiterbildung,phrase,An enormous amount,"Eine gigantische, sehr große Menge von etwas.",Für dieses komplexe Projekt müssen wir enorm viel lesen.,,,,,,,,,,,,,,beruf|Was beim Lernen hilft.,3380
B2-1127,Nutzen,der,,nutzen,B2,Linie B2 Beruf,Kapitel 14 – Weiterbildung,n,Benefit / Advantage,"Der Vorteil oder Gewinn, den man aus etwas zieht.",Welchen Nutzen hat diese teure Fortbildung für unsere Abteilung?,Pluspunkt,,,,,,,,,,,,,beruf|Was beim Lernen hilft.|nur Singular,3381
B2-1128,Nutzen ziehen aus,,,nutzen ziehen aus,B2,Linie B2 Beruf,Kapitel 14 – Weiterbildung,phrase,To benefit from,Einen Vorteil aus einer Situation oder Sache bekommen.,Aus diesem Seminar können alle Mitarbeiter großen Nutzen ziehen.,,,,,,,,,,,,,,beruf|Was beim Lernen hilft.,3382
B2-1129,Durchhaltevermögen,das,,durchhaltevermogen,B2,Linie B2 Beruf,Kapitel 14 – Weiterbildung,n,Perseverance / Stamina,"Die Fähigkeit, bei langen, schweren Aufgaben nicht aufzugeben.",Beim Schreiben einer Doktorarbeit braucht man viel Durchhaltevermögen.,,,,,,,,,,,,,,beruf|Was beim Lernen hilft.|nur Singular,3383
B2-1130,Mitgefühl,das,,mitgefuhl,B2,Linie B2 Beruf,Kapitel 14 – Weiterbildung,n,Empathy / Compassion,Das Verstehen und Teilen der Gefühle von anderen.,Ein guter Vorgesetzter sollte echtes Mitgefühl zeigen können.,,,,,,,,,,,,,,beruf|Was beim Lernen hilft.|nur Singular,3384
B2-1131,wirken,,,wirken,B2,Linie B2 Beruf,Kapitel 14 – Weiterbildung,v,To seem / appear / have an effect,Einen bestimmten Eindruck machen oder eine Wirkung zeigen.,Die neuen Lernmethoden wirken sehr positiv auf die Noten.,,,,,,,,wirkt,wirkte,hat gewirkt,haben,,,beruf|Was beim Lernen hilft.,3385
B2-1132,depressiv sein/werden,,,depressiv sein/werden,B2,Linie B2 Beruf,Kapitel 14 – Weiterbildung,v,To be/become depressed,"Eine tiefe, krankhafte Traurigkeit im Geist spüren.","Anhaltender, extremer Stress im Job kann dazu führen, dass Menschen depressiv werden.",,,,,,,,,,,,,,beruf|Was beim Lernen hilft.,3386
