id,word,article,plural,sort_key,level,book,chapter,pos,english,german_meaning,example_de,synonyms,antonyms,memory_trick,frequency_rank,grammar_group,preposition,govern_case,verb_present_3rd,verb_past,verb_perfect,verb_aux,adj_comparative,adj_superlative,tags,order_index
B2-0001,Klimaanlage,die,-n,klimaanlage,B2,Linie B2 Beruf,Kapitel 1,n,Air conditioning,"Ein Gerät, das die Luft kühlt.",Die Klimaanlage im Büro ist im Sommer sehr angenehm.,,,,,,,,,,,,,,beruf|Arbeitsräume,1
B2-0002,Leiter,die,,leiter,B2,Linie B2 Beruf,Kapitel 1,n,Ladder,Ein Gerät mit Stufen zum Hochklettern.,"Er steht auf der Leiter, um die Lampe zu reparieren.",,,,,,,,,,,,,,beruf|Arbeitsräume,2
B2-0003,Werkbank,die,¨e,werkbank,B2,Linie B2 Beruf,Kapitel 1,n,Workbench,Ein stabiler Tisch für handwerkliche Arbeit.,In der Schreinerei steht eine große Werkbank.,,,,,,,,,,,,,,beruf|Arbeitsräume,3
B2-0004,Werkzeugkasten,der,¨,werkzeugkasten,B2,Linie B2 Beruf,Kapitel 1,n,Toolbox,Ein Koffer oder Kasten für Werkzeuge.,Bring bitte den Werkzeugkasten aus dem Auto.,,,,,,,,,,,,,,beruf|Arbeitsräume,4
B2-0005,Schutzhelm,der,-e,schutzhelm,B2,Linie B2 Beruf,Kapitel 1,n,Safety helmet,"Ein Helm, der den Kopf bei der Arbeit schützt.",Auf der Baustelle ist ein Schutzhelm Pflicht.,,,,,,,,,,,,,,beruf|Arbeitsräume,5
B2-0006,sanitäre Anlagen installieren,,,sanitare anlagen installieren,B2,Linie B2 Beruf,Kapitel 1,phrase,To install sanitary facilities,Toiletten oder Waschbecken einbauen.,Die Firma wird nächste Woche neue sanitäre Anlagen installieren.,,,,,,,,,,,,,,beruf|Arbeitsräume,6
B2-0007,verstopfte Rohre reinigen,,,verstopfte rohre reinigen,B2,Linie B2 Beruf,Kapitel 1,phrase,To clean clogged pipes,Schmutz aus Wasserrohren entfernen.,Der Klempner muss die verstopften Rohre reinigen.,,,,,,,,,,,,,,beruf|Arbeitsräume,7
B2-0008,Mieterhöhung,die,-en,mieterhohung,B2,Linie B2 Beruf,Kapitel 1,n,Rent increase,Wenn die Miete teurer wird.,Viele Firmen beschweren sich über die Mieterhöhung.,,,,,,,,,,,,,,beruf|Unsere neuen Arbeitsräume,8
B2-0009,Zusage,die,-n,zusage,B2,Linie B2 Beruf,Kapitel 1,n,Confirmation / Acceptance,"Eine positive Antwort oder ein ""Ja"".",Ich habe heute die Zusage für den neuen Job bekommen.,,,,,,,,,,,,,,beruf|Unsere neuen Arbeitsräume,9
B2-0010,stundenlang,,,stundenlang,B2,Linie B2 Beruf,Kapitel 1,adj,For hours,"Etwas, das viele Stunden dauert.",Wir mussten stundenlang auf den Techniker warten.,,,,,,,,,,,,,,beruf|Unsere neuen Arbeitsräume,10
B2-0011,Onlineportal,das,-e,onlineportal,B2,Linie B2 Beruf,Kapitel 1,n,Online portal,Eine Webseite mit Informationen oder Diensten.,Man kann die Anzeige im Onlineportal finden.,,,,,,,,,,,,,,beruf|Unsere neuen Arbeitsräume,11
B2-0012,Objekt,das,-e,objekt,B2,Linie B2 Beruf,Kapitel 1,n,Property / Object,Ein Gebäude oder eine Wohnung.,Das Maklerbüro zeigt uns heute ein neues Objekt.,,,,,,,,,,,,,,beruf|Unsere neuen Arbeitsräume,12
B2-0013,Grundriss,der,-e,grundriss,B2,Linie B2 Beruf,Kapitel 1,n,Floor plan,Eine Zeichnung von oben auf die Räume.,"Der Grundriss zeigt, dass das Büro sehr groß ist.",,,,,,,,,,,,,,beruf|Unsere neuen Arbeitsräume,13
B2-0014,jdn. auf dem Laufenden halten,,,jdn. auf dem laufenden halten,B2,Linie B2 Beruf,Kapitel 1,phrase,To keep someone updated,Jemandem immer die neuesten Infos geben.,Bitte halten Sie mich über das Projekt auf dem Laufenden.,,,,,,,,,,,,,,beruf|Unsere neuen Arbeitsräume,14
B2-0015,Interessent,der,-en,interessent,B2,Linie B2 Beruf,Kapitel 1,n,Interested party (male),"Jemand, der sich für etwas interessiert.",Es gibt viele Interessenten für die Wohnung.,,,,,,,,,,,,,,beruf|Unsere neuen Arbeitsräume,15
B2-0016,Interessentin,die,-nen,interessentin,B2,Linie B2 Beruf,Kapitel 1,n,Interested party (female),"Eine Frau, die Interesse an etwas hat.",Die Interessentin möchte das Büro morgen sehen.,,,,,,,,,,,,,,beruf|Unsere neuen Arbeitsräume,16
B2-0017,Altbauwohnung,die,-en,altbauwohnung,B2,Linie B2 Beruf,Kapitel 1,n,Old building apartment,Eine Wohnung in einem alten Haus.,Wir wohnen in einer schönen Altbauwohnung mit hohen Decken.,,,,,,,,,,,,,,beruf|Unsere neuen Arbeitsräume,17
B2-0018,Einbauküche,die,-n,einbaukuche,B2,Linie B2 Beruf,Kapitel 1,n,Fitted kitchen,"Eine Küche, die fest eingebaut ist.",Die Wohnung wird inklusive Einbauküche vermietet.,,,,,,,,,,,,,,beruf|Unsere neuen Arbeitsräume,18
B2-0019,Fahrstuhl,der,¨e,fahrstuhl,B2,Linie B2 Beruf,Kapitel 1,n,Elevator / Lift,"Ein Gerät, das Personen nach oben fährt.","Der Fahrstuhl ist leider kaputt, wir müssen die Treppe nehmen.",,,,,,,,,,,,,,beruf|Unsere neuen Arbeitsräume,19
B2-0020,Erfolgserlebnis,das,-se,erfolgserlebnis,B2,Linie B2 Beruf,Kapitel 1,n,Sense of achievement,Ein gutes Gefühl nach einem Erfolg.,Das fertige Projekt war ein tolles Erfolgserlebnis.,,,,,,,,,,,,,,beruf|Unsere neuen Arbeitsräume,20
B2-0021,Werkstatt,die,¨en,werkstatt,B2,Linie B2 Beruf,Kapitel 1,n,Workshop,"Ein Raum, in dem man Dinge repariert.",Mein Auto ist zur Reparatur in der Werkstatt.,,,,,,,,,,,,,,beruf|Unsere neuen Arbeitsräume,21
B2-0022,Hausverwaltung,die,-en,hausverwaltung,B2,Linie B2 Beruf,Kapitel 1,n,Property management,"Die Firma, die sich um das Haus kümmert.",Bei Problemen müssen wir die Hausverwaltung anrufen.,,,,,,,,,,,,,,beruf|Unsere neuen Arbeitsräume,22
B2-0023,die Daumen drücken,,,die daumen drucken,B2,Linie B2 Beruf,Kapitel 1,phrase,To cross one's fingers,Jemandem viel Glück wünschen.,Ich drücke dir die Daumen für dein Vorstellungsgespräch!,,,,,,,,,,,,,,beruf|Unsere neuen Arbeitsräume,23
B2-0024,sich vormerken lassen,,,sich vormerken lassen,B2,Linie B2 Beruf,Kapitel 1,v,To put one's name down,Sich auf eine Warteliste setzen lassen.,Wir haben uns für einen Termin vormerken lassen.,,,,,,,,,,,,,,beruf|Unsere neuen Arbeitsräume,24
B2-0025,Auszug,der,¨e,auszug,B2,Linie B2 Beruf,Kapitel 1,n,Moving out,Das Verlassen einer Wohnung.,Der Auszug muss bis Ende des Monats erfolgen.,,,,,,,,,,,,,,beruf|Unsere neuen Arbeitsräume,25
B2-0026,sanieren,,,sanieren,B2,Linie B2 Beruf,Kapitel 1,v,To renovate / refurbish,Ein Gebäude komplett reparieren.,Die Stadt will das alte Schulgebäude sanieren.,,,,,,,,,,,,,,beruf|Unsere neuen Arbeitsräume,26
B2-0027,abschleifen,,,abschleifen,B2,Linie B2 Beruf,Kapitel 1,v,To sand down,Eine Oberfläche glatt machen.,Wir müssen den Holzboden im Büro abschleifen.,,,,,,,,,,,,,,beruf|Unsere neuen Arbeitsräume,27
B2-0028,anschließen,,,anschliessen,B2,Linie B2 Beruf,Kapitel 1,v,To connect,Ein Gerät mit Strom oder Wasser verbinden.,Kannst du bitte die Spülmaschine anschließen?,,,,,,,,,,,,,,beruf|Unsere neuen Arbeitsräume,28
B2-0029,Leitung,die,-en,leitung,B2,Linie B2 Beruf,Kapitel 1,n,Pipe / Line / Wire,Ein Rohr oder Kabel für Wasser/Strom.,In der Wand liegt eine elektrische Leitung.,,,,,,,,,,,,,,beruf|Unsere neuen Arbeitsräume,29
B2-0030,Spedition,die,-en,spedition,B2,Linie B2 Beruf,Kapitel 1,n,Moving/Freight company,"Eine Firma, die Transporte macht.",Die Spedition bringt unsere Möbel am Montag.,,,,,,,,,,,,,,beruf|Unsere neuen Arbeitsräume,30
B2-0031,aus Sicherheitsgründen,,,aus sicherheitsgrunden,B2,Linie B2 Beruf,Kapitel 1,phrase,For security reasons,Weil es sicherer ist.,Aus Sicherheitsgründen dürfen Sie hier nicht rauchen.,,,,,,,,,,,,,,beruf|Unsere neuen Arbeitsräume,31
B2-0032,Nachsendeantrag,der,¨e,nachsendeantrag,B2,Linie B2 Beruf,Kapitel 1,n,Mail forwarding request,Post an eine neue Adresse schicken lassen.,Ich habe bei der Post einen Nachsendeantrag gestellt.,,,,,,,,,,,,,,beruf|Unsere neuen Arbeitsräume,32
B2-0033,den Nachsendeantrag stellen,,,den nachsendeantrag stellen,B2,Linie B2 Beruf,Kapitel 1,phrase,To file a forwarding request,Den Antrag bei der Post abgeben.,"Vergessen Sie nicht, den Nachsendeantrag zu stellen.",,,,,,,,,,,,,,beruf|Unsere neuen Arbeitsräume,33
B2-0034,Umzugskarton,der,-s,umzugskarton,B2,Linie B2 Beruf,Kapitel 1,n,Moving box,Eine Kiste aus Pappe für den Umzug.,Wir brauchen noch zehn Umzugskartons.,,,,,,,,,,,,,,beruf|Unsere neuen Arbeitsräume,34
B2-0035,Einkommensnachweis,der,-e,einkommensnachweis,B2,Linie B2 Beruf,Kapitel 1,n,Proof of income,"Ein Papier, das zeigt, wie viel man verdient.",Der Vermieter möchte einen Einkommensnachweis sehen.,,,,,,,,,,,,,,beruf|Unsere neuen Arbeitsräume,35
B2-0036,Maklerbüro,das,-s,maklerburo,B2,Linie B2 Beruf,Kapitel 1,n,Real estate agency,Das Büro eines Immobilienmaklers.,Das Maklerbüro verlangt eine hohe Gebühr.,,,,,,,,,,,,,,beruf|Unsere neuen Arbeitsräume,36
B2-0037,sich ummelden,,,sich ummelden,B2,Linie B2 Beruf,Kapitel 1,v,To register a change of address,Seine neue Adresse beim Amt melden.,Nach dem Umzug muss man sich innerhalb von zwei Wochen ummelden.,,,,,,,,,,,,,,beruf|Unsere neuen Arbeitsräume,37
B2-0038,Kaution,die,-en,kaution,B2,Linie B2 Beruf,Kapitel 1,n,Security deposit,Geld als Sicherheit für den Vermieter.,Die Kaution beträgt zwei Monatsmieten.,,,,,,,,,,,,,,beruf|Unsere neuen Arbeitsräume,38
B2-0039,eine Kaution hinterlegen,,,eine kaution hinterlegen,B2,Linie B2 Beruf,Kapitel 1,phrase,To pay/leave a deposit,Die Sicherheitssumme bezahlen.,Wir müssen beim Einzug die Kaution hinterlegen.,,,,,,,,,,,,,,beruf|Unsere neuen Arbeitsräume,39
B2-0040,Besichtigungstermin,der,-e,besichtigungstermin,B2,Linie B2 Beruf,Kapitel 1,n,Viewing appointment,"Ein Termin, um ein Objekt anzusehen.",Wann ist der nächste Besichtigungstermin?,,,,,,,,,,,,,,beruf|Unsere neuen Arbeitsräume,40
B2-0041,Praxis,die,Praxen,praxis,B2,Linie B2 Beruf,Kapitel 1,n,Practice (medical/legal),Der Arbeitsort eines Arztes.,Die Arztpraxis bleibt am Mittwoch geschlossen.,,,,,,,,,,,,,,beruf|Unsere neuen Arbeitsräume,41
B2-0042,sich kümmern,,,sich kummern,B2,Linie B2 Beruf,Kapitel 1,v,To take care of,Etwas erledigen oder auf jemanden aufpassen.,Ich kümmere mich um die Organisation des Festes.,,,,,Verben mit Präposition,um,Akkusativ,,,,,,,beruf|Unsere neuen Arbeitsräume,42
B2-0043,Branche,die,-n,branche,B2,Linie B2 Beruf,Kapitel 1,n,Industry / Sector,Ein Bereich der Wirtschaft (z.B. IT).,In welcher Branche arbeiten Sie?,,,,,,,,,,,,,,beruf|Unsere neuen Arbeitsräume,43
B2-0044,Start-up,das/der,-s,start-up,B2,Linie B2 Beruf,Kapitel 1,n,Start-up,"Eine neu gegründete, junge Firma.",Mein Bruder arbeitet bei einem Start-up in Berlin.,,,,,,,,,,,,,,beruf|Unsere neuen Arbeitsräume,44
B2-0045,Checkliste,die,-n,checkliste,B2,Linie B2 Beruf,Kapitel 1,n,Checklist,Eine Liste zum Abhaken von Aufgaben.,Hast du alles auf der Checkliste erledigt?,,,,,,,,,,,,,,beruf|Unsere neuen Arbeitsräume,45
B2-0046,Gewerberaum,der,-räume,gewerberaum,B2,Linie B2 Beruf,Kapitel 1,n,Commercial space,Ein Raum für ein Geschäft oder Büro.,Wir suchen einen hellen Gewerberaum in der Stadtmitte.,,,,,,,,,,,,,,beruf|Unsere neuen Arbeitsräume,46
B2-0047,Hygieneanforderung,die,-en,hygieneanforderung,B2,Linie B2 Beruf,Kapitel 1,n,Hygiene requirement,Regeln für die Sauberkeit.,In der Küche sind die Hygieneanforderungen sehr streng.,,,,,,,,,,,,,,beruf|Unsere neuen Arbeitsräume,47
B2-0048,Flexibilität,die,,flexibilitat,B2,Linie B2 Beruf,Kapitel 1,n,Flexibility,"Die Fähigkeit, sich anzupassen.",In diesem Job braucht man viel Flexibilität.,,,,,,,,,,,,,,beruf|Unsere neuen Arbeitsräume|nur Singular,48
B2-0049,untervermieten,,,untervermieten,B2,Linie B2 Beruf,Kapitel 1,v,To sublet,Einen Teil der gemieteten Räume vermieten.,Wir möchten ein Zimmer im Büro untervermieten.,,,,,,,,,,,,,,beruf|Unsere neuen Arbeitsräume,49
B2-0050,Übergabe,die,-n,ubergabe,B2,Linie B2 Beruf,Kapitel 1,n,Handover,Das Übergeben von Schlüsseln oder Infos.,Die Übergabe der Wohnung ist um 14 Uhr.,,,,,,,,,,,,,,beruf|Unsere neuen Arbeitsräume,50
B2-0051,Übergabeprotokoll,das,-e,ubergabeprotokoll,B2,Linie B2 Beruf,Kapitel 1,n,Handover protocol,Ein Dokument über den Zustand der Räume.,Wir schreiben alle Mängel in das Übergabeprotokoll.,,,,,,,,,,,,,,beruf|Unsere neuen Arbeitsräume,51
B2-0052,ein Angebot einholen,,,ein angebot einholen,B2,Linie B2 Beruf,Kapitel 1,phrase,To get a quote,Nach einem Preis für eine Arbeit fragen.,"Wir sollten erst ein Angebot einholen, bevor wir bestellen.",,,,,,,,,,,,,,beruf|Der Umzug,52
B2-0053,flexibel,,,flexibel,B2,Linie B2 Beruf,Kapitel 1,adj,Flexible (regarding),Anpassungsfähig sein.,Wir sind flexibel bezüglich des Umzugstermins.,,,,,Adjektive mit Präposition,bezüglich,Genitiv,,,,,,,beruf|Der Umzug,53
B2-0054,Spielraum haben,,,spielraum haben,B2,Linie B2 Beruf,Kapitel 1,v,To have room to maneuver,Möglichkeiten für Verhandlungen haben.,Beim Preis haben wir leider keinen Spielraum.,,,,,Verben mit Präposition,bei,Dativ,,,,,,,beruf|Der Umzug,54
B2-0055,ausgebucht,,,ausgebucht,B2,Linie B2 Beruf,Kapitel 1,adj,Fully booked (until),Keine Termine mehr frei haben.,Das Hotel ist ausgebucht.,,,,,Adjektive mit Präposition,bis,Akkusativ,,,,,,,beruf|Der Umzug,55
B2-0056,jdm. entgegenkommen,,,jdm. entgegenkommen,B2,Linie B2 Beruf,Kapitel 1,v,To meet someone halfway,Einen Kompromiss machen.,Der Vermieter ist uns beim Preis ein wenig entgegengekommen.,,,,,,,,,,,,,,beruf|Der Umzug,56
B2-0057,Fixpreis,der,-e,fixpreis,B2,Linie B2 Beruf,Kapitel 1,n,Fixed price,"Ein fester, unveränderlicher Preis.",Die Werkstatt bietet Reparaturen zum Fixpreis an.,,,,,,,,,,,,,,beruf|Der Umzug,57
B2-0058,mutig sein,,,mutig sein,B2,Linie B2 Beruf,Kapitel 1,phrase,To be brave,Keine Angst vor Neuem haben.,Er war mutig und hat sein eigenes Geschäft eröffnet.,,,,,,,,,,,,,,beruf|Adils neuer Job,58
B2-0059,spontan,,,spontan,B2,Linie B2 Beruf,Kapitel 1,adj,Spontaneous,Etwas ohne lange Planung tun.,"Wir haben spontan beschlossen, essen zu gehen.",,,,,,,,,,,,,,beruf|Adils neuer Job,59
B2-0060,mittelgroß,,,mittelgross,B2,Linie B2 Beruf,Kapitel 1,adj,Medium-sized,Zwischen klein und groß.,Er arbeitet in einem mittelgroßen Betrieb.,,,,,,,,,,,,,,beruf|Adils neuer Job,60
B2-0061,Menschen mit Behinderungen,,,menschen mit behinderungen,B2,Linie B2 Beruf,Kapitel 1,phrase,People with disabilities,Personen mit körperlichen/geistigen Einschränkungen.,Die Firma stellt auch Menschen mit Behinderungen ein.,,,,,,,,,,,,,,beruf|Adils neuer Job,61
B2-0062,für etwas verantwortlich sein,,,fur etwas verantwortlich sein,B2,Linie B2 Beruf,Kapitel 1,phrase,To be responsible for,Für eine Aufgabe zuständig sein.,Wer ist für die Kasse verantwortlich?,,,,,,,,,,,,,,beruf|Adils neuer Job,62
B2-0063,selbstständig arbeiten,,,selbststandig arbeiten,B2,Linie B2 Beruf,Kapitel 1,v,To work independently,Aufgaben ohne Hilfe erledigen.,In diesem Beruf muss man selbstständig arbeiten.,,,,,,,,,,,,,,beruf|Adils neuer Job,63
B2-0064,Kontakt bekommen,,,kontakt bekommen,B2,Linie B2 Beruf,Kapitel 1,v,To get in touch,Leute kennenlernen.,Auf der Messe kann man schnell Kontakt bekommen.,,,,,,,,,,,,,,beruf|Adils neuer Job,64
B2-0065,Betriebsausflug,der,¨e,betriebsausflug,B2,Linie B2 Beruf,Kapitel 1,n,Company outing,Ein gemeinsamer Ausflug der Firma.,Unser Betriebsausflug geht dieses Jahr an den See.,,,,,,,,,,,,,,beruf|Adils neuer Job,65
B2-0066,in Ordnung sein,,,in ordnung sein,B2,Linie B2 Beruf,Kapitel 1,phrase,To be okay / in order,"Wenn alles so ist, wie es sein soll.",Ist mit dem Vertrag alles in Ordnung?,,,,,,,,,,,,,,beruf|Es gibt da ein Problem,66
B2-0067,sich wohlfühlen,,,sich wohlfuhlen,B2,Linie B2 Beruf,Kapitel 1,v,To feel comfortable,Sich an einem Ort gut fühlen.,Ich fühle mich in meinem neuen Büro sehr wohl.,,,,,,,,,,,,,,beruf|Es gibt da ein Problem,67
B2-0068,Kaffeeküche,die,-n,kaffeekuche,B2,Linie B2 Beruf,Kapitel 1,n,Kitchenette / Coffee room,Ein kleiner Raum für Kaffee im Büro.,Treffen wir uns in zehn Minuten in der Kaffeeküche?,,,,,,,,,,,,,,beruf|Es gibt da ein Problem,68
B2-0069,Küchenboden,der,¨,kuchenboden,B2,Linie B2 Beruf,Kapitel 1,n,Kitchen floor,Der Fußboden in der Küche.,"Vorsicht, der Küchenboden ist nass!",,,,,,,,,,,,,,beruf|Es gibt da ein Problem,69
B2-0070,Riss,der,-e,riss,B2,Linie B2 Beruf,Kapitel 1,n,Crack,Eine schmale Öffnung in Material.,Das Glas in der Tür hat einen kleinen Riss.,,,,,,,,,,,,,,beruf|Es gibt da ein Problem,70
B2-0071,sich um etwas kümmern,,,sich um etwas kummern,B2,Linie B2 Beruf,Kapitel 1,v,To take care of something,Eine Aufgabe übernehmen.,Können Sie sich um die E-Mails kümmern?,,,,,,,,,,,,,,beruf|Es gibt da ein Problem,71
B2-0072,einen Handwerker bestellen,,,einen handwerker bestellen,B2,Linie B2 Beruf,Kapitel 1,phrase,To call/order a repairman,Hilfe für eine Reparatur rufen.,"Wir müssen einen Handwerker bestellen, weil das Rohr leckt.",,,,,,,,,,,,,,beruf|Es gibt da ein Problem,72
B2-0073,sich ein Problem ansehen,,,sich ein problem ansehen,B2,Linie B2 Beruf,Kapitel 1,v,To look into a problem,"Prüfen, was kaputt oder falsch ist.",Der Chef wird sich das Problem morgen persönlich ansehen.,,,,,,,,,,,,,,beruf|Es gibt da ein Problem,73
B2-0074,Schilderung des Problems,die,,schilderung des problems,B2,Linie B2 Beruf,Kapitel 1,n,Description of the problem,"Eine genaue Erklärung, was kaputt ist.",Ihre Schilderung des Problems war sehr hilfreich.,,,,,,,,,,,,,,beruf|Eine E-Mail an die Hausverwaltung,74
B2-0075,ein Problem schildern,,,ein problem schildern,B2,Linie B2 Beruf,Kapitel 1,phrase,To describe a problem,"Erklären, was passiert ist.",Können Sie mir bitte den Wasserschaden genau schildern?,,,,,,,,,,,,,,beruf|Eine E-Mail an die Hausverwaltung,75
B2-0076,Erledigung,die,,erledigung,B2,Linie B2 Beruf,Kapitel 1,n,Completion / Settlement,Wenn eine Aufgabe fertig gemacht wird.,Wir kümmern uns sofort um die Erledigung Ihres Auftrags.,,,,,,,,,,,,,,beruf|Eine E-Mail an die Hausverwaltung|nur Singular,76
B2-0077,Erreichbarkeit,die,-en,erreichbarkeit,B2,Linie B2 Beruf,Kapitel 1,n,Accessibility / Availability,Wie gut man jemanden telefonisch erreicht.,Die Erreichbarkeit des Kundenservice ist leider schlecht.,,,,,,,,,,,,,,beruf|Eine E-Mail an die Hausverwaltung,77
B2-0078,verantwortliche Firma,die,,verantwortliche firma,B2,Linie B2 Beruf,Kapitel 1,n,The responsible company,"Die Firma, die die Arbeit machen muss.",Wir kontaktieren jetzt die verantwortliche Firma.,,,,,,,,,,,,,,beruf|Eine E-Mail an die Hausverwaltung,78
B2-0079,einen Schaden beheben,,,einen schaden beheben,B2,Linie B2 Beruf,Kapitel 1,phrase,To repair a damage,Etwas Kaputtes wieder ganz machen.,Der Techniker wird den Schaden morgen beheben.,,,,,,,,,,,,,,beruf|Eine E-Mail an die Hausverwaltung,79
B2-0080,sich auf etwas beziehen,,,sich auf etwas beziehen,B2,Linie B2 Beruf,Kapitel 1,v,To refer to something,Über ein bestimmtes Thema sprechen.,Ich beziehe mich auf Ihr Schreiben vom letzten Montag.,,,,,,,,,,,,,,beruf|Eine E-Mail an die Hausverwaltung,80
B2-0081,mittlerweile,,,mittlerweile,B2,Linie B2 Beruf,Kapitel 1,adj,In the meantime / By now,In der Zwischenzeit.,"Ich warte seit Wochen, mittlerweile ist es zu spät.",,,,,,,,,,,,,,beruf|Eine E-Mail an die Hausverwaltung,81
B2-0082,entstandenen Unannehmlichkeiten,die,,entstandenen unannehmlichkeiten,B2,Linie B2 Beruf,Kapitel 1,n,The inconveniences caused,"Probleme, die durch einen Fehler entstanden sind.",Bitte entschuldigen Sie die entstandenen Unannehmlichkeiten.,,,,,,,,,,,,,,beruf|Eine E-Mail an die Hausverwaltung,82
B2-0083,Reparaturauftrag,der,-aufträge,reparaturauftrag,B2,Linie B2 Beruf,Kapitel 1,n,Repair order,Ein offizieller Auftrag für eine Reparatur.,Der Vermieter hat den Reparaturauftrag unterschrieben.,,,,,,,,,,,,,,beruf|Eine E-Mail an die Hausverwaltung,83
B2-0084,mindern,,,mindern,B2,Linie B2 Beruf,Kapitel 1,v,To reduce / To decrease,Etwas weniger machen (z.B. den Preis).,Wir möchten die Miete wegen des Schadens mindern.,,,,,Verben mit Präposition,um,Akkusativ,,,,,,,beruf|Eine E-Mail an die Hausverwaltung,84
B2-0085,Kiosk,der,-e,kiosk,B2,Linie B2 Beruf,Kapitel 2 – Mein eigener Laden,n,Kiosk / Newsstand,Ein kleiner Laden für Zeitungen und Snacks.,Ich kaufe mir am Kiosk schnell eine Zeitschrift.,,,,,,,,,,,,,,beruf|Mehmets Kiosk,85
B2-0086,Lieferant,der,-en,lieferant,B2,Linie B2 Beruf,Kapitel 2 – Mein eigener Laden,n,Supplier,"Eine Person oder Firma, die Waren bringt.",Der Lieferant bringt heute frische Getränke.,,,,,,,,,,,,,,beruf|Mehmets Kiosk,86
B2-0087,Tiefkühlkost,die,,tiefkuhlkost,B2,Linie B2 Beruf,Kapitel 2 – Mein eigener Laden,n,Frozen food,"Essen, das tiefgekühlt ist (z.B. Pizza).",Im Kiosk gibt es auch eine Truhe für Tiefkühlkost.,,,,,,,,,,,,,,beruf|Mehmets Kiosk|nur Singular,87
B2-0088,liefern,,,liefern,B2,Linie B2 Beruf,Kapitel 2 – Mein eigener Laden,v,To deliver,Waren zu einem Kunden bringen.,Wir liefern die Pizza direkt zu Ihnen nach Hause.,,,,,,,,,,,,,,beruf|Mehmets Kiosk,88
B2-0089,Warenangebot,das,-e,warenangebot,B2,Linie B2 Beruf,Kapitel 2 – Mein eigener Laden,n,Range of goods,"Alle Produkte, die ein Laden verkauft.",Der Supermarkt hat ein großes Warenangebot.,,,,,,,,,,,,,,beruf|Warum ich die Spätis liebe,89
B2-0090,Öffnungszeit,die,-en,offnungszeit,B2,Linie B2 Beruf,Kapitel 2 – Mein eigener Laden,n,Opening hours,"Die Zeit, in der ein Laden offen ist.",Wie sind die Öffnungszeiten am Wochenende?,,,,,,,,,,,,,,beruf|Warum ich die Spätis liebe,90
B2-0091,rund um die Uhr,,,rund um die uhr,B2,Linie B2 Beruf,Kapitel 2 – Mein eigener Laden,phrase,Around the clock,24 Stunden am Tag.,Dieser Kiosk hat rund um die Uhr geöffnet.,,,,,,,,,,,,,,beruf|Warum ich die Spätis liebe,91
B2-0092,Auswahl,die,,auswahl,B2,Linie B2 Beruf,Kapitel 2 – Mein eigener Laden,n,Selection / Choice,Viele verschiedene Dinge zum Aussuchen.,Hier gibt es eine große Auswahl an Zeitschriften.,,,,,,,,,,,,,,beruf|Warum ich die Spätis liebe|nur Singular,92
B2-0093,begehren,,,begehren,B2,Linie B2 Beruf,Kapitel 2 – Mein eigener Laden,v,To desire / crave,Etwas sehr stark wollen.,Er begehrt den Erfolg in seinem neuen Job.,,,,,,,,,,,,,,beruf|Warum ich die Spätis liebe,93
B2-0094,Besorgung,die,-en,besorgung,B2,Linie B2 Beruf,Kapitel 2 – Mein eigener Laden,n,Errand / Purchase,"Dinge, die man kaufen oder erledigen muss.",Ich muss noch ein paar Besorgungen machen.,,,,,,,,,,,,,,beruf|Warum ich die Spätis liebe,94
B2-0095,Einheimische,der/die,-n,einheimische,B2,Linie B2 Beruf,Kapitel 2 – Mein eigener Laden,n,Local,"Jemand, der an diesem Ort lebt.",Die Einheimischen kennen die besten Restaurants.,,,,,,,,,,,,,,beruf|Warum ich die Spätis liebe,95
B2-0096,miteinander,,,miteinander,B2,Linie B2 Beruf,Kapitel 2 – Mein eigener Laden,adj,With each other,Zusammen mit anderen Personen.,Wir müssen mehr miteinander reden.,,,,,,,,,,,,,,beruf|Warum ich die Spätis liebe,96
B2-0097,Zuhause,das,,zuhause,B2,Linie B2 Beruf,Kapitel 2 – Mein eigener Laden,n,Home,"Der Ort, an dem man wohnt.",Ich fühle mich hier wie in meinem eigenen Zuhause.,,,,,,,,,,,,,,beruf|Warum ich die Spätis liebe|nur Singular,97
B2-0098,ein offenes Ohr für jemanden haben,,,ein offenes ohr fur jemanden haben,B2,Linie B2 Beruf,Kapitel 2 – Mein eigener Laden,phrase,To have a listening ear,Jemandem gut zuhören.,Mein Chef hat immer ein offenes Ohr für meine Sorgen.,,,,,,,,,,,,,,beruf|Warum ich die Spätis liebe,98
B2-0099,Entdeckung,die,-en,entdeckung,B2,Linie B2 Beruf,Kapitel 2 – Mein eigener Laden,n,Discovery,Etwas Neues finden oder sehen.,In dieser Stadt gibt es immer eine neue Entdeckung.,,,,,,,,,,,,,,beruf|Warum ich die Spätis liebe,99
B2-0100,hetzen,,,hetzen,B2,Linie B2 Beruf,Kapitel 2 – Mein eigener Laden,v,To rush / To hurry,Sehr schnell rennen oder unter Zeitdruck sein.,"Ich muss nicht hetzen, ich habe noch viel Zeit.",,,,,,,,,,,,,,beruf|Warum ich die Spätis liebe,100
B2-0101,freiberuflich,,,freiberuflich,B2,Linie B2 Beruf,Kapitel 2 – Mein eigener Laden,adj,Freelance,Ohne festen Arbeitgeber arbeiten.,Sie arbeitet freiberuflich als Grafikdesignerin.,,,,,,,,,,,,,,beruf|Warum ich die Spätis liebe,101
B2-0102,sich etwas einteilen,,,sich etwas einteilen,B2,Linie B2 Beruf,Kapitel 2 – Mein eigener Laden,v,To organize / budget something,Seine Zeit oder sein Geld planen.,Als Freelancer muss man sich seine Zeit gut einteilen.,,,,,,,,,,,,,,beruf|Warum ich die Spätis liebe,102
B2-0103,Auftrag,der,¨e,auftrag,B2,Linie B2 Beruf,Kapitel 2 – Mein eigener Laden,n,Order / Contract,Eine Aufgabe von einem Kunden.,Die Firma hat einen großen Auftrag erhalten.,,,,,,,,,,,,,,beruf|Warum ich die Spätis liebe,103
B2-0104,zufällig,,,zufallig,B2,Linie B2 Beruf,Kapitel 2 – Mein eigener Laden,adj,By chance / Coincidence,"Nicht geplant, durch Glück.",Ich habe ihn zufällig im Supermarkt getroffen.,,,,,,,,,,,,,,beruf|Warum ich die Spätis liebe,104
B2-0105,Gleitzeit,die,,gleitzeit,B2,Linie B2 Beruf,Kapitel 2 – Mein eigener Laden,n,Flexible working hours,Wenn man den Arbeitsbeginn wählen kann.,Dank Gleitzeit fange ich erst um 10 Uhr an.,,,,,,,,,,,,,,beruf|Warum ich die Spätis liebe|nur Singular,105
B2-0106,Schichtdienst,der,-e,schichtdienst,B2,Linie B2 Beruf,Kapitel 2 – Mein eigener Laden,n,Shift work,Arbeit zu wechselnden Zeiten (Tag/Nacht).,Krankenschwestern arbeiten oft im Schichtdienst.,,,,,,,,,,,,,,beruf|Warum ich die Spätis liebe,106
B2-0107,Schuld,die,,schuld,B2,Linie B2 Beruf,Kapitel 2 – Mein eigener Laden,n,Fault / Guilt / Debt,Wenn man für etwas Negatives verantwortlich ist.,"Es war meine Schuld, dass wir zu spät kamen.",,,,,,,,,,,,,,beruf|Warum ich die Spätis liebe|nur Singular,107
B2-0108,Feierabend,der,-e,feierabend,B2,Linie B2 Beruf,Kapitel 2 – Mein eigener Laden,n,End of the workday,Die Zeit nach der Arbeit.,Endlich Feierabend! Ich gehe jetzt nach Hause.,,,,,,,,,,,,,,beruf|Warum ich die Spätis liebe,108
B2-0109,Frühschicht,die,-en,fruhschicht,B2,Linie B2 Beruf,Kapitel 2 – Mein eigener Laden,n,Morning shift,"Arbeit, die sehr früh am Morgen beginnt.",Diese Woche habe ich leider Frühschicht.,,,,,,,,,,,,,,beruf|Warum ich die Spätis liebe,109
B2-0110,Kioskbesitzer,der,,kioskbesitzer,B2,Linie B2 Beruf,Kapitel 2 – Mein eigener Laden,n,Kiosk owner,"Die Person, der der Kiosk gehört.",Der Kioskbesitzer ist immer sehr freundlich.,,,,,,,,,,,,,,beruf|Warum ich die Spätis liebe,110
B2-0111,Spätschicht,die,-en,spatschicht,B2,Linie B2 Beruf,Kapitel 2 – Mein eigener Laden,n,Late shift,"Arbeit, die am Nachmittag/Abend stattfindet.",In der Spätschicht arbeite ich bis 22 Uhr.,,,,,,,,,,,,,,beruf|Warum ich die Spätis liebe,111
B2-0112,Redaktion,die,-en,redaktion,B2,Linie B2 Beruf,Kapitel 2 – Mein eigener Laden,n,Editorial office,"Die Leute, die eine Zeitung schreiben.",Er arbeitet in der Redaktion einer Sportzeitschrift.,,,,,,,,,,,,,,beruf|Warum ich die Spätis liebe,112
B2-0113,einen Kiosk betreiben,,,einen kiosk betreiben,B2,Linie B2 Beruf,Kapitel 2 – Mein eigener Laden,phrase,To run a kiosk,Einen Kiosk als Chef führen.,Mehmet betreibt seinen Kiosk seit zehn Jahren.,,,,,,,,,,,,,,beruf|Ein Gespräch mit Mehmet,113
B2-0114,Buchführung,die,,buchfuhrung,B2,Linie B2 Beruf,Kapitel 2 – Mein eigener Laden,n,Bookkeeping / Accounting,Die Dokumentation von Einnahmen/Ausgaben.,Die Buchführung macht mir keinen Spaß.,,,,,,,,,,,,,,beruf|Ein Gespräch mit Mehmet|nur Singular,114
B2-0115,Pachtvertrag,der,¨e,pachtvertrag,B2,Linie B2 Beruf,Kapitel 2 – Mein eigener Laden,n,Lease agreement,Ein Mietvertrag für geschäftliche Räume.,Wir haben den Pachtvertrag für den Laden unterschrieben.,,,,,,,,,,,,,,beruf|Ein Gespräch mit Mehmet,115
B2-0116,Sortiment,das,-e,sortiment,B2,Linie B2 Beruf,Kapitel 2 – Mein eigener Laden,n,Assortment / Selection,"Alle Waren, die ein Geschäft anbietet.",Wir haben ein neues Sortiment an Bio-Produkten.,,,,,,,,,,,,,,beruf|Ein Gespräch mit Mehmet,116
B2-0117,Lage,die,,lage,B2,Linie B2 Beruf,Kapitel 2 – Mein eigener Laden,n,Location,"Der Ort, an dem ein Geschäft liegt.",Der Laden hat eine sehr gute Lage im Zentrum.,,,,,,,,,,,,,,beruf|Ein Gespräch mit Mehmet|nur Singular,117
B2-0118,finanzielle Rücklagen,,,finanzielle rucklagen,B2,Linie B2 Beruf,Kapitel 2 – Mein eigener Laden,phrase,Financial reserves,Gespartes Geld für Notfälle.,Man sollte immer finanzielle Rücklagen haben.,,,,,,,,,,,,,,beruf|Ein Gespräch mit Mehmet,118
B2-0119,eröffnen,,,eroffnen,B2,Linie B2 Beruf,Kapitel 2 – Mein eigener Laden,v,To open (a business),Ein neues Geschäft starten.,Er will nächsten Monat ein Café eröffnen.,,,,,,,,,,,,,,beruf|Ein Gespräch mit Mehmet,119
B2-0120,Besitzer / die Besitzerin,der,,besitzer / die besitzerin,B2,Linie B2 Beruf,Kapitel 2 – Mein eigener Laden,n,Owner,"Die Person, der etwas gehört.",Wer ist der Besitzer von diesem Auto?,,,,,,,,,,,,,,beruf|Ein Gespräch mit Mehmet,120
B2-0121,gewerblich,,,gewerblich,B2,Linie B2 Beruf,Kapitel 2 – Mein eigener Laden,adj,Commercial / Business,Beruflich (nicht privat).,Die Räume werden nur gewerblich genutzt.,,,,,,,,,,,,,,beruf|Ein Gespräch mit Mehmet,121
B2-0122,Reserve,die,-n,reserve,B2,Linie B2 Beruf,Kapitel 2 – Mein eigener Laden,n,Reserve,"Etwas, das man für später aufhebt.",Wir haben noch eine kleine Reserve im Lager.,,,,,,,,,,,,,,beruf|Ein Gespräch mit Mehmet,122
B2-0123,Einnahme,die,-n,einnahme,B2,Linie B2 Beruf,Kapitel 2 – Mein eigener Laden,n,Income / Revenue,"Geld, das man durch Verkauf bekommt.",Unsere Einnahmen sind diesen Monat gestiegen.,,,,,,,,,,,,,,beruf|Ein Gespräch mit Mehmet,123
B2-0124,Ausgabe,die,-n,ausgabe,B2,Linie B2 Beruf,Kapitel 2 – Mein eigener Laden,n,Expense / Spending,"Geld, das man bezahlen muss.",Wir müssen unsere Ausgaben reduzieren.,,,,,,,,,,,,,,beruf|Ein Gespräch mit Mehmet,124
B2-0125,Verwirklichung,die,,verwirklichung,B2,Linie B2 Beruf,Kapitel 2 – Mein eigener Laden,n,Realization / Fulfillment,Das Erreichen eines Ziels oder Traums.,Er arbeitet hart an der Verwirklichung seines Traums.,,,,,,,,,,,,,,beruf|Ein Gespräch mit Mehmet|nur Singular,125
B2-0126,profitieren,,,profitieren,B2,Linie B2 Beruf,Kapitel 2 – Mein eigener Laden,v,To profit / benefit from,Einen Vorteil durch etwas haben.,Kleine Firmen profitieren von dieser neuen Regel.,,,,,Verben mit Präposition,von,Dativ,,,,,,,beruf|Ein Gespräch mit Mehmet,126
B2-0127,selbstständig,,,selbststandig,B2,Linie B2 Beruf,Kapitel 2 – Mein eigener Laden,adj,Self-employed,Sein eigener Chef sein.,Ich möchte mich bald selbstständig machen.,,,,,,,,,,,,,,beruf|Ein Gespräch mit Mehmet,127
B2-0128,Versicherung,die,-en,versicherung,B2,Linie B2 Beruf,Kapitel 2 – Mein eigener Laden,n,Insurance,Schutz gegen finanzielle Schäden.,Hast du eine Versicherung für dein Geschäft?,,,,,,,,,,,,,,beruf|Ein Gespräch mit Mehmet,128
B2-0129,Existenzgründerseminar,das,,existenzgrunderseminar,B2,Linie B2 Beruf,Kapitel 2 – Mein eigener Laden,n,Seminar for startups,"Ein Kurs für Leute, die eine Firma gründen.",Ich besuche ein Existenzgründerseminar bei der IHK.,,,,,,,,,,,,,,beruf|Ein Gespräch mit Mehmet,129
B2-0130,Geschäftsidee,die,-n,geschaftsidee,B2,Linie B2 Beruf,Kapitel 2 – Mein eigener Laden,n,Business idea,Ein Plan für ein neues Unternehmen.,Sie hat eine brillante Geschäftsidee.,,,,,,,,,,,,,,beruf|Ein Gespräch mit Mehmet,130
B2-0131,Familienbetrieb,der,-e,familienbetrieb,B2,Linie B2 Beruf,Kapitel 2 – Mein eigener Laden,n,Family business,"Eine Firma, die einer Familie gehört.",Unsere Bäckerei ist ein kleiner Familienbetrieb.,,,,,,,,,,,,,,beruf|Ein Gespräch mit Mehmet,131
B2-0132,Konzern,der,-e,konzern,B2,Linie B2 Beruf,Kapitel 2 – Mein eigener Laden,n,Corporation / Group,Eine sehr große Firma mit vielen Abteilungen.,Er möchte Karriere in einem internationalen Konzern machen.,,,,,,,,,,,,,,beruf|Ein Gespräch mit Mehmet,132
B2-0133,Vorgesetzte,der/die,-n,vorgesetzte,B2,Linie B2 Beruf,Kapitel 2 – Mein eigener Laden,n,Superior / Boss,"Die Person, die über einem steht.",Mein Vorgesetzter hat mir heute ein Lob gegeben.,,,,,,,,,,,,,,beruf|Ein Gespräch mit Mehmet,133
B2-0134,Lieferung,die,-en,lieferung,B2,Linie B2 Beruf,Kapitel 2 – Mein eigener Laden,n,Delivery,Die zugestellte Ware.,Wir erwarten heute eine große Lieferung.,,,,,,,,,,,,,,beruf|Ein Gespräch mit Mehmet,134
B2-0135,Rücksendung,die,-en,rucksendung,B2,Linie B2 Beruf,Kapitel 2 – Mein eigener Laden,n,Return shipment,"Ware, die man zurückschickt.",Für die Rücksendung müssen Sie dieses Etikett nutzen.,,,,,,,,,,,,,,beruf|Ein Gespräch mit Mehmet,135
B2-0136,Logistik,die,,logistik,B2,Linie B2 Beruf,Kapitel 2 – Mein eigener Laden,n,Logistics,Die Organisation von Transporten.,Die Logistik ist in einem Kiosk sehr wichtig.,,,,,,,,,,,,,,beruf|Ein Gespräch mit Mehmet|nur Singular,136
B2-0137,Nachfrage,die,,nachfrage,B2,Linie B2 Beruf,Kapitel 2 – Mein eigener Laden,n,Demand,Wie viele Leute ein Produkt kaufen wollen.,Die Nachfrage nach E-Bikes ist aktuell sehr hoch.,,,,,,,,,,,,,,beruf|Beiträge im Gründerforum|nur Singular,137
B2-0138,klappen,,,klappen,B2,Linie B2 Beruf,Kapitel 2 – Mein eigener Laden,v,To work out / succeed,Wenn etwas funktioniert.,"Ich hoffe, dass der Plan mit dem Laden klappt.",,,,,,,,,,,,,,beruf|Beiträge im Gründerforum,138
B2-0139,Pleite,die,-n,pleite,B2,Linie B2 Beruf,Kapitel 2 – Mein eigener Laden,n,Bankruptcy / Failure,Wenn eine Firma kein Geld mehr hat.,Nach zwei Jahren kam leider die Pleite.,,,,,,,,,,,,,,beruf|Beiträge im Gründerforum,139
B2-0140,pleitegehen,,,pleitegehen,B2,Linie B2 Beruf,Kapitel 2 – Mein eigener Laden,v,To go bankrupt,Kein Geld mehr haben und schließen.,Viele kleine Läden gehen pleite.,,,,,,,,,,,,,,beruf|Beiträge im Gründerforum,140
B2-0141,Kredit,der,-e,kredit,B2,Linie B2 Beruf,Kapitel 2 – Mein eigener Laden,n,Loan,"Geld, das man von der Bank leiht.","Wir brauchen einen Kredit, um die Maschinen zu kaufen.",,,,,,,,,,,,,,beruf|Beiträge im Gründerforum,141
B2-0142,einen Kredit aufnehmen,,,einen kredit aufnehmen,B2,Linie B2 Beruf,Kapitel 2 – Mein eigener Laden,phrase,To take out a loan,Sich Geld von der Bank leihen.,Für die Firmengründung musste er einen Kredit aufnehmen.,,,,,,,,,,,,,,beruf|Beiträge im Gründerforum,142
B2-0143,niedergeschlagen,,,niedergeschlagen,B2,Linie B2 Beruf,Kapitel 2 – Mein eigener Laden,v,Depressed / Dejected,Sehr traurig und ohne Hoffnung.,Nach dem Misserfolg war er sehr niedergeschlagen.,,,,,,,,,,,,,,beruf|Beiträge im Gründerforum,143
B2-0144,gründen,,,grunden,B2,Linie B2 Beruf,Kapitel 2 – Mein eigener Laden,v,To found / start,Eine Firma oder einen Verein starten.,Wir möchten nächstes Jahr ein Start-up gründen.,,,,,,,,,,,,,,beruf|Beiträge im Gründerforum,144
B2-0145,Gewerbefläche,die,-n,gewerbeflache,B2,Linie B2 Beruf,Kapitel 2 – Mein eigener Laden,n,Commercial space,Ein Raum für ein Geschäft.,Suchen Sie eine Gewerbefläche in der Innenstadt?,,,,,,,,,,,,,,beruf|Beiträge im Gründerforum,145
B2-0146,Existenzgründer,der,,existenzgrunder,B2,Linie B2 Beruf,Kapitel 2 – Mein eigener Laden,n,Entrepreneur / Founder,"Jemand, der gerade eine Firma gründet.",Die Stadt unterstützt junge Existenzgründer.,,,,,,,,,,,,,,beruf|Beiträge im Gründerforum,146
B2-0147,günstig,,,gunstig,B2,Linie B2 Beruf,Kapitel 2 – Mein eigener Laden,adj,Cheap / Favorable,Nicht teuer oder passend.,Das Angebot für die Miete ist sehr günstig.,,,,,,,,,,,,,,beruf|Beiträge im Gründerforum,147
B2-0148,Zuschuss,der,¨e,zuschuss,B2,Linie B2 Beruf,Kapitel 2 – Mein eigener Laden,n,Grant / Subsidy,Geld vom Staat oder einer Organisation.,Wir haben einen Zuschuss für unser Projekt bekommen.,,,,,,,,,,,,,,beruf|Beiträge im Gründerforum,148
B2-0149,Dienstplan,der,¨e,dienstplan,B2,Linie B2 Beruf,Kapitel 2 – Mein eigener Laden,n,Duty roster / Shift schedule,"Ein Plan, wer wann arbeitet.",Hast du schon den neuen Dienstplan gesehen?,,,,,,,,,,,,,,beruf|Alltag im Späti – der Dienstplan,149
B2-0150,etwas übernehmen,,,etwas ubernehmen,B2,Linie B2 Beruf,Kapitel 2 – Mein eigener Laden,v,To take over something,Eine Aufgabe oder Verantwortung annehmen.,Kannst du meine Schicht am Freitag übernehmen?,,,,,,,,,,,,,,beruf|Alltag im Späti – der Dienstplan,150
B2-0151,etwas einhalten,,,etwas einhalten,B2,Linie B2 Beruf,Kapitel 2 – Mein eigener Laden,v,To adhere to / keep to,Regeln oder Termine respektieren.,"Bitte versuchen Sie, die Termine einzuhalten.",,,,,,,,,,,,,,beruf|Alltag im Späti – der Dienstplan,151
B2-0152,ausnahmsweise,,,ausnahmsweise,B2,Linie B2 Beruf,Kapitel 2 – Mein eigener Laden,adj,For once / Exceptionally,Nur dieses eine Mal (nicht normal).,Heute darfst du ausnahmsweise früher gehen.,,,,,,,,,,,,,,beruf|Alltag im Späti – der Dienstplan,152
B2-0153,Umstand,der,¨e,umstand,B2,Linie B2 Beruf,Kapitel 2 – Mein eigener Laden,n,Circumstance,Die Situation oder Bedingung.,Unter diesen Umständen können wir nicht arbeiten.,,,,,,,,,,,,,,beruf|Alltag im Späti – der Dienstplan,153
B2-0154,unbedingt,,,unbedingt,B2,Linie B2 Beruf,Kapitel 2 – Mein eigener Laden,adj,Absolutely / By all means,Ohne Zweifel; auf jeden Fall.,Ich muss unbedingt heute mit dem Chef sprechen.,,,,,,,,,,,,,,beruf|Arbeitsaufträge,154
B2-0155,dringend,,,dringend,B2,Linie B2 Beruf,Kapitel 2 – Mein eigener Laden,adj,Urgent,"Etwas, das sofort erledigt werden muss.","Das ist eine dringende E-Mail, bitte antworte schnell.",,,,,,,,,,,,,,beruf|Arbeitsaufträge,155
B2-0156,Karton,der,-s,karton,B2,Linie B2 Beruf,Kapitel 2 – Mein eigener Laden,n,Cardboard box,Eine Kiste aus fester Pappe.,Pack bitte die Bücher in diesen Karton.,,,,,,,,,,,,,,beruf|Arbeitsaufträge,156
B2-0157,Arbeitsauftrag,der,¨e,arbeitsauftrag,B2,Linie B2 Beruf,Kapitel 2 – Mein eigener Laden,n,Work order,"Eine Anweisung, eine bestimmte Arbeit zu tun.",Ich habe meinen ersten Arbeitsauftrag erhalten.,,,,,,,,,,,,,,beruf|Arbeitsaufträge,157
B2-0158,das Telefon abnehmen,,,das telefon abnehmen,B2,Linie B2 Beruf,Kapitel 2 – Mein eigener Laden,phrase,To answer the phone,Einen Anruf entgegennehmen.,Kannst du bitte das Telefon abnehmen?,,,,,,,,,,,,,,beruf|Arbeitsaufträge,158
B2-0159,zuständig,,,zustandig,B2,Linie B2 Beruf,Kapitel 2 – Mein eigener Laden,adj,Responsible / In charge,Für eine bestimmte Aufgabe verantwortlich.,Wer ist für die IT-Probleme zuständig?,,,,,,,,,,,,,,beruf|Arbeitsaufträge,159
B2-0160,Nachbestellung,die,-en,nachbestellung,B2,Linie B2 Beruf,Kapitel 2 – Mein eigener Laden,n,Reorder,Etwas noch einmal bestellen.,Wir müssen eine Nachbestellung für Papier machen.,,,,,,,,,,,,,,beruf|Arbeitsaufträge,160
B2-0161,Teamarbeit,die,,teamarbeit,B2,Linie B2 Beruf,Kapitel 3 – Arbeit im Team,n,Teamwork,Wenn mehrere Leute zusammen an einer Aufgabe arbeiten.,Gute Teamarbeit ist der Schlüssel zum Erfolg.,,,,,,,,,,,,,,beruf|Teamarbeit|nur Singular,161
B2-0162,Zusammenspiel,das,,zusammenspiel,B2,Linie B2 Beruf,Kapitel 3 – Arbeit im Team,n,Interaction / Synergy,Wie gut verschiedene Teile oder Leute zusammen funktionieren.,Das Zusammenspiel im Team funktioniert perfekt.,,,,,,,,,,,,,,beruf|Teamarbeit|nur Singular,162
B2-0163,sich anstrengen,,,sich anstrengen,B2,Linie B2 Beruf,Kapitel 3 – Arbeit im Team,v,To make an effort,Sich viel Mühe geben.,"Wir müssen uns anstrengen, um das Projekt fertig zu bekommen.",,,,,,,,,,,,,,beruf|Teamarbeit,163
B2-0164,weiterkommen,,,weiterkommen,B2,Linie B2 Beruf,Kapitel 3 – Arbeit im Team,v,To make progress,Fortschritte machen.,Ohne Hilfe werden wir bei dieser Aufgabe nicht weiterkommen.,,,,,,,,,,,,,,beruf|Teamarbeit,164
B2-0165,verteilen,,,verteilen,B2,Linie B2 Beruf,Kapitel 3 – Arbeit im Team,v,To distribute,Aufgaben oder Dinge an verschiedene Leute geben.,Der Chef verteilt die Aufgaben für die Woche.,,,,,,,,,,,,,,beruf|Teamarbeit,165
B2-0166,Mannschaft,die,-en,mannschaft,B2,Linie B2 Beruf,Kapitel 3 – Arbeit im Team,n,Team / Crew,"Eine Gruppe von Leuten, die zusammenarbeiten (oft im Sport).",Unsere Mannschaft hat das Spiel gewonnen.,,,,,,,,,,,,,,beruf|Teamarbeit,166
B2-0167,Kritik üben / äußern,,,kritik uben / aussern,B2,Linie B2 Beruf,Kapitel 3 – Arbeit im Team,phrase,To express criticism,"Sagen, was einem nicht gefällt.",Man sollte konstruktive Kritik äußern.,,,,,,,,,,,,,,beruf|Sofia Adu ist neu beim Partyservice Fein,167
B2-0168,Rundmail,die,-s,rundmail,B2,Linie B2 Beruf,Kapitel 3 – Arbeit im Team,n,Circular email,Eine E-Mail an alle Mitarbeiter.,Der Chef hat eine Rundmail an das ganze Team geschickt.,,,,,,,,,,,,,,beruf|Sofia Adu ist neu beim Partyservice Fein,168
B2-0169,souverän,,,souveran,B2,Linie B2 Beruf,Kapitel 3 – Arbeit im Team,adj,Confident / Superior,Sicher und überlegen handeln.,Sie hat die schwierige Präsentation sehr souverän gemeistert.,,,,,,,,,,,,,,beruf|Sofia Adu ist neu beim Partyservice Fein,169
B2-0170,Absprache,die,-n,absprache,B2,Linie B2 Beruf,Kapitel 3 – Arbeit im Team,n,Agreement / Consultation,"Wenn man vorher bespricht, was getan wird.",Ohne Absprache sollten wir nichts ändern.,,,,,,,,,,,,,,beruf|Sofia Adu ist neu beim Partyservice Fein,170
B2-0171,unvoreingenommen,,,unvoreingenommen,B2,Linie B2 Beruf,Kapitel 3 – Arbeit im Team,v,Unbiased / Open-minded,Ohne Vorurteile an etwas herangehen.,Man sollte neuen Kollegen unvoreingenommen begegnen.,,,,,,,,,,,,,,beruf|Sofia Adu ist neu beim Partyservice Fein,171
B2-0172,Verhalten,das,,verhalten,B2,Linie B2 Beruf,Kapitel 3 – Arbeit im Team,n,Behavior,"Die Art und Weise, wie man handelt.",Sein Verhalten im Meeting war sehr professionell.,,,,,,,,,,,,,,beruf|Sofia Adu ist neu beim Partyservice Fein|nur Singular,172
B2-0173,überlastet sein,,,uberlastet sein,B2,Linie B2 Beruf,Kapitel 3 – Arbeit im Team,phrase,To be overloaded,Zu viel Arbeit haben.,Viele Mitarbeiter fühlen sich aktuell überlastet.,,,,,,,,,,,,,,beruf|Sofia Adu ist neu beim Partyservice Fein,173
B2-0174,Verbesserungsvorschlag,der,¨e,verbesserungsvorschlag,B2,Linie B2 Beruf,Kapitel 3 – Arbeit im Team,n,Suggestion for improvement,"Eine Idee, wie man etwas besser machen kann.",Hast du einen Verbesserungsvorschlag für unseren Workflow?,,,,,,,,,,,,,,beruf|Sofia Adu ist neu beim Partyservice Fein,174
B2-0175,sich unbeliebt machen,,,sich unbeliebt machen,B2,Linie B2 Beruf,Kapitel 3 – Arbeit im Team,v,To make oneself unpopular,"Dinge tun, die andere nicht mögen.",Mit ständigen Beschwerden macht er sich bei den Kollegen unbeliebt.,,,,,,,,,,,,,,beruf|Sofia Adu ist neu beim Partyservice Fein,175
B2-0176,einen schlechten Eindruck hinterlassen,,,einen schlechten eindruck hinterlassen,B2,Linie B2 Beruf,Kapitel 3 – Arbeit im Team,phrase,To leave a bad impression,Wenn andere negativ über einen denken.,"Wer zu spät kommt, hinterlässt einen schlechten Eindruck.",,,,,,,,,,,,,,beruf|Sofia Adu ist neu beim Partyservice Fein,176
B2-0177,Ehrlichkeit,die,,ehrlichkeit,B2,Linie B2 Beruf,Kapitel 3 – Arbeit im Team,n,Honesty,"Die Eigenschaft, immer die Wahrheit zu sagen.",Ehrlichkeit ist in einer Freundschaft sehr wichtig.,,,,,,,,,,,,,,beruf|Sofia Adu ist neu beim Partyservice Fein|nur Singular,177
B2-0178,jdn. loben,,,jdn. loben,B2,Linie B2 Beruf,Kapitel 3 – Arbeit im Team,v,To praise someone,"Sagen, dass jemand etwas gut gemacht hat.",Der Lehrer lobt den Schüler für seine gute Note.,,,,,,,,,,,,,,beruf|Sofia Adu ist neu beim Partyservice Fein,178
B2-0179,etwas vertuschen,,,etwas vertuschen,B2,Linie B2 Beruf,Kapitel 3 – Arbeit im Team,v,To cover something up,"Versuchen, einen Fehler geheim zu halten.","Man sollte Fehler nicht vertuschen, sondern sie korrigieren.",,,,,,,,,,,,,,beruf|Sofia Adu ist neu beim Partyservice Fein,179
B2-0180,überfordert,,,uberfordert,B2,Linie B2 Beruf,Kapitel 3 – Arbeit im Team,adj,Overwhelmed,Wenn eine Aufgabe zu schwierig ist.,Mit der neuen Software ist sie momentan noch etwas überfordert.,,,,,,,,,,,,,,beruf|Sofia Adu ist neu beim Partyservice Fein,180
B2-0181,Gerücht,das,-e,gerucht,B2,Linie B2 Beruf,Kapitel 3 – Arbeit im Team,n,Rumor,"Eine Information, die vielleicht nicht wahr ist.","Es gibt ein Gerücht, dass die Firma verkauft wird.",,,,,,,,,,,,,,beruf|Sofia Adu ist neu beim Partyservice Fein,181
B2-0182,IT-Beauftragte,der/die,-n,it-beauftragte,B2,Linie B2 Beruf,Kapitel 3 – Arbeit im Team,n,IT officer,"Die Person, die sich um die Computer kümmert.","Wenn der Drucker nicht geht, frag den IT-Beauftragten.",,,,,,,,,,,,,,beruf|Sofia Adu ist neu beim Partyservice Fein,182
B2-0183,verhindern,,,verhindern,B2,Linie B2 Beruf,Kapitel 3 – Arbeit im Team,v,To prevent,"Dafür sorgen, dass etwas nicht passiert.",Wir müssen einen Unfall verhindern.,,,,,,,,,,,,,,beruf|Sofia Adu ist neu beim Partyservice Fein,183
B2-0184,gelassen,,,gelassen,B2,Linie B2 Beruf,Kapitel 3 – Arbeit im Team,v,Calm / Composed,Ruhig und entspannt bleiben.,Trotz des Stresses blieb der Chef ganz gelassen.,,,,,,,,,,,,,,beruf|Sofia Adu ist neu beim Partyservice Fein,184
B2-0185,Vorurteil,das,-e,vorurteil,B2,Linie B2 Beruf,Kapitel 3 – Arbeit im Team,n,Prejudice,"Eine feste Meinung über jemanden, ohne ihn zu kennen.",Man sollte seine Vorurteile abbauen.,,,,,,,,,,,,,,beruf|Sofia Adu ist neu beim Partyservice Fein,185
B2-0186,umgehen,,,umgehen,B2,Linie B2 Beruf,Kapitel 3 – Arbeit im Team,v,To deal with / handle,"Die Art, wie man jemanden behandelt.",Er kann sehr gut mit schwierigen Kunden umgehen.,,,,,Verben mit Präposition,mit,Dativ,,,,,,,beruf|Sofia Adu ist neu beim Partyservice Fein,186
B2-0187,eine Entscheidung treffen,,,eine entscheidung treffen,B2,Linie B2 Beruf,Kapitel 3 – Arbeit im Team,phrase,To make a decision,Sich für eine Sache entscheiden.,Wir müssen heute endlich eine Entscheidung treffen.,,,,,,,,,,,,,,beruf|Sofia Adu ist neu beim Partyservice Fein,187
B2-0188,Abteilungsleiter,der,,abteilungsleiter,B2,Linie B2 Beruf,Kapitel 3 – Arbeit im Team,n,Head of department,Der Chef einer Abteilung.,Unser Abteilungsleiter hat heute Geburtstag.,,,,,,,,,,,,,,beruf|Sofia Adu ist neu beim Partyservice Fein,188
B2-0189,Verhandlungen führen,,,verhandlungen fuhren,B2,Linie B2 Beruf,Kapitel 3 – Arbeit im Team,v,To conduct negotiations,Über Preise oder Verträge sprechen.,Die Firmen führen gerade wichtige Verhandlungen.,,,,,,,,,,,,,,beruf|Sofia Adu ist neu beim Partyservice Fein,189
B2-0190,einen Auftrag vergeben/annehmen,,,einen auftrag vergeben/annehmen,B2,Linie B2 Beruf,Kapitel 3 – Arbeit im Team,phrase,To award/accept a contract,Einen Job an jemanden geben oder bekommen.,Wir haben den Auftrag an eine externe Firma vergeben.,,,,,,,,,,,,,,beruf|Sofia Adu ist neu beim Partyservice Fein,190
B2-0191,Buchhaltung,die,,buchhaltung,B2,Linie B2 Beruf,Kapitel 3 – Arbeit im Team,n,Accounting,"Die Abteilung, die sich um das Geld kümmert.",Schick die Rechnung bitte direkt an die Buchhaltung.,,,,,,,,,,,,,,beruf|Ich möchte mich vorstellen|nur Singular,191
B2-0192,auf jdn. zukommen,,,auf jdn. zukommen,B2,Linie B2 Beruf,Kapitel 3 – Arbeit im Team,phrase,To approach someone,"Zu jemandem gehen, um etwas zu fragen.","Wenn du Fragen hast, kannst du jederzeit auf mich zukommen.",,,,,,,,,,,,,,beruf|Ich möchte mich vorstellen,192
B2-0193,Personalchef,der,-s,personalchef,B2,Linie B2 Beruf,Kapitel 3 – Arbeit im Team,n,HR Manager,Der Leiter der Personalabteilung.,Der Personalchef führt heute die Vorstellungsgespräche.,,,,,,,,,,,,,,beruf|Ich möchte mich vorstellen,193
B2-0194,Fachhochschule,die,-n,fachhochschule,B2,Linie B2 Beruf,Kapitel 3 – Arbeit im Team,n,University of Applied Sciences,Eine Hochschule mit Fokus auf Praxis.,Er studiert Informatik an der Fachhochschule.,,,,,,,,,,,,,,beruf|Ich möchte mich vorstellen,194
B2-0195,Versand,der,,versand,B2,Linie B2 Beruf,Kapitel 3 – Arbeit im Team,n,Shipping / Dispatch,"Die Abteilung, die Pakete verschickt.",Das Paket liegt schon im Versand.,,,,,,,,,,,,,,beruf|Ich möchte mich vorstellen|nur Singular,195
B2-0196,Personal,das,,personal,B2,Linie B2 Beruf,Kapitel 3 – Arbeit im Team,n,Staff / Personnel,Alle Mitarbeiter einer Firma.,Das Personal ist heute sehr beschäftigt.,,,,,,,,,,,,,,beruf|Ich möchte mich vorstellen|nur Singular,196
B2-0197,Protokoll,das,-e,protokoll,B2,Linie B2 Beruf,Kapitel 3 – Arbeit im Team,n,Minutes (of a meeting),"Ein Dokument, in dem steht, was besprochen wurde.",Wer schreibt heute das Protokoll?,,,,,,,,,,,,,,beruf|Das Protokoll,197
B2-0198,Tagesordnungspunkt,der,-e,tagesordnungspunkt,B2,Linie B2 Beruf,Kapitel 3 – Arbeit im Team,n,Agenda item,Ein Thema auf einer Liste für ein Meeting.,Wir kommen nun zum nächsten Tagesordnungspunkt.,,,,,,,,,,,,,,beruf|Das Protokoll,198
B2-0199,Büfett,das,-s,bufett,B2,Linie B2 Beruf,Kapitel 3 – Arbeit im Team,n,Buffet,Ein Tisch mit vielen Speisen zur Selbstbedienung.,Das Büfett ist eröffnet!,,,,,,,,,,,,,,beruf|Das Protokoll,199
B2-0200,Servicekraft,die,¨e,servicekraft,B2,Linie B2 Beruf,Kapitel 3 – Arbeit im Team,n,Service staff / Waiter,"Jemand, der Kunden bedient.",Wir suchen eine neue Servicekraft für unser Restaurant.,,,,,,,,,,,,,,beruf|Das Protokoll,200
B2-0201,präzise,,,prazise,B2,Linie B2 Beruf,Kapitel 3 – Arbeit im Team,adj,Precise,Sehr genau.,Deine Anweisungen müssen präzise sein.,,,,,,,,,,,,,,beruf|Das Protokoll,201
B2-0202,sachlich,,,sachlich,B2,Linie B2 Beruf,Kapitel 3 – Arbeit im Team,adj,Objective / Factual,"Ohne Gefühle, nur auf Fakten bezogen.",Bitte bleiben Sie bei der Diskussion sachlich.,,,,,,,,,,,,,,beruf|Das Protokoll,202
B2-0203,neutral,,,neutral,B2,Linie B2 Beruf,Kapitel 3 – Arbeit im Team,adj,Neutral,Keine Partei ergreifen.,Der Protokollführer muss neutral bleiben.,,,,,,,,,,,,,,beruf|Das Protokoll,203
B2-0204,ausschließlich,,,ausschliesslich,B2,Linie B2 Beruf,Kapitel 3 – Arbeit im Team,adj,Exclusively / Only,Nur das und nichts anderes.,Dieses Angebot gilt ausschließlich für Neukunden.,,,,,,,,,,,,,,beruf|Das Protokoll,204
B2-0205,Sitzung,die,-en,sitzung,B2,Linie B2 Beruf,Kapitel 3 – Arbeit im Team,n,Meeting / Session,Eine offizielle Versammlung.,Die Sitzung dauert heute bis 18 Uhr.,,,,,,,,,,,,,,beruf|Das Protokoll,205
B2-0206,Mithilfe,die,,mithilfe,B2,Linie B2 Beruf,Kapitel 3 – Arbeit im Team,n,Assistance / Help,Wenn jemand bei einer Arbeit hilft.,Ohne deine Mithilfe hätten wir es nicht geschafft.,,,,,Nomen mit Präposition,von,Dativ,,,,,,,beruf|Das Protokoll,206
B2-0207,Entwurf,der,¨e,entwurf,B2,Linie B2 Beruf,Kapitel 3 – Arbeit im Team,n,Draft / Outline,Eine erste Version von einem Plan oder Text.,Hier ist der erste Entwurf für das neue Logo.,,,,,,,,,,,,,,beruf|Das Protokoll,207
B2-0208,einen Entwurf erstellen,,,einen entwurf erstellen,B2,Linie B2 Beruf,Kapitel 3 – Arbeit im Team,phrase,To create a draft,Die erste Version von etwas machen.,Kannst du bitte einen Entwurf für die Einladung erstellen?,,,,,,,,,,,,,,beruf|Das Protokoll,208
B2-0209,Flyer,der,,flyer,B2,Linie B2 Beruf,Kapitel 3 – Arbeit im Team,n,Flyer / Leaflet,Ein kleiner Zettel mit Werbung.,Wir verteilen heute Flyer in der Stadt.,,,,,,,,,,,,,,beruf|Das Protokoll,209
B2-0210,Visitenkarte,die,-n,visitenkarte,B2,Linie B2 Beruf,Kapitel 3 – Arbeit im Team,n,Business card,Eine kleine Karte mit Kontaktdaten.,Darf ich Ihnen meine Visitenkarte geben?,,,,,,,,,,,,,,beruf|Das Protokoll,210
B2-0211,Aushilfskraft,die,¨e,aushilfskraft,B2,Linie B2 Beruf,Kapitel 3 – Arbeit im Team,n,Temporary worker,"Jemand, der nur kurz oder bei Bedarf hilft.",Im Sommer brauchen wir eine Aushilfskraft.,,,,,,,,,,,,,,beruf|Das Protokoll,211
B2-0212,Sommersaison,die,,sommersaison,B2,Linie B2 Beruf,Kapitel 3 – Arbeit im Team,n,Summer season,Die Zeit im Sommer (oft für Tourismus).,In der Sommersaison haben wir viel zu tun.,,,,,,,,,,,,,,beruf|Das Protokoll|nur Singular,212
B2-0213,abstimmen,,,abstimmen,B2,Linie B2 Beruf,Kapitel 3 – Arbeit im Team,v,To vote (on),Eine Wahl treffen.,Wir müssen über den Termin abstimmen.,,,,,Verben mit Präposition,über,Akkusativ,,,,,,,beruf|Ein Teamgespräch führen,213
B2-0214,problematisch,,,problematisch,B2,Linie B2 Beruf,Kapitel 3 – Arbeit im Team,adj,Problematic,Wenn etwas Schwierigkeiten macht.,Die Situation ist momentan sehr problematisch.,,,,,,,,,,,,,,beruf|Ein Teamgespräch führen,214
B2-0215,Ganze,das,,ganze,B2,Linie B2 Beruf,Kapitel 3 – Arbeit im Team,n,The whole / The big picture,Alles zusammen betrachten.,Man muss immer das Ganze im Auge behalten.,,,,,,,,,,,,,,beruf|Welche Teamrolle haben Sie?|nur Singular,215
B2-0216,ausmachen,,,ausmachen,B2,Linie B2 Beruf,Kapitel 3 – Arbeit im Team,v,To matter / To constitute,Etwas Wichtiges sein.,Das Teamwork macht den Erfolg aus.,,,,,,,,,,,,,,beruf|Welche Teamrolle haben Sie?,216
B2-0217,Schulung,die,-en,schulung,B2,Linie B2 Beruf,Kapitel 3 – Arbeit im Team,n,Training / Workshop,"Ein Kurs, um etwas zu lernen.",Nächste Woche haben wir eine Schulung für die neue Software.,,,,,,,,,,,,,,beruf|Welche Teamrolle haben Sie?,217
B2-0218,sich aufteilen,,,sich aufteilen,B2,Linie B2 Beruf,Kapitel 3 – Arbeit im Team,v,To split up / divide,In kleinere Gruppen gehen.,Wir teilen uns in drei Gruppen auf.,,,,,Verben mit Präposition,in,Dativ,,,,,,,beruf|Welche Teamrolle haben Sie?,218
B2-0219,komplex,,,komplex,B2,Linie B2 Beruf,Kapitel 3 – Arbeit im Team,adj,Complex,Schwierig und vielschichtig.,Das ist ein sehr komplexes Thema.,,,,,,,,,,,,,,beruf|Welche Teamrolle haben Sie?,219
B2-0220,per Zufall,,,per zufall,B2,Linie B2 Beruf,Kapitel 3 – Arbeit im Team,phrase,By chance,Nicht geplant.,Ich habe die Lösung per Zufall gefunden.,,,,,,,,,,,,,,beruf|Welche Teamrolle haben Sie?,220
B2-0221,ein Ergebnis erzielen,,,ein ergebnis erzielen,B2,Linie B2 Beruf,Kapitel 3 – Arbeit im Team,phrase,To achieve a result,Ein Ziel erreichen.,Wir wollen ein optimales Ergebnis erzielen.,,,,,,,,,,,,,,beruf|Welche Teamrolle haben Sie?,221
B2-0222,Kompetenz,die,-en,kompetenz,B2,Linie B2 Beruf,Kapitel 3 – Arbeit im Team,n,Competence / Skill,"Das, was man gut kann.",Fachliche Kompetenz ist sehr wichtig.,,,,,,,,,,,,,,beruf|Welche Teamrolle haben Sie?,222
B2-0223,Macher,der,,macher,B2,Linie B2 Beruf,Kapitel 3 – Arbeit im Team,n,Doer / Man of action,"Jemand, der Dinge sofort erledigt.",Er ist ein echter Macher und wartet nicht lange.,,,,,,,,,,,,,,beruf|Welche Teamrolle haben Sie?,223
B2-0224,ohne Rücksicht auf Verluste,,,ohne rucksicht auf verluste,B2,Linie B2 Beruf,Kapitel 3 – Arbeit im Team,phrase,Regardless of the cost,"Etwas tun, egal was passiert.",Er arbeitet ohne Rücksicht auf Verluste.,,,,,,,,,,,,,,beruf|Welche Teamrolle haben Sie?,224
B2-0225,Abwechslung,die,-en,abwechslung,B2,Linie B2 Beruf,Kapitel 3 – Arbeit im Team,n,Variety / Change,Wenn nicht immer das Gleiche passiert.,Ich brauche bei der Arbeit ein bisschen Abwechslung.,,,,,,,,,,,,,,beruf|Welche Teamrolle haben Sie?,225
B2-0226,sich festlegen lassen,,,sich festlegen lassen,B2,Linie B2 Beruf,Kapitel 3 – Arbeit im Team,v,To commit oneself,Eine feste Zusage machen.,Er möchte sich noch nicht auf einen Termin festlegen lassen.,,,,,,,,,,,,,,beruf|Welche Teamrolle haben Sie?,226
B2-0227,improvisieren,,,improvisieren,B2,Linie B2 Beruf,Kapitel 3 – Arbeit im Team,v,To improvise,Ohne Vorbereitung etwas tun.,"Wenn etwas schiefgeht, müssen wir improvisieren.",,,,,,,,,,,,,,beruf|Welche Teamrolle haben Sie?,227
B2-0228,Experimentierfreude,die,,experimentierfreude,B2,Linie B2 Beruf,Kapitel 3 – Arbeit im Team,n,Joy of experimenting,"Spaß daran, Neues auszuprobieren.",Seine Experimentierfreude hilft uns oft weiter.,,,,,,,,,,,,,,beruf|Welche Teamrolle haben Sie?|nur Singular,228
B2-0229,Konservative,der/die,-n,konservative,B2,Linie B2 Beruf,Kapitel 3 – Arbeit im Team,n,Conservative,"Jemand, der an alten Traditionen festhält.",Viele Konservative wollen keine Veränderung.,,,,,,,,,,,,,,beruf|Welche Teamrolle haben Sie?,229
B2-0230,über Bord werfen,,,uber bord werfen,B2,Linie B2 Beruf,Kapitel 3 – Arbeit im Team,phrase,To throw overboard / discard,Einen Plan komplett aufgeben.,Wir müssen unsere alten Ideen über Bord werfen.,,,,,,,,,,,,,,beruf|Welche Teamrolle haben Sie?,230
B2-0231,Ausdauer,die,,ausdauer,B2,Linie B2 Beruf,Kapitel 3 – Arbeit im Team,n,Endurance / Persistence,"Die Fähigkeit, lange durchzuhalten.",Für dieses Projekt brauchen wir viel Ausdauer.,,,,,,,,,,,,,,beruf|Welche Teamrolle haben Sie?|nur Singular,231
B2-0232,Treue,die,,treue,B2,Linie B2 Beruf,Kapitel 3 – Arbeit im Team,n,Loyalty,Zu jemandem oder einer Firma stehen.,Die Mitarbeiter schätzen die Treue der Kunden.,,,,,,,,,,,,,,beruf|Welche Teamrolle haben Sie?|nur Singular,232
B2-0233,einen Gegenpol bilden,,,einen gegenpol bilden,B2,Linie B2 Beruf,Kapitel 3 – Arbeit im Team,phrase,To form an antithesis,Eine entgegengesetzte Meinung oder Art haben.,Er ist sehr ruhig und bildet einen Gegenpol zu seinem lauten Kollegen.,,,,,,,,,,,,,,beruf|Remaining Section from Chapter 3,233
B2-0234,etwas in die Tat umsetzen,,,etwas in die tat umsetzen,B2,Linie B2 Beruf,Kapitel 3 – Arbeit im Team,phrase,To put something into practice,Eine Idee wirklich ausführen.,Wir müssen unsere Pläne jetzt in die Tat umsetzen.,,,,,,,,,,,,,,beruf|Remaining Section from Chapter 3,234
B2-0235,systematisch,,,systematisch,B2,Linie B2 Beruf,Kapitel 3 – Arbeit im Team,adj,Systematic,Nach einem klaren Plan oder System.,Sie geht bei der Fehlersuche sehr systematisch vor.,,,,,,,,,,,,,,beruf|Remaining Section from Chapter 3,235
B2-0236,Faktenwissen,das,,faktenwissen,B2,Linie B2 Beruf,Kapitel 3 – Arbeit im Team,n,Factual knowledge,"Wissen, das auf harten Fakten basiert.",Für diesen Job braucht man viel technisches Faktenwissen.,,,,,,,,,,,,,,beruf|Remaining Section from Chapter 3|nur Singular,236
B2-0237,Statistik,die,-en,statistik,B2,Linie B2 Beruf,Kapitel 3 – Arbeit im Team,n,Statistics,Eine Sammlung von Daten und Zahlen.,"Die Statistik zeigt, dass die Verkäufe steigen.",,,,,,,,,,,,,,beruf|Remaining Section from Chapter 3,237
B2-0238,detailliert,,,detailliert,B2,Linie B2 Beruf,Kapitel 3 – Arbeit im Team,adj,Detailed,Mit vielen Einzelheiten.,Er gab uns eine sehr detaillierte Beschreibung des Weges.,,,,,,,,,,,,,,beruf|Remaining Section from Chapter 3,238
B2-0239,fasziniert,,,fasziniert,B2,Linie B2 Beruf,Kapitel 3 – Arbeit im Team,adj,Fascinated (by),Sehr interessiert und begeistert von etwas.,Ich bin fasziniert von der neuen Technologie.,,,,,Adjektive mit Präposition,von,Dativ,,,,,,,beruf|Remaining Section from Chapter 3,239
B2-0240,die Realität aus den Augen verlieren,,,die realitat aus den augen verlieren,B2,Linie B2 Beruf,Kapitel 3 – Arbeit im Team,phrase,To lose touch with reality,"Nicht mehr sehen, was wirklich machbar ist.",Träumer verlieren oft die Realität aus den Augen.,,,,,,,,,,,,,,beruf|Remaining Section from Chapter 3,240
B2-0241,formal,,,formal,B2,Linie B2 Beruf,Kapitel 3 – Arbeit im Team,adj,Formal,Offiziell oder nach festen Regeln.,Die Einladung war sehr formal geschrieben.,,,,,,,,,,,,,,beruf|Remaining Section from Chapter 3,241
B2-0242,Vorgabe,die,-n,vorgabe,B2,Linie B2 Beruf,Kapitel 3 – Arbeit im Team,n,Guideline / Requirement,"Eine Regel, an die man sich halten muss.",Wir müssen die Vorgaben des Chefs genau einhalten.,,,,,,,,,,,,,,beruf|Remaining Section from Chapter 3,242
B2-0243,ignorieren,,,ignorieren,B2,Linie B2 Beruf,Kapitel 3 – Arbeit im Team,v,To ignore,Etwas absichtlich nicht beachten.,Man kann dieses Problem nicht einfach ignorieren.,,,,,,,,,,,,,,beruf|Remaining Section from Chapter 3,243
B2-0244,Neugier,die,,neugier,B2,Linie B2 Beruf,Kapitel 3 – Arbeit im Team,n,Curiosity,"Der Wunsch, Neues zu erfahren.",Seine Neugier treibt ihn immer wieder zu neuen Entdeckungen.,,,,,,,,,,,,,,beruf|Remaining Section from Chapter 3|nur Singular,244
B2-0245,Innovation,die,-en,innovation,B2,Linie B2 Beruf,Kapitel 3 – Arbeit im Team,n,Innovation,Eine neue Idee oder Erfindung.,Die Firma ist bekannt für ihre technischen Innovationen.,,,,,,,,,,,,,,beruf|Remaining Section from Chapter 3,245
B2-0246,Wachstum,das,,wachstum,B2,Linie B2 Beruf,Kapitel 3 – Arbeit im Team,n,Growth,Wenn etwas größer oder mehr wird.,Das wirtschaftliche Wachstum ist dieses Jahr stabil.,,,,,,,,,,,,,,beruf|Remaining Section from Chapter 3|nur Singular,246
B2-0247,konstruktiv – destruktiv,,,konstruktiv – destruktiv,B2,Linie B2 Beruf,Kapitel 3 – Arbeit im Team,phrase,Constructive – Destructive,Aufbauend – zerstörend.,"Wir brauchen konstruktive Kritik, keine destruktive.",,,,,,,,,,,,,,beruf|Remaining Section from Chapter 3,247
B2-0248,chaotisch – strukturiert,,,chaotisch – strukturiert,B2,Linie B2 Beruf,Kapitel 3 – Arbeit im Team,phrase,Chaotic – Structured,Unordentlich – ordentlich geplant.,"Sein Schreibtisch ist chaotisch, aber seine Arbeit ist strukturiert.",,,,,,,,,,,,,,beruf|Remaining Section from Chapter 3,248
B2-0249,traditionell – innovativ,,,traditionell – innovativ,B2,Linie B2 Beruf,Kapitel 3 – Arbeit im Team,phrase,Traditional – Innovative,Altbewährt – neuartig.,Das Design ist eine Mischung aus traditionellen und innovativen Elementen.,,,,,,,,,,,,,,beruf|Remaining Section from Chapter 3,249
B2-0250,gefühlsbetont – rational,,,gefuhlsbetont – rational,B2,Linie B2 Beruf,Kapitel 3 – Arbeit im Team,phrase,Emotional – Rational,Nach Gefühl – nach Vernunft.,"Er trifft Entscheidungen oft gefühlsbetont, sie eher rational.",,,,,,,,,,,,,,beruf|Remaining Section from Chapter 3,250
B2-0251,vorig,,,vorig,B2,Linie B2 Beruf,Kapitel 3 – Arbeit im Team,adj,Previous,Vorherig.,Im vorigen Jahr war der Urlaub schöner.,,,,,,,,,,,,,,beruf|Remaining Section from Chapter 3,251
B2-0252,motivierend – demotivierend,,,motivierend – demotivierend,B2,Linie B2 Beruf,Kapitel 3 – Arbeit im Team,phrase,Motivating – Demotivating,Anspornend – entmutigend.,Ein Lob vom Chef ist sehr motivierend.,,,,,,,,,,,,,,beruf|Remaining Section from Chapter 3,252
B2-0253,provozierend – ausgleichend,,,provozierend – ausgleichend,B2,Linie B2 Beruf,Kapitel 3 – Arbeit im Team,phrase,Provocative – Balancing/Mediating,Streit suchend – Harmonie suchend.,"Seine Worte wirkten provozierend, aber sie reagierte ausgleichend.",,,,,,,,,,,,,,beruf|Remaining Section from Chapter 3,253
B2-0254,pessimistisch – optimistisch,,,pessimistisch – optimistisch,B2,Linie B2 Beruf,Kapitel 3 – Arbeit im Team,phrase,Pessimistic – Optimistic,Negativ denkend – positiv denkend.,"Sei nicht so pessimistisch, alles wird gut!",,,,,,,,,,,,,,beruf|Remaining Section from Chapter 3,254
B2-0255,einen Einblick bekommen,,,einen einblick bekommen,B2,Linie B2 Beruf,Kapitel 3 – Arbeit im Team,phrase,To get an insight (into),Etwas Neues kennenlernen.,Im Praktikum konnte ich einen Einblick in die Chirurgie bekommen.,,,,,Verben mit Präposition,in,Akkusativ,,,,,,,beruf|Remaining Section from Chapter 3,255
B2-0256,jdn. freistellen,,,jdn. freistellen,B2,Linie B2 Beruf,Kapitel 3 – Arbeit im Team,v,To release/exempt someone,"Jemandem erlauben, für einen Zweck nicht zu arbeiten.",Die Firma stellt ihn für seine Fortbildung frei.,,,,,Verben mit Präposition,für,Akkusativ,,,,,,,beruf|Remaining Section from Chapter 3,256
B2-0257,Pauschalreise,die,-n,pauschalreise,B2,Linie B2 Beruf,Kapitel 4 – Tourismus,n,Package tour,"Eine Reise, bei der Flug und Hotel zusammen gebucht werden.",Wir haben eine Pauschalreise nach Spanien gebucht.,,,,,,,,,,,,,,beruf|Kundenwünsche,257
B2-0258,Vollpension,die,,vollpension,B2,Linie B2 Beruf,Kapitel 4 – Tourismus,n,Full board,"Urlaub inklusive Frühstück, Mittag- und Abendessen.","Im Hotel haben wir Vollpension, wir müssen uns um nichts kümmern.",,,,,,,,,,,,,,beruf|Kundenwünsche|nur Singular,258
B2-0259,alles inklusive,,,alles inklusive,B2,Linie B2 Beruf,Kapitel 4 – Tourismus,phrase,All inclusive,Alles (auch Getränke) ist im Preis enthalten.,In diesem Resort ist alles inklusive.,,,,,,,,,,,,,,beruf|Kundenwünsche,259
B2-0260,Hotelanlage,die,-n,hotelanlage,B2,Linie B2 Beruf,Kapitel 4 – Tourismus,n,Hotel complex / grounds,Das gesamte Gelände eines Hotels.,Die Hotelanlage hat drei große Pools.,,,,,,,,,,,,,,beruf|Kundenwünsche,260
B2-0261,Reisegruppe,die,-n,reisegruppe,B2,Linie B2 Beruf,Kapitel 4 – Tourismus,n,Travel group,"Eine Gruppe von Menschen, die zusammen verreisen.",Die Reisegruppe trifft sich um 8 Uhr am Bus.,,,,,,,,,,,,,,beruf|Kundenwünsche,261
B2-0262,Angebot,das,-e,angebot,B2,Linie B2 Beruf,Kapitel 4 – Tourismus,n,Offer / Deal,"Eine Möglichkeit, etwas zu einem Preis zu kaufen.",Das Reisebüro hat ein tolles Angebot für Italien.,,,,,,,,,,,,,,beruf|Reiseangebote,262
B2-0263,sich erholen,,,sich erholen,B2,Linie B2 Beruf,Kapitel 4 – Tourismus,v,To recover / relax,Sich ausruhen und neue Kraft tanken.,Im Urlaub möchte ich mich einfach nur erholen.,,,,,,,,,,,,,,beruf|Reiseangebote,263
B2-0264,Frühbucherrabatt,der,-e,fruhbucherrabatt,B2,Linie B2 Beruf,Kapitel 4 – Tourismus,n,Early bird discount,"Ein billigerer Preis, wenn man sehr früh bucht.","Wenn man im Januar bucht, bekommt man einen Frühbucherrabatt.",,,,,,,,,,,,,,beruf|Reiseangebote,264
B2-0265,sich entscheiden,,,sich entscheiden,B2,Linie B2 Beruf,Kapitel 4 – Tourismus,v,To decide,Eine Wahl zwischen Möglichkeiten treffen.,Wir können uns nicht zwischen Strand und Bergen entscheiden.,,,,,,,,,,,,,,beruf|Reiseangebote,265
B2-0266,Halbpension,die,,halbpension,B2,Linie B2 Beruf,Kapitel 4 – Tourismus,n,Half board,Urlaub mit Frühstück und einer warmen Mahlzeit.,"Wir haben Halbpension gebucht, damit wir abends flexibel sind.",,,,,,,,,,,,,,beruf|Reiseangebote|nur Singular,266
B2-0267,Erlebnis,das,-se,erlebnis,B2,Linie B2 Beruf,Kapitel 4 – Tourismus,n,Experience,"Etwas Besonderes, das man erlebt hat.",Die Safari war ein unvergessliches Erlebnis.,,,,,,,,,,,,,,beruf|Reiseangebote,267
B2-0268,sensationell,,,sensationell,B2,Linie B2 Beruf,Kapitel 4 – Tourismus,adj,Sensational,Außergewöhnlich gut.,Die Aussicht vom Berg war einfach sensationell.,,,,,,,,,,,,,,beruf|Reiseangebote,268
B2-0269,Haken,der,,haken,B2,Linie B2 Beruf,Kapitel 4 – Tourismus,n,Catch / Snag,Ein verstecktes Problem.,"Das Angebot klingt zu gut, da gibt es bestimmt einen Haken.",,,,,,,,,,,,,,beruf|Reiseangebote,269
B2-0270,Gebühr,die,-en,gebuhr,B2,Linie B2 Beruf,Kapitel 4 – Tourismus,n,Fee,"Geld, das man für eine Dienstleistung zahlt.",Für die Umbuchung fällt eine kleine Gebühr an.,,,,,,,,,,,,,,beruf|Reiseangebote,270
B2-0271,versteckte Gebühren,,,versteckte gebuhren,B2,Linie B2 Beruf,Kapitel 4 – Tourismus,phrase,Hidden fees,"Kosten, die man erst später bemerkt.",Achten Sie auf versteckte Gebühren bei Billigflügen.,,,,,,,,,,,,,,beruf|Reiseangebote,271
B2-0272,Anzahlung,die,-en,anzahlung,B2,Linie B2 Beruf,Kapitel 4 – Tourismus,n,Down payment / Deposit,"Ein Teil des Preises, den man sofort zahlt.",Wir müssen eine Anzahlung von 20 % leisten.,,,,,,,,,,,,,,beruf|Reiseangebote,272
B2-0273,Ich wäre Ihnen dankbar...,,,ich ware ihnen dankbar...,B2,Linie B2 Beruf,Kapitel 4 – Tourismus,phrase,I would be grateful to you...,Eine höfliche Bitte.,"Ich wäre Ihnen dankbar, wenn Sie mir bald antworten könnten.",,,,,,,,,,,,,,beruf|Reiseangebote,273
B2-0274,erreichbar,,,erreichbar,B2,Linie B2 Beruf,Kapitel 4 – Tourismus,adj,Reachable / Accessible,"Jemand, den man anrufen oder finden kann.",Das Hotel ist gut mit dem Bus erreichbar.,,,,,,,,,,,,,,beruf|Reiseangebote,274
B2-0275,Reiserücktrittsversicherung,die,,reiserucktrittsversicherung,B2,Linie B2 Beruf,Kapitel 4 – Tourismus,n,Travel cancellation insurance,"Eine Versicherung, falls man die Reise nicht antreten kann.",Eine Reiserücktrittsversicherung ist bei teuren Reisen sinnvoll.,,,,,,,,,,,,,,beruf|Verträge sind wichtig,275
B2-0276,eine Versicherung abschließen,,,eine versicherung abschliessen,B2,Linie B2 Beruf,Kapitel 4 – Tourismus,phrase,To take out insurance,Einen Versicherungsvertrag unterschreiben.,Sie sollten für den Urlaub eine Versicherung abschließen.,,,,,,,,,,,,,,beruf|Verträge sind wichtig,276
B2-0277,Kosten,die,,kosten,B2,Linie B2 Beruf,Kapitel 4 – Tourismus,n,Costs,"Das Geld, das man bezahlen muss.",Wer übernimmt die Kosten für den Flug?,,,,,,,,,,,,,,beruf|Verträge sind wichtig,277
B2-0278,für die Kosten aufkommen,,,fur die kosten aufkommen,B2,Linie B2 Beruf,Kapitel 4 – Tourismus,phrase,To cover/pay the costs,Die Rechnung bezahlen.,Die Versicherung wird für die Kosten aufkommen.,,,,,,,,,,,,,,beruf|Verträge sind wichtig,278
B2-0279,Allgemeinen Geschäftsbedingungen,die,,allgemeinen geschaftsbedingungen,B2,Linie B2 Beruf,Kapitel 4 – Tourismus,n,General Terms and Conditions,Die Regeln eines Vertrags (das Kleingedruckte).,Bitte lesen Sie unsere AGBs aufmerksam durch.,,,,,,,,,,,,,,beruf|Verträge sind wichtig,279
B2-0280,stornieren,,,stornieren,B2,Linie B2 Beruf,Kapitel 4 – Tourismus,v,To cancel (a trip),Eine Buchung rückgängig machen.,Er musste den Flug wegen Krankheit stornieren.,,,,,,,,,,,,,,beruf|Verträge sind wichtig,280
B2-0281,buchen,,,buchen,B2,Linie B2 Beruf,Kapitel 4 – Tourismus,v,To book,Eine Reservierung fest machen.,Wir haben gestern unser Hotel gebucht.,,,,,,,,,,,,,,beruf|Verträge sind wichtig,281
B2-0282,im Krankheitsfall,,,im krankheitsfall,B2,Linie B2 Beruf,Kapitel 4 – Tourismus,phrase,In case of illness,Wenn man krank wird.,Im Krankheitsfall bekommen Sie Ihr Geld zurück.,,,,,,,,,,,,,,beruf|Verträge sind wichtig,282
B2-0283,aufwachsen,,,aufwachsen,B2,Linie B2 Beruf,Kapitel 4 – Tourismus,v,To grow up (in),Seine Kindheit an einem Ort verbringen.,Er ist in einem kleinen Dorf in den Alpen aufgewachsen.,,,,,Verben mit Präposition,in,Dativ,,,,,,,"beruf|Arbeiten, wenn andere Urlaub machen",283
B2-0284,Master,der,,master,B2,Linie B2 Beruf,Kapitel 4 – Tourismus,n,Master's degree,Ein hoher akademischer Abschluss.,Sie macht gerade ihren Master in Tourismusmanagement.,,,,,,,,,,,,,,"beruf|Arbeiten, wenn andere Urlaub machen",284
B2-0285,sich spezialisieren,,,sich spezialisieren,B2,Linie B2 Beruf,Kapitel 4 – Tourismus,v,To specialize (in),Experte für ein bestimmtes Thema werden.,Die Agentur hat sich auf Ökotourismus spezialisiert.,,,,,Verben mit Präposition,auf,Akkusativ,,,,,,,"beruf|Arbeiten, wenn andere Urlaub machen",285
B2-0286,betreuen,,,betreuen,B2,Linie B2 Beruf,Kapitel 4 – Tourismus,v,To look after / supervise,Sich um Gäste oder Kunden kümmern.,Die Reiseleiterin betreut die Gruppe während der ganzen Woche.,,,,,,,,,,,,,,"beruf|Arbeiten, wenn andere Urlaub machen",286
B2-0287,unterwegs sein,,,unterwegs sein,B2,Linie B2 Beruf,Kapitel 4 – Tourismus,phrase,To be on the road / traveling,"Nicht zu Hause sein, sondern reisen.",Er ist beruflich viel unterwegs.,,,,,,,,,,,,,,"beruf|Arbeiten, wenn andere Urlaub machen",287
B2-0288,zur Verfügung stehen,,,zur verfugung stehen,B2,Linie B2 Beruf,Kapitel 4 – Tourismus,phrase,To be available,"Bereit sein, zu helfen oder genutzt zu werden.",Unser Team steht Ihnen jederzeit zur Verfügung.,,,,,,,,,,,,,,"beruf|Arbeiten, wenn andere Urlaub machen",288
B2-0289,anspruchsvoll,,,anspruchsvoll,B2,Linie B2 Beruf,Kapitel 4 – Tourismus,adj,Demanding / Fastidious,Wenn man hohe Erwartungen hat.,Manche Touristen sind sehr anspruchsvoll.,,,,,,,,,,,,,,"beruf|Arbeiten, wenn andere Urlaub machen",289
B2-0290,feste Einkommen,das,,feste einkommen,B2,Linie B2 Beruf,Kapitel 4 – Tourismus,n,Fixed income / steady salary,"Ein Gehalt, das man sicher jeden Monat bekommt.",Als Selbstständiger hat man oft kein festes Einkommen.,,,,,,,,,,,,,,"beruf|Arbeiten, wenn andere Urlaub machen",290
B2-0291,Geschäftsleitung,die,-en,geschaftsleitung,B2,Linie B2 Beruf,Kapitel 4 – Tourismus,n,Management / Leadership,Die Chefs einer Firma.,Die Geschäftsleitung hat neue Regeln beschlossen.,,,,,,,,,,,,,,"beruf|Arbeiten, wenn andere Urlaub machen",291
B2-0292,reibungslos,,,reibungslos,B2,Linie B2 Beruf,Kapitel 4 – Tourismus,adj,Smooth / Without a hitch,Ohne Probleme oder Störungen.,Der Umzug hat reibungslos funktioniert.,,,,,,,,,,,,,,"beruf|Arbeiten, wenn andere Urlaub machen",292
B2-0293,Check-in/out,das,,check-in/out,B2,Linie B2 Beruf,Kapitel 4 – Tourismus,n,Check-in/out,An- und Abmeldung im Hotel.,Das Check-out muss bis 11 Uhr erfolgen.,,,,,,,,,,,,,,"beruf|Arbeiten, wenn andere Urlaub machen",293
B2-0294,Koordination,die,,koordination,B2,Linie B2 Beruf,Kapitel 4 – Tourismus,n,Coordination,Die Organisation von verschiedenen Abläufen.,Die Koordination der Termine ist ihre Aufgabe.,,,,,,,,,,,,,,"beruf|Arbeiten, wenn andere Urlaub machen|nur Singular",294
B2-0295,abwechslungsreich,,,abwechslungsreich,B2,Linie B2 Beruf,Kapitel 4 – Tourismus,adj,Varied / Diverse,"Nicht langweilig, immer etwas Neues.",Mein Job als Reiseleiter ist sehr abwechslungsreich.,,,,,,,,,,,,,,"beruf|Arbeiten, wenn andere Urlaub machen",295
B2-0296,begeistert,,,begeistert,B2,Linie B2 Beruf,Kapitel 4 – Tourismus,adj,Enthusiastic / Thrilled,Mit großer Freude über etwas.,Die Urlauber waren begeistert vom Ausflug.,,,,,,,,,,,,,,"beruf|Arbeiten, wenn andere Urlaub machen",296
B2-0297,Begeisterung,die,,begeisterung,B2,Linie B2 Beruf,Kapitel 4 – Tourismus,n,Enthusiasm,Ein Gefühl von großer Freude und Interesse.,Er erzählte mit großer Begeisterung von seiner Reise.,,,,,,,,,,,,,,"beruf|Arbeiten, wenn andere Urlaub machen|nur Singular",297
B2-0298,Grundgehalt,das,¨er,grundgehalt,B2,Linie B2 Beruf,Kapitel 4 – Tourismus,n,Basic salary,Der Lohn ohne Überstunden oder Boni.,Mein Grundgehalt ist nicht sehr hoch.,,,,,,,,,,,,,,"beruf|Arbeiten, wenn andere Urlaub machen",298
B2-0299,Aufstiegsmöglichkeit,die,-en,aufstiegsmoglichkeit,B2,Linie B2 Beruf,Kapitel 4 – Tourismus,n,Opportunity for promotion,"Die Chance, in der Firma Karriere zu machen.",In diesem Konzern gibt es gute Aufstiegsmöglichkeiten.,,,,,,,,,,,,,,"beruf|Arbeiten, wenn andere Urlaub machen",299
B2-0300,Kreativität,die,,kreativitat,B2,Linie B2 Beruf,Kapitel 4 – Tourismus,n,Creativity,"Die Fähigkeit, neue Ideen zu haben.",In der Werbung braucht man viel Kreativität.,,,,,,,,,,,,,,"beruf|Arbeiten, wenn andere Urlaub machen|nur Singular",300
B2-0301,Anerkennung,die,,anerkennung,B2,Linie B2 Beruf,Kapitel 4 – Tourismus,n,Recognition / Appreciation,Lob und Respekt für eine Leistung.,Jeder Mitarbeiter braucht ein bisschen Anerkennung.,,,,,,,,,,,,,,"beruf|Arbeiten, wenn andere Urlaub machen|nur Singular",301
B2-0302,todmüde,,,todmude,B2,Linie B2 Beruf,Kapitel 4 – Tourismus,adj,Dead tired,Extrem müde.,Nach der langen Wanderung war ich todmüde.,,,,,,,,,,,,,,"beruf|Arbeiten, wenn andere Urlaub machen",302
B2-0303,Bezahlung,die,,bezahlung,B2,Linie B2 Beruf,Kapitel 4 – Tourismus,n,Payment / Salary,"Das Geld, das man für Arbeit bekommt.",Die Bezahlung in der Tourismusbranche ist oft niedrig.,,,,,,,,,,,,,,"beruf|Arbeiten, wenn andere Urlaub machen|nur Singular",303
B2-0304,Anforderung,die,-en,anforderung,B2,Linie B2 Beruf,Kapitel 4 – Tourismus,n,Requirement / Demand,Was man für einen Job können muss.,Die Anforderungen für diese Stelle sind sehr hoch.,,,,,,,,,,,,,,beruf|Faris will beruflich weiterkommen,304
B2-0305,Team- und Kommunikationsfähigkeit,die,,team- und kommunikationsfahigkeit,B2,Linie B2 Beruf,Kapitel 4 – Tourismus,n,Teamwork and communication skills,Gut mit anderen reden und arbeiten können.,In der modernen Arbeitswelt ist Teamfähigkeit ein Muss.,,,,,,,,,,,,,,beruf|Faris will beruflich weiterkommen,305
B2-0306,Bewerbungsunterlagen,die,,bewerbungsunterlagen,B2,Linie B2 Beruf,Kapitel 4 – Tourismus,n,Application documents,"Lebenslauf, Zeugnisse und Anschreiben.",Bitte schicken Sie Ihre Bewerbungsunterlagen per E-Mail.,,,,,,,,,,,,,,beruf|Faris will beruflich weiterkommen,306
B2-0307,vollständig,,,vollstandig,B2,Linie B2 Beruf,Kapitel 4 – Tourismus,adj,Complete,Wenn nichts fehlt.,Ihre Unterlagen sind leider nicht vollständig.,,,,,,,,,,,,,,beruf|Faris will beruflich weiterkommen,307
B2-0308,Berufsbild,das,-er,berufsbild,B2,Linie B2 Beruf,Kapitel 4 – Tourismus,n,Job profile,Die Beschreibung eines Berufs.,Das Berufsbild des Lehrers hat sich stark verändert.,,,,,,,,,,,,,,beruf|Berufsbild Reiseleiter/in – eine Satire,308
B2-0309,Satire,die,-n,satire,B2,Linie B2 Beruf,Kapitel 4 – Tourismus,n,Satire,"Ein Text, der Dinge durch Humor kritisiert.",Der Artikel über das Büro ist eine lustige Satire.,,,,,,,,,,,,,,beruf|Berufsbild Reiseleiter/in – eine Satire,309
B2-0310,Umbuchung,die,-en,umbuchung,B2,Linie B2 Beruf,Kapitel 4 – Tourismus,n,Rebooking / Change of reservation,Wenn man einen Termin oder Flug ändert.,Die Umbuchung des Hotels hat gut geklappt.,,,,,,,,,,,,,,beruf|Berufsbild Reiseleiter/in – eine Satire,310
B2-0311,selbstverständlich,,,selbstverstandlich,B2,Linie B2 Beruf,Kapitel 4 – Tourismus,adj,Of course / Self-evident,Ganz natürlich; ohne Zweifel.,"Es ist selbstverständlich, dass wir Ihnen helfen.",,,,,,,,,,,,,,beruf|Berufsbild Reiseleiter/in – eine Satire,311
B2-0312,hoffnungslos,,,hoffnungslos,B2,Linie B2 Beruf,Kapitel 4 – Tourismus,adj,Hopeless,Ohne Aussicht auf Besserung.,Die Situation am Flughafen war hoffnungslos chaotisch.,,,,,,,,,,,,,,beruf|Berufsbild Reiseleiter/in – eine Satire,312
B2-0313,überbucht,,,uberbucht,B2,Linie B2 Beruf,Kapitel 4 – Tourismus,adj,Overbooked,"Wenn mehr Plätze verkauft wurden, als vorhanden sind.","Das Hotel war leider überbucht, wir mussten umziehen.",,,,,,,,,,,,,,beruf|Berufsbild Reiseleiter/in – eine Satire,313
B2-0314,zaubern,,,zaubern,B2,Linie B2 Beruf,Kapitel 4 – Tourismus,v,To do magic,Etwas Unmögliches möglich machen.,"Die Reiseleiterin musste fast zaubern, um noch Zimmer zu finden.",,,,,,,,,,,,,,beruf|Berufsbild Reiseleiter/in – eine Satire,314
B2-0315,in der Lage sein,,,in der lage sein,B2,Linie B2 Beruf,Kapitel 4 – Tourismus,phrase,To be able to,"Die Fähigkeit haben, etwas zu tun.","Sind Sie in der Lage, die Gruppe allein zu führen?",,,,,,,,,,,,,,beruf|Berufsbild Reiseleiter/in – eine Satire,315
B2-0316,Rückkehr,die,,ruckkehr,B2,Linie B2 Beruf,Kapitel 4 – Tourismus,n,Return,Das Zurückkommen nach Hause.,Nach unserer Rückkehr aus dem Urlaub müssen wir viel arbeiten.,,,,,,,,,,,,,,beruf|Berufsbild Reiseleiter/in – eine Satire|nur Singular,316
B2-0317,Presse,die,,presse,B2,Linie B2 Beruf,Kapitel 4 – Tourismus,n,The press / Media,"Zeitungen, Fernsehen und Radio.",Die Presse berichtet kritisch über die Reiseagentur.,,,,,,,,,,,,,,beruf|Berufsbild Reiseleiter/in – eine Satire|nur Singular,317
B2-0318,psychisch,,,psychisch,B2,Linie B2 Beruf,Kapitel 4 – Tourismus,adj,Psychological / Mental,Den Geist oder die Seele betreffend.,Stress kann zu psychischen Problemen führen.,,,,,,,,,,,,,,beruf|Remaining Section from Chapter 4,318
B2-0319,therapeutisch,,,therapeutisch,B2,Linie B2 Beruf,Kapitel 4 – Tourismus,adj,Therapeutic,Heilend; eine Therapie betreffend.,Malen kann eine therapeutische Wirkung haben.,,,,,,,,,,,,,,beruf|Remaining Section from Chapter 4,319
B2-0320,alles im Griff haben,,,alles im griff haben,B2,Linie B2 Beruf,Kapitel 4 – Tourismus,phrase,To have everything under control,Eine Situation voll unter Kontrolle haben.,"Keine Sorge, ich habe alles im Griff.",,,,,,,,,,,,,,beruf|Remaining Section from Chapter 4,320
B2-0321,Sinn des Lebens,der,,sinn des lebens,B2,Linie B2 Beruf,Kapitel 4 – Tourismus,n,The meaning of life,Das Ziel oder der Zweck der Existenz.,Viele Menschen suchen nach dem Sinn des Lebens.,,,,,,,,,,,,,,beruf|Remaining Section from Chapter 4,321
B2-0322,dienen,,,dienen,B2,Linie B2 Beruf,Kapitel 4 – Tourismus,v,To serve,Jemandem nützlich sein oder helfen.,Das neue Gesetz soll der Sicherheit dienen.,,,,,,,,,,,,,,beruf|Remaining Section from Chapter 4,322
B2-0323,gut umgehen können,,,gut umgehen konnen,B2,Linie B2 Beruf,Kapitel 4 – Tourismus,phrase,To be able to handle well,Geschickt mit Dingen oder Menschen sein.,Er kann sehr gut mit Kindern umgehen.,,,,,Verben mit Präposition,mit,Dativ,,,,,,,beruf|Remaining Section from Chapter 4,323
B2-0324,Präsentation,die,-en,prasentation,B2,Linie B2 Beruf,Kapitel 4 – Tourismus,n,Presentation,Das Vorstellen eines Themas vor Publikum.,Deine Präsentation war sehr informativ.,,,,,,,,,,,,,,beruf|Remaining Section from Chapter 4,324
B2-0325,Vortrag,der,¨e,vortrag,B2,Linie B2 Beruf,Kapitel 4 – Tourismus,n,Lecture / Speech,Eine Rede über ein bestimmtes Thema.,Der Professor hielt einen spannenden Vortrag.,,,,,,,,,,,,,,beruf|Remaining Section from Chapter 4,325
B2-0326,sicherlich,,,sicherlich,B2,Linie B2 Beruf,Kapitel 4 – Tourismus,adj,Certainly / Surely,Ganz bestimmt.,Das war sicherlich nur ein Missverständnis.,,,,,,,,,,,,,,beruf|Remaining Section from Chapter 4,326
B2-0327,abschließend,,,abschliessend,B2,Linie B2 Beruf,Kapitel 4 – Tourismus,adj,In conclusion / Final,Zum Schluss.,Abschließend möchte ich mich bei allen bedanken.,,,,,,,,,,,,,,beruf|Remaining Section from Chapter 4,327
B2-0328,Aufmerksamkeit,die,,aufmerksamkeit,B2,Linie B2 Beruf,Kapitel 4 – Tourismus,n,Attention,Konzentration auf eine Sache.,Bitte schenken Sie mir kurz Ihre Aufmerksamkeit.,,,,,,,,,,,,,,beruf|Remaining Section from Chapter 4,328
B2-0329,sich lohnen,,,sich lohnen,B2,Linie B2 Beruf,Kapitel 4 – Tourismus,v,To be worth it,Wenn der Nutzen größer ist als der Aufwand.,Die harte Arbeit hat sich gelohnt.,,,,,,,,,,,,,,beruf|Remaining Section from Chapter 4,329
B2-0330,verzweifelt,,,verzweifelt,B2,Linie B2 Beruf,Kapitel 4 – Tourismus,adj,Desperate,Ohne Hoffnung; sehr unglücklich.,"Er war verzweifelt, weil er seinen Schlüssel verloren hatte.",,,,,,,,,,,,,,beruf|Remaining Section from Chapter 4,330
B2-0331,Verspätung,die,-en,verspatung,B2,Linie B2 Beruf,Kapitel 4 – Tourismus,n,Delay,Wenn etwas später als geplant passiert.,Der Zug hat heute 20 Minuten Verspätung.,,,,,,,,,,,,,,beruf|Remaining Section from Chapter 4,331
B2-0332,Anschlusszug,der,¨e,anschlusszug,B2,Linie B2 Beruf,Kapitel 4 – Tourismus,n,Connecting train,"Ein Zug, in den man nach dem Umsteigen einsteigt.",Ich habe meinen Anschlusszug leider verpasst.,,,,,,,,,,,,,,beruf|Remaining Section from Chapter 4,332
B2-0333,Kündigungsfrist,die,-en,kundigungsfrist,B2,Linie B2 Beruf,Kapitel 4 – Tourismus,n,Notice period,Die Zeit zwischen Kündigung und Arbeitsende.,Meine Kündigungsfrist beträgt drei Monate.,,,,,,,,,,,,,,beruf|Remaining Section from Chapter 4,333
B2-0334,Arbeitsbedingungen,die,,arbeitsbedingungen,B2,Linie B2 Beruf,Kapitel 4 – Tourismus,n,Working conditions,"Die Umstände, unter denen man arbeitet.",In dieser Firma sind die Arbeitsbedingungen sehr gut.,,,,,,,,,,,,,,beruf|Remaining Section from Chapter 4,334
B2-0335,Gewerkschaft,die,-en,gewerkschaft,B2,Linie B2 Beruf,Kapitel 4 – Tourismus,n,Trade union,"Eine Organisation, die Arbeitnehmerrechte vertritt.",Die Gewerkschaft fordert höhere Löhne.,,,,,,,,,,,,,,beruf|Remaining Section from Chapter 4,335
B2-0336,beitreten,,,beitreten,B2,Linie B2 Beruf,Kapitel 4 – Tourismus,v,To join,Mitglied in einer Gruppe oder Organisation werden.,Er ist gestern der Gewerkschaft beigetreten.,,,,,,,,,,,,,,beruf|Remaining Section from Chapter 4,336
B2-0337,jmd. beraten,,,jmd. beraten,B2,Linie B2 Beruf,Kapitel 4 – Tourismus,v,To advise someone,Jemandem Tipps oder Hilfe geben.,Der Experte berät uns beim Hauskauf.,,,,,,,,,,,,,,beruf|Remaining Section from Chapter 4,337
B2-0338,verlegen,,,verlegen,B2,Linie B2 Beruf,Kapitel 5 – Aktiv im Handwerk,v,To lay (floors/cables),Fliesen oder Kabel auf dem Boden platzieren.,Der Handwerker muss neues Laminat verlegen.,,,,,,,,,,,,,,beruf|Handwerkliche Berufe,338
B2-0339,nähen,,,nahen,B2,Linie B2 Beruf,Kapitel 5 – Aktiv im Handwerk,v,To sew,Kleidung mit Nadel und Faden herstellen.,Meine Oma kann sehr gut nähen.,,,,,,,,,,,,,,beruf|Handwerkliche Berufe,339
B2-0340,Dichtung,die,-en,dichtung,B2,Linie B2 Beruf,Kapitel 5 – Aktiv im Handwerk,n,Seal / Gasket,"Ein Teil, das verhindert, dass Wasser austritt.","Der Wasserhahn tropft, die Dichtung ist kaputt.",,,,,,,,,,,,,,beruf|Handwerkliche Berufe,340
B2-0341,auswechseln,,,auswechseln,B2,Linie B2 Beruf,Kapitel 5 – Aktiv im Handwerk,v,To replace / swap,Ein altes Teil durch ein neues ersetzen.,Wir müssen die Glühbirne auswechseln.,,,,,,,,,,,,,,beruf|Handwerkliche Berufe,341
B2-0342,anbringen,,,anbringen,B2,Linie B2 Beruf,Kapitel 5 – Aktiv im Handwerk,v,To install / attach,Etwas an der Wand befestigen.,Kannst du bitte die neue Steckdose anbringen?,,,,,,,,,,,,,,beruf|Handwerkliche Berufe,342
B2-0343,tapezieren,,,tapezieren,B2,Linie B2 Beruf,Kapitel 5 – Aktiv im Handwerk,v,To wallpaper,Neue Tapeten an die Wand kleben.,Am Wochenende wollen wir das Wohnzimmer tapezieren.,,,,,,,,,,,,,,beruf|Handwerkliche Berufe,343
B2-0344,Schraubenzieher,der,,schraubenzieher,B2,Linie B2 Beruf,Kapitel 5 – Aktiv im Handwerk,n,Screwdriver,Werkzeug zum Drehen von Schrauben.,Hast du einen passenden Schraubenzieher?,,,,,,,,,,,,,,beruf|Handwerkliche Berufe,344
B2-0345,zusammen-schweißen,,,zusammen-schweissen,B2,Linie B2 Beruf,Kapitel 5 – Aktiv im Handwerk,v,To weld together,Metallteile durch Hitze verbinden.,Der Schlosser muss die zwei Metallstücke zusammenschweißen.,,,,,,,,,,,,,,beruf|Handwerkliche Berufe,345
B2-0346,das Dach decken,,,das dach decken,B2,Linie B2 Beruf,Kapitel 5 – Aktiv im Handwerk,phrase,To roof a house,Ziegel auf das Haus legen.,Die Dachdecker werden heute das Dach decken.,,,,,,,,,,,,,,beruf|Handwerkliche Berufe,346
B2-0347,Waschbecken montieren,,,waschbecken montieren,B2,Linie B2 Beruf,Kapitel 5 – Aktiv im Handwerk,v,To install a sink,Ein Waschbecken im Bad festmachen.,Wir müssen noch das neue Waschbecken montieren.,,,,,,,,,,,,,,beruf|Handwerkliche Berufe,347
B2-0348,Nadel,die,-n,nadel,B2,Linie B2 Beruf,Kapitel 5 – Aktiv im Handwerk,n,Needle,Ein spitzer Gegenstand zum Nähen.,"Pass auf, die Nadel ist sehr spitz!",,,,,,,,,,,,,,beruf|Handwerkliche Berufe,348
B2-0349,Faden,der,¨,faden,B2,Linie B2 Beruf,Kapitel 5 – Aktiv im Handwerk,n,Thread,Ein dünnes Seil zum Nähen.,Ich brauche einen schwarzen Faden für meine Hose.,,,,,,,,,,,,,,beruf|Handwerkliche Berufe,349
B2-0350,Stoff,der,-e,stoff,B2,Linie B2 Beruf,Kapitel 5 – Aktiv im Handwerk,n,Fabric / Material,Material aus dem Kleidung gemacht wird.,Dieser Stoff fühlt sich sehr weich an.,,,,,,,,,,,,,,beruf|Handwerkliche Berufe,350
B2-0351,Maßband,das,¨er,massband,B2,Linie B2 Beruf,Kapitel 5 – Aktiv im Handwerk,n,Measuring tape,Ein Band zum Messen von Längen.,"Benutze das Maßband, um die Wand zu messen.",,,,,,,,,,,,,,beruf|Handwerkliche Berufe,351
B2-0352,defekt,,,defekt,B2,Linie B2 Beruf,Kapitel 5 – Aktiv im Handwerk,adj,Defective / Broken,Kaputt; funktioniert nicht mehr.,Mein Computer ist leider defekt.,,,,,,,,,,,,,,beruf|Handwerkliche Berufe,352
B2-0353,Abflussrohr,das,-e,abflussrohr,B2,Linie B2 Beruf,Kapitel 5 – Aktiv im Handwerk,n,Drainpipe,"Ein Rohr, durch das Schmutzwasser fließt.",Das Abflussrohr in der Küche ist verstopft.,,,,,,,,,,,,,,beruf|Handwerkliche Berufe,353
B2-0354,Baumarkt,der,¨e,baumarkt,B2,Linie B2 Beruf,Kapitel 5 – Aktiv im Handwerk,n,DIY store / Hardware store,Ein Laden für Werkzeug und Baumaterial.,"Ich fahre in den Baumarkt, um Farbe zu kaufen.",,,,,,,,,,,,,,beruf|Im Baumarkt,354
B2-0355,Umgang,der,,umgang,B2,Linie B2 Beruf,Kapitel 5 – Aktiv im Handwerk,n,Handling / Dealing with,"Die Art, wie man etwas benutzt oder behandelt.",Der Umgang mit der Säge erfordert Vorsicht.,,,,,Nomen mit Präposition,mit,Dativ,,,,,,,beruf|Im Baumarkt,355
B2-0356,speziell,,,speziell,B2,Linie B2 Beruf,Kapitel 5 – Aktiv im Handwerk,adj,Special / Specific (for),Nur für einen bestimmten Zweck.,Dieses Werkzeug ist speziell für Profis gedacht.,,,,,Adjektive mit Präposition,für,Akkusativ,,,,,,,beruf|Im Baumarkt,356
B2-0357,Konzept,das,-e,konzept,B2,Linie B2 Beruf,Kapitel 5 – Aktiv im Handwerk,n,Concept / Plan,Ein detaillierter Plan für ein Projekt.,Wir brauchen ein neues Konzept für unseren Garten.,,,,,,,,,,,,,,beruf|Im Baumarkt,357
B2-0358,für sich sprechen,,,fur sich sprechen,B2,Linie B2 Beruf,Kapitel 5 – Aktiv im Handwerk,phrase,To speak for itself,"Wenn etwas so klar ist, dass man nichts sagen muss.",Die Qualität der Arbeit spricht für sich.,,,,,,,,,,,,,,beruf|Im Baumarkt,358
B2-0359,sich fest etablieren,,,sich fest etablieren,B2,Linie B2 Beruf,Kapitel 5 – Aktiv im Handwerk,v,To become firmly established,Einen festen Platz in einem Bereich bekommen.,Der Laden hat sich in der Stadt fest etabliert.,,,,,,,,,,,,,,beruf|Im Baumarkt,359
B2-0360,sich eintragen,,,sich eintragen,B2,Linie B2 Beruf,Kapitel 5 – Aktiv im Handwerk,v,To sign up / register,Seinen Namen auf eine Liste schreiben.,Du musst dich für den Kurs eintragen.,,,,,Verben mit Präposition,für,Akkusativ,,,,,,,beruf|Im Baumarkt,360
B2-0361,etwas zur Verfügung stellen,,,etwas zur verfugung stellen,B2,Linie B2 Beruf,Kapitel 5 – Aktiv im Handwerk,phrase,To provide / make available,"Jemandem etwas geben, damit er es nutzt.",Die Firma stellt uns Werkzeuge zur Verfügung.,,,,,,,,,,,,,,beruf|Im Baumarkt,361
B2-0362,Niveau,das,-s,niveau,B2,Linie B2 Beruf,Kapitel 5 – Aktiv im Handwerk,n,Level / Standard,Die Qualität oder Stufe von etwas.,Der Kurs hat ein sehr hohes Niveau.,,,,,,,,,,,,,,beruf|Im Baumarkt,362
B2-0363,Fortbildungsbedarf,der,-e,fortbildungsbedarf,B2,Linie B2 Beruf,Kapitel 5 – Aktiv im Handwerk,n,Need for further training,Wenn man mehr lernen muss für den Job.,In unserer Abteilung gibt es großen Fortbildungsbedarf.,,,,,,,,,,,,,,beruf|Im Baumarkt,363
B2-0364,den Teppich reinigen,,,den teppich reinigen,B2,Linie B2 Beruf,Kapitel 5 – Aktiv im Handwerk,phrase,To clean the carpet,Schmutz aus dem Teppich entfernen.,Wir müssen vor der Party noch den Teppich reinigen.,,,,,,,,,,,,,,beruf|Das ist schon erledigt!,364
B2-0365,zuschneiden,,,zuschneiden,B2,Linie B2 Beruf,Kapitel 5 – Aktiv im Handwerk,v,To cut to size,Material in die richtige Form schneiden.,Der Stoff muss noch passend zugeschnitten werden.,,,,,,,,,,,,,,beruf|Das ist schon erledigt!,365
B2-0366,Preisschild,das,-er,preisschild,B2,Linie B2 Beruf,Kapitel 5 – Aktiv im Handwerk,n,Price tag,Ein Zettel mit dem Preis auf einer Ware.,"Auf dem Preisschild steht, dass es 20 Euro kostet.",,,,,,,,,,,,,,beruf|Das ist schon erledigt!,366
B2-0367,erneuern,,,erneuern,B2,Linie B2 Beruf,Kapitel 5 – Aktiv im Handwerk,v,To renew / replace,Etwas Altes durch etwas Neues ersetzen.,Wir müssen den Anstrich an der Tür erneuern.,,,,,,,,,,,,,,beruf|Das ist schon erledigt!,367
B2-0368,entfernen,,,entfernen,B2,Linie B2 Beruf,Kapitel 5 – Aktiv im Handwerk,v,To remove (a stain),Etwas sauber machen.,Wie kann ich diesen Kaffeefleck entfernen?,,,,,,,,,,,,,,beruf|Das ist schon erledigt!,368
B2-0369,Heimwerker,der,,heimwerker,B2,Linie B2 Beruf,Kapitel 5 – Aktiv im Handwerk,n,DIYer / Handyman,"Jemand, der zu Hause selbst Dinge repariert.",Mein Vater ist ein begeisterter Heimwerker.,,,,,,,,,,,,,,beruf|Können Sie mir helfen?,369
B2-0370,Notdienst,der,-e,notdienst,B2,Linie B2 Beruf,Kapitel 5 – Aktiv im Handwerk,n,Emergency service,"Hilfe, die man auch nachts oder am Wochenende ruft.","Wenn das Rohr bricht, rufen wir den Notdienst.",,,,,,,,,,,,,,beruf|Können Sie mir helfen?,370
B2-0371,benötigen,,,benotigen,B2,Linie B2 Beruf,Kapitel 5 – Aktiv im Handwerk,v,To need (help),Etwas brauchen.,Benötigen Sie Hilfe beim Tragen?,,,,,,,,,,,,,,beruf|Können Sie mir helfen?,371
B2-0372,Montage,die,,montage,B2,Linie B2 Beruf,Kapitel 5 – Aktiv im Handwerk,n,Assembly / Installation,Das Zusammenbauen von Teilen.,Die Montage des Schranks dauert zwei Stunden.,,,,,,,,,,,,,,beruf|Können Sie mir helfen?|nur Singular,372
B2-0373,Montageanleitung,die,-en,montageanleitung,B2,Linie B2 Beruf,Kapitel 5 – Aktiv im Handwerk,n,Assembly instructions,"Ein Heft, das erklärt, wie man etwas aufbaut.",Bitte lies zuerst die Montageanleitung.,,,,,,,,,,,,,,beruf|Können Sie mir helfen?,373
B2-0374,Geldbeutel,der,,geldbeutel,B2,Linie B2 Beruf,Kapitel 5 – Aktiv im Handwerk,n,Wallet / Purse,Eine Tasche für Geld (Süddeutsch).,Ich habe meinen Geldbeutel zu Hause vergessen.,,,,,,,,,,,,,,beruf|Können Sie mir helfen?,374
B2-0375,allein klarkommen,,,allein klarkommen,B2,Linie B2 Beruf,Kapitel 5 – Aktiv im Handwerk,v,To manage alone,Eine Aufgabe ohne Hilfe schaffen.,"Danke, ich komme mit der Reparatur allein klar.",,,,,,,,,,,,,,beruf|Können Sie mir helfen?,375
B2-0376,Haupthahn,der,¨e,haupthahn,B2,Linie B2 Beruf,Kapitel 5 – Aktiv im Handwerk,n,Main tap / Water valve,"Das Ventil, das das ganze Wasser im Haus stoppt.",Drehen Sie bei einem Rohrbruch sofort den Haupthahn zu.,,,,,,,,,,,,,,beruf|Können Sie mir helfen?,376
B2-0377,zudrehen,,,zudrehen,B2,Linie B2 Beruf,Kapitel 5 – Aktiv im Handwerk,v,To turn off / Close,Einen Hahn schließen.,Hast du das Gas zugedreht?,,,,,,,,,,,,,,beruf|Können Sie mir helfen?,377
B2-0378,ablassen,,,ablassen,B2,Linie B2 Beruf,Kapitel 5 – Aktiv im Handwerk,v,To drain (water),Wasser aus einem Behälter fließen lassen.,Du musst zuerst das Wasser aus der Heizung ablassen.,,,,,,,,,,,,,,beruf|Können Sie mir helfen?,378
B2-0379,Ventil,das,-e,ventil,B2,Linie B2 Beruf,Kapitel 5 – Aktiv im Handwerk,n,Valve,Ein Teil zum Regeln von Luft oder Wasser.,Das Ventil am Reifen ist kaputt.,,,,,,,,,,,,,,beruf|Können Sie mir helfen?,379
B2-0380,wickeln,,,wickeln,B2,Linie B2 Beruf,Kapitel 5 – Aktiv im Handwerk,v,To change (a baby's diaper),Einem Baby eine frische Windel anziehen.,Der Vater muss das Baby gerade wickeln.,,,,,,,,,,,,,,beruf|Können Sie mir helfen?,380
B2-0381,abdecken,,,abdecken,B2,Linie B2 Beruf,Kapitel 5 – Aktiv im Handwerk,v,To cover up,"Etwas schützen, indem man etwas darüber legt.",Beim Streichen musst du die Möbel abdecken.,,,,,,,,,,,,,,beruf|Können Sie mir helfen?,381
B2-0382,Klappe,die,-n,klappe,B2,Linie B2 Beruf,Kapitel 5 – Aktiv im Handwerk,n,Flap / Lid,Eine bewegliche Abdeckung.,Mach bitte die Klappe vom Briefkasten zu.,,,,,,,,,,,,,,beruf|Können Sie mir helfen?,382
B2-0383,die Grundlage legen,,,die grundlage legen,B2,Linie B2 Beruf,Kapitel 5 – Aktiv im Handwerk,phrase,To lay the foundation,Den ersten wichtigen Schritt machen.,Mit dieser Ausbildung legst du die Grundlage für deine Karriere.,,,,,,,,,,,,,,beruf|Das kann man besser machen,383
B2-0384,intern – extern,,,intern – extern,B2,Linie B2 Beruf,Kapitel 5 – Aktiv im Handwerk,phrase,Internal – External,Drinnen – draußen (innerhalb/außerhalb der Firma).,"Wir suchen eine Lösung, egal ob intern oder extern.",,,,,,,,,,,,,,beruf|Das kann man besser machen,384
B2-0385,Arbeitsbereich,der,-e,arbeitsbereich,B2,Linie B2 Beruf,Kapitel 5 – Aktiv im Handwerk,n,Workspace / Area of work,"Der Platz oder das Thema, an dem man arbeitet.",In meinem Arbeitsbereich ist es oft sehr laut.,,,,,,,,,,,,,,beruf|Das kann man besser machen,385
B2-0386,Mobbing,das,,mobbing,B2,Linie B2 Beruf,Kapitel 5 – Aktiv im Handwerk,n,Bullying,Wenn jemand bei der Arbeit schikaniert wird.,Die Firma hat strenge Regeln gegen Mobbing.,,,,,,,,,,,,,,beruf|Das kann man besser machen|nur Singular,386
B2-0387,"ausgerechnet dann, wenn...",,,"ausgerechnet dann, wenn...",B2,Linie B2 Beruf,Kapitel 5 – Aktiv im Handwerk,phrase,"Of all times, when...",Genau in dem unpassenden Moment.,"Das Auto geht ausgerechnet dann kaputt, wenn wir in den Urlaub wollen.",,,,,,,,,,,,,,beruf|Das kann man besser machen,387
B2-0388,vor Ort,,,vor ort,B2,Linie B2 Beruf,Kapitel 5 – Aktiv im Handwerk,phrase,On site / Locally,"Direkt an der Stelle, wo etwas passiert.",Unser Techniker hilft Ihnen direkt vor Ort.,,,,,,,,,,,,,,beruf|Das kann man besser machen,388
B2-0389,vereinfachen,,,vereinfachen,B2,Linie B2 Beruf,Kapitel 5 – Aktiv im Handwerk,v,To simplify,Etwas leichter machen.,Wir müssen den Prozess vereinfachen.,,,,,,,,,,,,,,beruf|Das kann man besser machen,389
B2-0390,verbilligen,,,verbilligen,B2,Linie B2 Beruf,Kapitel 5 – Aktiv im Handwerk,v,To make cheaper,Den Preis senken.,Durch Massenproduktion kann man Produkte verbilligen.,,,,,,,,,,,,,,beruf|Das kann man besser machen,390
B2-0391,Instandhaltung,die,,instandhaltung,B2,Linie B2 Beruf,Kapitel 5 – Aktiv im Handwerk,n,Maintenance,"Dafür sorgen, dass etwas in gutem Zustand bleibt.",Die Instandhaltung der Maschinen ist sehr teuer.,,,,,,,,,,,,,,beruf|Das kann man besser machen|nur Singular,391
B2-0392,Wartung,die,,wartung,B2,Linie B2 Beruf,Kapitel 5 – Aktiv im Handwerk,n,Servicing / Maintenance,Regelmäßige Kontrolle technischer Geräte.,Die Heizung braucht einmal im Jahr eine Wartung.,,,,,,,,,,,,,,beruf|Das kann man besser machen|nur Singular,392
B2-0393,senken,,,senken,B2,Linie B2 Beruf,Kapitel 5 – Aktiv im Handwerk,v,To lower / reduce,Etwas weniger machen (z.B. Kosten).,Wir wollen den Energieverbrauch senken.,,,,,,,,,,,,,,beruf|Das kann man besser machen,393
B2-0394,Eingangsbestätigung,die,,eingangsbestatigung,B2,Linie B2 Beruf,Kapitel 5 – Aktiv im Handwerk,n,Acknowledgment of receipt,"Ein Brief, der sagt: ""Wir haben Ihre Nachricht erhalten"".",Ich habe heute die Eingangsbestätigung für meine Bewerbung bekommen.,,,,,,,,,,,,,,beruf|Das kann man besser machen,394
B2-0395,sorgfältig,,,sorgfaltig,B2,Linie B2 Beruf,Kapitel 5 – Aktiv im Handwerk,adj,Careful / Thorough,Mit großer Genauigkeit.,Bitte füllen Sie das Formular sorgfältig aus.,,,,,,,,,,,,,,beruf|Das kann man besser machen,395
B2-0396,umsetzen,,,umsetzen,B2,Linie B2 Beruf,Kapitel 5 – Aktiv im Handwerk,v,To implement (a suggestion),Eine Idee in die Realität bringen.,Wir werden Ihren Vorschlag sofort umsetzen.,,,,,,,,,,,,,,beruf|Das kann man besser machen,396
B2-0397,unterkommen,,,unterkommen,B2,Linie B2 Beruf,Kapitel 5 – Aktiv im Handwerk,v,To find a place / Get a job,Eine Stelle oder Unterkunft finden.,Er ist in einer großen Schreinerei untergekommen.,,,,,,,,,,,,,,beruf|Die Zukunft des Handwerks,397
B2-0398,unternehmen,,,unternehmen,B2,Linie B2 Beruf,Kapitel 5 – Aktiv im Handwerk,v,To undertake / To do,Etwas aktiv machen oder starten.,Wir müssen etwas gegen den Lärm unternehmen.,,,,,,,,,,,,,,beruf|Die Zukunft des Handwerks,398
B2-0399,sich fit machen,,,sich fit machen,B2,Linie B2 Beruf,Kapitel 5 – Aktiv im Handwerk,v,To get ready / Train for,Sich vorbereiten oder trainieren.,Ich mache mich fit für die Prüfung.,,,,,Verben mit Präposition,für,Akkusativ,,,,,,,beruf|Die Zukunft des Handwerks,399
B2-0400,duale Ausbildung,die,,duale ausbildung,B2,Linie B2 Beruf,Kapitel 5 – Aktiv im Handwerk,n,Dual training system,Ausbildung in der Berufsschule und im Betrieb gleichzeitig.,Die duale Ausbildung ist in Deutschland sehr beliebt.,,,,,,,,,,,,,,beruf|Die Zukunft des Handwerks,400
B2-0401,durchlaufen,,,durchlaufen,B2,Linie B2 Beruf,Kapitel 5 – Aktiv im Handwerk,v,To go through / complete,Einen Prozess von Anfang bis Ende machen.,Er hat alle Abteilungen der Firma durchlaufen.,,,,,,,,,,,,,,beruf|Ergänzung zu Kapitel 5,401
B2-0402,einen guten Ruf haben,,,einen guten ruf haben,B2,Linie B2 Beruf,Kapitel 5 – Aktiv im Handwerk,phrase,To have a good reputation,Wenn viele Leute positiv über jemanden denken.,Unser Ausbildungsbetrieb hat einen sehr guten Ruf.,,,,,,,,,,,,,,beruf|Ergänzung zu Kapitel 5,402
B2-0403,Ausbildungsbetrieb,der,-e,ausbildungsbetrieb,B2,Linie B2 Beruf,Kapitel 5 – Aktiv im Handwerk,n,Training company,"Die Firma, in der man einen Beruf lernt.",Mein Ausbildungsbetrieb ist eine große Schreinerei.,,,,,,,,,,,,,,beruf|Ergänzung zu Kapitel 5,403
B2-0404,Berufsschule,die,-n,berufsschule,B2,Linie B2 Beruf,Kapitel 5 – Aktiv im Handwerk,n,Vocational school,Schule für die Theorie während der Ausbildung.,Er geht montags immer in die Berufsschule.,,,,,,,,,,,,,,beruf|Ergänzung zu Kapitel 5,404
B2-0405,Schulabgänger,der,,schulabganger,B2,Linie B2 Beruf,Kapitel 5 – Aktiv im Handwerk,n,School leaver,"Jemand, der gerade die Schule beendet hat.",Viele Schulabgänger suchen im August eine Stelle.,,,,,,,,,,,,,,beruf|Ergänzung zu Kapitel 5,405
B2-0406,durchführen,,,durchfuhren,B2,Linie B2 Beruf,Kapitel 5 – Aktiv im Handwerk,v,To carry out / conduct,Eine Aufgabe oder Aktion erledigen.,Wir müssen eine Wartung an der Maschine durchführen.,,,,,,,,,,,,,,beruf|Ergänzung zu Kapitel 5,406
B2-0407,etwas überdenken,,,etwas uberdenken,B2,Linie B2 Beruf,Kapitel 5 – Aktiv im Handwerk,v,To rethink / reconsider,Noch einmal genau über etwas nachdenken.,Ich muss meine Entscheidung noch einmal überdenken.,,,,,,,,,,,,,,beruf|Ergänzung zu Kapitel 5,407
B2-0408,sich überzeugen,,,sich uberzeugen,B2,Linie B2 Beruf,Kapitel 5 – Aktiv im Handwerk,v,To convince oneself,"Sicherstellen, dass etwas gut oder wahr ist.",Ich möchte mich selbst von der Qualität überzeugen.,,,,,Verben mit Präposition,von,Dativ,,,,,,,beruf|Ergänzung zu Kapitel 5,408
B2-0409,Geflüchtete,der/die,-n,gefluchtete,B2,Linie B2 Beruf,Kapitel 5 – Aktiv im Handwerk,n,Refugee,"Jemand, der aus seiner Heimat fliehen musste.",Der Betrieb stellt zwei Geflüchtete als Azubis ein.,,,,,,,,,,,,,,beruf|Ergänzung zu Kapitel 5,409
B2-0410,jdm. etwas ermöglichen,,,jdm. etwas ermoglichen,B2,Linie B2 Beruf,Kapitel 5 – Aktiv im Handwerk,phrase,To enable / make possible,"Jemandem die Chance geben, etwas zu tun.",Das Stipendium ermöglicht ihr das Studium.,,,,,,,,,,,,,,beruf|Ergänzung zu Kapitel 5,410
B2-0411,nachhaltig,,,nachhaltig,B2,Linie B2 Beruf,Kapitel 5 – Aktiv im Handwerk,adj,Sustainable,"Etwas, das lange Zeit einen positiven Effekt hat.",Wir suchen eine nachhaltige Lösung für das Problem.,,,,,,,,,,,,,,beruf|Ergänzung zu Kapitel 5,411
B2-0412,eingeschränkt,,,eingeschrankt,B2,Linie B2 Beruf,Kapitel 5 – Aktiv im Handwerk,adj,Restricted / Limited,Mit Grenzen; nicht voll funktionsfähig.,Meine Bewegungsfreiheit ist durch den Verband eingeschränkt.,,,,,,,,,,,,,,beruf|Ergänzung zu Kapitel 5,412
B2-0413,überlaufen,,,uberlaufen,B2,Linie B2 Beruf,Kapitel 5 – Aktiv im Handwerk,v,To overflow / crowded,Wenn etwas zu voll ist (z.B. ein Eimer oder ein Ort).,Das Fach ist sehr beliebt und völlig überlaufen.,,,,,,,,,,,,,,beruf|Ergänzung zu Kapitel 5,413
B2-0414,unpraktisch,,,unpraktisch,B2,Linie B2 Beruf,Kapitel 5 – Aktiv im Handwerk,adj,Impractical,Nicht nützlich oder schwer zu benutzen.,Diese Werkzeugkiste ist leider sehr unpraktisch.,,,,,,,,,,,,,,beruf|Ergänzung zu Kapitel 5,414
B2-0415,digital,,,digital,B2,Linie B2 Beruf,Kapitel 5 – Aktiv im Handwerk,adj,Digital,Elektronisch; mit Computern verbunden.,Die Firma stellt alle Prozesse auf digital um.,,,,,,,,,,,,,,beruf|Ergänzung zu Kapitel 5,415
B2-0416,etw. umgehen,,,etw. umgehen,B2,Linie B2 Beruf,Kapitel 5 – Aktiv im Handwerk,v,To bypass / avoid,Einen Umweg machen oder ein Problem vermeiden.,Wir können die Baustelle über die Dörfer umgehen.,,,,,,,,,,,,,,beruf|Ergänzung zu Kapitel 5,416
B2-0417,Messung,die,-en,messung,B2,Linie B2 Beruf,Kapitel 5 – Aktiv im Handwerk,n,Measurement,Das Feststellen einer Größe oder Menge.,Die Messung der Temperatur ist sehr wichtig.,,,,,,,,,,,,,,beruf|Ergänzung zu Kapitel 5,417
B2-0418,Auswirkung,die,-en,auswirkung,B2,Linie B2 Beruf,Kapitel 5 – Aktiv im Handwerk,n,Impact / Effect,Die Folge einer Handlung.,Die Krise hat große Auswirkungen auf die Branche.,,,,,,,,,,,,,,beruf|Ergänzung zu Kapitel 5,418
B2-0419,widersprechen,,,widersprechen,B2,Linie B2 Beruf,Kapitel 5 – Aktiv im Handwerk,v,To contradict,"Sagen, dass etwas falsch ist.","Ich muss Ihnen leider widersprechen, das stimmt nicht.",,,,,,,,,,,,,,beruf|Ergänzung zu Kapitel 5,419
B2-0420,jdn. unter Druck setzen,,,jdn. unter druck setzen,B2,Linie B2 Beruf,Kapitel 5 – Aktiv im Handwerk,phrase,To put someone under pressure,"Jemanden zwingen, schneller zu arbeiten.",Der Zeitplan setzt das Team stark unter Druck.,,,,,,,,,,,,,,beruf|Ergänzung zu Kapitel 5,420
B2-0421,Design,das,-s,design,B2,Linie B2 Beruf,Kapitel 5 – Aktiv im Handwerk,n,Design,Das Aussehen oder die Gestaltung von etwas.,Das Design der neuen Möbel ist sehr modern.,,,,,,,,,,,,,,beruf|Ergänzung zu Kapitel 5,421
B2-0422,umarmen,,,umarmen,B2,Linie B2 Beruf,Kapitel 5 – Aktiv im Handwerk,v,To hug,Jemanden mit den Armen halten.,Zur Begrüßung umarmen sie sich kurz.,,,,,,,,,,,,,,beruf|Ergänzung zu Kapitel 5,422
B2-0423,die Kosten überschlagen,,,die kosten uberschlagen,B2,Linie B2 Beruf,Kapitel 5 – Aktiv im Handwerk,phrase,To estimate the costs,Die Kosten grob im Kopf ausrechnen.,Können Sie die Kosten für die Reparatur kurz überschlagen?,,,,,,,,,,,,,,beruf|Ergänzung zu Kapitel 5,423
B2-0424,Region,die,-en,region,B2,Linie B2 Beruf,Kapitel 6 – Arbeit in der Metropolregion,n,Region,Ein bestimmtes Gebiet eines Landes.,Diese Region ist bekannt für ihren Wein.,,,,,,,,,,,,,,beruf|Eine Region in Südwestdeutschland,424
B2-0425,Industrieunternehmen,das,,industrieunternehmen,B2,Linie B2 Beruf,Kapitel 6 – Arbeit in der Metropolregion,n,Industrial company,"Eine Firma, die Produkte in Fabriken herstellt.",Das große Industieunternehmen sucht neue Ingenieure.,,,,,,,,,,,,,,beruf|Eine Region in Südwestdeutschland,425
B2-0426,öffentliche Nahverkehr,der,,offentliche nahverkehr,B2,Linie B2 Beruf,Kapitel 6 – Arbeit in der Metropolregion,n,Public transport,"Busse, S-Bahnen und Straßenbahnen.",Der öffentliche Nahverkehr (ÖPNV) ist hier sehr günstig.,,,,,,,,,,,,,,beruf|Eine Region in Südwestdeutschland,426
B2-0427,Aspekt,der,-e,aspekt,B2,Linie B2 Beruf,Kapitel 6 – Arbeit in der Metropolregion,n,Aspect,Ein Teilpunkt eines Themas.,Wir müssen alle Aspekte der Planung beachten.,,,,,,,,,,,,,,beruf|Eine Region in Südwestdeutschland,427
B2-0428,Rathaus,das,¨er,rathaus,B2,Linie B2 Beruf,Kapitel 6 – Arbeit in der Metropolregion,n,Town hall,Sitz der Stadtverwaltung.,Wir müssen im Rathaus unseren Wohnsitz anmelden.,,,,,,,,,,,,,,beruf|Eine Region in Südwestdeutschland,428
B2-0429,Lottogewinn,der,-e,lottogewinn,B2,Linie B2 Beruf,Kapitel 6 – Arbeit in der Metropolregion,n,Lottery win,"Geld, das man beim Glücksspiel gewinnt.",Mit einem Lottogewinn würde er sofort kündigen.,,,,,,,,,,,,,,beruf|Eine Reportage,429
B2-0430,wirtschaftlich,,,wirtschaftlich,B2,Linie B2 Beruf,Kapitel 6 – Arbeit in der Metropolregion,adj,Economic / Financial,Die Wirtschaft betreffend.,Die Lage der Firma ist wirtschaftlich sehr stabil.,,,,,,,,,,,,,,beruf|Eine Reportage,430
B2-0431,sich Gedanken machen,,,sich gedanken machen,B2,Linie B2 Beruf,Kapitel 6 – Arbeit in der Metropolregion,v,To reflect / worry,Über etwas intensiv nachdenken.,Ich mache mir Gedanken über meine Zukunft.,,,,,,,,,,,,,,beruf|Eine Reportage,431
B2-0432,demografisch,,,demografisch,B2,Linie B2 Beruf,Kapitel 6 – Arbeit in der Metropolregion,adj,Demographic,Die Bevölkerung betreffend.,Der demografische Wandel ist eine Herausforderung.,,,,,,,,,,,,,,beruf|Eine Reportage,432
B2-0433,Entwicklung,die,-en,entwicklung,B2,Linie B2 Beruf,Kapitel 6 – Arbeit in der Metropolregion,n,Development,Wenn sich etwas verändert oder wächst.,Die Entwicklung der Region ist sehr positiv.,,,,,,,,,,,,,,beruf|Eine Reportage,433
B2-0434,einheimisch,,,einheimisch,B2,Linie B2 Beruf,Kapitel 6 – Arbeit in der Metropolregion,adj,Local / Native,Von hier stammend.,Die einheimische Bevölkerung feiert jedes Jahr ein Fest.,,,,,,,,,,,,,,beruf|Eine Reportage,434
B2-0435,Bevölkerung,die,-en,bevolkerung,B2,Linie B2 Beruf,Kapitel 6 – Arbeit in der Metropolregion,n,Population,"Alle Menschen, die an einem Ort leben.",Die Bevölkerung in der Stadt wächst schnell.,,,,,,,,,,,,,,beruf|Eine Reportage,435
B2-0436,Zuwanderung,die,-en,zuwanderung,B2,Linie B2 Beruf,Kapitel 6 – Arbeit in der Metropolregion,n,Immigration,Wenn Menschen ins Land ziehen.,Die Zuwanderung hilft gegen den Fachkräftemangel.,,,,,,,,,,,,,,beruf|Eine Reportage,436
B2-0437,duale Hochschule,die,,duale hochschule,B2,Linie B2 Beruf,Kapitel 6 – Arbeit in der Metropolregion,n,Dual university,Hochschule mit Praxisphasen im Betrieb.,Er studiert BWL an einer dualen Hochschule.,,,,,,,,,,,,,,beruf|Eine Reportage,437
B2-0438,Fahrzeit,die,-en,fahrzeit,B2,Linie B2 Beruf,Kapitel 6 – Arbeit in der Metropolregion,n,Travel time / Commute,Wie lange man von A nach B braucht.,Meine Fahrzeit zur Arbeit beträgt 40 Minuten.,,,,,,,,,,,,,,beruf|Eine Reportage,438
B2-0439,in Kauf nehmen,,,in kauf nehmen,B2,Linie B2 Beruf,Kapitel 6 – Arbeit in der Metropolregion,phrase,To accept / put up with,Etwas Negatives für ein Ziel akzeptieren.,Für das gute Gehalt muss er viel Stress in Kauf nehmen.,,,,,,,,,,,,,,beruf|Eine Reportage,439
B2-0440,Freibad,das,¨er,freibad,B2,Linie B2 Beruf,Kapitel 6 – Arbeit in der Metropolregion,n,Outdoor swimming pool,Ein Schwimmbad unter freiem Himmel.,Im Sommer gehen wir jeden Tag ins Freibad.,,,,,,,,,,,,,,beruf|Eine Reportage,440
B2-0441,vielfältig,,,vielfaltig,B2,Linie B2 Beruf,Kapitel 6 – Arbeit in der Metropolregion,adj,Diverse / Varied,Mit vielen verschiedenen Möglichkeiten.,Das Kulturangebot in der Stadt ist sehr vielfältig.,,,,,,,,,,,,,,beruf|Eine Reportage,441
B2-0442,Freizeitangebot,das,-e,freizeitangebot,B2,Linie B2 Beruf,Kapitel 6 – Arbeit in der Metropolregion,n,Leisure facilities,"Dinge, die man in der Freizeit tun kann.",Die Region bietet ein tolles Freizeitangebot.,,,,,,,,,,,,,,beruf|Eine Reportage,442
B2-0443,knapp sein/werden,,,knapp sein/werden,B2,Linie B2 Beruf,Kapitel 6 – Arbeit in der Metropolregion,v,To be/become scarce,Wenn es von etwas zu wenig gibt.,Bezahlbare Wohnungen sind in der Stadt knapp.,,,,,,,,,,,,,,beruf|Eine Reportage,443
B2-0444,die Kosten tragen,,,die kosten tragen,B2,Linie B2 Beruf,Kapitel 6 – Arbeit in der Metropolregion,phrase,To bear the costs,Die Rechnung bezahlen.,Die Versicherung wird die Kosten für den Schaden tragen.,,,,,,,,,,,,,,beruf|Eine Reportage,444
B2-0445,Einfluss nehmen,,,einfluss nehmen,B2,Linie B2 Beruf,Kapitel 6 – Arbeit in der Metropolregion,v,To influence / exert influence,"Versuchen, eine Entscheidung zu steuern.",Die Politik möchte auf die Wirtschaft Einfluss nehmen.,,,,,,,,,,,,,,beruf|Eine Reportage,445
B2-0446,jmd. Hilfe leisten,,,jmd. hilfe leisten,B2,Linie B2 Beruf,Kapitel 6 – Arbeit in der Metropolregion,phrase,To provide help,Jemandem aktiv helfen.,Bei einem Unfall muss man Erste Hilfe leisten.,,,,,,,,,,,,,,beruf|Eine Reportage,446
B2-0447,etwas kostet Zeit und Kraft,,,etwas kostet zeit und kraft,B2,Linie B2 Beruf,Kapitel 6 – Arbeit in der Metropolregion,phrase,It takes time and effort,Eine anstrengende Aufgabe sein.,Das Projekt kostet uns viel Zeit und Kraft.,,,,,,,,,,,,,,beruf|Eine Reportage,447
B2-0448,jmd. unterstützen,,,jmd. unterstutzen,B2,Linie B2 Beruf,Kapitel 6 – Arbeit in der Metropolregion,v,To support someone,Jemandem bei einer Aufgabe helfen.,Meine Kollegen unterstützen mich bei der Arbeit.,,,,,,,,,,,,,,beruf|Eine Reportage,448
B2-0449,ein Gespräch führen,,,ein gesprach fuhren,B2,Linie B2 Beruf,Kapitel 6 – Arbeit in der Metropolregion,phrase,To have a conversation,Mit jemandem über etwas reden.,Ich muss mit dem Chef ein Gespräch führen.,,,,,,,,,,,,,,beruf|Eine Reportage,449
B2-0450,Studiengebühren,die,,studiengebuhren,B2,Linie B2 Beruf,Kapitel 6 – Arbeit in der Metropolregion,n,Tuition fees,Geld für das Studium an der Universität.,Er muss jedes Semester Studiengebühren zahlen.,,,,,,,,,,,,,,beruf|Eine Reportage,450
B2-0451,Arbeitsmarkt,der,¨e,arbeitsmarkt,B2,Linie B2 Beruf,Kapitel 6 – Arbeit in der Metropolregion,n,Labor market,Angebot und Nachfrage bei Jobs.,Auf dem Arbeitsmarkt fehlen viele Fachkräfte.,,,,,,,,,,,,,,beruf|Eine Reportage,451
B2-0452,duale Studium,das,,duale studium,B2,Linie B2 Beruf,Kapitel 6 – Arbeit in der Metropolregion,n,Dual study program,Studium und Arbeit gleichzeitig.,Ein duales Studium ist sehr anstrengend aber gut.,,,,,,,,,,,,,,beruf|Haki Jelimo bewirbt sich,452
B2-0453,Ausbildungsdauer,die,,ausbildungsdauer,B2,Linie B2 Beruf,Kapitel 6 – Arbeit in der Metropolregion,n,Duration of training,Wie lange die Ausbildung dauert.,Die Ausbildungsdauer beträgt drei Jahre.,,,,,,,,,,,,,,beruf|Haki Jelimo bewirbt sich,453
B2-0454,mithilfe von,,,mithilfe von,B2,Linie B2 Beruf,Kapitel 6 – Arbeit in der Metropolregion,phrase,With the help of,Etwas mit Unterstützung erledigen.,Ich habe den Schrank mithilfe meines Bruders aufgebaut.,,,,,,,,,,,,,,beruf|Haki Jelimo bewirbt sich,454
B2-0455,beiliegende Zeugnisse,,,beiliegende zeugnisse,B2,Linie B2 Beruf,Kapitel 6 – Arbeit in der Metropolregion,phrase,Enclosed certificates,"Dokumente, die in einem Brief dabei sind.",Bitte beachten Sie meine beiliegenden Zeugnisse.,,,,,,,,,,,,,,beruf|Haki Jelimo bewirbt sich,455
B2-0456,Schwerpunkt,der,-e,schwerpunkt,B2,Linie B2 Beruf,Kapitel 6 – Arbeit in der Metropolregion,n,Focus / Emphasis,Das wichtigste Thema einer Sache.,Der Schwerpunkt meines Studiums liegt auf Marketing.,,,,,,,,,,,,,,beruf|Haki Jelimo bewirbt sich,456
B2-0457,Semesterferien,die,,semesterferien,B2,Linie B2 Beruf,Kapitel 6 – Arbeit in der Metropolregion,n,Semester break,Die vorlesungsfreie Zeit an der Uni.,In den Semesterferien mache ich ein Praktikum.,,,,,,,,,,,,,,beruf|Haki Jelimo bewirbt sich,457
B2-0458,Bereich,der,-e,bereich,B2,Linie B2 Beruf,Kapitel 6 – Arbeit in der Metropolregion,n,Area / Sector,Ein bestimmtes Feld (z.B. IT-Bereich).,In welchem Bereich möchten Sie arbeiten?,,,,,,,,,,,,,,beruf|Haki Jelimo bewirbt sich,458
B2-0459,Bedarf,der,,bedarf,B2,Linie B2 Beruf,Kapitel 6 – Arbeit in der Metropolregion,n,Demand / Need,Was aktuell gebraucht wird.,Es gibt einen großen Bedarf an Pflegekräften.,,,,,,,,,,,,,,beruf|Haki Jelimo bewirbt sich|nur Singular,459
B2-0460,Markt,der,¨e,markt,B2,Linie B2 Beruf,Kapitel 6 – Arbeit in der Metropolregion,n,Market,Ort für Handel oder wirtschaftliche Lage.,Der Markt für Smartphones ist hart umkämpft.,,,,,,,,,,,,,,beruf|Haki Jelimo bewirbt sich,460
B2-0461,ehrenamtlich tätig sein,,,ehrenamtlich tatig sein,B2,Linie B2 Beruf,Kapitel 6 – Arbeit in der Metropolregion,phrase,To volunteer,Ohne Bezahlung für die Gesellschaft arbeiten.,Er ist ehrenamtlich im Sportverein tätig.,,,,,,,,,,,,,,beruf|Haki Jelimo bewirbt sich,461
B2-0462,über-/unterdurchschnittlich,,,uber-/unterdurchschnittlich,B2,Linie B2 Beruf,Kapitel 6 – Arbeit in der Metropolregion,adj,Above/below average,Besser oder schlechter als die Mitte.,Seine Leistungen sind überdurchschnittlich gut.,,,,,,,,,,,,,,beruf|Haki Jelimo bewirbt sich,462
B2-0463,Arbeitsvertrag,der,¨e,arbeitsvertrag,B2,Linie B2 Beruf,Kapitel 6 – Arbeit in der Metropolregion,n,Employment contract,Vertrag über Rechte und Pflichten im Job.,Ich habe heute den Arbeitsvertrag unterschrieben.,,,,,,,,,,,,,,beruf|Haki hat die Stelle bekommen!,463
B2-0464,Laufzeit,die,-en,laufzeit,B2,Linie B2 Beruf,Kapitel 6 – Arbeit in der Metropolregion,n,Term / Duration,Wie lange ein Vertrag gültig ist.,Die Laufzeit des Mietvertrags ist unbefristet.,,,,,,,,,,,,,,beruf|Haki hat die Stelle bekommen!,464
B2-0465,Vertragsbeginn,der,,vertragsbeginn,B2,Linie B2 Beruf,Kapitel 6 – Arbeit in der Metropolregion,n,Start of contract,"Das Datum, an dem die Arbeit anfängt.",Der Vertragsbeginn ist der erste September.,,,,,,,,,,,,,,beruf|Haki hat die Stelle bekommen!|nur Singular,465
B2-0466,innerhalb – außerhalb,,,innerhalb – ausserhalb,B2,Linie B2 Beruf,Kapitel 6 – Arbeit in der Metropolregion,phrase,Within – outside,Drinnen – draußen (zeitlich oder räumlich).,Bitte rufen Sie innerhalb der Geschäftszeiten an.,,,,,,,,,,,,,,beruf|Haki hat die Stelle bekommen!,466
B2-0467,Vergütung,die,-en,vergutung,B2,Linie B2 Beruf,Kapitel 6 – Arbeit in der Metropolregion,n,Remuneration / Salary,Gehalt oder Lohn für eine Leistung.,Die Vergütung während der Ausbildung ist festgelegt.,,,,,,,,,,,,,,beruf|Haki hat die Stelle bekommen!,467
B2-0468,betragen,,,betragen,B2,Linie B2 Beruf,Kapitel 6 – Arbeit in der Metropolregion,v,To amount to,Wenn etwas eine bestimmte Größe hat.,Die Miete beträgt 800 Euro pro Monat.,,,,,,,,,,,,,,beruf|Haki hat die Stelle bekommen!,468
B2-0469,betrieblich,,,betrieblich,B2,Linie B2 Beruf,Kapitel 6 – Arbeit in der Metropolregion,adj,Operational / Internal,Das Unternehmen betreffend.,Wir haben eine betriebliche Altersvorsorge.,,,,,,,,,,,,,,beruf|Haki hat die Stelle bekommen!,469
B2-0470,sich verpflichten,,,sich verpflichten,B2,Linie B2 Beruf,Kapitel 6 – Arbeit in der Metropolregion,v,To commit / pledge,Eine feste Zusage machen.,"Ich verpflichte mich, die Hausregeln einzuhalten.",,,,,,,,,,,,,,beruf|Haki hat die Stelle bekommen!,470
B2-0471,Ausscheiden,das,,ausscheiden,B2,Linie B2 Beruf,Kapitel 6 – Arbeit in der Metropolregion,n,Retirement / Leaving,Wenn man eine Firma oder einen Dienst verlässt.,Sein Ausscheiden aus der Firma war sehr schade.,,,,,,,,,,,,,,beruf|Haki hat die Stelle bekommen!|nur Singular,471
B2-0472,Bescheinigung,die,-en,bescheinigung,B2,Linie B2 Beruf,Kapitel 6 – Arbeit in der Metropolregion,n,Certificate / Confirmation,"Ein Papier, das etwas offiziell bestätigt.",Ich brauche eine Bescheinigung vom Arzt.,,,,,,,,,,,,,,beruf|Haki hat die Stelle bekommen!,472
B2-0473,Änderung,die,-en,anderung,B2,Linie B2 Beruf,Kapitel 6 – Arbeit in der Metropolregion,n,Change / Amendment,Wenn etwas anders gemacht wird.,Gab es eine Änderung im Dienstplan?,,,,,,,,,,,,,,beruf|Haki hat die Stelle bekommen!,473
B2-0474,Körperpflege,die,,korperpflege,B2,Linie B2 Beruf,Kapitel 6 – Arbeit in der Metropolregion,n,Personal hygiene,Sich waschen und pflegen.,Produkte für die Körperpflege sind dort im Angebot.,,,,,,,,,,,,,,beruf|Haki lernt die Region kennen|nur Singular,474
B2-0475,wetterfest,,,wetterfest,B2,Linie B2 Beruf,Kapitel 6 – Arbeit in der Metropolregion,adj,Weatherproof,Hält Regen und Wind aus.,Für die Wanderung brauchst du eine wetterfeste Jacke.,,,,,,,,,,,,,,beruf|Haki lernt die Region kennen,475
B2-0476,geheimnisvoll,,,geheimnisvoll,B2,Linie B2 Beruf,Kapitel 6 – Arbeit in der Metropolregion,adj,Mysterious,Wenn man nicht alles über etwas weiß.,Die alte Burg wirkt in der Nacht sehr geheimnisvoll.,,,,,,,,,,,,,,beruf|Haki lernt die Region kennen,476
B2-0477,weltberühmt,,,weltberuhmt,B2,Linie B2 Beruf,Kapitel 6 – Arbeit in der Metropolregion,adj,World-famous,Auf der ganzen Welt bekannt.,Das Schloss Neuschwanstein ist weltberühmt.,,,,,,,,,,,,,,beruf|Haki lernt die Region kennen,477
B2-0478,Ruine,die,-n,ruine,B2,Linie B2 Beruf,Kapitel 6 – Arbeit in der Metropolregion,n,Ruin,"Ein altes, zerstörtes Gebäude.",Wir haben die alte Kirchenruine besichtigt.,,,,,,,,,,,,,,beruf|Haki lernt die Region kennen,478
B2-0479,altersmäßig,,,altersmassig,B2,Linie B2 Beruf,Kapitel 6 – Arbeit in der Metropolregion,adj,According to age,Passend zum Lebensalter.,Die Gruppen sind altersmäßig aufgeteilt.,,,,,,,,,,,,,,beruf|Haki lernt die Region kennen,479
B2-0480,Begrenzung,die,-en,begrenzung,B2,Linie B2 Beruf,Kapitel 6 – Arbeit in der Metropolregion,n,Limitation / Boundary,Eine Grenze für etwas.,Es gibt eine zeitliche Begrenzung für den Test.,,,,,,,,,,,,,,beruf|Haki lernt die Region kennen,480
B2-0481,sich richten,,,sich richten,B2,Linie B2 Beruf,Kapitel 6 – Arbeit in der Metropolregion,v,To be aimed at,Für eine bestimmte Zielgruppe sein.,Das Buch richtet sich an Anfänger.,,,,,Verben mit Präposition,an,Akkusativ,,,,,,,beruf|Haki lernt die Region kennen,481
B2-0482,Überbrückung,die,-en,uberbruckung,B2,Linie B2 Beruf,Kapitel 6 – Arbeit in der Metropolregion,n,Bridging,Eine Lösung für eine Zwischenzeit.,"Das ist nur eine Überbrückung, bis das neue Teil da ist.",,,,,,,,,,,,,,beruf|Haki lernt die Region kennen,482
B2-0483,Druck,der,,druck,B2,Linie B2 Beruf,Kapitel 6 – Arbeit in der Metropolregion,n,Pressure,Kraft auf eine Fläche oder psychischer Stress.,Der Druck in der Schule ist manchmal sehr hoch.,,,,,,,,,,,,,,beruf|Haki lernt die Region kennen|nur Singular,483
B2-0484,Motiv,das,-e,motiv,B2,Linie B2 Beruf,Kapitel 6 – Arbeit in der Metropolregion,n,Motive / Design,Ein Grund oder ein Bild auf einem Stoff.,Was war dein Motiv für den Jobwechsel?,,,,,,,,,,,,,,beruf|Haki lernt die Region kennen,484
B2-0485,Methode,die,-n,methode,B2,Linie B2 Beruf,Kapitel 6 – Arbeit in der Metropolregion,n,Method,Ein systematischer Weg zum Ziel.,Kennst du eine gute Methode zum Sprachenlernen?,,,,,,,,,,,,,,beruf|Haki lernt die Region kennen,485
B2-0486,wertvoll – wertlos,,,wertvoll – wertlos,B2,Linie B2 Beruf,Kapitel 6 – Arbeit in der Metropolregion,phrase,Valuable – worthless,Viel wert – gar nichts wert.,Das alte Schmuckstück ist sehr wertvoll.,,,,,,,,,,,,,,beruf|Haki lernt die Region kennen,486
B2-0487,Grippe,die,,grippe,B2,Linie B2 Beruf,Kapitel 7 – Berufe im Gesundheitswesen,n,Flu / Influenza,Eine Infektionskrankheit mit Fieber.,Er liegt mit einer schweren Grippe im Bett.,,,,,,,,,,,,,,beruf|Was bedeutet für Sie Gesundheit?|nur Singular,487
B2-0488,Durchfall,der,,durchfall,B2,Linie B2 Beruf,Kapitel 7 – Berufe im Gesundheitswesen,n,Diarrhea,Wenn man sehr oft und flüssig zur Toilette muss.,Nach dem schlechten Essen hatte er Durchfall.,,,,,,,,,,,,,,beruf|Was bedeutet für Sie Gesundheit?|nur Singular,488
B2-0489,Krebs,der,,krebs,B2,Linie B2 Beruf,Kapitel 7 – Berufe im Gesundheitswesen,n,Cancer,Eine schwere Krankheit mit bösartigen Tumoren.,Die Früherkennung ist bei Krebs lebenswichtig.,,,,,,,,,,,,,,beruf|Was bedeutet für Sie Gesundheit?|nur Singular,489
B2-0490,Arznei,die,-en,arznei,B2,Linie B2 Beruf,Kapitel 7 – Berufe im Gesundheitswesen,n,Medicine / Medication,Ein Heilmittel gegen Krankheiten.,Nehmen Sie die Arznei dreimal täglich nach dem Essen.,,,,,,,,,,,,,,beruf|Was bedeutet für Sie Gesundheit?,490
B2-0491,Kapsel,die,-n,kapsel,B2,Linie B2 Beruf,Kapitel 7 – Berufe im Gesundheitswesen,n,Capsule,Eine Form von Medikamenten zum Schlucken.,Die Kapsel löst sich erst im Magen auf.,,,,,,,,,,,,,,beruf|Was bedeutet für Sie Gesundheit?,491
B2-0492,Antibiotikum,das,Antibiotika,antibiotikum,B2,Linie B2 Beruf,Kapitel 7 – Berufe im Gesundheitswesen,n,Antibiotic,Medikament gegen Bakterien.,Der Arzt hat mir ein Antibiotikum verschrieben.,,,,,,,,,,,,,,beruf|Was bedeutet für Sie Gesundheit?,492
B2-0493,Masseur,der,-e / die Masseurin,masseur,B2,Linie B2 Beruf,Kapitel 7 – Berufe im Gesundheitswesen,n,Masseur / Massage therapist,"Jemand, der beruflich Massagen gibt.",Nach dem Sport geht er zur Masseurin.,,,,,,,,,,,,,,beruf|Was bedeutet für Sie Gesundheit?,493
B2-0494,Logopäde,der,-n / die Logopädin,logopade,B2,Linie B2 Beruf,Kapitel 7 – Berufe im Gesundheitswesen,n,Speech therapist,Therapeut für Sprach- und Sprechstörungen.,"Das Kind geht zum Logopäden, um besser sprechen zu lernen.",,,,,,,,,,,,,,beruf|Was bedeutet für Sie Gesundheit?,494
B2-0495,Orthopäde,der,-n / die Orthopädin,orthopade,B2,Linie B2 Beruf,Kapitel 7 – Berufe im Gesundheitswesen,n,Orthopedist,Arzt für Knochen und Gelenke.,Wegen meiner Knieschmerzen muss ich zum Orthopäden.,,,,,,,,,,,,,,beruf|Was bedeutet für Sie Gesundheit?,495
B2-0496,Diagnose,die,-n,diagnose,B2,Linie B2 Beruf,Kapitel 7 – Berufe im Gesundheitswesen,n,Diagnosis,Die Feststellung einer Krankheit durch den Arzt.,Die Diagnose des Arztes war zum Glück nicht schlimm.,,,,,,,,,,,,,,beruf|Was bedeutet für Sie Gesundheit?,496
B2-0497,jemandem assistieren,,,jemandem assistieren,B2,Linie B2 Beruf,Kapitel 7 – Berufe im Gesundheitswesen,v,To assist someone,Jemandem bei der Arbeit helfen.,Die Krankenschwester assistiert dem Arzt bei der OP.,,,,,,,,,,,,,,beruf|Was bedeutet für Sie Gesundheit?,497
B2-0498,anleiten,,,anleiten,B2,Linie B2 Beruf,Kapitel 7 – Berufe im Gesundheitswesen,v,To guide / instruct,"Jemandem zeigen, wie man etwas macht.",Die Physiotherapeutin leitet den Patienten bei den Übungen an.,,,,,,,,,,,,,,beruf|Was bedeutet für Sie Gesundheit?,498
B2-0499,jemandem etwas verschreiben,,,jemandem etwas verschreiben,B2,Linie B2 Beruf,Kapitel 7 – Berufe im Gesundheitswesen,phrase,To prescribe something,Ein Rezept für ein Medikament schreiben.,Der Arzt verschreibt mir ein Mittel gegen Husten.,,,,,,,,,,,,,,beruf|Was bedeutet für Sie Gesundheit?,499
B2-0500,Physiotherapie,die,-n,physiotherapie,B2,Linie B2 Beruf,Kapitel 7 – Berufe im Gesundheitswesen,n,Physiotherapy,Krankengymnastik zur Heilung des Körpers.,Nach dem Unfall muss er zur Physiotherapie.,,,,,,,,,,,,,,beruf|Was bedeutet für Sie Gesundheit?,500
B2-0501,fördern,,,fordern,B2,Linie B2 Beruf,Kapitel 7 – Berufe im Gesundheitswesen,v,To promote / support,Etwas unterstützen oder verbessern.,Sport fördert die Gesundheit.,,,,,,,,,,,,,,beruf|Die Pflegerin Wanda Semionova hat Rückenschmerzen.,501
B2-0502,ansteckend,,,ansteckend,B2,Linie B2 Beruf,Kapitel 7 – Berufe im Gesundheitswesen,adj,Contagious,Wenn eine Krankheit von Mensch zu Mensch geht.,"Bleib zu Hause, deine Erkältung ist ansteckend!",,,,,,,,,,,,,,beruf|Die Pflegerin Wanda Semionova hat Rückenschmerzen.,502
B2-0503,Früherkennung,die,,fruherkennung,B2,Linie B2 Beruf,Kapitel 7 – Berufe im Gesundheitswesen,n,Early detection,"Eine Krankheit finden, bevor sie schlimm wird.",Die Früherkennung kann Leben retten.,,,,,,,,,,,,,,beruf|Die Pflegerin Wanda Semionova hat Rückenschmerzen.|nur Singular,503
B2-0504,Gesundheitscheck,der,-s,gesundheitscheck,B2,Linie B2 Beruf,Kapitel 7 – Berufe im Gesundheitswesen,n,Health check-up,Eine allgemeine Untersuchung beim Arzt.,Einmal im Jahr gehe ich zum Gesundheitscheck.,,,,,,,,,,,,,,beruf|Die Pflegerin Wanda Semionova hat Rückenschmerzen.,504
B2-0505,Impfpass,der,¨e,impfpass,B2,Linie B2 Beruf,Kapitel 7 – Berufe im Gesundheitswesen,n,Vaccination certificate,"Ein Dokument, in dem alle Impfungen stehen.",Bringen Sie bitte Ihren Impfpass mit in die Praxis.,,,,,,,,,,,,,,beruf|Die Pflegerin Wanda Semionova hat Rückenschmerzen.,505
B2-0506,Vorsorge,die,,vorsorge,B2,Linie B2 Beruf,Kapitel 7 – Berufe im Gesundheitswesen,n,Precaution / Preventive care,"Maßnahmen, um Krankheiten zu verhindern.",Vorsorge ist besser als Heilen.,,,,,,,,,,,,,,beruf|Die Pflegerin Wanda Semionova hat Rückenschmerzen.|nur Singular,506
B2-0507,Übertreibung,die,-en,ubertreibung,B2,Linie B2 Beruf,Kapitel 7 – Berufe im Gesundheitswesen,n,Exaggeration,"Wenn man etwas viel größer darstellt, als es ist.","Dass er todkrank ist, war eine totale Übertreibung.",,,,,,,,,,,,,,beruf|Die Pflegerin Wanda Semionova hat Rückenschmerzen.,507
B2-0508,Gleichgewicht,das,,gleichgewicht,B2,Linie B2 Beruf,Kapitel 7 – Berufe im Gesundheitswesen,n,Balance,"Ein Zustand, in dem man nicht umfällt.",Er verlor das Gleichgewicht und stürzte.,,,,,,,,,,,,,,beruf|Die Pflegerin Wanda Semionova hat Rückenschmerzen.|nur Singular,508
B2-0509,Basis,die,,basis,B2,Linie B2 Beruf,Kapitel 7 – Berufe im Gesundheitswesen,n,Basis / Foundation,Die Grundlage für etwas.,Eine gesunde Ernährung ist die Basis für Fitness.,,,,,,,,,,,,,,beruf|Die Pflegerin Wanda Semionova hat Rückenschmerzen.|nur Singular,509
B2-0510,akut,,,akut,B2,Linie B2 Beruf,Kapitel 7 – Berufe im Gesundheitswesen,adj,Acute,Plötzlich auftretend und heftig.,Er hat akute Schmerzen im Rücken.,,,,,,,,,,,,,,beruf|Ein Interview mit einem Krankenpfleger,510
B2-0511,ambulant,,,ambulant,B2,Linie B2 Beruf,Kapitel 7 – Berufe im Gesundheitswesen,adj,Outpatient,Behandlung ohne Übernachtung im Krankenhaus.,Die Operation wurde ambulant durchgeführt.,,,,,,,,,,,,,,beruf|Ein Interview mit einem Krankenpfleger,511
B2-0512,stationär,,,stationar,B2,Linie B2 Beruf,Kapitel 7 – Berufe im Gesundheitswesen,adj,Inpatient,Behandlung mit Übernachtung im Krankenhaus.,Der Patient muss für drei Tage stationär bleiben.,,,,,,,,,,,,,,beruf|Ein Interview mit einem Krankenpfleger,512
B2-0513,Lungenentzündung,die,-en,lungenentzundung,B2,Linie B2 Beruf,Kapitel 7 – Berufe im Gesundheitswesen,n,Pneumonia,Eine schwere Entzündung der Lunge.,Eine Lungenentzündung muss im Krankenhaus behandelt werden.,,,,,,,,,,,,,,beruf|Ein Interview mit einem Krankenpfleger,513
B2-0514,Pflegebericht,der,-e,pflegebericht,B2,Linie B2 Beruf,Kapitel 7 – Berufe im Gesundheitswesen,n,Nursing report,Eine Dokumentation über den Zustand eines Patienten.,Der Pfleger schreibt am Ende der Schicht den Pflegebericht.,,,,,,,,,,,,,,beruf|Ein Interview mit einem Krankenpfleger,514
B2-0515,Hospiz,das,-e,hospiz,B2,Linie B2 Beruf,Kapitel 7 – Berufe im Gesundheitswesen,n,Hospice,Ein Ort für Menschen am Ende ihres Lebens.,Sie arbeitet ehrenamtlich in einem Hospiz.,,,,,,,,,,,,,,beruf|Ein Interview mit einem Krankenpfleger,515
B2-0516,angewiesen sein,,,angewiesen sein,B2,Linie B2 Beruf,Kapitel 7 – Berufe im Gesundheitswesen,phrase,To be dependent on,Hilfe von jemandem oder etwas brauchen.,Er ist auf den Rollstuhl angewiesen.,,,,,Verben mit Präposition,auf,Akkusativ,,,,,,,beruf|Ein Interview mit einem Krankenpfleger,516
B2-0517,verpflichtend,,,verpflichtend,B2,Linie B2 Beruf,Kapitel 7 – Berufe im Gesundheitswesen,adj,Mandatory / Obligatory,"Etwas, das man tun muss (Pflicht).",Der Kurs ist für alle Mitarbeiter verpflichtend.,,,,,,,,,,,,,,beruf|Ein Interview mit einem Krankenpfleger,517
B2-0518,beabsichtigen,,,beabsichtigen,B2,Linie B2 Beruf,Kapitel 7 – Berufe im Gesundheitswesen,v,To intend,"Den Plan haben, etwas zu tun.","Wir beabsichtigen, die Station zu vergrößern.",,,,,,,,,,,,,,beruf|Ein Interview mit einem Krankenpfleger,518
B2-0519,befürchten,,,befurchten,B2,Linie B2 Beruf,Kapitel 7 – Berufe im Gesundheitswesen,v,To fear / suspect,"Denken, dass etwas Negatives passiert.","Ich befürchte, dass er wieder krank wird.",,,,,,,,,,,,,,beruf|Ein Interview mit einem Krankenpfleger,519
B2-0520,bedauern,,,bedauern,B2,Linie B2 Beruf,Kapitel 7 – Berufe im Gesundheitswesen,v,To regret,"Sagen, dass einem etwas leidtut.","Wir bedauern sehr, dass Sie gehen.",,,,,,,,,,,,,,beruf|Ein Interview mit einem Krankenpfleger,520
B2-0521,liebevoll,,,liebevoll,B2,Linie B2 Beruf,Kapitel 7 – Berufe im Gesundheitswesen,adj,Affectionate / Caring,Mit viel Liebe und Sorgfalt.,Sie kümmert sich sehr liebevoll um die Senioren.,,,,,,,,,,,,,,beruf|Ein Interview mit einem Krankenpfleger,521
B2-0522,Wert legen,,,wert legen,B2,Linie B2 Beruf,Kapitel 7 – Berufe im Gesundheitswesen,v,To set store by / value,Etwas als sehr wichtig betrachten.,Wir legen großen Wert auf Pünktlichkeit.,,,,,Verben mit Präposition,auf,Akkusativ,,,,,,,beruf|Ein Interview mit einem Krankenpfleger,522
B2-0523,Tour,die,-en,tour,B2,Linie B2 Beruf,Kapitel 7 – Berufe im Gesundheitswesen,n,Round / Circuit,"Die Runde, die eine Pflegekraft macht.",Ich fahre jetzt meine erste Tour zu den Patienten.,,,,,,,,,,,,,,beruf|Ein Arbeitstag in der Pflege,523
B2-0524,Kreislauf,der,,kreislauf,B2,Linie B2 Beruf,Kapitel 7 – Berufe im Gesundheitswesen,n,Circulation,Das System des Blutes im Körper.,Bei der Hitze hat sie Probleme mit dem Kreislauf.,,,,,,,,,,,,,,beruf|Ein Arbeitstag in der Pflege|nur Singular,524
B2-0525,Blutdruck,der,,blutdruck,B2,Linie B2 Beruf,Kapitel 7 – Berufe im Gesundheitswesen,n,Blood pressure,Der Druck des Blutes in den Adern.,Der Arzt misst den Blutdruck des Patienten.,,,,,,,,,,,,,,beruf|Ein Arbeitstag in der Pflege|nur Singular,525
B2-0526,Puls,der,,puls,B2,Linie B2 Beruf,Kapitel 7 – Berufe im Gesundheitswesen,n,Pulse,"Der Herzschlag, den man am Handgelenk fühlt.",Ihr Puls ist nach dem Laufen sehr hoch.,,,,,,,,,,,,,,beruf|Ein Arbeitstag in der Pflege|nur Singular,526
B2-0527,Vorrat,der,¨e,vorrat,B2,Linie B2 Beruf,Kapitel 7 – Berufe im Gesundheitswesen,n,Supply / Stock,"Dinge, die man für später lagert.",Wir haben einen großen Vorrat an Verbandsmaterial.,,,,,,,,,,,,,,beruf|Ein Arbeitstag in der Pflege,527
B2-0528,aggressiv,,,aggressiv,B2,Linie B2 Beruf,Kapitel 7 – Berufe im Gesundheitswesen,adj,Aggressive,Angreifend oder gewalttätig.,Manche Patienten werden im Alter leider aggressiv.,,,,,,,,,,,,,,beruf|Ein Arbeitstag in der Pflege,528
B2-0529,Pflegekraft,die,¨e,pflegekraft,B2,Linie B2 Beruf,Kapitel 7 – Berufe im Gesundheitswesen,n,Caregiver / Nurse,"Eine Person, die beruflich pflegt.",Wir brauchen dringend mehr Pflegekräfte.,,,,,,,,,,,,,,beruf|Ein Arbeitstag in der Pflege,529
B2-0530,etwas in den Griff bekommen,,,etwas in den griff bekommen,B2,Linie B2 Beruf,Kapitel 7 – Berufe im Gesundheitswesen,phrase,To get a handle on,Ein Problem unter Kontrolle bringen.,Wir müssen den Stress endlich in den Griff bekommen.,,,,,,,,,,,,,,beruf|Ein Arbeitstag in der Pflege,530
B2-0531,Fakten,die,,fakten,B2,Linie B2 Beruf,Kapitel 7 – Berufe im Gesundheitswesen,n,Facts,"Tatsachen, die man beweisen kann.",Im Bericht zählen nur die nackten Fakten.,,,,,,,,,,,,,,beruf|Der Pflegebericht,531
B2-0532,subjektiv,,,subjektiv,B2,Linie B2 Beruf,Kapitel 7 – Berufe im Gesundheitswesen,adj,Subjective ≠ Objective,Nach Gefühl ≠ Nach Fakten.,Berichte sollten objektiv und nicht subjektiv sein.,,objektiv,,,,,,,,,,,,beruf|Der Pflegebericht,532
B2-0533,Einschätzung,die,-en,einschatzung,B2,Linie B2 Beruf,Kapitel 7 – Berufe im Gesundheitswesen,n,Assessment / Appraisal,Eine Meinung oder Bewertung einer Situation.,Wie ist Ihre Einschätzung zum Zustand des Patienten?,,,,,,,,,,,,,,beruf|Der Pflegebericht,533
B2-0534,jemanden antreffen,,,jemanden antreffen,B2,Linie B2 Beruf,Kapitel 7 – Berufe im Gesundheitswesen,v,To find / meet someone,Jemanden an einem Ort finden.,Ich konnte den Arzt in seinem Büro nicht antreffen.,,,,,,,,,,,,,,beruf|Der Pflegebericht,534
B2-0535,klagen,,,klagen,B2,Linie B2 Beruf,Kapitel 7 – Berufe im Gesundheitswesen,v,To complain (about),Über Schmerzen oder Probleme sprechen.,Der Patient klagt über starke Kopfschmerzen.,,,,,Verben mit Präposition,über,Akkusativ,,,,,,,beruf|Der Pflegebericht,535
B2-0536,Schwindel,der,,schwindel,B2,Linie B2 Beruf,Kapitel 7 – Berufe im Gesundheitswesen,n,Dizziness,"Das Gefühl, dass sich alles dreht.",Ihm ist schlecht und er hat Schwindel.,,,,,,,,,,,,,,beruf|Der Pflegebericht|nur Singular,536
B2-0537,jemanden verständigen,,,jemanden verstandigen,B2,Linie B2 Beruf,Kapitel 7 – Berufe im Gesundheitswesen,v,To notify someone,Jemandem eine Information geben oder Hilfe rufen.,Bei einem Notfall müssen Sie den Arzt verständigen.,,,,,,,,,,,,,,beruf|Der Pflegebericht,537
B2-0538,eintreffen,,,eintreffen,B2,Linie B2 Beruf,Kapitel 7 – Berufe im Gesundheitswesen,v,To arrive,An einem Ort ankommen.,Der Krankenwagen wird in fünf Minuten eintreffen.,,,,,,,,,,,,,,beruf|Der Pflegebericht,538
B2-0539,jemanden motivieren,,,jemanden motivieren,B2,Linie B2 Beruf,Kapitel 7 – Berufe im Gesundheitswesen,v,To motivate someone,Jemandem Lust auf eine Aufgabe machen.,"Wir müssen ihn motivieren, wieder spazieren zu gehen.",,,,,,,,,,,,,,beruf|Der Pflegebericht,539
B2-0540,verwirrt,,,verwirrt,B2,Linie B2 Beruf,Kapitel 7 – Berufe im Gesundheitswesen,adj,Confused,Wenn man nicht klar denken kann.,Der alte Mann wirkt heute sehr verwirrt.,,,,,,,,,,,,,,beruf|Der Pflegebericht,540
B2-0541,Stufe,die,-n,stufe,B2,Linie B2 Beruf,Kapitel 7 – Berufe im Gesundheitswesen,n,Step / Level,Ein Teil einer Treppe oder eine Phase.,Wir müssen das Problem Stufe für Stufe lösen.,,,,,,,,,,,,,,beruf|Vereinfache dein Leben,541
B2-0542,durchschnittlich,,,durchschnittlich,B2,Linie B2 Beruf,Kapitel 7 – Berufe im Gesundheitswesen,adj,Average,Im Mittelwert.,Er arbeitet durchschnittlich 40 Stunden pro Woche.,,,,,,,,,,,,,,beruf|Vereinfache dein Leben,542
B2-0543,Klarheit,die,,klarheit,B2,Linie B2 Beruf,Kapitel 7 – Berufe im Gesundheitswesen,n,Clarity,Wenn etwas eindeutig und verständlich ist.,Wir brauchen Klarheit über unsere Finanzen.,,,,,,,,,,,,,,beruf|Vereinfache dein Leben|nur Singular,543
B2-0544,Durcheinander,das,,durcheinander,B2,Linie B2 Beruf,Kapitel 7 – Berufe im Gesundheitswesen,n,Mess / Chaos,Wenn nichts an seinem Platz ist.,Auf seinem Schreibtisch herrscht ein großes Durcheinander.,,,,,,,,,,,,,,beruf|Vereinfache dein Leben|nur Singular,544
B2-0545,Kontostand,der,¨e,kontostand,B2,Linie B2 Beruf,Kapitel 7 – Berufe im Gesundheitswesen,n,Account balance,Wie viel Geld auf dem Bankkonto ist.,Ich muss erst meinen Kontostand prüfen.,,,,,,,,,,,,,,beruf|Vereinfache dein Leben,545
B2-0546,Schulden,die,,schulden,B2,Linie B2 Beruf,Kapitel 7 – Berufe im Gesundheitswesen,n,Debts,"Geld, das man anderen zurückzahlen muss.",Er hat viele Schulden bei der Bank.,,,,,,,,,,,,,,beruf|Vereinfache dein Leben,546
B2-0547,Darlehen,das,,darlehen,B2,Linie B2 Beruf,Kapitel 7 – Berufe im Gesundheitswesen,n,Loan,Geliehenes Geld (oft von einer Bank).,Für das Haus haben wir ein Darlehen aufgenommen.,,,,,,,,,,,,,,beruf|Vereinfache dein Leben,547
B2-0548,sich drehen,,,sich drehen,B2,Linie B2 Beruf,Kapitel 7 – Berufe im Gesundheitswesen,v,To revolve around,Wenn etwas das wichtigste Thema ist.,Alles dreht sich um das neue Projekt.,,,,,Verben mit Präposition,um,Akkusativ,,,,,,,beruf|Vereinfache dein Leben,548
B2-0549,verdrängen,,,verdrangen,B2,Linie B2 Beruf,Kapitel 7 – Berufe im Gesundheitswesen,v,To suppress / push away,Etwas Unangenehmes ignorieren.,Man sollte Probleme nicht einfach verdrängen.,,,,,,,,,,,,,,beruf|Vereinfache dein Leben,549
B2-0550,langfristig,,,langfristig,B2,Linie B2 Beruf,Kapitel 7 – Berufe im Gesundheitswesen,adj,Long-term,Über einen langen Zeitraum hinweg.,Wir suchen eine langfristige Lösung.,,,,,,,,,,,,,,beruf|Vereinfache dein Leben,550
B2-0551,Streit,der,,streit,B2,Linie B2 Beruf,Kapitel 7 – Berufe im Gesundheitswesen,n,Argument / Fight,Ein Konflikt zwischen Personen.,Sie hatten einen heftigen Streit über das Geld.,,,,,,,,,,,,,,beruf|Vereinfache dein Leben|nur Singular,551
B2-0552,Neid,der,,neid,B2,Linie B2 Beruf,Kapitel 7 – Berufe im Gesundheitswesen,n,Envy,"Wenn man will, was ein anderer hat.",Neid macht unglücklich.,,,,,,,,,,,,,,beruf|Vereinfache dein Leben|nur Singular,552
B2-0553,Überzeugung,die,-en,uberzeugung,B2,Linie B2 Beruf,Kapitel 7 – Berufe im Gesundheitswesen,n,Conviction / Belief,Eine feste Meinung.,"Ich bin der Überzeugung, dass wir das schaffen.",,,,,,,,,,,,,,beruf|Vereinfache dein Leben,553
B2-0554,jemandem begegnen,,,jemandem begegnen,B2,Linie B2 Beruf,Kapitel 7 – Berufe im Gesundheitswesen,v,To encounter / meet someone,Jemanden zufällig treffen.,Ich bin ihm heute morgen im Flur begegnet.,,,,,,,,,,,,,,beruf|Vereinfache dein Leben,554
B2-0555,Feststellung,die,-en,feststellung,B2,Linie B2 Beruf,Kapitel 7 – Berufe im Gesundheitswesen,n,Finding / Realization,Eine Bemerkung oder Erkenntnis.,Das ist eine wichtige Feststellung.,,,,,,,,,,,,,,beruf|Vereinfache dein Leben,555
B2-0556,zwangsläufig,,,zwangslaufig,B2,Linie B2 Beruf,Kapitel 7 – Berufe im Gesundheitswesen,adj,Inevitable / Necessary,"Etwas, das automatisch passiert.","Wer nicht lernt, wird zwangsläufig Fehler machen.",,,,,,,,,,,,,,beruf|Vereinfache dein Leben,556
B2-0557,Belastung,die,-en,belastung,B2,Linie B2 Beruf,Kapitel 7 – Berufe im Gesundheitswesen,n,Burden / Strain,"Etwas, das anstrengend oder schwer ist.",Der Lärm ist eine große Belastung.,,,,,,,,,,,,,,beruf|Vereinfache dein Leben,557
B2-0558,Prinzip,das,-ien,prinzip,B2,Linie B2 Beruf,Kapitel 7 – Berufe im Gesundheitswesen,n,Principle,Eine feste Regel oder Grundlage.,Das ist gegen meine Prinzipien.,,,,,,,,,,,,,,beruf|Vereinfache dein Leben,558
B2-0559,Beschleunigung,die,,beschleunigung,B2,Linie B2 Beruf,Kapitel 7 – Berufe im Gesundheitswesen,n,Acceleration,Wenn etwas schneller wird.,Wir brauchen eine Beschleunigung der Prozesse.,,,,,,,,,,,,,,beruf|Vereinfache dein Leben|nur Singular,559
B2-0560,Entschleunigung,die,,entschleunigung,B2,Linie B2 Beruf,Kapitel 7 – Berufe im Gesundheitswesen,n,Slowing down,Bewusst langsamer werden (gegen Stress).,Urlaub dient der Entschleunigung.,,,,,,,,,,,,,,beruf|Vereinfache dein Leben|nur Singular,560
B2-0561,Einstellung,die,,einstellung,B2,Linie B2 Beruf,Kapitel 7 – Berufe im Gesundheitswesen,n,Attitude (towards),Die eigene Meinung zu einem Thema.,Er hat eine positive Einstellung zur Arbeit.,,,,,Nomen mit Präposition,zu,Dativ,,,,,,,beruf|Vereinfache dein Leben,561
B2-0562,unnötig,,,unnotig,B2,Linie B2 Beruf,Kapitel 7 – Berufe im Gesundheitswesen,adj,Unnecessary,"Etwas, das man nicht braucht.","Kauf dir das nicht, das ist unnötig.",,,,,,,,,,,,,,beruf|Vereinfache dein Leben,562
B2-0563,Podiumsdiskussion,die,-en,podiumsdiskussion,B2,Linie B2 Beruf,Kapitel 7 – Berufe im Gesundheitswesen,n,Panel discussion,Ein Gespräch von Experten vor Publikum.,Heute Abend gibt es eine Podiumsdiskussion.,,,,,,,,,,,,,,beruf|Vereinfache dein Leben,563
B2-0564,Vertreter / die Vertreterin,der,,vertreter / die vertreterin,B2,Linie B2 Beruf,Kapitel 7 – Berufe im Gesundheitswesen,n,Representative,"Jemand, der für eine Gruppe spricht.",Er ist der Vertreter der Gewerkschaft.,,,,,,,,,,,,,,beruf|Vereinfache dein Leben,564
B2-0565,sich beschränken,,,sich beschranken,B2,Linie B2 Beruf,Kapitel 7 – Berufe im Gesundheitswesen,v,To limit oneself (to),Nur das Nötigste tun oder haben.,Wir müssen uns auf die wichtigsten Fakten beschränken.,,,,,Verben mit Präposition,auf,Akkusativ,,,,,,,beruf|Vereinfache dein Leben,565
B2-0566,Work-Life-Balance,die,,work-life-balance,B2,Linie B2 Beruf,Kapitel 7 – Berufe im Gesundheitswesen,n,Work-life balance,Gleichgewicht zwischen Job und Freizeit.,Eine gute Work-Life-Balance verhindert Burnout.,,,,,,,,,,,,,,beruf|Vereinfache dein Leben|nur Singular,566
B2-0567,grundlegend,,,grundlegend,B2,Linie B2 Beruf,Kapitel 7 – Berufe im Gesundheitswesen,adj,Fundamental / Basic,Ganz wichtig und elementar.,Wir planen eine grundlegende Änderung.,,,,,,,,,,,,,,beruf|Vereinfache dein Leben,567
B2-0568,Revolution,die,-en,revolution,B2,Linie B2 Beruf,Kapitel 7 – Berufe im Gesundheitswesen,n,Revolution,"Eine plötzliche, große Veränderung.",Das Internet war eine technische Revolution.,,,,,,,,,,,,,,beruf|Vereinfache dein Leben,568
B2-0569,zum Ausgleich,,,zum ausgleich,B2,Linie B2 Beruf,Kapitel 7 – Berufe im Gesundheitswesen,phrase,To balance / compensate,Um eine Balance zu schaffen.,Ich mache Yoga zum Ausgleich zum Bürojob.,,,,,,,,,,,,,,beruf|Vereinfache dein Leben,569
B2-0570,etwas als ... betrachten,,,etwas als ... betrachten,B2,Linie B2 Beruf,Kapitel 7 – Berufe im Gesundheitswesen,phrase,To consider something as,Eine bestimmte Meinung über etwas haben.,Er betrachtet die Arbeit als sein Hobby.,,,,,,,,,,,,,,beruf|Vereinfache dein Leben,570
B2-0571,permanent,,,permanent,B2,Linie B2 Beruf,Kapitel 7 – Berufe im Gesundheitswesen,adj,Permanent / Constant,Dauerhaft; die ganze Zeit.,Er ist permanent am Telefon.,,,,,,,,,,,,,,beruf|Vereinfache dein Leben,571
B2-0572,Homeoffice,das,-s,homeoffice,B2,Linie B2 Beruf,Kapitel 7 – Berufe im Gesundheitswesen,n,Home office,Arbeit von zu Hause aus.,Freitags arbeite ich meistens im Homeoffice.,,,,,,,,,,,,,,beruf|Vereinfache dein Leben,572
B2-0573,sich eine Existenz aufbauen,,,sich eine existenz aufbauen,B2,Linie B2 Beruf,Kapitel 7 – Berufe im Gesundheitswesen,v,To build a life/career,Sich eine berufliche Grundlage schaffen.,Er will sich als Grafiker eine Existenz aufbauen.,,,,,,,,,,,,,,beruf|Vereinfache dein Leben,573
B2-0574,aus meiner Sicht,,,aus meiner sicht,B2,Linie B2 Beruf,Kapitel 7 – Berufe im Gesundheitswesen,phrase,From my point of view,Meiner Meinung nach.,Aus meiner Sicht ist das eine gute Idee.,,,,,,,,,,,,,,beruf|Vereinfache dein Leben,574
B2-0575,Gericht,das,-e,gericht,B2,Linie B2 Beruf,Kapitel 8 – In der Gastronomie,n,Dish / Meal,Eine zubereitete Speise.,Welches Gericht können Sie heute empfehlen?,,,,,,,,,,,,,,beruf|Kochen und essen,575
B2-0576,mild,,,mild,B2,Linie B2 Beruf,Kapitel 8 – In der Gastronomie,adj,Mild ≠ Spicy,Nicht intensiv gewürzt ≠ brennend im Geschmack.,"Das Curry ist nicht mild, sondern ziemlich scharf.",,scharf,,,,,,,,,,,,beruf|Kochen und essen,576
B2-0577,silberne Hochzeit,die,-en,silberne hochzeit,B2,Linie B2 Beruf,Kapitel 8 – In der Gastronomie,n,Silver wedding anniversary,Das Fest nach 25 Jahren Ehe.,Sie feiern ihre silberne Hochzeit im Restaurant.,,,,,,,,,,,,,,beruf|Vielfalt des Angebots,577
B2-0578,gewürzt,,,gewurzt,B2,Linie B2 Beruf,Kapitel 8 – In der Gastronomie,adj,Seasoned / Spiced,"Mit Salz, Pfeffer oder Kräutern verfeinert.",Die Suppe ist perfekt mit frischen Kräutern gewürzt.,,,,,,,,,,,,,,beruf|Vielfalt des Angebots,578
B2-0579,kompetent,,,kompetent,B2,Linie B2 Beruf,Kapitel 8 – In der Gastronomie,adj,Competent / Capable,Fachlich geschickt und gut informiert.,Unser Servicepersonal ist sehr aufmerksam und kompetent.,,,,,,,,,,,,,,beruf|Vielfalt des Angebots,579
B2-0580,Sorgfalt,die,,sorgfalt,B2,Linie B2 Beruf,Kapitel 8 – In der Gastronomie,n,Care / Diligence,Sehr genaue und ordentliche Arbeit.,In der Küche ist absolute Sorgfalt bei der Hygiene nötig.,,,,,,,,,,,,,,beruf|Vielfalt des Angebots|nur Singular,580
B2-0581,vegan,,,vegan,B2,Linie B2 Beruf,Kapitel 8 – In der Gastronomie,adj,Vegan,Ohne jegliche tierische Produkte.,Haben Sie auch eine vegane Alternative auf der Karte?,,,,,,,,,,,,,,beruf|Vielfalt des Angebots,581
B2-0582,Allergiker,der,- / die -in,allergiker,B2,Linie B2 Beruf,Kapitel 8 – In der Gastronomie,n,Allergy sufferer,"Jemand, der bestimmte Stoffe nicht verträgt.",Für Allergiker bieten wir glutenfreie Gerichte an.,,,,,,,,,,,,,,beruf|Vielfalt des Angebots,582
B2-0583,Liebhaber,der,- / die -in,liebhaber,B2,Linie B2 Beruf,Kapitel 8 – In der Gastronomie,n,Enthusiast / Lover,"Jemand, der eine bestimmte Sache sehr mag.",Das Steakhouse ist ein Paradies für Fleischliebhaber.,,,,,,,,,,,,,,beruf|Vielfalt des Angebots,583
B2-0584,erstklassig,,,erstklassig,B2,Linie B2 Beruf,Kapitel 8 – In der Gastronomie,adj,First-class / Excellent,Von hervorragender Qualität.,Der Fisch schmeckt absolut erstklassig.,,,,,,,,,,,,,,beruf|Vielfalt des Angebots,584
B2-0585,Zutat,die,-en,zutat,B2,Linie B2 Beruf,Kapitel 8 – In der Gastronomie,n,Ingredient,"Bestandteil, den man zum Kochen braucht.",Kaufen wir alle Zutaten frisch auf dem Markt?,,,,,,,,,,,,,,beruf|Vielfalt des Angebots,585
B2-0586,umfangreich,,,umfangreich,B2,Linie B2 Beruf,Kapitel 8 – In der Gastronomie,adj,Extensive / Comprehensive,Sehr groß; mit vielen Optionen.,Unsere Weinkarte ist sehr umfangreich.,,,,,,,,,,,,,,beruf|Vielfalt des Angebots,586
B2-0587,Genuss,der,¨e,genuss,B2,Linie B2 Beruf,Kapitel 8 – In der Gastronomie,n,Enjoyment / Delight,Eine große Freude beim Essen oder Trinken.,Dieses Dessert ist ein echter Genuss.,,,,,,,,,,,,,,beruf|Vielfalt des Angebots,587
B2-0588,zeitgemäß,,,zeitgemass,B2,Linie B2 Beruf,Kapitel 8 – In der Gastronomie,adj,Contemporary / Modern,Passend zur heutigen Zeit.,"Eine moderne, zeitgemäße Küche bietet leichte Speisen an.",,,,,,,,,,,,,,beruf|Vielfalt des Angebots,588
B2-0589,Trend,der,-s,trend,B2,Linie B2 Beruf,Kapitel 8 – In der Gastronomie,n,Trend,"Eine neue, beliebte Entwicklung.",Alkoholfreie Cocktails liegen aktuell voll im Trend.,,,,,,,,,,,,,,beruf|Vielfalt des Angebots,589
B2-0590,knusprig,,,knusprig,B2,Linie B2 Beruf,Kapitel 8 – In der Gastronomie,adj,Crispy / Crunchy,Fest und frisch gebacken oder gebraten.,Die Pommes sind schön knusprig.,,,,,,,,,,,,,,beruf|Vielfalt des Angebots,590
B2-0591,cremig,,,cremig,B2,Linie B2 Beruf,Kapitel 8 – In der Gastronomie,adj,Creamy,Weich und dickflüssig (wie Sahne).,Die Suppe ist wunderbar cremig.,,,,,,,,,,,,,,beruf|Vielfalt des Angebots,591
B2-0592,reichhaltig,,,reichhaltig,B2,Linie B2 Beruf,Kapitel 8 – In der Gastronomie,adj,Rich / Plentiful / Abundant,Mit vielen Kalorien oder reich an Auswahl.,Das Frühstücksbüfett ist sehr reichhaltig.,,,,,,,,,,,,,,beruf|Vielfalt des Angebots,592
B2-0593,bewährt,,,bewahrt,B2,Linie B2 Beruf,Kapitel 8 – In der Gastronomie,adj,Proven / Time-tested,Schon lange bekannt und für gut befunden.,"Das ist ein altes, bewährtes Familienrezept.",,,,,,,,,,,,,,beruf|Vielfalt des Angebots,593
B2-0594,würzig,,,wurzig,B2,Linie B2 Beruf,Kapitel 8 – In der Gastronomie,adj,Savory / Flavorful / Spicy,"Mit kräftigem, gutem Eigengeschmack.",Der Käse hat ein sehr würziges Aroma.,,,,,,,,,,,,,,beruf|Vielfalt des Angebots,594
B2-0595,Ambiente,das,,ambiente,B2,Linie B2 Beruf,Kapitel 8 – In der Gastronomie,n,Ambience / Atmosphere,Die besondere Stimmung eines Raumes.,Das Restaurant hat ein gemütliches Ambiente.,,,,,,,,,,,,,,beruf|Vielfalt des Angebots|nur Singular,595
B2-0596,Speisesaal,der,-säle,speisesaal,B2,Linie B2 Beruf,Kapitel 8 – In der Gastronomie,n,Dining hall,Ein großer Raum zum Essen.,"Das Hotel hat einen großen, hellen Speisesaal.",,,,,,,,,,,,,,beruf|Vielfalt des Angebots,596
B2-0597,bewerten,,,bewerten,B2,Linie B2 Beruf,Kapitel 8 – In der Gastronomie,v,To rate / evaluate,"Sagen oder schreiben, wie gut etwas war.",Die Gäste bewerten unseren Service im Internet sehr positiv.,,,,,,,,,,,,,,beruf|Vielfalt des Angebots,597
B2-0598,Bewertung,die,-en,bewertung,B2,Linie B2 Beruf,Kapitel 8 – In der Gastronomie,n,Review / Rating,Die Benotung im Internet oder Magazin.,Das Restaurant hat eine Fünf-Sterne-Bewertung erhalten.,,,,,,,,,,,,,,beruf|Vielfalt des Angebots,598
B2-0599,Pluspunkt,der,-e,pluspunkt,B2,Linie B2 Beruf,Kapitel 8 – In der Gastronomie,n,Advantage / Asset / Plus point,Ein Vorteil einer Sache.,Die zentrale Lage des Cafés ist ein großer Pluspunkt.,,,,,,,,,,,,,,beruf|Vielfalt des Angebots,599
B2-0600,aromatisch,,,aromatisch,B2,Linie B2 Beruf,Kapitel 8 – In der Gastronomie,adj,Aromatic,Intensiv und gut duftend oder schmeckend.,Die Tomaten sind frisch und sehr aromatisch.,,,,,,,,,,,,,,beruf|Vielfalt des Angebots,600
B2-0601,sich etwas gönnen,,,sich etwas gonnen,B2,Linie B2 Beruf,Kapitel 8 – In der Gastronomie,v,To treat oneself to something,Sich freiwillig etwas Schönes kaufen.,Am Wochenende gönne ich mir ein teures Abendessen.,,,,,,,,,,,,,,beruf|Vielfalt des Angebots,601
B2-0602,Portion,die,-en,portion,B2,Linie B2 Beruf,Kapitel 8 – In der Gastronomie,n,Portion / Serving,Die Menge an Essen auf einem Teller.,"Die Portionen hier sind riesig, man wird gut satt.",,,,,,,,,,,,,,beruf|Vielfalt des Angebots,602
B2-0603,Gang,der,¨e,gang,B2,Linie B2 Beruf,Kapitel 8 – In der Gastronomie,n,Course (of a meal),Ein Teil eines mehrteiligen Menüs.,Als ersten Gang servieren wir eine feine Suppe.,,,,,,,,,,,,,,beruf|Vielfalt des Angebots,603
B2-0604,zuverlässig,,,zuverlassig,B2,Linie B2 Beruf,Kapitel 8 – In der Gastronomie,adj,Reliable,"Jemand, auf den man sich verlassen kann.",Unser Gemüse-Lieferant ist absolut zuverlässig.,,,,,,,,,,,,,,beruf|Vielfalt des Angebots,604
B2-0605,schwören,,,schworen,B2,Linie B2 Beruf,Kapitel 8 – In der Gastronomie,v,To swear by something,Fest von einer Sache überzeugt sein.,Unser Küchenchef schwört auf französische Butter.,,,,,Verben mit Präposition,auf,Akkusativ,,,,,,,beruf|Vielfalt des Angebots,605
B2-0606,Topf,der,¨e,topf,B2,Linie B2 Beruf,Kapitel 8 – In der Gastronomie,n,Pot,Ein tiefes Gefäß zum Kochen von Suppe.,Wasser kocht am schnellsten mit einem Deckel auf dem Topf.,,,,,,,,,,,,,,beruf|Im Kochkurs,606
B2-0607,Pfanne,die,-n,pfanne,B2,Linie B2 Beruf,Kapitel 8 – In der Gastronomie,n,Pan / Skillet,Ein flaches Gefäß zum Braten von Fleisch.,"Gib etwas Öl in die Pfanne, bevor du das Fleisch brätst.",,,,,,,,,,,,,,beruf|Im Kochkurs,607
B2-0608,Backblech,das,-e,backblech,B2,Linie B2 Beruf,Kapitel 8 – In der Gastronomie,n,Baking sheet / tray,Eine flache Metallplatte für den Ofen.,Kuchen wird direkt auf dem Backblech gebacken.,,,,,,,,,,,,,,beruf|Im Kochkurs,608
B2-0609,Schüssel,die,-n,schussel,B2,Linie B2 Beruf,Kapitel 8 – In der Gastronomie,n,Bowl,"Ein tiefes Gefäß, z.B. für Salat.",Stell bitte die Schüssel mit dem Salat auf den Tisch.,,,,,,,,,,,,,,beruf|Im Kochkurs,609
B2-0610,Sieb,das,-e,sieb,B2,Linie B2 Beruf,Kapitel 8 – In der Gastronomie,n,Strainer / Colander / Sieve,Gerät mit Löchern zum Trennen von Wasser.,Schütte die Nudeln nach dem Kochen in ein Sieb.,,,,,,,,,,,,,,beruf|Im Kochkurs,610
B2-0611,Waage,die,-n,waage,B2,Linie B2 Beruf,Kapitel 8 – In der Gastronomie,n,Scale,Gerät zum Messen von Gewicht.,"Nutze die Waage, um 500 Gramm Mehl abzuwiegen.",,,,,,,,,,,,,,beruf|Im Kochkurs,611
B2-0612,Pfeffermühle,die,-n,pfeffermuhle,B2,Linie B2 Beruf,Kapitel 8 – In der Gastronomie,n,Pepper mill / grinder,Gerät zum feinen Zermahlen von Pfeffer.,Reiche mir bitte kurz die Pfeffermühle.,,,,,,,,,,,,,,beruf|Im Kochkurs,612
B2-0613,Salzstreuer,der,,salzstreuer,B2,Linie B2 Beruf,Kapitel 8 – In der Gastronomie,n,Salt shaker,Ein kleines Gefäß für Salz auf dem Tisch.,Der Salzstreuer steht direkt neben dem Brot.,,,,,,,,,,,,,,beruf|Im Kochkurs,613
B2-0614,Knoblauchpresse,die,-n,knoblauchpresse,B2,Linie B2 Beruf,Kapitel 8 – In der Gastronomie,n,Garlic press,Werkzeug zum feinen Zerdrücken von Knoblauch.,Mit der Knoblauchpresse spart man viel Zeit.,,,,,,,,,,,,,,beruf|Im Kochkurs,614
B2-0615,Mixer,der,,mixer,B2,Linie B2 Beruf,Kapitel 8 – In der Gastronomie,n,Blender / Mixer,Elektrisches Gerät zum Pürieren.,"Mixe die Früchte mit dem Mixer, bis sie flüssig sind.",,,,,,,,,,,,,,beruf|Im Kochkurs,615
B2-0616,abwiegen,,,abwiegen,B2,Linie B2 Beruf,Kapitel 8 – In der Gastronomie,v,To weigh out,Das genaue Gewicht bestimmen.,Wir müssen die Zutaten für den Teig exakt abwiegen.,,,,,,,,,,,,,,beruf|Im Kochkurs,616
B2-0617,reiben,,,reiben,B2,Linie B2 Beruf,Kapitel 8 – In der Gastronomie,v,To grate / rub,Etwas mit einer Reibe zerkleinern (Käse).,Kannst du bitte den Parmesan für die Pasta reiben?,,,,,,,,,,,,,,beruf|Im Kochkurs,617
B2-0618,rühren,,,ruhren,B2,Linie B2 Beruf,Kapitel 8 – In der Gastronomie,v,To stir / mix,Flüssigkeiten mit einem Löffel bewegen.,"Du musst die Suppe ständig rühren, damit sie nicht anbrennt.",,,,,,,,,,,,,,beruf|Im Kochkurs,618
B2-0619,braten,,,braten,B2,Linie B2 Beruf,Kapitel 8 – In der Gastronomie,v,To fry / roast,Essen in der Pfanne bei Hitze garen.,Wir braten die Steaks circa drei Minuten pro Seite.,,,,,,,,,,,,,,beruf|Im Kochkurs,619
B2-0620,schälen,,,schalen,B2,Linie B2 Beruf,Kapitel 8 – In der Gastronomie,v,To peel,Die Schale von Obst oder Gemüse entfernen.,Vor dem Kochen muss man die Kartoffeln schälen.,,,,,,,,,,,,,,beruf|Im Kochkurs,620
B2-0621,zäh,,,zah,B2,Linie B2 Beruf,Kapitel 8 – In der Gastronomie,adj,Tough / Chewy,"Fleisch, das schwer zu kauen ist.",Das Rindfleisch war leider zu lang im Ofen und ist sehr zäh.,,,,,,,,,,,,,,beruf|Im Kochkurs,621
B2-0622,Schürze,die,-n,schurze,B2,Linie B2 Beruf,Kapitel 8 – In der Gastronomie,n,Apron,Kleidungsschutz für die Arbeit in der Küche.,"Binde dir die Schürze um, damit deine Kleidung sauber bleibt.",,,,,,,,,,,,,,beruf|Im Kochkurs,622
B2-0623,etwas vermitteln,,,etwas vermitteln,B2,Linie B2 Beruf,Kapitel 8 – In der Gastronomie,v,To convey / pass on,Wissen oder Jobs an andere weitergeben.,Der Kurs vermittelt grundlegende Kochtechniken.,,,,,,,,,,,,,,beruf|Berufe rund ums Essen,623
B2-0624,vorausdenken,,,vorausdenken,B2,Linie B2 Beruf,Kapitel 8 – In der Gastronomie,v,To think ahead,Pläne für die Zukunft im Kopf machen.,Als Küchenchef muss man immer ein paar Tage vorausdenken.,,,,,,,,,,,,,,beruf|Berufe rund ums Essen,624
B2-0625,verantwortungsvoll,,,verantwortungsvoll,B2,Linie B2 Beruf,Kapitel 8 – In der Gastronomie,adj,Responsible,Mit großer Pflicht bewusst handelnd.,Das Management eines Restaurants ist eine verantwortungsvolle Aufgabe.,,,,,,,,,,,,,,beruf|Berufe rund ums Essen,625
B2-0626,erfahren,,,erfahren,B2,Linie B2 Beruf,Kapitel 8 – In der Gastronomie,v,Experienced,Wenn man einen Job schon sehr lange macht.,Sie ist eine sehr erfahrene Restaurantleiterin.,,,,,,,,,,,,,,beruf|Berufe rund ums Essen,626
B2-0627,eigenverantwortlich,,,eigenverantwortlich,B2,Linie B2 Beruf,Kapitel 8 – In der Gastronomie,adj,On one's own responsibility,"Selbstständig, ohne ständige Kontrolle arbeiten.",Jeder Koch arbeitet in seinem Bereich eigenverantwortlich.,,,,,,,,,,,,,,beruf|Berufe rund ums Essen,627
B2-0628,serviceorientiert,,,serviceorientiert,B2,Linie B2 Beruf,Kapitel 8 – In der Gastronomie,adj,Service-oriented,Sehr freundlich und hilfsbereit zum Kunden.,Unser Service muss absolut serviceorientiert sein.,,,,,,,,,,,,,,beruf|Berufe rund ums Essen,628
B2-0629,engagiert,,,engagiert,B2,Linie B2 Beruf,Kapitel 8 – In der Gastronomie,adj,Committed / Dedicated,Mit viel persönlichem Einsatz bei der Arbeit.,Der neue Azubi zeigt sich in der Küche sehr engagiert.,,,,,,,,,,,,,,beruf|Berufe rund ums Essen,629
B2-0630,belastbar,,,belastbar,B2,Linie B2 Beruf,Kapitel 8 – In der Gastronomie,adj,Resilient / Able to work under pressure,Kann gut mit großem Stress umgehen.,"Am Wochenende ist es stressig, da muss man belastbar sein.",,,,,,,,,,,,,,beruf|Berufe rund ums Essen,630
B2-0631,Teamfähigkeit,die,,teamfahigkeit,B2,Linie B2 Beruf,Kapitel 8 – In der Gastronomie,n,Teamwork skills,Gut mit anderen Kollegen arbeiten können.,Ohne Teamfähigkeit funktioniert eine Großküche nicht.,,,,,,,,,,,,,,beruf|Berufe rund ums Essen|nur Singular,631
B2-0632,Geschicklichkeit,die,,geschicklichkeit,B2,Linie B2 Beruf,Kapitel 8 – In der Gastronomie,n,Dexterity / Skillfulness,Feinmotorisches Talent mit den Händen.,Beim Verzieren von Torten braucht man Geschicklichkeit.,,,,,,,,,,,,,,beruf|Berufe rund ums Essen|nur Singular,632
B2-0633,Durchsetzungsvermögen,das,,durchsetzungsvermogen,B2,Linie B2 Beruf,Kapitel 8 – In der Gastronomie,n,Assertiveness,Seine Meinung oder Befehle durchsetzen können.,Eine Küchenchefin braucht ein starkes Durchsetzungsvermögen.,,,,,,,,,,,,,,beruf|Berufe rund ums Essen,633
B2-0634,Vollständigkeit,die,,vollstandigkeit,B2,Linie B2 Beruf,Kapitel 8 – In der Gastronomie,n,Completeness,Wenn absolut nichts fehlt.,Prüfen Sie die Lieferung bei der Ankunft auf Vollständigkeit.,,,,,,,,,,,,,,beruf|Berufe rund ums Essen|nur Singular,634
B2-0635,Verbrauch,der,,verbrauch,B2,Linie B2 Beruf,Kapitel 8 – In der Gastronomie,n,Consumption / Usage,"Die Menge, die verbraucht wird.",Der Verbrauch an Kaffeebohnen ist im Café sehr hoch.,,,,,,,,,,,,,,beruf|Berufe rund ums Essen|nur Singular,635
B2-0636,zuständig sein,,,zustandig sein,B2,Linie B2 Beruf,Kapitel 8 – In der Gastronomie,phrase,To be responsible for,Für einen Bereich die Verantwortung haben.,Wer ist für den Weinkeller zuständig?,,,,,Verben mit Präposition,für,Akkusativ,,,,,,,beruf|Berufe rund ums Essen,636
B2-0637,achten,,,achten,B2,Linie B2 Beruf,Kapitel 8 – In der Gastronomie,v,To pay attention to,Auf Details oder Regeln aufpassen.,Achten Sie besonders auf die Frische des Fisches.,,,,,Verben mit Präposition,auf,Akkusativ,,,,,,,beruf|Berufe rund ums Essen,637
B2-0638,Ruhe bewahren,,,ruhe bewahren,B2,Linie B2 Beruf,Kapitel 8 – In der Gastronomie,v,To keep calm,In einer stressigen Situation leise und cool bleiben.,"Wenn die Küche voll ist, muss das Servicepersonal Ruhe bewahren.",,,,,,,,,,,,,,beruf|Berufe rund ums Essen,638
B2-0639,einen Beruf ausüben,,,einen beruf ausuben,B2,Linie B2 Beruf,Kapitel 8 – In der Gastronomie,phrase,To practice/exercise a profession,Aktiv in einem Job arbeiten.,Er übt den Beruf des Kochs seit fünf Jahren aus.,,,,,,,,,,,,,,beruf|Berufe rund ums Essen,639
B2-0640,Einzelhandel,der,,einzelhandel,B2,Linie B2 Beruf,Kapitel 8 – In der Gastronomie,n,Retail sector,Der Verkauf von Waren direkt an Endkunden.,"Bevor sie im Restaurant anfing, arbeitete sie im Einzelhandel.",,,,,,,,,,,,,,beruf|Berufe rund ums Essen|nur Singular,640
B2-0641,aussagekräftig,,,aussagekraftig,B2,Linie B2 Beruf,Kapitel 8 – In der Gastronomie,adj,Meaningful / Informative,Mit klaren Fakten und hohem Informationswert.,Ihre Bewerbung sollte aussagekräftig sein.,,,,,,,,,,,,,,beruf|Berufe rund ums Essen,641
B2-0642,seither,,,seither,B2,Linie B2 Beruf,Kapitel 8 – In der Gastronomie,adj,Since then / Ever since,Seit einem bestimmten Zeitpunkt in der Vergangenheit.,"Er hat die Karte geändert, seither kommen mehr Gäste.",,,,,,,,,,,,,,beruf|Berufe rund ums Essen,642
B2-0643,aufgeschlossen,,,aufgeschlossen,B2,Linie B2 Beruf,Kapitel 8 – In der Gastronomie,v,Open-minded / Sociable,Freundlich und interessiert an neuen Dingen/Menschen.,Unser Service-Team ist sehr aufgeschlossen und kommunikativ.,,,,,,,,,,,,,,beruf|Berufe rund ums Essen,643
B2-0644,verderben,,,verderben,B2,Linie B2 Beruf,Kapitel 8 – In der Gastronomie,v,To spoil / go bad,Wenn Essen schlecht und ungenießbar wird.,Fisch kann ungekühlt sehr schnell verderben.,,,,,,,,,,,,,,beruf|Berufe rund ums Essen,644
B2-0645,vorrätig sein,,,vorratig sein,B2,Linie B2 Beruf,Kapitel 8 – In der Gastronomie,phrase,To be in stock / available,Im Lager vorhanden sein.,Diese Weinsorte ist momentan leider nicht mehr vorrätig.,,,,,,,,,,,,,,beruf|Berufe rund ums Essen,645
B2-0646,Bestellung,die,-en,bestellung,B2,Linie B2 Beruf,Kapitel 8 – In der Gastronomie,n,Order,Die Anforderung von Waren beim Lieferanten.,Ich habe die Bestellung für die Getränke bereits abgeschickt.,,,,,,,,,,,,,,beruf|Die Lieferung,646
B2-0647,prüfen,,,prufen,B2,Linie B2 Beruf,Kapitel 8 – In der Gastronomie,v,To check / verify,"Kontrollieren, ob alles korrekt ist.",Bitte prüfen Sie das Mindesthaltbarkeitsdatum.,,,,,,,,,,,,,,beruf|Die Lieferung,647
B2-0648,vereinbaren,,,vereinbaren,B2,Linie B2 Beruf,Kapitel 8 – In der Gastronomie,v,To arrange / agree upon,Einen festen Termin oder Preis absprechen.,Wir haben einen festen Liefertermin vereinbart.,,,,,,,,,,,,,,beruf|Die Lieferung,648
B2-0649,akzeptabel,,,akzeptabel,B2,Linie B2 Beruf,Kapitel 8 – In der Gastronomie,adj,Acceptable,In Ordnung; annehmbar.,Eine Verspätung von zehn Minuten ist noch akzeptabel.,,,,,,,,,,,,,,beruf|Die Lieferung,649
B2-0650,Lieferschein,der,-e,lieferschein,B2,Linie B2 Beruf,Kapitel 8 – In der Gastronomie,n,Delivery note,"Ein Papier, das zeigt, was geliefert wurde.",Unterschreiben Sie den Lieferschein erst nach der Kontrolle.,,,,,,,,,,,,,,beruf|Die Lieferung,650
B2-0651,vermerken,,,vermerken,B2,Linie B2 Beruf,Kapitel 8 – In der Gastronomie,v,To note down / record,Etwas schriftlich festhalten.,Bitte vermerken Sie den Fehler direkt auf dem Protokoll.,,,,,,,,,,,,,,beruf|Die Lieferung,651
B2-0652,stattdessen,,,stattdessen,B2,Linie B2 Beruf,Kapitel 8 – In der Gastronomie,v,Instead / Alternatively,Als Ersatz für etwas anderes.,"Wir hatten keine Tomaten mehr, wir haben stattdessen Paprika genutzt.",,,,,,,,,,,,,,beruf|Die Lieferung,652
B2-0653,auf den Markt kommen,,,auf den markt kommen,B2,Linie B2 Beruf,Kapitel 8 – In der Gastronomie,phrase,To hit the market / launched,Neu zum Verkauf angeboten werden.,Nächste Woche wird ein neues Bio-Bier auf den Markt kommen.,,,,,,,,,,,,,,beruf|Die Lieferung,653
B2-0654,Lieferzeit,die,-en,lieferzeit,B2,Linie B2 Beruf,Kapitel 8 – In der Gastronomie,n,Delivery time,"Die Dauer, bis eine Ware ankommt.",Die Lieferzeit für die neuen Küchengeräte beträgt zwei Wochen.,,,,,,,,,,,,,,beruf|Die Lieferung,654
B2-0655,/ die Vertriebsleiter/in,der,,/ die vertriebsleiter/in,B2,Linie B2 Beruf,Kapitel 8 – In der Gastronomie,n,Sales manager,Der Chef der Verkaufsabteilung.,Bei Großbestellungen wenden Sie sich an den Vertriebsleiter.,,,,,,,,,,,,,,beruf|Die Lieferung,655
B2-0656,erfolgreich,,,erfolgreich,B2,Linie B2 Beruf,Kapitel 8 – In der Gastronomie,adj,Successful,"Mit einem guten, positiven Ergebnis.",Die Preisverhandlung mit dem Winzer war erfolgreich.,,,,,,,,,,,,,,beruf|Erfolgreich verhandeln,656
B2-0657,Verhandlungspartner,der,,verhandlungspartner,B2,Linie B2 Beruf,Kapitel 8 – In der Gastronomie,n,Negotiation partner,"Die Person, mit der man verhandelt.",Mein Verhandlungspartner war sehr kompromissbereit.,,,,,,,,,,,,,,beruf|Erfolgreich verhandeln,657
B2-0658,Konflikt,der,-e,konflikt,B2,Linie B2 Beruf,Kapitel 8 – In der Gastronomie,n,Conflict,Ein heftiger Streit oder eine Meinungsverschiedenheit.,Im Team gab es einen kleinen Konflikt wegen der Arbeitszeiten.,,,,,,,,,,,,,,beruf|Remaining Section from Chapter 8,658
B2-0659,ausweichen,,,ausweichen,B2,Linie B2 Beruf,Kapitel 8 – In der Gastronomie,v,To avoid / evade,Einem Problem oder einer Frage aus dem Weg gehen.,Der Chef wollte meiner Frage nach einer Gehaltserhöhung ausweichen.,,,,,,,,,,,,,,beruf|Remaining Section from Chapter 8,659
B2-0660,Forderung,die,-en,forderung,B2,Linie B2 Beruf,Kapitel 8 – In der Gastronomie,n,Demand,Ein klarer Anspruch oder Wunsch an jemanden.,Die Gewerkschaft stellt eine Forderung nach mehr Lohn.,,,,,,,,,,,,,,beruf|Remaining Section from Chapter 8,660
B2-0661,bestehen,,,bestehen,B2,Linie B2 Beruf,Kapitel 8 – In der Gastronomie,v,To consist in,Den Kern oder die Hauptsache von etwas darstellen.,Das Hauptproblem besteht in der schlechten Kommunikation.,,,,,Verben mit Präposition,in,Dativ,,,,,,,beruf|Remaining Section from Chapter 8,661
B2-0662,unglaubwürdig,,,unglaubwurdig,B2,Linie B2 Beruf,Kapitel 8 – In der Gastronomie,adj,Unbelievable / Unreliable,"So, dass man es einer Person nicht glauben kann.",Seine Ausrede für das Zuspätkommen klingt völlig unglaubwürdig.,,,,,,,,,,,,,,beruf|Remaining Section from Chapter 8,662
B2-0663,Selbstbewusstsein,das,,selbstbewusstsein,B2,Linie B2 Beruf,Kapitel 8 – In der Gastronomie,n,Self-confidence,Das Vertrauen in die eigenen Fähigkeiten.,Durch den Erfolg im neuen Job wuchs sein Selbstbewusstsein.,,,,,,,,,,,,,,beruf|Remaining Section from Chapter 8|nur Singular,663
B2-0664,schweigen,,,schweigen,B2,Linie B2 Beruf,Kapitel 8 – In der Gastronomie,v,To keep silent,Nichts sagen; still sein.,"Wenn man keine Antwort weiß, sollte man besser schweigen.",,,,,,,,,,,,,,beruf|Remaining Section from Chapter 8,664
B2-0665,Stellung beziehen,,,stellung beziehen,B2,Linie B2 Beruf,Kapitel 8 – In der Gastronomie,v,To take a stand,Seine Meinung zu einem Thema öffentlich machen.,Der Politiker musste zu dem Skandal Stellung beziehen.,,,,,,,,,,,,,,beruf|Remaining Section from Chapter 8,665
B2-0666,Standpunkt,der,-e,standpunkt,B2,Linie B2 Beruf,Kapitel 8 – In der Gastronomie,n,Point of view / Standpoint,"Die eigene, feste Meinung zu einer Sache.","Ich verstehe deinen Standpunkt, sehe es aber anders.",,,,,,,,,,,,,,beruf|Remaining Section from Chapter 8,666
B2-0667,jemanden in eine Rolle drängen,,,jemanden in eine rolle drangen,B2,Linie B2 Beruf,Kapitel 8 – In der Gastronomie,phrase,To push someone into a role,"Jemanden zwingen, sich auf eine bestimmte Art zu verhalten.",Man darf neue Mitarbeiter nicht sofort in eine Rolle drängen.,,,,,,,,,,,,,,beruf|Remaining Section from Chapter 8,667
B2-0668,nachgeben,,,nachgeben,B2,Linie B2 Beruf,Kapitel 8 – In der Gastronomie,v,To give in / yield,Seinen Widerstand aufgeben und den Wünschen anderer folgen.,Bei der Preisverhandlung mussten wir am Ende leider nachgeben.,,,,,,,,,,,,,,beruf|Remaining Section from Chapter 8,668
B2-0669,sich einstellen,,,sich einstellen,B2,Linie B2 Beruf,Kapitel 8 – In der Gastronomie,v,To adapt to / prepare for,Sich auf eine neue Situation vorbereiten.,Wir müssen uns auf veränderte Kundenwünsche einstellen.,,,,,Verben mit Präposition,auf,Akkusativ,,,,,,,beruf|Remaining Section from Chapter 8,669
B2-0670,nachfragen,,,nachfragen,B2,Linie B2 Beruf,Kapitel 8 – In der Gastronomie,v,To inquire / ask again,Noch einmal nach Informationen fragen.,"Wenn Sie die Aufgabe nicht verstehen, sollten Sie nachfragen.",,,,,,,,,,,,,,beruf|Remaining Section from Chapter 8,670
B2-0671,sich erkundigen,,,sich erkundigen,B2,Linie B2 Beruf,Kapitel 8 – In der Gastronomie,v,To gather information / inquire,Informationen über ein Thema einholen.,Ich möchte mich nach den aktuellen Lieferbedingungen erkundigen.,,,,,,,,,,,,,,beruf|Remaining Section from Chapter 8,671
B2-0672,Dienstleistung,die,-en,dienstleistung,B2,Linie B2 Beruf,Kapitel 9 – Handel international,n,Service,"Eine Arbeit, die man für Kunden erledigt (kein Sachgut).",Unsere Firma bietet IT-Beratung als Dienstleistung an.,,,,,,,,,,,,,,beruf|Handel früher und heute,672
B2-0673,expandieren,,,expandieren,B2,Linie B2 Beruf,Kapitel 9 – Handel international,v,To expand,Als Firma größer werden oder neue Märkte erobern.,Das Unternehmen möchte im nächsten Jahr nach Asien expandieren.,,,,,,,,,,,,,,beruf|Handel früher und heute,673
B2-0674,Export,der,-e,export,B2,Linie B2 Beruf,Kapitel 9 – Handel international,n,Export,Der Verkauf und Transport von Waren ins Ausland.,Der Export von Autos ist für Deutschland sehr wichtig.,,,,,,,,,,,,,,beruf|Handel früher und heute,674
B2-0675,exportieren,,,exportieren,B2,Linie B2 Beruf,Kapitel 9 – Handel international,v,To export,Waren ins Ausland verkaufen.,Wir exportieren unsere Maschinen in die ganze Welt.,,,,,,,,,,,,,,beruf|Handel früher und heute,675
B2-0676,global,,,global,B2,Linie B2 Beruf,Kapitel 9 – Handel international,adj,Global ≠ Local,Weltweit ≠ Auf einen kleinen Ort beschränkt.,"Die Klimakrise ist ein globales Problem, das lokale Lösungen braucht.",,lokal,,,,,,,,,,,,beruf|Handel früher und heute,676
B2-0677,Großhandel,der,,grosshandel,B2,Linie B2 Beruf,Kapitel 9 – Handel international,n,Wholesale,Handel mit großen Warenmengen (oft für Firmen).,Unser Betrieb kauft die Rohstoffe direkt im Großhandel.,,,,,,,,,,,,,,beruf|Handel früher und heute|nur Singular,677
B2-0678,Kundenorientierung,die,,kundenorientierung,B2,Linie B2 Beruf,Kapitel 9 – Handel international,n,Customer orientation,Die Ausrichtung aller Firmenprozesse auf den Kunden.,Exzellenter Service zeigt eine starke Kundenorientierung.,,,,,,,,,,,,,,beruf|Handel früher und heute|nur Singular,678
B2-0679,Marktlücke,die,-n,marktlucke,B2,Linie B2 Beruf,Kapitel 9 – Handel international,n,Market niche / gap,"Ein Produkt oder Service, den es so noch nicht gibt.",Sie hat eine echte Marktlücke für vegane Tiernahrung gefunden.,,,,,,,,,,,,,,beruf|Handel früher und heute,679
B2-0680,Nachhaltigkeit,die,,nachhaltigkeit,B2,Linie B2 Beruf,Kapitel 9 – Handel international,n,Sustainability,Verantwortungsvoller Umgang mit Ressourcen für die Zukunft.,Bei der Produktion legen wir großen Wert auf Nachhaltigkeit.,,,,,,,,,,,,,,beruf|Handel früher und heute|nur Singular,680
B2-0681,online,,,online,B2,Linie B2 Beruf,Kapitel 9 – Handel international,adj,Online ≠ Offline,Im Internet ≠ In der realen Welt.,Viele Geschäfte verkaufen ihre Waren sowohl online als auch offline.,,offline,,,,,,,,,,,,beruf|Handel früher und heute,681
B2-0682,Produktion,die,,produktion,B2,Linie B2 Beruf,Kapitel 9 – Handel international,n,Production / Manufacturing,Die Herstellung von Waren in einer Fabrik.,Die Produktion der neuen Bauteile beginnt im Sommer.,,,,,,,,,,,,,,beruf|Handel früher und heute|nur Singular,682
B2-0683,Umsatz,der,¨e,umsatz,B2,Linie B2 Beruf,Kapitel 9 – Handel international,n,Turnover / Revenue,"Das gesamte Geld, das eine Firma durch Verkäufe einnimmt.",Unser Umsatz hat sich in diesem Jahr verdoppelt.,,,,,,,,,,,,,,beruf|Handel früher und heute,683
B2-0684,Umweltstandard,der,-s,umweltstandard,B2,Linie B2 Beruf,Kapitel 9 – Handel international,n,Environmental standard,Gesetzliche Regeln zum Schutz der Natur.,Die Fabrik erfüllt alle modernen Umweltstandards.,,,,,,,,,,,,,,beruf|Handel früher und heute,684
B2-0685,Währung,die,-en,wahrung,B2,Linie B2 Beruf,Kapitel 9 – Handel international,n,Currency,"Das offizielle Geld eines Landes (z. B. Euro, Dollar).",In England zahlt man mit der Währung Pfund.,,,,,,,,,,,,,,beruf|Handel früher und heute,685
B2-0686,Wechselkurs,der,-e,wechselkurs,B2,Linie B2 Beruf,Kapitel 9 – Handel international,n,Exchange rate,"Der Wert, zu dem man Geld in eine andere Währung tauscht.",Der Wechselkurs zwischen Euro und Dollar schwankt täglich.,,,,,,,,,,,,,,beruf|Handel früher und heute,686
B2-0687,Zielgruppe,die,-n,zielgruppe,B2,Linie B2 Beruf,Kapitel 9 – Handel international,n,Target group / audience,"Die Gruppe von Menschen, an die sich ein Produkt richtet.",Junge Familien sind die wichtigste Zielgruppe für unser Auto.,,,,,,,,,,,,,,beruf|Handel früher und heute,687
B2-0688,Mimik,die,,mimik,B2,Linie B2 Beruf,Kapitel 9 – Handel international,n,Facial expressions,Der Ausdruck des Gesichts beim Reden oder Fühlen.,"Seine Mimik verriet mir sofort, dass er unzufrieden war.",,,,,,,,,,,,,,beruf|Handel im Netz|nur Singular,688
B2-0689,Gestik,die,,gestik,B2,Linie B2 Beruf,Kapitel 9 – Handel international,n,Gestures,Die Bewegung von Händen und Armen beim Sprechen.,Er nutzt beim Erklären eine sehr lebendige Gestik.,,,,,,,,,,,,,,beruf|Handel im Netz|nur Singular,689
B2-0690,Webauftritt,der,-e,webauftritt,B2,Linie B2 Beruf,Kapitel 9 – Handel international,n,Website / Web presence,Die Homepage oder Internetseite einer Firma.,Unser neuer Webauftritt sieht viel moderner aus.,,,,,,,,,,,,,,beruf|Handel im Netz,690
B2-0691,etwas/jemanden schätzen,,,etwas/jemanden schatzen,B2,Linie B2 Beruf,Kapitel 9 – Handel international,v,To value / appreciate,Den Wert von etwas oder die Arbeit von jemandem loben.,Ich schätze die Zuverlässigkeit meiner Kollegen sehr.,,,,,,,,,,,,,,beruf|Handel im Netz,691
B2-0692,gut ankommen,,,gut ankommen,B2,Linie B2 Beruf,Kapitel 9 – Handel international,v,To be well received,Wenn eine Idee oder ein Produkt den Menschen gefällt.,Das neue Design ist bei den Kunden sehr gut angekommen.,,,,,,,,,,,,,,beruf|Handel im Netz,692
B2-0693,indem,,,indem,B2,Linie B2 Beruf,Kapitel 9 – Handel international,adj,By / Through doing,"Drückt aus, wie oder mit welchem Mittel etwas gemacht wird.","Man spart Energie, indem man das Licht ausschaltet.",,,,,,,,,,,,,,beruf|Handel im Netz,693
B2-0694,universell,,,universell,B2,Linie B2 Beruf,Kapitel 9 – Handel international,adj,Universal,Überall und für fast alles passend oder gültig.,Dieses Werkzeug ist universell einsetzbar.,,,,,,,,,,,,,,beruf|Handel im Netz,694
B2-0695,ohne ... dass,,,ohne ... dass,B2,Linie B2 Beruf,Kapitel 9 – Handel international,phrase,Without ... doing,Drückt ein Fehlen einer Begleiterscheinung aus.,"Er ging aus dem Büro, ohne dass es jemand bemerkte.",,,,,,,,,,,,,,beruf|Handel im Netz,695
B2-0696,potenziell,,,potenziell,B2,Linie B2 Beruf,Kapitel 9 – Handel international,adj,Potential,Möglich; in der Zukunft denkbar.,Auf der Messe haben wir viele potenzielle Kunden getroffen.,,,,,,,,,,,,,,beruf|Handel im Netz,696
B2-0697,etwas ausgleichen,,,etwas ausgleichen,B2,Linie B2 Beruf,Kapitel 9 – Handel international,v,To compensate / balance,Einen Nachteil durch einen Vorteil neutralisieren.,Die Qualität des Produkts gleicht den hohen Preis wieder aus.,,,,,,,,,,,,,,beruf|Handel im Netz,697
B2-0698,visuell,,,visuell,B2,Linie B2 Beruf,Kapitel 9 – Handel international,adj,Visual,Das Sehen betreffend; optisch.,Der Webauftritt bietet viele visuelle Reize für den Käufer.,,,,,,,,,,,,,,beruf|Handel im Netz,698
B2-0699,Effekt,der,-e,effekt,B2,Linie B2 Beruf,Kapitel 9 – Handel international,n,Effect,Die Wirkung von etwas.,Die Werbung hatte einen sehr positiven Effekt auf die Verkäufe.,,,,,,,,,,,,,,beruf|Handel im Netz,699
B2-0700,freizügig,,,freizugig,B2,Linie B2 Beruf,Kapitel 9 – Handel international,adj,Revealing / Liberal,Sehr offen; wenig Kleidung tragend oder großzügig.,Für geschäftliche Meetings ist dieses Outfit zu freizügig.,,,,,,,,,,,,,,beruf|Handel im Netz,700
B2-0701,provozieren,,,provozieren,B2,Linie B2 Beruf,Kapitel 9 – Handel international,v,To provoke,Einen Streit oder eine heftige Reaktion absichtlich auslösen.,Mit seinen frechen Kommentaren wollte er den Chef provozieren.,,,,,,,,,,,,,,beruf|Handel im Netz,701
B2-0702,Geste,die,-n,geste,B2,Linie B2 Beruf,Kapitel 9 – Handel international,n,Gesture,Eine Bewegung mit der Hand als Zeichen des Grußes/Danks.,Das Geschenk war eine sehr nette Geste der Firma.,,,,,,,,,,,,,,beruf|Handel im Netz,702
B2-0703,Beleidigung,die,-en,beleidigung,B2,Linie B2 Beruf,Kapitel 9 – Handel international,n,Insult / Offense,"Ein unfreundliches Wort, das jemanden verletzt.",Das war eine schwere Beleidigung für das gesamte Team.,,,,,,,,,,,,,,beruf|Handel im Netz,703
B2-0704,ohne zu ...,,,ohne zu ...,B2,Linie B2 Beruf,Kapitel 9 – Handel international,phrase,Without ... -ing,Eine Handlung ohne eine andere Begleithandlung ausführen.,"Er unterschrieb den Vertrag, ohne ihn vorher zu lesen.",,,,,,,,,,,,,,beruf|Handel im Netz,704
B2-0705,recherchieren,,,recherchieren,B2,Linie B2 Beruf,Kapitel 9 – Handel international,v,To research / investigate,Nach Informationen suchen.,Vor dem Kauf sollten Sie gründlich im Netz recherchieren.,,,,,,,,,,,,,,beruf|Handel im Netz,705
B2-0706,vertikal,,,vertikal,B2,Linie B2 Beruf,Kapitel 9 – Handel international,adj,Vertical ≠ Horizontal,Von oben nach unten ≠ Von links nach rechts.,Die Linien auf dem Grundriss verlaufen vertikal und horizontal.,,horizontal,,,,,,,,,,,,beruf|Handel im Netz,706
B2-0707,sich zurechtfinden,,,sich zurechtfinden,B2,Linie B2 Beruf,Kapitel 9 – Handel international,v,To find one's way / Navigate,Sich an einem neuen Ort oder auf einer Webseite orientieren.,Auf dem neuen Onlineportal kann man sich sehr leicht zurechtfinden.,,,,,,,,,,,,,,beruf|Handel im Netz,707
B2-0708,freischalten,,,freischalten,B2,Linie B2 Beruf,Kapitel 9 – Handel international,v,To unlock / activate,Den Zugriff auf eine Internetseite oder Funktion erlauben.,Die Bank muss Ihr Konto erst für das Online-Shopping freischalten.,,,,,,,,,,,,,,beruf|Handel im Netz,708
B2-0709,etwas herausfinden,,,etwas herausfinden,B2,Linie B2 Beruf,Kapitel 9 – Handel international,v,To find out / discover,Die Antwort auf eine Frage durch Suchen entdecken.,"Wir müssen herausfinden, warum der Server abgestürzt ist.",,,,,,,,,,,,,,beruf|Handel im Netz,709
B2-0710,Faktor,der,-en,faktor,B2,Linie B2 Beruf,Kapitel 9 – Handel international,n,Factor,"Ein Umstand, der ein Ergebnis beeinflusst.",Pünktlichkeit ist ein wichtiger Faktor für den Erfolg.,,,,,,,,,,,,,,beruf|Handel im Netz,710
B2-0711,bewusst,,,bewusst,B2,Linie B2 Beruf,Kapitel 9 – Handel international,adj,Conscious / Intentional,Mit Absicht und klarem Verstand.,Sie hat sich bewusst für ein duales Studium entschieden.,,,,,,,,,,,,,,beruf|Handel im Netz,711
B2-0712,berücksichtigen,,,berucksichtigen,B2,Linie B2 Beruf,Kapitel 9 – Handel international,v,To consider / take into account,Eine Information bei der Planung beachten.,Wir müssen das Budget bei unserer Entscheidung berücksichtigen.,,,,,,,,,,,,,,beruf|Handel im Netz,712
B2-0713,anpassungsfähig,,,anpassungsfahig,B2,Linie B2 Beruf,Kapitel 9 – Handel international,adj,Adaptable,"In der Lage, sich schnell an Neues zu gewöhnen.",In einer Krise müssen Unternehmen sehr anpassungsfähig sein.,,,,,,,,,,,,,,beruf|Handel im Netz,713
B2-0714,etwas umsetzen,,,etwas umsetzen,B2,Linie B2 Beruf,Kapitel 9 – Handel international,v,To implement / realize,Eine Idee oder einen Plan in die Realität bringen.,Wir wollen den neuen Marketingplan ab Montag umsetzen.,,,,,,,,,,,,,,beruf|Handel im Netz,714
B2-0715,Konsument,der,-en / die -in,konsument,B2,Linie B2 Beruf,Kapitel 9 – Handel international,n,Consumer,"Der Endverbraucher, der ein Produkt kauft.",Die Wünsche der Konsumenten verändern sich rasant.,,,,,,,,,,,,,,beruf|Handel im Netz,715
B2-0716,Zuwachsrate,die,-n,zuwachsrate,B2,Linie B2 Beruf,Kapitel 9 – Handel international,n,Growth rate,"Der Prozentsatz, um den etwas wächst oder steigt.",Der Onlinehandel verzeichnet eine hohe Zuwachsrate.,,,,,,,,,,,,,,beruf|Handel im Netz,716
B2-0717,Bauteil,das,-e,bauteil,B2,Linie B2 Beruf,Kapitel 9 – Handel international,n,Component / Part,Ein einzelnes Teil einer Maschine oder Elektronik.,Für den Computer fehlt uns noch ein wichtiges Bauteil.,,,,,,,,,,,,,,beruf|Telefonat mit IQ-Web,717
B2-0718,Wunschliste,die,-n,wunschliste,B2,Linie B2 Beruf,Kapitel 9 – Handel international,n,Wishlist,"Eine Liste mit Dingen, die man gerne hätte.",Ich habe das Buch auf meine Wunschliste im Onlineshop gesetzt.,,,,,,,,,,,,,,beruf|Telefonat mit IQ-Web,718
B2-0719,vertreiben,,,vertreiben,B2,Linie B2 Beruf,Kapitel 9 – Handel international,v,To distribute / market,Produkte kommerziell verkaufen.,Die Agentur vertreibt Softwarelösungen an kleine Firmen.,,,,,,,,,,,,,,beruf|Telefonat mit IQ-Web,719
B2-0720,Budget,das,-s,budget,B2,Linie B2 Beruf,Kapitel 9 – Handel international,n,Budget,"Das Geld, das für eine Aufgabe zur Verfügung steht.",Wir haben das Budget für die Werbung leider schon überschritten.,,,,,,,,,,,,,,beruf|Telefonat mit IQ-Web,720
B2-0721,installieren,,,installieren,B2,Linie B2 Beruf,Kapitel 9 – Handel international,v,To install,Eine Software auf dem PC aufspielen oder ein Gerät einbauen.,Du musst das neue Update auf deinem Laptop installieren.,,,,,,,,,,,,,,beruf|Das war nicht optimal,721
B2-0722,Mangel,der,¨,mangel,B2,Linie B2 Beruf,Kapitel 9 – Handel international,n,Defect / Lack / Shortcoming,Ein Fehler an einer Ware oder ein Fehlen von etwas.,Das gelieferte Gerät hat leider einen schweren Mangel.,,,,,,,,,,,,,,beruf|Das war nicht optimal,722
B2-0723,einen Ablauf darstellen,,,einen ablauf darstellen,B2,Linie B2 Beruf,Kapitel 9 – Handel international,phrase,To map / outline a process,"Zeigen, wie ein Prozess nacheinander funktioniert.",Die Grafik soll einen typischen Bestellablauf darstellen.,,,,,,,,,,,,,,beruf|Das war nicht optimal,723
B2-0724,Grundlage,die,-n,grundlage,B2,Linie B2 Beruf,Kapitel 9 – Handel international,n,Foundation / Basis,Das Fundament für eine Arbeit.,Datenanalysen bilden die Grundlage für unsere Strategie.,,,,,,,,,,,,,,beruf|Das war nicht optimal,724
B2-0725,etwas festlegen,,,etwas festlegen,B2,Linie B2 Beruf,Kapitel 9 – Handel international,v,To determine / schedule,Einen festen Termin oder eine Regel bestimmen.,Wir müssen die Zuständigkeiten im Team genau festlegen.,,,,,,,,,,,,,,beruf|Das war nicht optimal,725
B2-0726,kommentieren,,,kommentieren,B2,Linie B2 Beruf,Kapitel 9 – Handel international,v,To comment on,Seine Meinung zu einem Text oder einer Aussage schreiben.,Der Chef wird den Entwurf morgen im Meeting kommentieren.,,,,,,,,,,,,,,beruf|Das war nicht optimal,726
B2-0727,überarbeiten,,,uberarbeiten,B2,Linie B2 Beruf,Kapitel 9 – Handel international,v,To revise / rework,Einen Text korrigieren und verbessern.,Ich muss den Text für den Flyer noch einmal überarbeiten.,,,,,,,,,,,,,,beruf|Das war nicht optimal,727
B2-0728,korrigieren,,,korrigieren,B2,Linie B2 Beruf,Kapitel 9 – Handel international,v,To correct,Fehler ausbessern.,Bitte korrigieren Sie die Rechtschreibfehler im Brief.,,,,,,,,,,,,,,beruf|Das war nicht optimal,728
B2-0729,Überarbeitung,die,-en,uberarbeitung,B2,Linie B2 Beruf,Kapitel 9 – Handel international,n,Revision / Reworking,Die Verbesserung oder Korrektur einer Sache.,Nach der Überarbeitung ist das Handbuch viel verständlicher.,,,,,,,,,,,,,,beruf|Das war nicht optimal,729
B2-0730,Benutzerfreundlichkeit,die,,benutzerfreundlichkeit,B2,Linie B2 Beruf,Kapitel 9 – Handel international,n,User-friendliness,Wie leicht ein System oder eine Webseite zu bedienen ist.,Die Benutzerfreundlichkeit des Onlineshops muss besser werden.,,,,,,,,,,,,,,beruf|Das war nicht optimal,730
B2-0731,Lesbarkeit,die,,lesbarkeit,B2,Linie B2 Beruf,Kapitel 9 – Handel international,n,Readability,Wie gut man eine Schrift lesen kann.,"Die Schriftgröße ist zu klein, das schadet der Lesbarkeit.",,,,,,,,,,,,,,beruf|Das war nicht optimal|nur Singular,731
B2-0732,beseitigen,,,beseitigen,B2,Linie B2 Beruf,Kapitel 9 – Handel international,v,To eliminate / fix (an error),Einen Fehler komplett löschen oder repariert haben.,Der Programmierer konnte den Softwarefehler beseitigen.,,,,,,,,,,,,,,beruf|Das war nicht optimal,732
B2-0733,Erprobungsphase,die,-n,erprobungsphase,B2,Linie B2 Beruf,Kapitel 9 – Handel international,n,Testing phase,"Zeitraum, in dem ein neues Produkt getestet wird.",Die App befindet sich aktuell noch in der Erprobungsphase.,,,,,,,,,,,,,,beruf|Das war nicht optimal,733
B2-0734,einen Termin halten,,,einen termin halten,B2,Linie B2 Beruf,Kapitel 9 – Handel international,phrase,To meet a deadline,Pünktlich zu einem vereinbarten Datum fertig sein.,"Wir müssen hart arbeiten, um einen engen Termin zu halten.",,,,,,,,,,,,,,beruf|Das war nicht optimal,734
B2-0735,gelten,,,gelten,B2,Linie B2 Beruf,Kapitel 9 – Handel international,v,To apply / be valid,Gültigkeit haben (z. B. ein Gesetz oder ein Preis).,Die Sonderangebote gelten nur bis zum Ende der Woche.,,,,,,,,,,,,,,beruf|Das war nicht optimal,735
B2-0736,jemanden auffordern,,,jemanden auffordern,B2,Linie B2 Beruf,Kapitel 9 – Handel international,v,To call upon / request,"Jemanden offiziell bitten, etwas Bestimmtes zu tun.","Der Vermieter fordert uns auf, die Miete pünktlich zu zahlen.",,,,,,,,,,,,,,beruf|Das war nicht optimal,736
B2-0737,online gehen,,,online gehen,B2,Linie B2 Beruf,Kapitel 9 – Handel international,v,To go live / go online,Eine Webseite für alle Nutzer im Netz sichtbar machen.,Der neue Webauftritt wird am kommenden Montag online gehen.,,,,,,,,,,,,,,beruf|Das war nicht optimal,737
B2-0738,Beschreibung,die,-en,beschreibung,B2,Linie B2 Beruf,Kapitel 9 – Handel international,n,Description,"Text, der erklärt, wie ein Produkt aussieht/funktioniert.","Bitte lies die Beschreibung, bevor du das Gerät benutzt.",,,,,,,,,,,,,,beruf|Das war nicht optimal,738
B2-0739,Aufforderung,die,-en,aufforderung,B2,Linie B2 Beruf,Kapitel 9 – Handel international,n,Request / Call to action,"Eine offizielle Aufforderung, aktiv zu werden.",Sie erhielt eine schriftliche Aufforderung zur Zahlung.,,,,,,,,,,,,,,beruf|Das war nicht optimal,739
B2-0740,Handeln,das,,handeln,B2,Linie B2 Beruf,Kapitel 9 – Handel international,n,Actions / Conduct,Das aktive Tun einer Person oder Firma.,Schnelles Handeln war in dieser Notsituation absolut notwendig.,,,,,,,,,,,,,,beruf|Das war nicht optimal|nur Singular,740
B2-0741,Konsequenz,die,-en,konsequenz,B2,Linie B2 Beruf,Kapitel 9 – Handel international,n,Consequence,Die logische Folge einer Handlung.,Fehler bei der Produktion haben teure Konsequenzen.,,,,,,,,,,,,,,beruf|Das war nicht optimal,741
B2-0742,Mahnung,die,-en,mahnung,B2,Linie B2 Beruf,Kapitel 9 – Handel international,n,Payment reminder / Warning,"Ein offizieller Brief, wenn man eine Rechnung nicht zahlt.","Wenn Sie jetzt nicht zahlen, erhalten Sie eine Mahnung.",,,,,,,,,,,,,,beruf|Das war nicht optimal,742
B2-0743,Maß,das,-e,mass,B2,Linie B2 Beruf,Kapitel 9 – Handel international,n,Measure / Dimension / Degree,Die Abmessung oder das richtige Gleichgewicht von etwas.,Man muss bei der Arbeit das richtige Maß an Pausen finden.,,,,,,,,,,,,,,beruf|Das war nicht optimal,743
B2-0744,volle Preis,der,,volle preis,B2,Linie B2 Beruf,Kapitel 9 – Handel international,n,The full price,Der gesamte Betrag ohne Rabatte.,Nach Ablauf der Aktion gilt wieder der volle Preis.,,,,,,,,,,,,,,beruf|Das war nicht optimal,744
B2-0745,Abzug,der,¨e,abzug,B2,Linie B2 Beruf,Kapitel 9 – Handel international,n,Deduction,Wenn ein Teil vom Geld abgezogen wird (z. B. Skonto).,Bei Zahlung innerhalb von drei Tagen erhalten Sie 2 % Abzug.,,,,,,,,,,,,,,beruf|Das war nicht optimal,745
B2-0746,im Laufe des Tages,,,im laufe des tages,B2,Linie B2 Beruf,Kapitel 9 – Handel international,phrase,During the day / Later today,Irgendwann vor dem Abend.,Der Techniker wird im Laufe des Tages bei Ihnen vorbeischauen.,,,,,,,,,,,,,,beruf|Das war nicht optimal,746
B2-0747,montieren,,,montieren,B2,Linie B2 Beruf,Kapitel 9 – Handel international,v,to assemble / install,Bauteile oder Geräte fest anbringen.,Der Techniker muss die neue Klimaanlage montieren.,,,,,,,,,,,,,,beruf|Remaining Section from Chapter 9: 5 Wir über uns,747
B2-0748,ausliefern,,,ausliefern,B2,Linie B2 Beruf,Kapitel 9 – Handel international,v,to deliver / distribute,Waren an Kunden bringen.,Die Spedition wird die Möbel morgen ausliefern.,,,,,,,,,,,,,,beruf|Remaining Section from Chapter 9: 5 Wir über uns,748
B2-0749,vernetzen,,,vernetzen,B2,Linie B2 Beruf,Kapitel 9 – Handel international,v,to network / connect,Dinge oder Personen miteinander verbinden.,Wir wollen alle Computer im Büro miteinander vernetzen.,,,,,,,,,,,,,,beruf|Remaining Section from Chapter 9: 5 Wir über uns,749
B2-0750,untereinander vernetzt,,,untereinander vernetzt,B2,Linie B2 Beruf,Kapitel 9 – Handel international,phrase,interconnected / networked with each other,Gegenseitig miteinander verbunden.,Die Abteilungen sind untereinander gut vernetzt.,,,,,,,,,,,,,,beruf|Remaining Section from Chapter 9: 5 Wir über uns,750
B2-0751,einzigartig,,,einzigartig,B2,Linie B2 Beruf,Kapitel 9 – Handel international,adj,unique,"So besonders, dass es nichts Vergleichbares gibt.",Das Design unserer Produkte ist absolut einzigartig.,,,,,,,,,,,,,,beruf|Remaining Section from Chapter 9: 5 Wir über uns,751
B2-0752,beliefern,,,beliefern,B2,Linie B2 Beruf,Kapitel 9 – Handel international,v,to supply / deliver to,Jemandem regelmäßig Waren schicken.,Der Großhändler beliefert uns zweimal pro Woche.,,,,,,,,,,,,,,beruf|Remaining Section from Chapter 9: 5 Wir über uns,752
B2-0753,kontinuierlich,,,kontinuierlich,B2,Linie B2 Beruf,Kapitel 9 – Handel international,adj,continuously / steady,Ohne Unterbrechung; ständig fortlaufend.,Die Verkaufszahlen steigen seit Monaten kontinuierlich.,,,,,,,,,,,,,,beruf|Remaining Section from Chapter 9: 5 Wir über uns,753
B2-0754,gründlich,,,grundlich,B2,Linie B2 Beruf,Kapitel 9 – Handel international,adj,thorough / meticulous,Sehr sorgfältig und genau ausgeführt.,Bitte machen Sie eine gründliche Kontrolle der Lieferung.,,,,,,,,,,,,,,beruf|Remaining Section from Chapter 9: 5 Wir über uns,754
B2-0755,Einsatz,der,¨e,einsatz,B2,Linie B2 Beruf,Kapitel 9 – Handel international,n,deployment / use / effort,Die Verwendung von Mitteln oder die Arbeit für ein Ziel.,Der Einsatz neuer Technologien spart viel Zeit.,,,,,,,,,,,,,,beruf|Remaining Section from Chapter 9: 5 Wir über uns,755
B2-0756,Zuständigkeit,die,-en,zustandigkeit,B2,Linie B2 Beruf,Kapitel 9 – Handel international,n,responsibility / competence,"Der Bereich, für den man verantwortlich ist.",Die IT-Sicherheit fällt in die Zuständigkeit der Systemadministration.,,,,,,,,,,,,,,beruf|Remaining Section from Chapter 9: 5 Wir über uns,756
B2-0757,basieren,,,basieren,B2,Linie B2 Beruf,Kapitel 9 – Handel international,v,to be based (on),Sich auf eine Grundlage oder Fakten stützen.,Unsere Pläne basieren auf den neuesten Marktdaten.,,,,,Verben mit Präposition,auf,Dativ,,,,,,,beruf|Remaining Section from Chapter 9: 5 Wir über uns,757
B2-0758,gemeinsame Nenner,der,,gemeinsame nenner,B2,Linie B2 Beruf,Kapitel 9 – Handel international,n,common denominator,Eine Übereinstimmung bei verschiedenen Meinungen.,Nach langer Diskussion fanden wir einen gemeinsamen Nenner.,,,,,,,,,,,,,,beruf|Remaining Section from Chapter 9: 5 Wir über uns,758
B2-0759,Bedürfnis,das,-se,bedurfnis,B2,Linie B2 Beruf,Kapitel 9 – Handel international,n,need / requirement,"Der Wunsch oder Mangel, den man abstellen möchte.",Die Firma orientiert sich an den Bedürfnissen der Kunden.,,,,,,,,,,,,,,beruf|Remaining Section from Chapter 9: 5 Wir über uns,759
B2-0760,ineinander greifen,,,ineinander greifen,B2,Linie B2 Beruf,Kapitel 9 – Handel international,v,to interlock / work together seamlessly,Wenn verschiedene Teile perfekt zusammenpassen.,In einem guten Team müssen alle Abläufe ineinandergreifen.,,,,,,,,,,,,,,beruf|Remaining Section from Chapter 9: 5 Wir über uns,760
B2-0761,Energieverbrauch,der,,energieverbrauch,B2,Linie B2 Beruf,Kapitel 9 – Handel international,n,energy consumption,"Die Menge an Strom oder Gas, die verbraucht wird.","Wir versuchen, den Energieverbrauch der Fabrik zu senken.",,,,,,,,,,,,,,beruf|Remaining Section from Chapter 9: 5 Wir über uns|nur Singular,761
B2-0762,Haltbarkeit,die,,haltbarkeit,B2,Linie B2 Beruf,Kapitel 9 – Handel international,n,durability / shelf life,Wie lange ein Produkt oder Lebensmittel gut bleibt.,Das Mindesthaltbarkeitsdatum zeigt die Haltbarkeit an.,,,,,,,,,,,,,,beruf|Remaining Section from Chapter 9: 5 Wir über uns|nur Singular,762
B2-0763,Geschäftsführung,die,-en,geschaftsfuhrung,B2,Linie B2 Beruf,Kapitel 9 – Handel international,n,management / executive board,Die leitenden Personen oder Chefs einer Firma.,Die Geschäftsführung hat eine neue Strategie beschlossen.,,,,,,,,,,,,,,beruf|Remaining Section from Chapter 9: 5 Wir über uns,763
B2-0764,Steuerung,die,-en,steuerung,B2,Linie B2 Beruf,Kapitel 9 – Handel international,n,control / regulation,Die Kontrolle oder Führung eines Systems oder Prozesses.,Die Steuerung der Maschinen erfolgt vollautomatisch.,,,,,,,,,,,,,,beruf|Remaining Section from Chapter 9: 5 Wir über uns,764
B2-0765,Forschung,die,-en,forschung,B2,Linie B2 Beruf,Kapitel 9 – Handel international,n,research,Das wissenschaftliche Suchen nach neuen Erkenntnissen.,Das Unternehmen investiert viel Geld in die Forschung.,,,,,,,,,,,,,,beruf|Remaining Section from Chapter 9: 5 Wir über uns,765
B2-0766,Datenschutz,der,,datenschutz,B2,Linie B2 Beruf,Kapitel 9 – Handel international,n,data protection / privacy,Der Schutz persönlicher Daten vor Missbrauch.,Beim Umgang mit Kundendaten müssen wir den Datenschutz beachten.,,,,,,,,,,,,,,beruf|Remaining Section from Chapter 9: 5 Wir über uns|nur Singular,766
B2-0767,Gleichstellung,die,,gleichstellung,B2,Linie B2 Beruf,Kapitel 9 – Handel international,n,equality / equal opportunities,Die rechtliche und soziale Gleichbehandlung (z. B. von Mann und Frau).,Die Firma fördert die Gleichstellung im Beruf.,,,,,,,,,,,,,,beruf|Remaining Section from Chapter 9: 5 Wir über uns|nur Singular,767
B2-0768,Arbeitsschutz,der,,arbeitsschutz,B2,Linie B2 Beruf,Kapitel 9 – Handel international,n,occupational safety,Regeln zum Schutz der Mitarbeiter vor Unfällen bei der Arbeit.,Der Helm gehört zu den Maßnahmen für den Arbeitsschutz.,,,,,,,,,,,,,,beruf|Remaining Section from Chapter 9: 5 Wir über uns|nur Singular,768
B2-0769,Finanzen,die,,finanzen,B2,Linie B2 Beruf,Kapitel 9 – Handel international,n,finances,Das Geldwesen oder die Geldmittel einer Person oder Firma.,Die Buchhaltung überwacht die Finanzen des Betriebs.,,,,,,,,,,,,,,beruf|Remaining Section from Chapter 9: 5 Wir über uns,769
B2-0770,Kernzeit,die,-en,kernzeit,B2,Linie B2 Beruf,Kapitel 10 – Rechte und Pflichten,n,core working hours,"Die feste Zeit, in der alle Mitarbeiter anwesend sein müssen.",Unsere Kernzeit ist täglich von 10:00 Uhr bis 15:00 Uhr.,,,,,,,,,,,,,,beruf|Eine neue Arbeitsstelle – viele Fragen,770
B2-0771,Teilzeit,die,,teilzeit,B2,Linie B2 Beruf,Kapitel 10 – Rechte und Pflichten,n,part-time,Eine reduzierte wöchentliche Arbeitszeit (weniger als Vollzeit).,Nach der Elternzeit arbeitet sie zunächst in Teilzeit.,,,,,,,,,,,,,,beruf|Eine neue Arbeitsstelle – viele Fragen|nur Singular,771
B2-0772,Vollzeit,die,,vollzeit,B2,Linie B2 Beruf,Kapitel 10 – Rechte und Pflichten,n,full-time,"Die reguläre, komplette Wochenarbeitszeit (meist 38–40 Stunden).",Er hat eine unbefristete Stelle in Vollzeit gefunden.,,,,,,,,,,,,,,beruf|Eine neue Arbeitsstelle – viele Fragen|nur Singular,772
B2-0773,Notfall,der,¨e,notfall,B2,Linie B2 Beruf,Kapitel 10 – Rechte und Pflichten,n,emergency,"Eine plötzliche, gefährliche Situation, die schnelles Handeln erfordert.",Im Notfall müssen Sie sofort den Haupthahn zudrehen.,,,,,,,,,,,,,,beruf|Eine neue Arbeitsstelle – viele Fragen,773
B2-0774,etwas frei wählen,,,etwas frei wahlen,B2,Linie B2 Beruf,Kapitel 10 – Rechte und Pflichten,phrase,to choose something freely,Eine Entscheidung ohne Zwang treffen können.,Wir können unsere Pausenzeiten frei wählen.,,,,,,,,,,,,,,beruf|Eine neue Arbeitsstelle – viele Fragen,774
B2-0775,übrigbleiben,,,ubrigbleiben,B2,Linie B2 Beruf,Kapitel 10 – Rechte und Pflichten,v,to be left over,Was nach Abzug aller Kosten oder Teile noch da ist.,Wie viel Geld wird nach Abzug der Steuern vom Gehalt übrigbleiben?,,,,,Verben mit Präposition,von,Dativ,,,,,,,beruf|Eine neue Arbeitsstelle – viele Fragen,775
B2-0776,brutto,,,brutto,B2,Linie B2 Beruf,Kapitel 10 – Rechte und Pflichten,adj,gross,Der Betrag oder Lohn vor Abzug von Steuern und Versicherungen.,Mein Bruttogehalt steht ganz oben auf der Abrechnung.,,,,,,,,,,,,,,beruf|Eine neue Arbeitsstelle – viele Fragen,776
B2-0777,netto,,,netto,B2,Linie B2 Beruf,Kapitel 10 – Rechte und Pflichten,adj,net,Der Betrag oder Lohn nach Abzug aller Abgaben.,"Was man bar auf das Konto bekommt, ist das Nettoeinkommen.",,,,,,,,,,,,,,beruf|Eine neue Arbeitsstelle – viele Fragen,777
B2-0778,Personalabteilung,die,-en,personalabteilung,B2,Linie B2 Beruf,Kapitel 10 – Rechte und Pflichten,n,HR department,"Die Abteilung in der Firma, die sich um Mitarbeiter kümmert.",Schicken Sie Ihre Bewerbung bitte an die Personalabteilung.,,,,,,,,,,,,,,beruf|Eine neue Arbeitsstelle – viele Fragen,778
B2-0779,Versicherungsbeitrag,der,¨e,versicherungsbeitrag,B2,Linie B2 Beruf,Kapitel 10 – Rechte und Pflichten,n,insurance premium,"Das Geld, das man für eine Versicherung bezahlen muss.",Der Versicherungsbeitrag für die Krankenkasse wird direkt vom Lohn abgezogen.,,,,,,,,,,,,,,beruf|Eine neue Arbeitsstelle – viele Fragen,779
B2-0780,Hort,der,-e,hort,B2,Linie B2 Beruf,Kapitel 10 – Rechte und Pflichten,n,after-school care center,Eine Betreuungseinrichtung für Schulkinder am Nachmittag.,Nach der Schule gehen die Kinder in den Hort.,,,,,,,,,,,,,,beruf|Eine neue Arbeitsstelle – viele Fragen,780
B2-0781,Arbeitgeber,der,,arbeitgeber,B2,Linie B2 Beruf,Kapitel 10 – Rechte und Pflichten,n,employer,"Die Firma oder Person, die Arbeiter einstellt und bezahlt.",Mein neuer Arbeitgeber ist ein großes Logistikunternehmen.,,,,,,,,,,,,,,beruf|Davi Fendelas Arbeitsvertrag,781
B2-0782,Arbeitgeberin,die,-nen,arbeitgeberin,B2,Linie B2 Beruf,Kapitel 10 – Rechte und Pflichten,n,employer (female),"Eine Frau, die als Chefin Mitarbeiter einstellt.",Die Arbeitgeberin unterschrieb den Vertrag persönlich.,,,,,,,,,,,,,,beruf|Davi Fendelas Arbeitsvertrag,782
B2-0783,Arbeitnehmer,der,,arbeitnehmer,B2,Linie B2 Beruf,Kapitel 10 – Rechte und Pflichten,n,employee (male),"Jemand, der bei einer Firma angestellt ist.",Als Arbeitnehmer hat man ein Recht auf bezahlten Urlaub.,,,,,,,,,,,,,,beruf|Davi Fendelas Arbeitsvertrag,783
B2-0784,Arbeitnehmerin,die,-nen,arbeitnehmerin,B2,Linie B2 Beruf,Kapitel 10 – Rechte und Pflichten,n,employee (female),Eine weibliche Angestellte.,Die Arbeitnehmerin fordert eine Anpassung ihrer Arbeitszeit.,,,,,,,,,,,,,,beruf|Davi Fendelas Arbeitsvertrag,784
B2-0785,Arbeitsverhältnis,das,-se,arbeitsverhaltnis,B2,Linie B2 Beruf,Kapitel 10 – Rechte und Pflichten,n,employment relationship,Die rechtliche Beziehung zwischen Firma und Mitarbeiter.,Das Arbeitsverhältnis beginnt am ersten Januar.,,,,,,,,,,,,,,beruf|Davi Fendelas Arbeitsvertrag,785
B2-0786,Probezeit,die,-en,probezeit,B2,Linie B2 Beruf,Kapitel 10 – Rechte und Pflichten,n,probationary period,"Der Zeitraum am Anfang des Jobs, in dem man schnell kündigen kann.",Die Probezeit in meinem neuen Job dauert sechs Monate.,,,,,,,,,,,,,,beruf|Davi Fendelas Arbeitsvertrag,786
B2-0787,Frist,die,-en,frist,B2,Linie B2 Beruf,Kapitel 10 – Rechte und Pflichten,n,deadline / notice period,"Ein bestimmter Zeitraum, bis zu dem etwas erledigt sein muss.",Wir müssen die Frist für die Steuererklärung einhalten.,,,,,,,,,,,,,,beruf|Davi Fendelas Arbeitsvertrag,787
B2-0788,kündigen,,,kundigen,B2,Linie B2 Beruf,Kapitel 10 – Rechte und Pflichten,v,to resign / terminate a contract,Einen Vertrag oder Job offiziell beenden.,Er möchte seinen alten Job zum Monatsende kündigen.,,,,,,,,,,,,,,beruf|Davi Fendelas Arbeitsvertrag,788
B2-0789,zumutbar,,,zumutbar,B2,Linie B2 Beruf,Kapitel 10 – Rechte und Pflichten,adj,reasonable / acceptable,"Etwas, das man von jemandem verlangen kann, weil es nicht zu schwer ist.",Eine Fahrzeit von 30 Minuten zur Arbeit ist absolut zumutbar.,,,,,,,,,,,,,,beruf|Davi Fendelas Arbeitsvertrag,789
B2-0790,Bruttovergütung,die,-en,bruttovergutung,B2,Linie B2 Beruf,Kapitel 10 – Rechte und Pflichten,n,gross remuneration,Das Gehalt vor Abzug von Steuern und Sozialabgaben.,Ihre Bruttovergütung beträgt 3.500 Euro im Monat.,,,,,,,,,,,,,,beruf|Davi Fendelas Arbeitsvertrag,790
B2-0791,Berücksichtigung,die,,berucksichtigung,B2,Linie B2 Beruf,Kapitel 10 – Rechte und Pflichten,n,consideration / taking into account,Das Beachten von bestimmten Umständen.,Unter Berücksichtigung aller Fakten war die Entscheidung richtig.,,,,,,,,,,,,,,beruf|Davi Fendelas Arbeitsvertrag|nur Singular,791
B2-0792,Anspruch haben auf,,,anspruch haben auf,B2,Linie B2 Beruf,Kapitel 10 – Rechte und Pflichten,phrase,to be entitled to,Das gesetzliche oder vertragliche Recht auf etwas haben.,Alle Mitarbeiter haben Anspruch auf mindestens 24 Tage Urlaub.,,,,,,,,,,,,,,beruf|Davi Fendelas Arbeitsvertrag,792
B2-0793,absprechen,,,absprechen,B2,Linie B2 Beruf,Kapitel 10 – Rechte und Pflichten,v,to arrange / agree with,Pläne oder Aufgaben gemeinsam festlegen.,Wir sollten uns vor dem Meeting kurz absprechen.,,,,,Verben mit Präposition,mit,Dativ,,,,,,,beruf|Davi Fendelas Arbeitsvertrag,793
B2-0794,Phase,die,-n,phase,B2,Linie B2 Beruf,Kapitel 10 – Rechte und Pflichten,n,phase / stage,Ein bestimmter Zeitabschnitt in einer Entwicklung.,Das Projekt befindet sich aktuell in einer schwierigen Phase.,,,,,,,,,,,,,,beruf|Davi Fendelas Arbeitsvertrag,794
B2-0795,vertraglich geregelt,,,vertraglich geregelt,B2,Linie B2 Beruf,Kapitel 10 – Rechte und Pflichten,phrase,contractually regulated,Festgelegt durch Regeln in einem Vertrag.,Die Überstunden sind im Arbeitsvertrag vertraglich geregelt.,,,,,,,,,,,,,,beruf|Davi Fendelas Arbeitsvertrag,795
B2-0796,Tätigkeit,die,-en,tatigkeit,B2,Linie B2 Beruf,Kapitel 10 – Rechte und Pflichten,n,activity / duty / task,"Die Arbeit oder Beschäftigung, die man ausführt.",Zu meinen Haupttätigkeiten gehört das Schreiben von Berichten.,,,,,,,,,,,,,,beruf|Davi Fendelas Arbeitsvertrag,796
B2-0797,Gesetz,das,-e,gesetz,B2,Linie B2 Beruf,Kapitel 10 – Rechte und Pflichten,n,law / statute,"Eine feste Regel, die vom Staat beschlossen wurde.",Das Gesetz regelt den Kündigungsschutz für Arbeitnehmer.,,,,,,,,,,,,,,beruf|Vertragssprache,797
B2-0798,Tarifvertrag,der,¨e,tarifvertrag,B2,Linie B2 Beruf,Kapitel 10 – Rechte und Pflichten,n,collective agreement,Vertrag über Löhne und Arbeitsbedingungen zwischen Gewerkschaft und Arbeitgeber.,Die Gehaltserhöhung ist im neuen Tarifvertrag festgelegt.,,,,,,,,,,,,,,beruf|Vertragssprache,798
B2-0799,Betriebsvereinbarung,die,,betriebsvereinbarung,B2,Linie B2 Beruf,Kapitel 10 – Rechte und Pflichten,n,company agreement,Ein Vertrag zwischen der Geschäftsführung und dem Betriebsrat.,Die Regeln zum Homeoffice sind in einer Betriebsvereinbarung geregelt.,,,,,,,,,,,,,,beruf|Vertragssprache,799
B2-0800,etwas regeln,,,etwas regeln,B2,Linie B2 Beruf,Kapitel 10 – Rechte und Pflichten,v,to regulate / govern,"Bestimmen, wie etwas ablaufen soll.",Die AGBs regeln die Bedingungen für eine Stornierung.,,,,,,,,,,,,,,beruf|Vertragssprache,800
B2-0801,Vereinbarung,die,-en,vereinbarung,B2,Linie B2 Beruf,Kapitel 10 – Rechte und Pflichten,n,agreement,Eine Absprache oder ein Vertrag zwischen Parteien.,Wir haben eine schriftliche Vereinbarung getroffen.,,,,,,,,,,,,,,beruf|Vertragssprache,801
B2-0802,Betriebsrat,der,¨e,betriebsrat,B2,Linie B2 Beruf,Kapitel 10 – Rechte und Pflichten,n,works council,Die Vertretung der Mitarbeiter in einer Firma.,Bei Problemen mit dem Chef kann man den Betriebsrat um Hilfe bitten.,,,,,,,,,,,,,,beruf|Vertragssprache,802
B2-0803,Nebentätigkeit,die,-en,nebentatigkeit,B2,Linie B2 Beruf,Kapitel 10 – Rechte und Pflichten,n,side job / secondary employment,Eine zusätzliche Arbeit neben dem Hauptberuf.,Man muss eine Nebentätigkeit beim Arbeitgeber anmelden.,,,,,,,,,,,,,,beruf|Vertragssprache,803
B2-0804,Kündigung,die,-en,kundigung,B2,Linie B2 Beruf,Kapitel 10 – Rechte und Pflichten,n,termination / dismissal,"Das offizielle Dokument, mit dem man einen Vertrag beendet.",Er hat gestern seine schriftliche Kündigung abgegeben.,,,,,,,,,,,,,,beruf|Vertragssprache,804
B2-0805,jemanden einstellen,,,jemanden einstellen,B2,Linie B2 Beruf,Kapitel 10 – Rechte und Pflichten,v,to hire / employ someone,Jemandem einen Job geben und einen Vertrag schließen.,Die Werkstatt möchte im Sommer zwei neue Mechaniker einstellen.,,,,,,,,,,,,,,beruf|Vertragssprache,805
B2-0806,regulär,,,regular,B2,Linie B2 Beruf,Kapitel 10 – Rechte und Pflichten,adj,regular / normal,Ganz normal; den Regeln entsprechend.,Die reguläre Arbeitszeit beträgt 40 Stunden pro Woche.,,,,,,,,,,,,,,beruf|Vertragssprache,806
B2-0807,etwas anordnen,,,etwas anordnen,B2,Linie B2 Beruf,Kapitel 10 – Rechte und Pflichten,v,to order / decree,"Offiziell befehlen, dass etwas getan werden muss.",Der Chef kann in Notfällen Überstunden anordnen.,,,,,,,,,,,,,,beruf|Vertragssprache,807
B2-0808,verpflichtet sein,,,verpflichtet sein,B2,Linie B2 Beruf,Kapitel 10 – Rechte und Pflichten,phrase,to be obliged / required,Etwas tun müssen (wegen eines Gesetzes oder Vertrags).,"Sie sind verpflichtet, eine Krankmeldung abzugeben.",,,,,,,,,,,,,,beruf|Vertragssprache,808
B2-0809,spätestens,,,spatestens,B2,Linie B2 Beruf,Kapitel 10 – Rechte und Pflichten,adj,at the latest,Nicht nach einem bestimmten Zeitpunkt.,Die Bewerbungsunterlagen müssen spätestens am Freitag hier sein.,,,,,,,,,,,,,,beruf|Vertragssprache,809
B2-0810,Vertragsdauer,die,,vertragsdauer,B2,Linie B2 Beruf,Kapitel 10 – Rechte und Pflichten,n,duration of contract,"Die Laufzeit, für die ein Vertrag gültig ist.",Die Vertragsdauer beträgt zunächst zwölf Monate.,,,,,,,,,,,,,,beruf|Vertragssprache|nur Singular,810
B2-0811,Gruppenleiter,der,,gruppenleiter,B2,Linie B2 Beruf,Kapitel 10 – Rechte und Pflichten,n,group leader / supervisor (male),Der Chef einer kleineren Arbeitsgruppe.,Unser Gruppenleiter koordiniert die täglichen Aufgaben.,,,,,,,,,,,,,,beruf|Regeln im Betrieb,811
B2-0812,Gruppenleiterin,die,-nen,gruppenleiterin,B2,Linie B2 Beruf,Kapitel 10 – Rechte und Pflichten,n,group leader / supervisor (female),"Eine Frau, die eine Arbeitsgruppe leitet.",Die Gruppenleiterin hat uns zum Meeting eingeladen.,,,,,,,,,,,,,,beruf|Regeln im Betrieb,812
B2-0813,pünktlich erscheinen,,,punktlich erscheinen,B2,Linie B2 Beruf,Kapitel 10 – Rechte und Pflichten,v,to appear on time,Genau zur richtigen Zeit an einem Ort ankommen.,Alle Mitarbeiter müssen morgens pünktlich erscheinen.,,,,,,,,,,,,,,beruf|Regeln im Betrieb,813
B2-0814,eine Lösung finden,,,eine losung finden,B2,Linie B2 Beruf,Kapitel 10 – Rechte und Pflichten,phrase,to find a solution,Ein Problem erfolgreich klären.,Wir müssen gemeinsam eine Lösung für den Konflikt finden.,,,,,,,,,,,,,,beruf|Regeln im Betrieb,814
B2-0815,sich etwas  gefallen lassen,,,sich etwas  gefallen lassen,B2,Linie B2 Beruf,Kapitel 10 – Rechte und Pflichten,v,(not) to put up with something,Etwas Unfaires akzeptieren (oder sich dagegen wehren).,Schlechtes Verhalten vom Chef sollte man sich nicht gefallen lassen.,,,,,,,,,,,,,,beruf|Regeln im Betrieb,815
B2-0816,Personalakte,die,-n,personalakte,B2,Linie B2 Beruf,Kapitel 10 – Rechte und Pflichten,n,personnel file,Die Sammlung aller Dokumente über einen Mitarbeiter.,Die Abmahnung wird in der Personalakte gespeichert.,,,,,,,,,,,,,,beruf|Regeln im Betrieb,816
B2-0817,wegen,,,wegen,B2,Linie B2 Beruf,Kapitel 10 – Rechte und Pflichten,v,because of,Drückt den Grund für etwas aus.,Wegen des Feiertags bleibt das Maklerbüro am Montag geschlossen.,,,,,,,,,,,,,,beruf|Regeln im Betrieb,817
B2-0818,Gewissenskonflikt,der,-e,gewissenskonflikt,B2,Linie B2 Beruf,Kapitel 10 – Rechte und Pflichten,n,conflict of conscience,"Ein innerer Streit, wenn man etwas tun soll, das man moralisch falsch findet.","Sie war in einem Gewissenskonflikt, ob sie den Fehler vertuschen sollte.",,,,,,,,,,,,,,beruf|Regeln im Betrieb,818
B2-0819,Auftragslage,die,,auftragslage,B2,Linie B2 Beruf,Kapitel 10 – Rechte und Pflichten,n,order situation / volume of orders,"Die Menge an Aufträgen, die eine Firma aktuell hat.",Wegen der guten Auftragslage müssen wir Überstunden machen.,,,,,,,,,,,,,,beruf|Regeln im Betrieb|nur Singular,819
B2-0820,etwas selbst bestimmen,,,etwas selbst bestimmen,B2,Linie B2 Beruf,Kapitel 10 – Rechte und Pflichten,phrase,to decide something for oneself,Eigenständig eine Entscheidung treffen.,Freelancer können ihre Arbeitszeiten selbst bestimmen.,,,,,,,,,,,,,,beruf|Regeln im Betrieb,820
B2-0821,Dienstbekleidung,die,-en,dienstbekleidung,B2,Linie B2 Beruf,Kapitel 10 – Rechte und Pflichten,n,uniform / work clothes,Vorgeschriebene Kleidung für die Arbeit.,Im Service ist das Tragen der Dienstbekleidung Pflicht.,,,,,,,,,,,,,,beruf|Regeln im Betrieb,821
B2-0822,innerhalb,,,innerhalb,B2,Linie B2 Beruf,Kapitel 10 – Rechte und Pflichten,adj,within,Drinnen; in einem bestimmten zeitlichen oder räumlichen Rahmen.,Wir müssen den Mangel innerhalb einer Woche beheben.,,,,,,,,,,,,,,beruf|Regeln im Betrieb,822
B2-0823,außerhalb,,,ausserhalb,B2,Linie B2 Beruf,Kapitel 10 – Rechte und Pflichten,adj,outside of,Draußen; außerhalb von Zeiten oder Orten.,Telefonate außerhalb der Arbeitszeit sind nicht Pflicht.,,,,,,,,,,,,,,beruf|Regeln im Betrieb,823
B2-0824,anstelle von,,,anstelle von,B2,Linie B2 Beruf,Kapitel 10 – Rechte und Pflichten,phrase,instead of,Als Ersatz für eine andere Sache oder Person.,Anstelle von Herrn Müller wird Frau Schmidt das Protokoll schreiben.,,,,,,,,,,,,,,beruf|Regeln im Betrieb,824
B2-0825,anlässlich,,,anlasslich,B2,Linie B2 Beruf,Kapitel 10 – Rechte und Pflichten,adj,on the occasion of,Aus Grund eines besonderen Ereignisses oder Festes.,Anlässlich des Firmenjubiläums gibt es einen Betriebsausflug.,,,,,,,,,,,,,,beruf|Regeln im Betrieb,825
B2-0826,trotz,,,trotz,B2,Linie B2 Beruf,Kapitel 10 – Rechte und Pflichten,adj,despite / in spite of,Obwohl ein Hindernis vorhanden ist.,Trotz der Mieterhöhung bleiben wir in diesen Büroräumen.,,,,,,,,,,,,,,beruf|Regeln im Betrieb,826
B2-0827,Startup,der/das,-s,startup,B2,Linie B2 Beruf,Kapitel 10 – Rechte und Pflichten,n,startup,"Eine neu gegründete, junge Firma mit innovativen Ideen.",Das Startup sucht neue Investoren für die Geschäftsidee.,,,,,,,,,,,,,,beruf|Regeln im Betrieb,827
B2-0828,verpachten,,,verpachten,B2,Linie B2 Beruf,Kapitel 10 – Rechte und Pflichten,v,to lease out,Einen Laden oder Grund gegen Geld zur Nutzung überlassen (inklusive Inventar).,Der Besitzer möchte seinen Kiosk an einen Nachfolger verpachten.,,,,,,,,,,,,,,beruf|Regeln im Betrieb,828
B2-0829,Gruppenleitung,die,-en,gruppenleitung,B2,Linie B2 Beruf,Kapitel 10 – Rechte und Pflichten,n,Team leadership / Group management,"Die Person oder Position, die ein Team leitet.",Sie hat sich erfolgreich um die Gruppenleitung beworben.,,,,,,,,,,,,,,beruf|Gespräche mit Vorgesetzten,829
B2-0830,Gehaltswunsch,der,¨e,gehaltswunsch,B2,Linie B2 Beruf,Kapitel 10 – Rechte und Pflichten,n,Salary expectation,"Das Einkommen, das man sich bei Verhandlungen wünscht.",Nennen Sie in Ihrer Bewerbung bitte Ihren Gehaltswunsch.,,,,,,,,,,,,,,beruf|Gespräche mit Vorgesetzten,830
B2-0831,Arbeitsbelastung,die,-en,arbeitsbelastung,B2,Linie B2 Beruf,Kapitel 10 – Rechte und Pflichten,n,Workload / Work strain,"Die Menge an Arbeit, die man bewältigen muss.",Die hohe Arbeitsbelastung führt oft zu großem Stress.,,,,,,,,,,,,,,beruf|Gespräche mit Vorgesetzten,831
B2-0832,Tarif,der,-e,tarif,B2,Linie B2 Beruf,Kapitel 10 – Rechte und Pflichten,n,Collective agreement / Wage rate,Ein vertraglich festgesetzter Lohn zwischen Partnern.,Die Bezahlung in diesem Unternehmen ist durch einen Tarif geregelt.,,,,,,,,,,,,,,beruf|Gespräche mit Vorgesetzten,832
B2-0833,über/unter Tarif bezahlen,,,uber/unter tarif bezahlen,B2,Linie B2 Beruf,Kapitel 10 – Rechte und Pflichten,phrase,To pay above/below tariff rate,Mehr oder weniger Gehalt geben als im Tarifvertrag steht.,Großkonzerne bezahlen ihre Angestellten oft über Tarif.,,,,,,,,,,,,,,beruf|Gespräche mit Vorgesetzten,833
B2-0834,Urlaub nehmen,,,urlaub nehmen,B2,Linie B2 Beruf,Kapitel 10 – Rechte und Pflichten,v,To take a vacation / annual leave,Freie Tage bei der Firma beantragen und nutzen.,Im August möchte ich zwei Wochen Urlaub nehmen.,,,,,,,,,,,,,,beruf|Gespräche mit Vorgesetzten,834
B2-0835,jmdm. droht die Kündigung,,,jmdm. droht die kundigung,B2,Linie B2 Beruf,Kapitel 10 – Rechte und Pflichten,phrase,Someone is facing dismissal,"Wenn es sehr wahrscheinlich ist, dass man den Job verliert.",Wegen der Krise droht vielen Mitarbeitern die Kündigung.,,,,,,,,,,,,,,beruf|Kündigung,835
B2-0836,Diskriminierung,die,,diskriminierung,B2,Linie B2 Beruf,Kapitel 10 – Rechte und Pflichten,n,Discrimination,Die Benachteiligung von Menschen aus unfairen Gründen.,Am Arbeitsplatz darf es keine Diskriminierung geben.,,,,,,,,,,,,,,beruf|Kündigung|nur Singular,836
B2-0837,jemanden entlassen,,,jemanden entlassen,B2,Linie B2 Beruf,Kapitel 10 – Rechte und Pflichten,v,To dismiss / fire someone,Einem Arbeitnehmer die Stelle kündigen.,Der Chef musste den Mitarbeiter wegen Diebstahls entlassen.,,,,,,,,,,,,,,beruf|Kündigung,837
B2-0838,stehlen,,,stehlen,B2,Linie B2 Beruf,Kapitel 10 – Rechte und Pflichten,v,To steal,Unberechtigt Eigentum von anderen mitnehmen.,"Wer Werkzeuge aus der Firma stiehlt, verliert seinen Job.",,,,,,,,,,,,,,beruf|Kündigung,838
B2-0839,Belästigung,die,-en,belastigung,B2,Linie B2 Beruf,Kapitel 10 – Rechte und Pflichten,n,Harassment / Annoyance,Ein störendes oder verletzendes Verhalten gegenüber anderen.,Jede Form von Belästigung wird im Betrieb streng bestraft.,,,,,,,,,,,,,,beruf|Kündigung,839
B2-0840,sexuell,,,sexuell,B2,Linie B2 Beruf,Kapitel 10 – Rechte und Pflichten,adj,Sexual,Das Geschlechtsleben oder die Sexualität betreffend.,Eine sexuelle Belästigung wird niemals toleriert.,,,,,,,,,,,,,,beruf|Kündigung,840
B2-0841,jemanden mobben,,,jemanden mobben,B2,Linie B2 Beruf,Kapitel 10 – Rechte und Pflichten,v,To bully / harass someone,Einen Kollegen absichtlich und unfair behandeln.,"Es ist unfair, wenn mehrere Kollegen eine Person mobben.",,,,,,,,,,,,,,beruf|Kündigung,841
B2-0842,Betriebsversammlung,die,-en,betriebsversammlung,B2,Linie B2 Beruf,Kapitel 10 – Rechte und Pflichten,n,Works meeting / Staff meeting,Ein offizielles Treffen aller Mitarbeiter mit dem Betriebsrat.,Auf der Betriebsversammlung wurden neue Regeln besprochen.,,,,,,,,,,,,,,beruf|Kündigung,842
B2-0843,sich schonen,,,sich schonen,B2,Linie B2 Beruf,Kapitel 10 – Rechte und Pflichten,v,To take it easy / rest oneself,"Sich ausruhen, um die Gesundheit zu schützen.",Nach der Operation muss der Patient sich noch schonen.,,,,,,,,,,,,,,beruf|Kündigung,843
B2-0844,schwanger sein,,,schwanger sein,B2,Linie B2 Beruf,Kapitel 10 – Rechte und Pflichten,phrase,To be pregnant,Ein Kind im Körper erwarten.,"Wenn Mitarbeiterinnen schwanger sind, gilt ein besonderer Schutz.",,,,,,,,,,,,,,beruf|Arbeitsschutz,844
B2-0845,Mutterschaftsgeld,das,,mutterschaftsgeld,B2,Linie B2 Beruf,Kapitel 10 – Rechte und Pflichten,n,Maternity pay,Finanzielles Geld für Frauen rund um die Geburt.,Während des Mutterschutzes zahlt die Kasse Mutterschaftsgeld.,,,,,,,,,,,,,,beruf|Arbeitsschutz|nur Singular,845
B2-0846,Zeitungen austragen,,,zeitungen austragen,B2,Linie B2 Beruf,Kapitel 10 – Rechte und Pflichten,v,To deliver newspapers,Zeitungen zu den Häusern bringen (oft als Nebenjob).,Als Schüler hat er am Wochenende Zeitungen ausgetragen.,,,,,,,,,,,,,,beruf|Arbeitsschutz,846
B2-0847,Kinderarbeit,die,,kinderarbeit,B2,Linie B2 Beruf,Kapitel 10 – Rechte und Pflichten,n,Child labor,Die verbotene wirtschaftliche Arbeit von Kindern.,Gesetze zum Arbeitsschutz verbieten illegale Kinderarbeit.,,,,,,,,,,,,,,beruf|Arbeitsschutz|nur Singular,847
B2-0848,Schwerarbeit,die,,schwerarbeit,B2,Linie B2 Beruf,Kapitel 10 – Rechte und Pflichten,n,Heavy physical labor,Körperlich sehr anstrengende und schwere Arbeit.,Auf dem Bau leistet das Personal oft harte Schwerarbeit.,,,,,,,,,,,,,,beruf|Arbeitsschutz|nur Singular,848
B2-0849,Gesundheitsschutz,der,,gesundheitsschutz,B2,Linie B2 Beruf,Kapitel 10 – Rechte und Pflichten,n,Health protection,"Maßnahmen, um Krankheiten bei der Arbeit zu verhindern.",Ergonomische Bürostühle dienen dem Gesundheitsschutz.,,,,,,,,,,,,,,beruf|Arbeitsschutz|nur Singular,849
B2-0850,Ruhezeit,die,-en,ruhezeit,B2,Linie B2 Beruf,Kapitel 10 – Rechte und Pflichten,n,Rest period / Break time,Die gesetzliche Mindestzeit zur Erholung zwischen Schichten.,Zwischen zwei Schichten muss eine Ruhezeit liegen.,,,,,,,,,,,,,,beruf|Arbeitsschutz,850
B2-0851,übermäßig,,,ubermassig,B2,Linie B2 Beruf,Kapitel 10 – Rechte und Pflichten,adj,Excessive,Zu viel; über das normale Maß hinausgehend.,Ein übermäßiger Konsum von Kaffee ist ungesund.,,,,,,,,,,,,,,beruf|Arbeitsschutz,851
B2-0852,ätzend,,,atzend,B2,Linie B2 Beruf,Kapitel 10 – Rechte und Pflichten,adj,Corrosive / Caustic,"Chemische Stoffe, die Oberflächen oder Haut zerstören.",Beim Umgang mit ätzenden Flüssigkeiten muss man aufpassen.,,,,,,,,,,,,,,beruf|Arbeitsschutz,852
B2-0853,Schutzbrille,die,-n,schutzbrille,B2,Linie B2 Beruf,Kapitel 10 – Rechte und Pflichten,n,Safety goggles,"Eine Brille, die die Augen bei der Arbeit schützt.",Beim Schweißen ist das Tragen einer Schutzbrille Pflicht.,,,,,,,,,,,,,,beruf|Arbeitsschutz,853
B2-0854,Einmalhandschuhe,die,,einmalhandschuhe,B2,Linie B2 Beruf,Kapitel 10 – Rechte und Pflichten,n,Disposable gloves,"Handschuhe aus Plastik, die man nur einmal benutzt.",Im Labor müssen die Mitarbeiter stets Einmalhandschuhe tragen.,,,,,,,,,,,,,,beruf|Arbeitsschutz,854
B2-0855,Hygiene,die,,hygiene,B2,Linie B2 Beruf,Kapitel 10 – Rechte und Pflichten,n,Hygiene / Cleanliness,Sauberkeit zur Vermeidung von Krankheiten.,In der Küche gelten strenge Regeln für die Hygiene.,,,,,,,,,,,,,,beruf|Arbeitsschutz|nur Singular,855
B2-0856,desinfizieren,,,desinfizieren,B2,Linie B2 Beruf,Kapitel 10 – Rechte und Pflichten,v,To disinfect / sanitize,Keime und Bakterien mit Mitteln abtöten.,Vor einer OP muss der Arzt sich die Hände gründlich desinfizieren.,,,,,,,,,,,,,,beruf|Arbeitsschutz,856
B2-0857,Beitrag,der,¨e,beitrag,B2,Linie B2 Beruf,Kapitel 10 – Rechte und Pflichten,n,Contribution / Fee,"Geld, das man für eine Versicherung oder einen Club zahlt.",Der Beitrag zur Krankenversicherung wird vom Lohn abgezogen.,,,,,,,,,,,,,,beruf|Arbeitsschutz,857
B2-0858,anklicken,,,anklicken,B2,Linie B2 Beruf,Kapitel 11 – Arbeit und neue Medien,v,To click on,Mit der Computermaus auf ein Symbol drücken.,Sie müssen das Symbol auf dem Bildschirm doppelt anklicken.,,,,,,,,,,,,,,beruf|Alles digital,858
B2-0859,herunterladen,,,herunterladen,B2,Linie B2 Beruf,Kapitel 11 – Arbeit und neue Medien,v,To download,Daten aus dem Internet auf den PC kopieren.,Du kannst dir die Dokumente direkt von der Seite herunterladen.,,,,,,,,,,,,,,beruf|Alles digital,859
B2-0860,hochfahren,,,hochfahren,B2,Linie B2 Beruf,Kapitel 11 – Arbeit und neue Medien,v,To boot up / start up,Einen Computer einschalten und starten lassen.,Morgens muss ich als Erstes meinen Laptop hochfahren.,,,,,,,,,,,,,,beruf|Alles digital,860
B2-0861,posten,,,posten,B2,Linie B2 Beruf,Kapitel 11 – Arbeit und neue Medien,v,To post (online),Einen Text oder ein Bild im Internet veröffentlichen.,Die Firma möchte täglich Neuigkeiten auf Social Media posten.,,,,,,,,,,,,,,beruf|Alles digital,861
B2-0862,twittern,,,twittern,B2,Linie B2 Beruf,Kapitel 11 – Arbeit und neue Medien,v,To tweet,Eine kurze Nachricht auf der Plattform X senden.,Der Politiker nutzt soziale Netzwerke und twittert sehr viel.,,,,,,,,,,,,,,beruf|Alles digital,862
B2-0863,speichern,,,speichern,B2,Linie B2 Beruf,Kapitel 11 – Arbeit und neue Medien,v,To save (data),Daten dauerhaft auf einer Festplatte sichern.,"Vergessen Sie nicht, Ihre Dokumente vor dem Schließen zu speichern.",,,,,,,,,,,,,,beruf|Alles digital,863
B2-0864,verzichten,,,verzichten,B2,Linie B2 Beruf,Kapitel 11 – Arbeit und neue Medien,v,To do without / give up,Etwas freiwillig nicht benutzen oder konsumieren.,Während des Experiments wollte er komplett auf sein Handy verzichten.,,,,,Verben mit Präposition,auf,Akkusativ,,,,,,,beruf|Einen Monat offline,864
B2-0865,schwerfallen,,,schwerfallen,B2,Linie B2 Beruf,Kapitel 11 – Arbeit und neue Medien,v,To be difficult for someone,Wenn eine Aufgabe große Mühe bereitet.,Der Verzicht auf das Internet wird vielen Menschen sehr schwerfallen.,,,,,,,,,,,,,,beruf|Einen Monat offline,865
B2-0866,kommunizieren,,,kommunizieren,B2,Linie B2 Beruf,Kapitel 11 – Arbeit und neue Medien,v,To communicate with,Informationen oder Nachrichten mit anderen austauschen.,Wir kommunizieren mit unseren Kunden meistens per E-Mail.,,,,,Verben mit Präposition,mit,Dativ,,,,,,,beruf|Einen Monat offline,866
B2-0867,je ... desto / umso ...,,,je ... desto / umso ...,B2,Linie B2 Beruf,Kapitel 11 – Arbeit und neue Medien,phrase,The ... the ...,Zweiteilige Struktur für proportionale Änderungen.,"Je mehr man lernt, desto leichter fällt einem die Prüfung.",,,,,,,,,,,,,,beruf|Einen Monat offline,867
B2-0868,zurückkehren,,,zuruckkehren,B2,Linie B2 Beruf,Kapitel 11 – Arbeit und neue Medien,v,To return / go back,"An einen Ort zurückgehen, wo man vorher war.",Nach dem Urlaub müssen wir wieder an unseren Arbeitsplatz zurückkehren.,,,,,,,,,,,,,,beruf|Einen Monat offline,868
B2-0869,deuten,,,deuten,B2,Linie B2 Beruf,Kapitel 11 – Arbeit und neue Medien,v,To interpret / point to,Ein Zeichen oder ein Verhalten auf eine Weise erklären.,Seine Stille kann man als Zustimmung deuten.,,,,,,,,,,,,,,beruf|Einen Monat offline,869
B2-0870,sich blamieren,,,sich blamieren,B2,Linie B2 Beruf,Kapitel 11 – Arbeit und neue Medien,v,To make a fool of oneself,Durch einen Fehler lächerlich oder peinlich wirken.,"Wer unvorbereitet in das Meeting geht, kann sich leicht blamieren.",,,,,,,,,,,,,,beruf|Einen Monat offline,870
B2-0871,lauschen,,,lauschen,B2,Linie B2 Beruf,Kapitel 11 – Arbeit und neue Medien,v,To listen intently,"Sehr aufmerksam zuhören, oft heimlich.",Die Kinder lauschen der spannenden Geschichte des Großvaters.,,,,,,,,,,,,,,beruf|Einen Monat offline,871
B2-0872,vibrieren,,,vibrieren,B2,Linie B2 Beruf,Kapitel 11 – Arbeit und neue Medien,v,To vibrate,"Eine schnelle, zitternde Bewegung machen.","Mein Handy vibriert in der Tasche, weil jemand anruft.",,,,,,,,,,,,,,beruf|Einen Monat offline,872
B2-0873,übertragen,,,ubertragen,B2,Linie B2 Beruf,Kapitel 11 – Arbeit und neue Medien,v,To transmit / transfer,Daten senden oder Rundfunk ausstrahlen.,Die Daten werden automatisch an den Hauptserver übertragen.,,,,,,,,,,,,,,beruf|Einen Monat offline,873
B2-0874,auf sich selbst gestellt sein,,,auf sich selbst gestellt sein,B2,Linie B2 Beruf,Kapitel 11 – Arbeit und neue Medien,phrase,To be on one's own,Ohne die Hilfe von anderen Personen klarkommen müssen.,Ohne funktionierende Technik ist man im Büro auf sich selbst gestellt.,,,,,,,,,,,,,,beruf|Einen Monat offline,874
B2-0875,kurzfristig,,,kurzfristig,B2,Linie B2 Beruf,Kapitel 11 – Arbeit und neue Medien,adj,Short-term / Short notice,Ohne lange Vorbereitungszeit; in naher Zukunft.,Der Termin wurde leider sehr kurzfristig abgesagt.,,,,,,,,,,,,,,beruf|Einen Monat offline,875
B2-0876,sich etwas zulegen,,,sich etwas zulegen,B2,Linie B2 Beruf,Kapitel 11 – Arbeit und neue Medien,v,To acquire / buy for oneself,Etwas käuflich erwerben oder anschaffen.,"Ich möchte mir ein neues, moderneres Notebook zulegen.",,,,,,,,,,,,,,beruf|Einen Monat offline,876
B2-0877,scheitern,,,scheitern,B2,Linie B2 Beruf,Kapitel 11 – Arbeit und neue Medien,v,To fail,Ein Ziel nicht erreichen; ein Misserfolg sein.,"Der Versuch, die alte Software zu reparieren, ist leider gescheitern.",,,,,,,,,,,,,,beruf|Einen Monat offline,877
B2-0878,in Betrieb nehmen,,,in betrieb nehmen,B2,Linie B2 Beruf,Kapitel 11 – Arbeit und neue Medien,phrase,To put into operation,Ein Gerät zum ersten Mal einschalten und nutzen.,Wir werden die neue Druckmaschine nächste Woche in Betrieb nehmen.,,,,,,,,,,,,,,beruf|Einen Monat offline,878
B2-0879,sich rechtfertigen,,,sich rechtfertigen,B2,Linie B2 Beruf,Kapitel 11 – Arbeit und neue Medien,v,To justify oneself,"Die Gründe für ein Verhalten erklären, um sich zu verteidigen.",Man muss sich nicht für jede kleine Entscheidung rechtfertigen.,,,,,,,,,,,,,,beruf|Einen Monat offline,879
B2-0880,überprüfen,,,uberprufen,B2,Linie B2 Beruf,Kapitel 11 – Arbeit und neue Medien,v,To check / verify,"Etwas genau kontrollieren, um Fehler zu finden.",Der Techniker muss die Leitungen gründlich überprüfen.,,,,,,,,,,,,,,beruf|Einen Monat offline,880
B2-0881,vernetzt,,,vernetzt,B2,Linie B2 Beruf,Kapitel 11 – Arbeit und neue Medien,adj,Networked,Durch ein Netzwerk miteinander verbunden sein.,Alle Computer in der Firma sind miteinander vernetzt.,,,,,,,,,,,,,,beruf|Einen Monat offline,881
B2-0882,vertraut sein,,,vertraut sein,B2,Linie B2 Beruf,Kapitel 11 – Arbeit und neue Medien,phrase,To be familiar with,Sich mit einem Thema oder System sehr gut auskennen.,Sind Sie mit den neuen Datenschutzregeln vertraut?,,,,,Verben mit Präposition,mit,Dativ,,,,,,,beruf|Einen Monat offline,882
B2-0883,stammen,,,stammen,B2,Linie B2 Beruf,Kapitel 11 – Arbeit und neue Medien,v,To originate / stem from,Seinen Ursprung an einem Ort oder einer Zeit haben.,Die Daten in der Statistik stammen aus dem letzten Jahr.,,,,,Verben mit Präposition,von,Dativ,,,,,,,beruf|Mediennutzung,883
B2-0884,Untersuchung,die,-en,untersuchung,B2,Linie B2 Beruf,Kapitel 11 – Arbeit und neue Medien,n,Study / Analysis,Eine wissenschaftliche Prüfung oder eine Studie.,Die Untersuchung zeigt deutliche Veränderungen bei den Medien.,,,,,,,,,,,,,,beruf|Mediennutzung,884
B2-0885,Befragte,der/die,-n,befragte,B2,Linie B2 Beruf,Kapitel 11 – Arbeit und neue Medien,n,Respondent,"Eine Person, die bei einer Umfrage Fragen beantwortet.","Mehrere Befragte gaben an, täglich soziale Medien zu nutzen.",,,,,,,,,,,,,,beruf|Mediennutzung,885
B2-0886,Hälfte,die,-n,halfte,B2,Linie B2 Beruf,Kapitel 11 – Arbeit und neue Medien,n,Half,Ein Teil von zwei exakt gleichen Teilen (50%).,Fast die Hälfte der Mitarbeiter arbeitet im Homeoffice.,,,,,,,,,,,,,,beruf|Mediennutzung,886
B2-0887,Drittel,das,,drittel,B2,Linie B2 Beruf,Kapitel 11 – Arbeit und neue Medien,n,Third (1/3),Einer von drei gleichen Teilen einer Menge.,Ein Drittel des Budgets wird für Werbung ausgegeben.,,,,,,,,,,,,,,beruf|Mediennutzung,887
B2-0888,an erster/letzter Stelle stehen,,,an erster/letzter stelle stehen,B2,Linie B2 Beruf,Kapitel 11 – Arbeit und neue Medien,phrase,To be in first/last place,Das Wichtigste oder Unwichtigste in einer Rangliste sein.,Kundenzufriedenheit sollte immer an erster Stelle stehen.,,,,,,,,,,,,,,beruf|Mediennutzung,888
B2-0889,sich etwas vornehmen,,,sich etwas vornehmen,B2,Linie B2 Beruf,Kapitel 11 – Arbeit und neue Medien,v,To intend to do something,"Fest planen, ein Ziel in der Zukunft zu erreichen.","Ich nehme mir vor, weniger Zeit am Smartphone zu verbringen.",,,,,,,,,,,,,,beruf|Mediennutzung,889
B2-0890,etwas durchhalten,,,etwas durchhalten,B2,Linie B2 Beruf,Kapitel 11 – Arbeit und neue Medien,v,To persevere / endure,Eine schwierige Situation bis zum Ende ohne Aufgeben ertragen.,"Man braucht Disziplin, um eine Diät über Monate durchzuhalten.",,,,,,,,,,,,,,beruf|Mediennutzung,890
B2-0891,Umfrage,die,-n,umfrage,B2,Linie B2 Beruf,Kapitel 11 – Arbeit und neue Medien,n,Survey / Poll,Eine Befragung von Personen zu Meinungen oder Trends.,Wir führen eine Umfrage zur Zufriedenheit im Büro durch.,,,,,,,,,,,,,,beruf|Mediennutzung,891
B2-0892,reklamieren,,,reklamieren,B2,Linie B2 Beruf,Kapitel 11 – Arbeit und neue Medien,v,To file a product claim,Eine fehlerhafte Ware beim Verkäufer offiziell bemängeln.,"Wenn das Gerät kaputt ankommt, müssen Sie es sofort reklamieren.",,,,,,,,,,,,,,beruf|Dana und der Drucker,892
B2-0893,Reklamation,die,-en,reklamation,B2,Linie B2 Beruf,Kapitel 11 – Arbeit und neue Medien,n,Product claim / Complaint,Der offizielle Vorgang des Umtauschs wegen eines Mangels.,Die Abteilung für Reklamationen prüft Ihren Fall schnell.,,,,,,,,,,,,,,beruf|Dana und der Drucker,893
B2-0894,Voraussetzung,die,-en,voraussetzung,B2,Linie B2 Beruf,Kapitel 11 – Arbeit und neue Medien,n,Prerequisite / Condition,"Eine Bedingung, die vorher erfüllt sein muss.",Fachwissen ist eine wichtige Voraussetzung für diesen Beruf.,,,,,,,,,,,,,,beruf|Dana und der Drucker,894
B2-0895,Abholung,die,-en,abholung,B2,Linie B2 Beruf,Kapitel 11 – Arbeit und neue Medien,n,Pick-up / Collection,Das Holen einer bereitstehenden Ware oder eines Pakets.,Die Ware liegt im Lager bereit zur Abholung.,,,,,,,,,,,,,,beruf|Dana und der Drucker,895
B2-0896,Bezug nehmen,,,bezug nehmen,B2,Linie B2 Beruf,Kapitel 11 – Arbeit und neue Medien,v,To refer to / reference,Sich in einem Schreiben offiziell auf etwas beziehen.,Ich möchte Bezug nehmen auf unser Telefonat von gestern.,,,,,Verben mit Präposition,auf,Akkusativ,,,,,,,beruf|Dana und der Drucker,896
B2-0897,in Erfahrung bringen,,,in erfahrung bringen,B2,Linie B2 Beruf,Kapitel 11 – Arbeit und neue Medien,phrase,To find out / learn,Informationen über eine Unklarheit heraussuchen.,"Können Sie bitte in Erfahrung bringen, wann der Chef kommt?",,,,,,,,,,,,,,beruf|Dana und der Drucker,897
B2-0898,in Anspruch nehmen,,,in anspruch nehmen,B2,Linie B2 Beruf,Kapitel 11 – Arbeit und neue Medien,phrase,To make use of / utilize,Die angebotene Unterstützung oder Zeit von jemandem nutzen.,Wir müssen die Hilfe eines Experten in Anspruch nehmen.,,,,,,,,,,,,,,beruf|Dana und der Drucker,898
B2-0899,einen Auftrag erteilen,,,einen auftrag erteilen,B2,Linie B2 Beruf,Kapitel 11 – Arbeit und neue Medien,phrase,To place an order,Einer Firma offiziell den Befehl für eine Arbeit geben.,Die Geschäftsleitung hat der Spedition einen neuen Auftrag erteilt.,,,,,,,,,,,,,,beruf|Dana und der Drucker,899
B2-0900,einen Fehler beheben,,,einen fehler beheben,B2,Linie B2 Beruf,Kapitel 11 – Arbeit und neue Medien,phrase,To fix an error / fault,Eine Fehlfunktion reparieren oder ein Problem korrigieren.,Der IT-Mitarbeiter konnte den Systemfehler rasch beheben.,,,,,,,,,,,,,,beruf|Dana und der Drucker,900
B2-0901,sich in Verbindung setzen,,,sich in verbindung setzen,B2,Linie B2 Beruf,Kapitel 11 – Arbeit und neue Medien,v,To contact / get in touch,"Jemanden anrufen oder anschreiben, um etwas zu klären.",Bitte setzen Sie sich direkt mit dem Kundenservice in Verbindung.,,,,,,,,,,,,,,beruf|Dana und der Drucker,901
B2-0902,in Betracht kommen,,,in betracht kommen,B2,Linie B2 Beruf,Kapitel 11 – Arbeit und neue Medien,phrase,To be considered,Eine mögliche Option für eine Entscheidung sein.,Diese teure Lösung kommt für unser Budget nicht in Betracht.,,,,,,,,,,,,,,beruf|Dana und der Drucker,902
B2-0903,bestätigen,,,bestatigen,B2,Linie B2 Beruf,Kapitel 11 – Arbeit und neue Medien,v,To confirm,"Offiziell erklären, dass eine Information richtig ist.",Bitte bestätigen Sie mir den Erhalt dieser E-Mail schriftlich.,,,,,,,,,,,,,,beruf|Dana und der Drucker,903
B2-0904,benachrichtigen,,,benachrichtigen,B2,Linie B2 Beruf,Kapitel 11 – Arbeit und neue Medien,v,To notify / inform,Jemandem eine wichtige Nachricht oder Info schicken.,"Wir werden Sie sofort benachrichtigen, wenn die Ware da ist.",,,,,,,,,,,,,,beruf|Dana und der Drucker,904
B2-0905,einwandfrei,,,einwandfrei,B2,Linie B2 Beruf,Kapitel 11 – Arbeit und neue Medien,adj,Flawless / Perfect order,Ohne jeden Fehler; in einem absolut perfekten Zustand.,Nach der Wartung läuft die Maschine wieder vollkommen einwandfrei.,,,,,,,,,,,,,,beruf|Dana und der Drucker,905
B2-0906,Sendung,die,-en,sendung,B2,Linie B2 Beruf,Kapitel 11 – Arbeit und neue Medien,n,Shipment / Broadcast,Ein Paket oder eine Postlieferung.,Sie können den Status Ihrer Sendung online verfolgen.,,,,,,,,,,,,,,beruf|Section 4 continued & 5 Gut vernetzt,906
B2-0907,umgehend,,,umgehend,B2,Linie B2 Beruf,Kapitel 11 – Arbeit und neue Medien,adj,Immediately / Promptly,Sehr schnell; ohne Verzögerung.,Wir werden uns umgehend um Ihr Problem kümmern.,,,,,,,,,,,,,,beruf|Section 4 continued & 5 Gut vernetzt,907
B2-0908,Kostenvoranschlag,der,¨e,kostenvoranschlag,B2,Linie B2 Beruf,Kapitel 11 – Arbeit und neue Medien,n,Cost estimate / Quote,Eine ungefähre Berechnung der Kosten vor einer Reparatur.,Der Mechaniker erstellt uns einen Kostenvoranschlag.,,,,,,,,,,,,,,beruf|Section 4 continued & 5 Gut vernetzt,908
B2-0909,andernfalls,,,andernfalls,B2,Linie B2 Beruf,Kapitel 11 – Arbeit und neue Medien,adj,Otherwise,Wenn das nicht passiert; im anderen Fall.,"Bezahlen Sie die Rechnung bitte sofort, andernfalls fallen Gebühren an.",,,,,,,,,,,,,,beruf|Section 4 continued & 5 Gut vernetzt,909
B2-0910,Versandhandel,der,,versandhandel,B2,Linie B2 Beruf,Kapitel 11 – Arbeit und neue Medien,n,Mail-order business / E-commerce,Der Verkauf von Waren über Kataloge oder das Internet.,Er kauft fast alle seine Kleider im Versandhandel.,,,,,,,,,,,,,,beruf|Section 4 continued & 5 Gut vernetzt|nur Singular,910
B2-0911,schäumen,,,schaumen,B2,Linie B2 Beruf,Kapitel 11 – Arbeit und neue Medien,v,To foam / lather,Blasen bilden (z. B. Seife oder Bier).,Das neue Reinigungsmittel schäumt sehr stark.,,,,,,,,,,,,,,beruf|Section 4 continued & 5 Gut vernetzt,911
B2-0912,sich wenden,,,sich wenden,B2,Linie B2 Beruf,Kapitel 11 – Arbeit und neue Medien,v,To turn to / contact,Jemanden um Hilfe oder Informationen bitten.,Bei Fragen können Sie sich an den Kundenservice wenden.,,,,,Verben mit Präposition,an,Akkusativ,,,,,,,beruf|Section 4 continued & 5 Gut vernetzt,912
B2-0913,Umtausch,der,,umtausch,B2,Linie B2 Beruf,Kapitel 11 – Arbeit und neue Medien,n,Exchange (of goods),Eine Ware zurückgeben und eine andere dafür bekommen.,Ein Umtausch der Ware ist innerhalb von 14 Tagen möglich.,,,,,,,,,,,,,,beruf|Section 4 continued & 5 Gut vernetzt|nur Singular,913
B2-0914,zur Verfügung stellen,,,zur verfugung stellen,B2,Linie B2 Beruf,Kapitel 11 – Arbeit und neue Medien,phrase,To provide / make available,"Jemandem etwas geben, damit er es benutzen kann.",Die Firma stellt uns Laptops zur Verfügung.,,,,,,,,,,,,,,beruf|Section 4 continued & 5 Gut vernetzt,914
B2-0915,in Rechnung stellen,,,in rechnung stellen,B2,Linie B2 Beruf,Kapitel 11 – Arbeit und neue Medien,phrase,To invoice / charge for,Jemandem eine Arbeit offiziell berechnen.,Wir werden Ihnen die Fahrtkosten in Rechnung stellen.,,,,,,,,,,,,,,beruf|Section 4 continued & 5 Gut vernetzt,915
B2-0916,fest angestellt,,,fest angestellt,B2,Linie B2 Beruf,Kapitel 11 – Arbeit und neue Medien,phrase,Permanently employed,"Einen sicheren, festen Arbeitsvertrag bei einer Firma haben.",Nach dem Praktikum wurde sie direkt fest angestellt.,,,,,,,,,,,,,,beruf|Section 4 continued & 5 Gut vernetzt,916
B2-0917,Initiativ-Bewerbung,die,-en,initiativ-bewerbung,B2,Linie B2 Beruf,Kapitel 11 – Arbeit und neue Medien,n,Unsolicited application,"Eine Bewerbung bei einer Firma, ohne dass es eine freie Stelle gibt.",Ich schicke eine Initiativ-Bewerbung an mein Traumunternehmen.,,,,,,,,,,,,,,beruf|Section 4 continued & 5 Gut vernetzt,917
B2-0918,Netzwerk,das,-e,netzwerk,B2,Linie B2 Beruf,Kapitel 11 – Arbeit und neue Medien,n,Network,Ein System von Verbindungen zwischen Computern oder Menschen.,Ein gutes berufliches Netzwerk hilft bei der Jobsuche.,,,,,,,,,,,,,,beruf|Section 4 continued & 5 Gut vernetzt,918
B2-0919,gezielt,,,gezielt,B2,Linie B2 Beruf,Kapitel 11 – Arbeit und neue Medien,adj,Targeted / Purposeful,Ganz genau auf ein bestimmtes Ziel gerichtet.,Wir müssen gezielt nach Fehlern im System suchen.,,,,,,,,,,,,,,beruf|Section 4 continued & 5 Gut vernetzt,919
B2-0920,Aufwand,der,,aufwand,B2,Linie B2 Beruf,Kapitel 11 – Arbeit und neue Medien,n,Effort / Expense,"Die Arbeit, Zeit oder das Geld, das man für ein Projekt braucht.",Die Organisation der Konferenz war ein großer Aufwand.,,,,,,,,,,,,,,beruf|Section 4 continued & 5 Gut vernetzt|nur Singular,920
B2-0921,optimieren,,,optimieren,B2,Linie B2 Beruf,Kapitel 11 – Arbeit und neue Medien,v,To optimize / streamline,Etwas verbessern oder effizienter machen.,Wir müssen unsere Arbeitsabläufe im Team optimieren.,,,,,,,,,,,,,,beruf|Section 4 continued & 5 Gut vernetzt,921
B2-0922,in Kontakt bleiben,,,in kontakt bleiben,B2,Linie B2 Beruf,Kapitel 11 – Arbeit und neue Medien,phrase,To stay in touch (with),Verbindung zu jemandem halten.,Nach dem Studium möchte ich mit meinen Kommilitonen in Kontakt bleiben.,,,,,Verben mit Präposition,mit,Dativ,,,,,,,beruf|Section 4 continued & 5 Gut vernetzt,922
B2-0923,veröffentlichen,,,veroffentlichen,B2,Linie B2 Beruf,Kapitel 11 – Arbeit und neue Medien,v,To publish / post,Einen Text oder ein Bild für alle sichtbar machen.,Die Agentur wird den neuen Artikel morgen veröffentlichen.,,,,,,,,,,,,,,beruf|Section 4 continued & 5 Gut vernetzt,923
B2-0924,zugehen,,,zugehen,B2,Linie B2 Beruf,Kapitel 11 – Arbeit und neue Medien,v,To approach someone,Aktiv auf Menschen einen Schritt zumachen.,Auf Messen sollte man offen auf potenzielle Kunden zugehen.,,,,,Verben mit Präposition,auf,Akkusativ,,,,,,,beruf|Section 4 continued & 5 Gut vernetzt,924
B2-0925,Gemeinsamkeit,die,-en,gemeinsamkeit,B2,Linie B2 Beruf,Kapitel 11 – Arbeit und neue Medien,n,Similarity / Common ground,"Etwas, das zwei Personen oder Dinge teilen.",Das neue Team hat viele Interessen und Gemeinsamkeiten.,,,,,,,,,,,,,,beruf|Section 4 continued & 5 Gut vernetzt,925
B2-0926,Eindruck,der,¨e,eindruck,B2,Linie B2 Beruf,Kapitel 11 – Arbeit und neue Medien,n,Impression,"Die Wirkung, die jemand auf andere hinterlässt.",Der neue Bewerber hat einen sehr guten Eindruck gemacht.,,,,,,,,,,,,,,beruf|Section 4 continued & 5 Gut vernetzt,926
B2-0927,Überwindung,die,,uberwindung,B2,Linie B2 Beruf,Kapitel 11 – Arbeit und neue Medien,n,Effort / Overcoming hesitation,"Wenn man Mut braucht, um etwas Unangenehmes zu tun.","Es kostete mich große Überwindung, vor allen Leuten zu sprechen.",,,,,,,,,,,,,,beruf|Section 4 continued & 5 Gut vernetzt|nur Singular,927
B2-0928,Umsetzung,die,-en,umsetzung,B2,Linie B2 Beruf,Kapitel 11 – Arbeit und neue Medien,n,Implementation / Realization,Das Ausführen eines Plans in die Realität.,Wir beginnen ab Montag mit der Umsetzung des Projekts.,,,,,,,,,,,,,,beruf|Section 4 continued & 5 Gut vernetzt,928
B2-0929,vermischen,,,vermischen,B2,Linie B2 Beruf,Kapitel 11 – Arbeit und neue Medien,v,To mix / blend,Verschiedene Dinge zusammenbringen.,Man sollte Privates und Berufliches nicht miteinander vermischen.,,,,,,,,,,,,,,beruf|Section 4 continued & 5 Gut vernetzt,929
B2-0930,jemanden von einem Plan abbringen,,,jemanden von einem plan abbringen,B2,Linie B2 Beruf,Kapitel 11 – Arbeit und neue Medien,phrase,To dissuade someone from a plan,"Jemandem ausreden, ein bestimmtes Ziel weiterzuverfolgen.",Lass dich nicht von deinen Kollegen von deinem Plan abbringen.,,,,,,,,,,,,,,beruf|Section 4 continued & 5 Gut vernetzt,930
B2-0931,Krieg,der,-e,krieg,B2,Linie B2 Beruf,Kapitel 12 – Global arbeiten und leben,n,War ≠ Peace,Bewaffneter Konflikt ≠ Zustand ohne Gewalt.,Alle Menschen hoffen auf ein schnelles Ende des Krieges und auf Frieden.,,der Frieden (Sg.),,,,,,,,,,,,beruf|Aspekte der Globalisierung,931
B2-0932,Verständigung,die,,verstandigung,B2,Linie B2 Beruf,Kapitel 12 – Global arbeiten und leben,n,Communication / Mutual understanding,Das gegenseitige Verstehen zwischen Kulturen oder Personen.,Sprache ist der Schlüssel zur internationalen Verständigung.,,,,,,,,,,,,,,beruf|Aspekte der Globalisierung|nur Singular,932
B2-0933,Identität,die,-en,identitat,B2,Linie B2 Beruf,Kapitel 12 – Global arbeiten und leben,n,Identity,"Das, was eine Person oder Kultur einzigartig macht.",Das Leben im Ausland verändert oft die eigene Identität.,,,,,,,,,,,,,,beruf|Aspekte der Globalisierung,933
B2-0934,Armut,die,,armut,B2,Linie B2 Beruf,Kapitel 12 – Global arbeiten und leben,n,Poverty ≠ Wealth,Zu wenig Geld haben ≠ Sehr viel Geld besitzen.,Die Schere zwischen Armut und Reichtum wird weltweit größer.,,der Reichtum (Sg.),,,,,,,,,,,,beruf|Aspekte der Globalisierung|nur Singular,934
B2-0935,Klimawandel,der,,klimawandel,B2,Linie B2 Beruf,Kapitel 12 – Global arbeiten und leben,n,Climate change,Die globale Erwärmung und Veränderung des Wetters.,Der Klimawandel ist eine der größten globalen Herausforderungen.,,,,,,,,,,,,,,beruf|Aspekte der Globalisierung|nur Singular,935
B2-0936,Sprachbarriere,die,-n,sprachbarriere,B2,Linie B2 Beruf,Kapitel 12 – Global arbeiten und leben,n,Language barrier,Probleme bei der Kommunikation wegen unterschiedlicher Sprachen.,Dank seiner guten Englischkenntnisse gab es keine Sprachbarriere.,,,,,,,,,,,,,,beruf|Aspekte der Globalisierung,936
B2-0937,Menschenrecht,das,-e,menschenrecht,B2,Linie B2 Beruf,Kapitel 12 – Global arbeiten und leben,n,Human right,"Rechte, die jeder Mensch auf der Welt besitzen sollte.",Die Einhaltung der Menschenrechte muss überall kontrolliert werden.,,,,,,,,,,,,,,beruf|Aspekte der Globalisierung,937
B2-0938,Austausch,der,,austausch,B2,Linie B2 Beruf,Kapitel 12 – Global arbeiten und leben,n,Exchange / Interchange,Das gegenseitige Geben und Nehmen von Ideen oder Waren.,Der kulturelle Austausch zwischen den Ländern ist sehr wertvoll.,,,,,,,,,,,,,,beruf|Aspekte der Globalisierung|nur Singular,938
B2-0939,Hautfarbe,die,-n,hautfarbe,B2,Linie B2 Beruf,Kapitel 12 – Global arbeiten und leben,n,Skin color,Die natürliche Färbung der Haut.,Kein Mensch darf wegen seiner Hautfarbe benachteiligt werden.,,,,,,,,,,,,,,beruf|Aspekte der Globalisierung,939
B2-0940,Rassismus,der,,rassismus,B2,Linie B2 Beruf,Kapitel 12 – Global arbeiten und leben,n,Racism,Die unfaire Diskriminierung von Menschen aufgrund ihrer Herkunft.,Wir müssen uns im Alltag aktiv gegen Rassismus einsetzen.,,,,,,,,,,,,,,beruf|Aspekte der Globalisierung|nur Singular,940
B2-0941,Zerstörung,die,-en,zerstorung,B2,Linie B2 Beruf,Kapitel 12 – Global arbeiten und leben,n,Destruction,Wenn etwas komplett kaputt gemacht wird.,Der Sturm führte zur Zerstörung vieler Häuser in der Region.,,,,,,,,,,,,,,beruf|Aspekte der Globalisierung,941
B2-0942,Tradition,die,-en,tradition,B2,Linie B2 Beruf,Kapitel 12 – Global arbeiten und leben,n,Tradition,"Bräuche, die seit Generationen weitergegeben werden.","Jedes Land hat seine eigenen, besonderen Traditionen.",,,,,,,,,,,,,,beruf|Aspekte der Globalisierung,942
B2-0943,Risiko,das,Risiken,risiko,B2,Linie B2 Beruf,Kapitel 12 – Global arbeiten und leben,n,Risk,Eine mögliche Gefahr oder ein potenzieller Verlust.,Die Expansion auf einen neuen Markt birgt immer ein gewisses Risiko.,,,,,,,,,,,,,,beruf|Aspekte der Globalisierung,943
B2-0944,Prozess,der,-e,prozess,B2,Linie B2 Beruf,Kapitel 12 – Global arbeiten und leben,n,Process,"Ein Ablauf, der sich über eine bestimmte Zeit hinzieht.","Die Globalisierung ist ein fortlaufender, weltweiter Prozess.",,,,,,,,,,,,,,beruf|Aspekte der Globalisierung,944
B2-0945,Vernetzung,die,-en,vernetzung,B2,Linie B2 Beruf,Kapitel 12 – Global arbeiten und leben,n,Networking / Interconnection,"Die Verbindung von Systemen, Firmen oder Menschen weltweit.",Die digitale Vernetzung macht die globale Zusammenarbeit einfach.,,,,,,,,,,,,,,beruf|Aspekte der Globalisierung,945
B2-0946,Kapazität,die,-en,kapazitat,B2,Linie B2 Beruf,Kapitel 12 – Global arbeiten und leben,n,Capacity,"Das maximale Vermögen aufzunehmen, zu lagern oder zu produzieren.",Unsere Fabrik hat die Kapazität für die Produktion erhöht.,,,,,,,,,,,,,,beruf|Aspekte der Globalisierung,946
B2-0947,Effizienz,die,,effizienz,B2,Linie B2 Beruf,Kapitel 12 – Global arbeiten und leben,n,Efficiency,Das Erreichen eines Ziels mit möglichst wenig Aufwand.,Durch neue Maschinen konnten wir die Effizienz steigern.,,,,,,,,,,,,,,beruf|Aspekte der Globalisierung|nur Singular,947
B2-0948,Bruchteil,der,-e,bruchteil,B2,Linie B2 Beruf,Kapitel 12 – Global arbeiten und leben,n,Fraction / Small part,Ein sehr kleiner Teil von einem Ganzen.,Die Reparatur kostet nur einen Bruchteil des Neupreises.,,,,,,,,,,,,,,beruf|Aspekte der Globalisierung,948
B2-0949,Phänomen,das,-e,phanomen,B2,Linie B2 Beruf,Kapitel 12 – Global arbeiten und leben,n,Phenomenon,Eine außergewöhnliche oder auffällige Erscheinung.,Weltweite Trends im Internet sind ein modernes Phänomen.,,,,,,,,,,,,,,beruf|Aspekte der Globalisierung,949
B2-0950,Material,das,-ien,material,B2,Linie B2 Beruf,Kapitel 12 – Global arbeiten und leben,n,Material,"Rohstoffe oder Stoffe, aus denen Dinge gebaut werden.",Für den Bau des Messestands brauchen wir stabiles Material.,,,,,,,,,,,,,,beruf|Willkommen bei WTC,950
B2-0951,Interesse an ... haben,,,interesse an ... haben,B2,Linie B2 Beruf,Kapitel 12 – Global arbeiten und leben,phrase,To be interested in,Sich für ein bestimmtes Thema oder Produkt begeistern.,Haben Sie Interesse an einer internationalen Karriere?,,,,,,,,,,,,,,beruf|Willkommen bei WTC,951
B2-0952,sodass,,,sodass,B2,Linie B2 Beruf,Kapitel 12 – Global arbeiten und leben,adj,So that / With the result that,"Konjunktion, die eine logische Folge einleitet.","Der Zug hatte Verspätung, sodass ich das Meeting verpasste.",,,,,,,,,,,,,,beruf|Willkommen bei WTC,952
B2-0953,Anstrengung,die,-en,anstrengung,B2,Linie B2 Beruf,Kapitel 12 – Global arbeiten und leben,n,Effort / Exertion,Eine große körperliche oder geistige Mühe.,Das Projekt erfordert die volle Anstrengung des gesamten Teams.,,,,,,,,,,,,,,beruf|Willkommen bei WTC,953
B2-0954,etwas erarbeiten,,,etwas erarbeiten,B2,Linie B2 Beruf,Kapitel 12 – Global arbeiten und leben,v,To develop / work out,Einen Plan oder eine Lösung durch harte Arbeit erstellen.,Wir müssen uns ein neues Konzept für den Vertrieb erarbeiten.,,,,,,,,,,,,,,beruf|Willkommen bei WTC,954
B2-0955,Unfallschutz,der,,unfallschutz,B2,Linie B2 Beruf,Kapitel 12 – Global arbeiten und leben,n,Accident prevention / protection,Maßnahmen zur Vermeidung von Verletzungen am Arbeitsplatz.,Das Tragen von Sicherheitsschuhen dient dem Unfallschutz.,,,,,,,,,,,,,,beruf|Willkommen bei WTC|nur Singular,955
B2-0956,Mentor,der,"-en / die Mentorin, -nen",mentor,B2,Linie B2 Beruf,Kapitel 12 – Global arbeiten und leben,n,Mentor,"Eine erfahrene Person, die Anfänger berät und unterstützt.",Mein Mentor hilft mir sehr bei der Einarbeitung in der Firma.,,,,,,,,,,,,,,beruf|Willkommen bei WTC,956
B2-0957,sich  scheuen,,,sich  scheuen,B2,Linie B2 Beruf,Kapitel 12 – Global arbeiten und leben,v,To (not) hesitate / shirk,"Keine Angst davor haben, eine Aufgabe zu übernehmen.","Sie sollten sich nicht scheuen, den Chef nach Hilfe zu fragen.",,,,,,,,,,,,,,beruf|Willkommen bei WTC,957
B2-0958,dankbar,,,dankbar,B2,Linie B2 Beruf,Kapitel 12 – Global arbeiten und leben,adj,Grateful / Thankful (for),Ein Gefühl des Dankes für eine Hilfe empfinden.,Ich bin Ihnen sehr dankbar für Ihre Unterstützung im Projekt.,,,,,Adjektive mit Präposition,für,Akkusativ,,,,,,,beruf|Willkommen bei WTC,958
B2-0959,Urlaubsplanung,die,-en,urlaubsplanung,B2,Linie B2 Beruf,Kapitel 12 – Global arbeiten und leben,n,Vacation planning,Die zeitliche Absprache der freien Tage im Team.,Wir müssen im Büro diese Woche die Urlaubsplanung abschließen.,,,,,,,,,,,,,,beruf|Manches ähnlich – vieles neu,959
B2-0960,Bürokratie,die,-n,burokratie,B2,Linie B2 Beruf,Kapitel 12 – Global arbeiten und leben,n,Bureaucracy,Die Verwaltung mit vielen Formularen und festen Regeln.,Die ausländische Bürokratie macht die Firmengründung schwer.,,,,,,,,,,,,,,beruf|Manches ähnlich – vieles neu,960
B2-0961,Körpersprache,die,-n,korpersprache,B2,Linie B2 Beruf,Kapitel 12 – Global arbeiten und leben,n,Body language,"Die Signale des Körpers (Gestik, Mimik) beim Sprechen.",In Verhandlungen ist eine selbstbewusste Körpersprache wichtig.,,,,,,,,,,,,,,beruf|Manches ähnlich – vieles neu,961
B2-0962,einen Termin verschieben / vereinbaren / freihalten / notieren,,,einen termin verschieben / vereinbaren / freihalten / notieren,B2,Linie B2 Beruf,Kapitel 12 – Global arbeiten und leben,phrase,To postpone / arrange / keep free / note down an appointment,Das Ändern oder Festlegen eines Datums für ein Treffen.,"Können wir den Termin verschieben, da ich am Montag krank bin?",,,,,,,,,,,,,,beruf|Kommunikation im Betrieb,962
B2-0963,Vorbereitung,die,-en,vorbereitung,B2,Linie B2 Beruf,Kapitel 12 – Global arbeiten und leben,n,Preparation (for),Die Planung und Arbeit vor einem Event oder Meeting.,Eine gute Vorbereitung auf das Audit ist absolut notwendig.,,,,,Nomen mit Präposition,auf,Akkusativ,,,,,,,beruf|Kommunikation im Betrieb,963
B2-0964,Detail,das,-s,detail,B2,Linie B2 Beruf,Kapitel 12 – Global arbeiten und leben,n,Detail,Eine kleine Einzelheit in einem großen Projekt.,Achten Sie bei der Ausarbeitung bitte auf jedes kleine Detail.,,,,,,,,,,,,,,beruf|Kommunikation im Betrieb,964
B2-0965,Gespräch,das,,gesprach,B2,Linie B2 Beruf,Kapitel 12 – Global arbeiten und leben,n,Conversation / Discussion,Eine verbale Unterhaltung zwischen zwei oder mehr Parteien.,Der Chef führte ein langes Gespräch mit mir über meine Ziele.,,,,,Nomen mit Präposition,mit,Dativ,,,,,,,beruf|Kommunikation im Betrieb,965
B2-0966,erstaunt,,,erstaunt,B2,Linie B2 Beruf,Kapitel 12 – Global arbeiten und leben,adj,Astonished / Surprised,Sehr überrascht über eine unerwartete Nachricht.,Ich war erstaunt über den schnellen Erfolg unseres neuen Produkts.,,,,,,,,,,,,,,beruf|Kommunikation im Betrieb,966
B2-0967,ärgerlich,,,argerlich,B2,Linie B2 Beruf,Kapitel 12 – Global arbeiten und leben,adj,Annoying / Inconvenient,"Unangenehm; so, dass man sich darüber ärgert.","Es ist sehr ärgerlich, dass die Lieferung schon wieder fehlt.",,,,,,,,,,,,,,beruf|Kommunikation im Betrieb,967
B2-0968,sich etwas ausdenken,,,sich etwas ausdenken,B2,Linie B2 Beruf,Kapitel 12 – Global arbeiten und leben,v,To devise / invent something,Eine neue Idee oder eine kreative Lösung im Kopf entwickeln.,Für das Firmenjubiläum müssen wir uns etwas Besonderes ausdenken.,,,,,,,,,,,,,,beruf|Kommunikation im Betrieb,968
B2-0969,Stellungnahme,die,-n,stellungnahme,B2,Linie B2 Beruf,Kapitel 12 – Global arbeiten und leben,n,Statement / Official comment,Eine schriftliche oder mündliche Äußerung zu einer Kritik.,Die Marketingabteilung veröffentlicht eine offizielle Stellungnahme.,,,,,,,,,,,,,,beruf|Kommunikation im Betrieb,969
B2-0970,vergüten,,,verguten,B2,Linie B2 Beruf,Kapitel 12 – Global arbeiten und leben,v,To compensate / pay for,Eine geleistete Arbeit finanziell bezahlen.,Überstunden werden in dieser Firma extra vergütet.,,,,,,,,,,,,,,beruf|Kommunikation im Betrieb,970
B2-0971,etwas ankündigen,,,etwas ankundigen,B2,Linie B2 Beruf,Kapitel 12 – Global arbeiten und leben,v,To announce something,Eine zukünftige Änderung oder ein Event offiziell bekannt geben.,Der Chef möchte morgen eine wichtige Umstrukturierung ankündigen.,,,,,,,,,,,,,,beruf|Kommunikation im Betrieb,971
B2-0972,Potenzial,das,-e,potenzial,B2,Linie B2 Beruf,Kapitel 12 – Global arbeiten und leben,n,Potential,"Die Fähigkeit, sich in der Zukunft positiv zu entwickeln.",Der junge Auszubildende hat ein enormes fachliches Potenzial.,,,,,,,,,,,,,,beruf|Kommunikation im Betrieb,972
B2-0973,jemandem danken,,,jemandem danken,B2,Linie B2 Beruf,Kapitel 12 – Global arbeiten und leben,v,To thank someone (for),Seine Dankbarkeit für eine Aktion ausdrücken.,Ich danke Ihnen herzlich für die tolle Zusammenarbeit im Team.,,,,,Verben mit Präposition,für,Akkusativ,,,,,,,beruf|Kommunikation im Betrieb,973
B2-0974,Ärger,der,,arger,B2,Linie B2 Beruf,Kapitel 12 – Global arbeiten und leben,n,Anger / Trouble (about),Das Gefühl von Frust oder Wut über eine schlechte Situation.,Es gab großen Ärger über die verspätete Gehaltszahlung.,,,,,Nomen mit Präposition,über,Akkusativ,,,,,,,beruf|Kommunikation im Betrieb|nur Singular,974
B2-0975,informiert,,,informiert,B2,Linie B2 Beruf,Kapitel 12 – Global arbeiten und leben,adj,Informed (about),Wenn man alle relevanten Fakten zu einem Thema kennt.,Bitte halten Sie mich immer über alle Änderungen informiert.,,,,,Adjektive mit Präposition,über,Akkusativ,,,,,,,beruf|Kommunikation im Betrieb,975
B2-0976,jemanden unfreundlich behandeln,,,jemanden unfreundlich behandeln,B2,Linie B2 Beruf,Kapitel 12 – Global arbeiten und leben,phrase,To treat someone unkindly,Nicht nett oder unhöflich zu Kollegen oder Kunden sein.,"Wer Kunden unfreundlich behandelt, schadet dem Image der Firma.",,,,,,,,,,,,,,beruf|Kommunikation im Betrieb,976
B2-0977,etwas besprechen,,,etwas besprechen,B2,Linie B2 Beruf,Kapitel 12 – Global arbeiten und leben,v,To discuss something,"Über ein Thema reden, um eine gemeinsame Lösung zu finden.",Wir müssen das neue Budget morgen im Detail besprechen.,,,,,,,,,,,,,,beruf|Kommunikation im Betrieb,977
B2-0978,etwas genehmigen,,,etwas genehmigen,B2,Linie B2 Beruf,Kapitel 12 – Global arbeiten und leben,v,To approve / authorize something,Einen offiziellen Antrag oder Urlaub erlauben.,Der Abteilungsleiter muss den Dienstreiseantrag erst genehmigen.,,,,,,,,,,,,,,beruf|Kommunikation im Betrieb,978
B2-0979,nachlässig,,,nachlassig,B2,Linie B2 Beruf,Kapitel 12 – Global arbeiten und leben,adj,Careless / Negligent,Unordentlich arbeiten; Aufgaben nicht sorgfältig erledigen.,"Wer bei der Qualitätskontrolle nachlässig ist, macht teure Fehler.",,,,,,,,,,,,,,beruf|Kommunikation im Betrieb,979
B2-0980,etwas genau nehmen,,,etwas genau nehmen,B2,Linie B2 Beruf,Kapitel 12 – Global arbeiten und leben,phrase,To be precise / strict about something,Eine Regel oder Aufgabe sehr exakt befolgen.,Bei Sicherheitsvorschriften muss man etwas immer sehr genau nehmen.,,,,,,,,,,,,,,beruf|Section 4 continued & 5 Persönliche Beziehungen in einer globalisierten Welt,980
B2-0981,Titel,der,,titel,B2,Linie B2 Beruf,Kapitel 12 – Global arbeiten und leben,n,"Title (e.g., doctoral degree)",Ein akademischer oder offizieller Name.,Nach der Promotion darf sie den Titel „Dr.“ tragen.,,,,,,,,,,,,,,beruf|Section 4 continued & 5 Persönliche Beziehungen in einer globalisierten Welt,981
B2-0982,professionell,,,professionell,B2,Linie B2 Beruf,Kapitel 12 – Global arbeiten und leben,adj,Professional ≠ Unprofessional,Fachgerecht und kompetent ≠ ungeschickt oder unpassend.,Ihr Verhalten im Umgang mit dem schwierigen Kunden war sehr professionell.,,unprofessionell,,,,,,,,,,,,beruf|Section 4 continued & 5 Persönliche Beziehungen in einer globalisierten Welt,982
B2-0983,eilig,,,eilig,B2,Linie B2 Beruf,Kapitel 12 – Global arbeiten und leben,adj,Urgent / In a hurry,Wenn etwas sehr schnell erledigt werden muss.,"Ich habe es heute eilig, weil mein Zug gleich abfährt.",,,,,,,,,,,,,,beruf|Section 4 continued & 5 Persönliche Beziehungen in einer globalisierten Welt,983
B2-0984,etwas untersagen,,,etwas untersagen,B2,Linie B2 Beruf,Kapitel 12 – Global arbeiten und leben,v,To forbid / prohibit something,Etwas offiziell verbieten.,Der Chef kann die private Handynutzung während der Arbeitszeit untersagen.,,,,,,,,,,,,,,beruf|Section 4 continued & 5 Persönliche Beziehungen in einer globalisierten Welt,984
B2-0985,ausdrücklich,,,ausdrucklich,B2,Linie B2 Beruf,Kapitel 12 – Global arbeiten und leben,adj,Explicit / Clear,"Ganz klar, deutlich und ohne Zweifel gesagt.","Der Vermieter hat ausdrücklich betont, dass keine Haustiere erlaubt sind.",,,,,,,,,,,,,,beruf|Section 4 continued & 5 Persönliche Beziehungen in einer globalisierten Welt,985
B2-0986,Zeitalter,das,,zeitalter,B2,Linie B2 Beruf,Kapitel 12 – Global arbeiten und leben,n,Era / Age,"Ein großer, historischer oder moderner Zeitraum.",Wir leben heute im Zeitalter der Digitalisierung.,,,,,,,,,,,,,,beruf|Section 4 continued & 5 Persönliche Beziehungen in einer globalisierten Welt,986
B2-0987,Migration,die,,migration,B2,Linie B2 Beruf,Kapitel 12 – Global arbeiten und leben,n,Migration,Das Abwandern in ein anderes Land oder eine andere Region.,Die globale Migration beeinflusst den internationalen Arbeitsmarkt.,,,,,,,,,,,,,,beruf|Section 4 continued & 5 Persönliche Beziehungen in einer globalisierten Welt|nur Singular,987
B2-0988,Trennung,die,-en,trennung,B2,Linie B2 Beruf,Kapitel 12 – Global arbeiten und leben,n,Separation,Das Auseinandergehen von Personen oder Dingen.,Die Trennung von Familie und Beruf ist für viele eine Herausforderung.,,,,,,,,,,,,,,beruf|Section 4 continued & 5 Persönliche Beziehungen in einer globalisierten Welt,988
B2-0989,ganz zu schweigen von,,,ganz zu schweigen von,B2,Linie B2 Beruf,Kapitel 12 – Global arbeiten und leben,phrase,Not to mention / Let alone,"Ein Ausdruck, um eine noch extremere Sache zu betonen.","Das Projekt erfordert viel Zeit, ganz zu schweigen von den enormen Kosten.",,,,,,,,,,,,,,beruf|Section 4 continued & 5 Persönliche Beziehungen in einer globalisierten Welt,989
B2-0990,auseinanderreißen,,,auseinanderreissen,B2,Linie B2 Beruf,Kapitel 12 – Global arbeiten und leben,v,To tear apart / separate forcefully,Zwei Dinge oder Personen mit Gewalt trennen.,Grenzkontrollen können Familien im schlimmsten Fall auseinanderreißen.,,,,,,,,,,,,,,beruf|Section 4 continued & 5 Persönliche Beziehungen in einer globalisierten Welt,990
B2-0991,Schätzung,die,-en,schatzung,B2,Linie B2 Beruf,Kapitel 12 – Global arbeiten und leben,n,Estimate / Approximated value,Eine ungefähre Berechnung ohne exakte Zahlen.,Nach ersten Schätzungen wird der Umbau drei Wochen dauern.,,,,,,,,,,,,,,beruf|Section 4 continued & 5 Persönliche Beziehungen in einer globalisierten Welt,991
B2-0992,belastend,,,belastend,B2,Linie B2 Beruf,Kapitel 12 – Global arbeiten und leben,adj,Burdening / Stressful,"Etwas, das großen psychischen oder physischen Druck macht.",Die ständigen Überstunden sind sehr belastend für die Gesundheit.,,,,,,,,,,,,,,beruf|Section 4 continued & 5 Persönliche Beziehungen in einer globalisierten Welt,992
B2-0993,etwas investieren,,,etwas investieren,B2,Linie B2 Beruf,Kapitel 12 – Global arbeiten und leben,v,To invest something,"Zeit, Geld oder Energie für ein Ziel einsetzen.",Wir müssen mehr Zeit in die Weiterbildung der Mitarbeiter investieren.,,,,,,,,,,,,,,beruf|Section 4 continued & 5 Persönliche Beziehungen in einer globalisierten Welt,993
B2-0994,getrennt leben,,,getrennt leben,B2,Linie B2 Beruf,Kapitel 12 – Global arbeiten und leben,v,To live apart,Nicht mehr in derselben Wohnung zusammenwohnen.,"Obwohl sie verheiratet sind, leben die Eheleute aktuell getrennt.",,,,,,,,,,,,,,beruf|Section 4 continued & 5 Persönliche Beziehungen in einer globalisierten Welt,994
B2-0995,Freiraum,der,¨e,freiraum,B2,Linie B2 Beruf,Kapitel 12 – Global arbeiten und leben,n,Scope / Personal space,"Ein Bereich, in dem man frei und selbstständig entscheiden kann.",Jeder Mitarbeiter braucht ein bisschen Freiraum für kreative Ideen.,,,,,,,,,,,,,,beruf|Section 4 continued & 5 Persönliche Beziehungen in einer globalisierten Welt,995
B2-0996,leiden,,,leiden,B2,Linie B2 Beruf,Kapitel 12 – Global arbeiten und leben,v,To suffer (from),Große Probleme oder Schmerzen wegen einer Sache haben.,Viele Angestellte leiden unter dem schlechten Betriebsklima.,,,,,Verben mit Präposition,unter,Dativ,,,,,,,beruf|Section 4 continued & 5 Persönliche Beziehungen in einer globalisierten Welt,996
B2-0997,sich gegenseitig anregen,,,sich gegenseitig anregen,B2,Linie B2 Beruf,Kapitel 12 – Global arbeiten und leben,v,To inspire/motivate each other,Sich gegenseitig neue Ideen oder Impulse geben.,Im Team können wir uns gegenseitig zu kreativen Lösungen anregen.,,,,,,,,,,,,,,beruf|Section 4 continued & 5 Persönliche Beziehungen in einer globalisierten Welt,997
B2-0998,etwas erschweren,,,etwas erschweren,B2,Linie B2 Beruf,Kapitel 12 – Global arbeiten und leben,v,To complicate / make difficult,Eine Aufgabe oder Situation komplizierter machen.,Die bürokratischen Regeln erschweren die internationale Zusammenarbeit.,,,,,,,,,,,,,,beruf|Section 4 continued & 5 Persönliche Beziehungen in einer globalisierten Welt,998
B2-0999,Scheinehe,die,-n,scheinehe,B2,Linie B2 Beruf,Kapitel 12 – Global arbeiten und leben,n,Marriage of convenience,"Eine Ehe, die man nur für rechtliche Vorteile (z. B. Visum) schließt.","Eine Scheinehe zu schließen, ist gesetzlich verboten.",,,,,,,,,,,,,,beruf|Section 4 continued & 5 Persönliche Beziehungen in einer globalisierten Welt,999
B2-1000,tendenziell,,,tendenziell,B2,Linie B2 Beruf,Kapitel 12 – Global arbeiten und leben,adj,Tending to / Generally,Vom Trend her; in eine bestimmte Richtung gehend.,Jüngere Mitarbeiter sind tendenziell offener für digitale Tools.,,,,,,,,,,,,,,beruf|Section 4 continued & 5 Persönliche Beziehungen in einer globalisierten Welt,1000
B2-1001,dominant,,,dominant,B2,Linie B2 Beruf,Kapitel 12 – Global arbeiten und leben,adj,Dominant,Sehr stark bestimmend; im Vordergrund stehend.,Er hat eine sehr dominante Persönlichkeit und redet im Meeting viel.,,,,,,,,,,,,,,beruf|Section 4 continued & 5 Persönliche Beziehungen in einer globalisierten Welt,1001
B2-1002,finanziell abhängig / unabhängig,,,finanziell abhangig / unabhangig,B2,Linie B2 Beruf,Kapitel 12 – Global arbeiten und leben,phrase,Financially dependent / independent,Vom Geld anderer Leute leben ≠ eigenes Geld haben.,Dank ihrer Festanstellung ist sie nun endlich finanziell unabhängig.,,,,,,,,,,,,,,beruf|Section 4 continued & 5 Persönliche Beziehungen in einer globalisierten Welt,1002
B2-1003,folglich,,,folglich,B2,Linie B2 Beruf,Kapitel 12 – Global arbeiten und leben,adj,Consequently / Therefore,"Ein Wort, das eine logische Konsequenz einleitet.","Die Fabrik war defekt, folglich gab es Lieferverzögerungen.",,,,,,,,,,,,,,beruf|Section 4 continued & 5 Persönliche Beziehungen in einer globalisierten Welt,1003
B2-1004,infolgedessen,,,infolgedessen,B2,Linie B2 Beruf,Kapitel 12 – Global arbeiten und leben,v,As a result / Consequently,Aufgrund einer vorher genannten Ursache.,"Der Server ist abgestürzt, infolgedessen konnten wir nicht arbeiten.",,,,,,,,,,,,,,beruf|Section 4 continued & 5 Persönliche Beziehungen in einer globalisierten Welt,1004
B2-1005,Epoche,die,-n,epoche,B2,Linie B2 Beruf,Kapitel 12 – Global arbeiten und leben,n,Epoch / Historical era,Ein historischer Zeitraum mit besonderen Merkmalen.,Jede geschichtliche Epoche hat ihre eigenen Baustile hervorgebracht.,,,,,,,,,,,,,,beruf|Section 4 continued & 5 Persönliche Beziehungen in einer globalisierten Welt,1005
B2-1006,alleinerziehend,,,alleinerziehend,B2,Linie B2 Beruf,Kapitel 13 – Konflikte lösen,adj,Single-parenting,Ein Kind ohne Partner oder Partnerin großziehen.,Als alleinerziehende Mutter muss sie Familie und Job gut organisieren.,,,,,,,,,,,,,,beruf|Probleme im Arbeitsalltag,1006
B2-1007,in Schicht arbeiten,,,in schicht arbeiten,B2,Linie B2 Beruf,Kapitel 13 – Konflikte lösen,phrase,To work in shifts,Zu wechselnden Tages- oder Nachtzeiten arbeiten.,"Da er im Krankenhaus angestellt ist, muss er oft in Schicht arbeiten.",,,,,,,,,,,,,,beruf|Probleme im Arbeitsalltag,1007
B2-1008,Kundenbeschwerde,die,-n,kundenbeschwerde,B2,Linie B2 Beruf,Kapitel 13 – Konflikte lösen,n,Customer complaint,Wenn ein Kunde unzufrieden ist und dies der Firma meldet.,Die Serviceabteilung kümmert sich sofort um jede Kundenbeschwerde.,,,,,,,,,,,,,,beruf|Probleme im Arbeitsalltag,1008
B2-1009,Babypause,die,-n,babypause,B2,Linie B2 Beruf,Kapitel 13 – Konflikte lösen,n,Maternity/Paternity leave,Eine Freistellung von der Arbeit direkt nach der Geburt eines Kindes.,Nach der Geburt ihrer Tochter nimmt sie eine einjährige Babypause.,,,,,,,,,,,,,,beruf|Probleme im Arbeitsalltag,1009
B2-1010,Mutterschutz,der,,mutterschutz,B2,Linie B2 Beruf,Kapitel 13 – Konflikte lösen,n,Maternity protection,Der gesetzliche Schutz für schwangere Frauen vor und nach der Geburt.,Während des Mutterschutzes darf eine Frau absolut nicht arbeiten.,,,,,,,,,,,,,,beruf|Probleme im Arbeitsalltag|nur Singular,1010
B2-1011,Elternzeit,die,,elternzeit,B2,Linie B2 Beruf,Kapitel 13 – Konflikte lösen,n,Parental leave,"Zeit für Mütter oder Väter, um das Kind zu betreuen (mit Kündigungsschutz).",Mein Kollege geht für sechs Monate in Elternzeit.,,,,,,,,,,,,,,beruf|Probleme im Arbeitsalltag|nur Singular,1011
B2-1012,Meisterkurs,der,-e,meisterkurs,B2,Linie B2 Beruf,Kapitel 13 – Konflikte lösen,n,Master craftsman course,Eine Weiterbildung für Handwerker zum Erlangen des Meistertitels.,"Er besucht abends einen Meisterkurs, um sich selbstständig zu machen.",,,,,,,,,,,,,,beruf|Probleme im Arbeitsalltag,1012
B2-1013,Teilzeit arbeiten,,,teilzeit arbeiten,B2,Linie B2 Beruf,Kapitel 13 – Konflikte lösen,v,To work part-time,Weniger Stunden als die reguläre Vollzeit arbeiten.,Nach der Elternzeit möchte sie erst einmal nur Teilzeit arbeiten.,,,,,,,,,,,,,,beruf|Probleme im Arbeitsalltag,1013
B2-1014,Messe,die,-n,messe,B2,Linie B2 Beruf,Kapitel 13 – Konflikte lösen,n,Trade fair / Exhibition,"Eine Großveranstaltung, auf der Firmen ihre Produkte zeigen.",Wir stellen unsere neuen Erfindungen auf der Branchenmesse aus.,,,,,,,,,,,,,,beruf|Das finde ich nicht in Ordnung!,1014
B2-1015,sich/jemanden beruhigen,,,sich/jemanden beruhigen,B2,Linie B2 Beruf,Kapitel 13 – Konflikte lösen,v,To calm down / soothe someone,Nach einem Streit oder Stress wieder leise und entspannt werden.,Nach der hitzigen Diskussion mussten wir uns erst einmal beruhigen.,,,,,,,,,,,,,,beruf|Das finde ich nicht in Ordnung!,1015
B2-1016,Respekt voreinander haben,,,respekt voreinander haben,B2,Linie B2 Beruf,Kapitel 13 – Konflikte lösen,phrase,To have mutual respect,Andere Menschen und ihre Meinungen höflich achten.,Auch bei Konflikten muss man im Team immer Respekt voreinander haben.,,,,,,,,,,,,,,beruf|Gemeinsam Lösungen finden,1016
B2-1017,ausreden,,,ausreden,B2,Linie B2 Beruf,Kapitel 13 – Konflikte lösen,v,To finish speaking,"Zu Ende sprechen, ohne unterbrochen zu werden.","Lass mich bitte kurz ausreden, bevor du mir widersprichst.",,,,,,,,,,,,,,beruf|Gemeinsam Lösungen finden,1017
B2-1018,jemanden einschalten,,,jemanden einschalten,B2,Linie B2 Beruf,Kapitel 13 – Konflikte lösen,v,To involve / call upon someone,Einen Experten oder Dritten zur Hilfe holen.,Bei diesem schweren Streit mussten wir den Betriebsrat einschalten.,,,,,,,,,,,,,,beruf|Gemeinsam Lösungen finden,1018
B2-1019,Meinungsunterschiede offen austragen,,,meinungsunterschiede offen austragen,B2,Linie B2 Beruf,Kapitel 13 – Konflikte lösen,phrase,To settle differences openly,Über Probleme und Konflikte ehrlich miteinander sprechen.,"Es ist gesund für die Firma, wenn wir Meinungsunterschiede offen austragen.",,,,,,,,,,,,,,beruf|Gemeinsam Lösungen finden,1019
B2-1020,sich etwas bewusst machen,,,sich etwas bewusst machen,B2,Linie B2 Beruf,Kapitel 13 – Konflikte lösen,v,To become aware of something,Sich eine Tatsache oder ein Problem ganz klar vor Augen führen.,"Wir müssen uns bewusst machen, dass Fehler zum Lernen dazugehören.",,,,,,,,,,,,,,beruf|Gemeinsam Lösungen finden,1020
B2-1021,nachtragend sein,,,nachtragend sein,B2,Linie B2 Beruf,Kapitel 13 – Konflikte lösen,phrase,To hold a grudge,Einen Streit auch nach langer Zeit nicht vergessen oder verzeihen.,"Sei bitte nicht nachtragend, wir haben das Problem doch gelöst!",,,,,,,,,,,,,,beruf|Gemeinsam Lösungen finden,1021
B2-1022,wagen,,,wagen,B2,Linie B2 Beruf,Kapitel 13 – Konflikte lösen,v,To dare / venture,"Genug Mut haben, etwas Schwieriges oder Gefährliches zu tun.",Sie wollte den Schritt in die Selbstständigkeit einfach wagen.,,,,,,,,,,,,,,beruf|Gemeinsam Lösungen finden,1022
B2-1023,jemanden beschäftigen,,,jemanden beschaftigen,B2,Linie B2 Beruf,Kapitel 13 – Konflikte lösen,v,To employ someone / occupy someone,Jemandem Arbeit geben oder über ein Thema nachdenken lassen.,Die Firma beschäftigt mehr als zweihundert Mitarbeiter vor Ort.,,,,,,,,,,,,,,beruf|Gemeinsam Lösungen finden,1023
B2-1024,Großraumbüro,das,-s,grossraumburo,B2,Linie B2 Beruf,Kapitel 13 – Konflikte lösen,n,Open-plan office,"Ein sehr großer Raum, in dem viele Angestellte gleichzeitig arbeiten.",Im Großraumbüro ist es wegen der vielen Telefonate oft laut.,,,,,,,,,,,,,,beruf|Gemeinsam Lösungen finden,1024
B2-1025,Schichtplan,der,¨e,schichtplan,B2,Linie B2 Beruf,Kapitel 13 – Konflikte lösen,n,Shift schedule / Duty roster,"Ein Kalender, der zeigt, wer wann arbeiten muss.",Der neue Schichtplan für die kommende Woche hängt im Flur aus.,,,,,,,,,,,,,,beruf|Gemeinsam Lösungen finden,1025
B2-1026,Anlass,der,¨e,anlass,B2,Linie B2 Beruf,Kapitel 13 – Konflikte lösen,n,Occasion / Cause,Der Grund oder der Auslöser für ein Event oder Verhalten.,Das erfolgreiche Projekt war ein schöner Anlass für eine Firmenfeier.,,,,,,,,,,,,,,beruf|Gemeinsam Lösungen finden,1026
B2-1027,jemandem etwas in die Schuhe schieben,,,jemandem etwas in die schuhe schieben,B2,Linie B2 Beruf,Kapitel 13 – Konflikte lösen,phrase,To blame someone else unrightfully,Einen eigenen Fehler unberechtigt auf einen anderen schieben.,Du kannst mir diesen Produktionsfehler nicht einfach in die Schuhe schieben!,,,,,,,,,,,,,,beruf|Gemeinsam Lösungen finden,1027
B2-1028,ankündigen,,,ankundigen,B2,Linie B2 Beruf,Kapitel 13 – Konflikte lösen,v,To announce,Eine zukünftige Änderung offiziell im Voraus bekannt geben.,Der Abteilungsleiter möchte morgen strukturelle Änderungen ankündigen.,,,,,,,,,,,,,,beruf|Gemeinsam Lösungen finden,1028
B2-1029,Notizen durchlesen / vervollständigen,,,notizen durchlesen / vervollstandigen,B2,Linie B2 Beruf,Kapitel 13 – Konflikte lösen,phrase,To review / complete notes,Aufgeschriebene Infos kontrollieren und fehlende Details ergänzen.,Nach dem Telefonat sollte man seine Notizen kurz vervollständigen.,,,,,,,,,,,,,,beruf|Berufliche Telefongespräche führen,1029
B2-1030,gelassen bleiben,,,gelassen bleiben,B2,Linie B2 Beruf,Kapitel 13 – Konflikte lösen,v,To stay calm / composed,Auch in stressigen Situationen ganz ruhig und cool bleiben.,"Wenn ein Kunde am Telefon schreit, muss man immer gelassen bleiben.",,,,,,,,,,,,,,beruf|Berufliche Telefongespräche führen,1030
B2-1031,bei Bedarf,,,bei bedarf,B2,Linie B2 Beruf,Kapitel 13 – Konflikte lösen,phrase,If required / If necessary,Wenn es im Moment nötig ist.,Wir können bei Bedarf ein weiteres Treffen für nächste Woche vereinbaren.,,,,,,,,,,,,,,beruf|Berufliche Telefongespräche führen,1031
B2-1032,unter Druck sein,,,unter druck sein,B2,Linie B2 Beruf,Kapitel 13 – Konflikte lösen,phrase,To be under pressure,Großen Stress oder Zeitmangel bei einer Aufgabe haben.,Wegen des nahen Termins ist das gesamte Team aktuell stark unter Druck.,,,,,,,,,,,,,,beruf|Wenn ich das gewusst hätte ...,1032
B2-1033,etwas an eine Mail anhängen,,,etwas an eine mail anhangen,B2,Linie B2 Beruf,Kapitel 13 – Konflikte lösen,phrase,To attach something to an email,Eine Datei (z. B. PDF) mit einer E-Mail mitsenden.,Ich werde den Kostenvoranschlag direkt an die Mail anhängen.,,,,,,,,,,,,,,beruf|Wenn ich das gewusst hätte ...,1033
B2-1034,Rückfrage,die,-n,ruckfrage,B2,Linie B2 Beruf,Kapitel 13 – Konflikte lösen,n,Follow-up question / Inquiry,"Eine Frage, die man stellt, weil man etwas nicht ganz verstanden hat.","Falls Sie noch Rückfragen haben, rufen Sie mich gerne an.",,,,,,,,,,,,,,beruf|Wenn ich das gewusst hätte ...,1034
B2-1035,etwas nachvollziehen können,,,etwas nachvollziehen konnen,B2,Linie B2 Beruf,Kapitel 13 – Konflikte lösen,phrase,To be able to understand/empathize,Die Logik oder Gefühle eines anderen gut verstehen.,Ich kann deine Enttäuschung über das verpasste Projekt gut nachvollziehen.,,,,,,,,,,,,,,"beruf|Veränderte Rollen in Beruf, Partnerschaft und Familie",1035
B2-1036,in einer Krise stecken,,,in einer krise stecken,B2,Linie B2 Beruf,Kapitel 13 – Konflikte lösen,phrase,To be in a crisis,"In einer sehr schwierigen, problematischen Situation sein.",Die Tourismusbranche steckt wegen der wirtschaftlichen Lage in einer Krise.,,,,,,,,,,,,,,"beruf|Veränderte Rollen in Beruf, Partnerschaft und Familie",1036
B2-1037,extrem,,,extrem,B2,Linie B2 Beruf,Kapitel 13 – Konflikte lösen,adj,Extreme,Sehr stark; weit über dem normalen Durchschnitt liegend.,Die Anforderungen für das duale Studium sind manchmal extrem hoch.,,,,,,,,,,,,,,"beruf|Veränderte Rollen in Beruf, Partnerschaft und Familie",1037
B2-1038,Abschlussnote,die,-n,abschlussnote,B2,Linie B2 Beruf,Kapitel 13 – Konflikte lösen,n,Final grade,Die Gesamtnote am Ende einer Ausbildung oder eines Studiums.,Er hat sein Studium mit einer hervorragenden Abschlussnote beendet.,,,,,,,,,,,,,,"beruf|Veränderte Rollen in Beruf, Partnerschaft und Familie",1038
B2-1039,gleichaltrig,,,gleichaltrig,B2,Linie B2 Beruf,Kapitel 13 – Konflikte lösen,adj,Of the same age,Im exakt selben Alter wie eine andere Person sein.,Die gleichaltrigen Kollegen verstehen sich auch privat sehr gut.,,,,,,,,,,,,,,"beruf|Veränderte Rollen in Beruf, Partnerschaft und Familie",1039
B2-1040,jemandem Chancen verschaffen,,,jemandem chancen verschaffen,B2,Linie B2 Beruf,Kapitel 13 – Konflikte lösen,phrase,To create opportunities for someone,"Dafür sorgen, dass jemand eine gute Möglichkeit bekommt.",Ein gutes Praktikum kann einem tolle Chancen auf dem Arbeitsmarkt verschaffen.,,,,,,,,,,,,,,"beruf|Veränderte Rollen in Beruf, Partnerschaft und Familie",1040
B2-1041,Wirkung zeigen,,,wirkung zeigen,B2,Linie B2 Beruf,Kapitel 13 – Konflikte lösen,v,To take effect / show results,"Wenn eine Maßnahme oder Medizin beginnt, positiv zu funktionieren.",Die neuen Marketingregeln zeigen bereits eine deutliche Wirkung.,,,,,,,,,,,,,,"beruf|Veränderte Rollen in Beruf, Partnerschaft und Familie",1041
B2-1042,Führungsaufgaben übernehmen,,,fuhrungsaufgaben ubernehmen,B2,Linie B2 Beruf,Kapitel 13 – Konflikte lösen,v,To take on managerial tasks,Verantwortung für Teams oder Projekte als Chef tragen.,Sie möchte in ihrer neuen Position bald mehr Führungsaufgaben übernehmen.,,,,,,,,,,,,,,"beruf|Veränderte Rollen in Beruf, Partnerschaft und Familie",1042
B2-1043,bewusst miterleben,,,bewusst miterleben,B2,Linie B2 Beruf,Kapitel 13 – Konflikte lösen,v,To witness consciously,Ein Ereignis ganz aufmerksam und aktiv miterleben.,Er wollte das Aufwachsen seiner Kinder ganz bewusst miterleben.,,,,,,,,,,,,,,"beruf|Veränderte Rollen in Beruf, Partnerschaft und Familie",1043
B2-1044,Nachwuchs,der,,nachwuchs,B2,Linie B2 Beruf,Kapitel 13 – Konflikte lösen,n,Offspring / New generation,Kinder einer Familie oder die junge Generation in einem Beruf.,Die Handwerksbranche braucht dringend qualifizierten Nachwuchs.,,,,,,,,,,,,,,"beruf|Veränderte Rollen in Beruf, Partnerschaft und Familie|nur Singular",1044
B2-1045,Belastungsprobe,die,-n,belastungsprobe,B2,Linie B2 Beruf,Kapitel 13 – Konflikte lösen,n,Acid test / Stress test,Eine sehr schwere Prüfung für eine Beziehung oder ein System.,Das komplexe Projekt wurde zu einer echten Belastungsprobe für das Team.,,,,,,,,,,,,,,"beruf|Veränderte Rollen in Beruf, Partnerschaft und Familie",1045
B2-1046,jmdn. vor große Herausforderungen stellen,,,jmdn. vor grosse herausforderungen stellen,B2,Linie B2 Beruf,Kapitel 13 – Konflikte lösen,phrase,To present someone with great challenges,Jemandem eine sehr schwierige Aufgabe geben.,Der plötzliche Umzug stellt uns vor große Herausforderungen.,,,,,,,,,,,,,,"beruf|Veränderte Rollen in Beruf, Partnerschaft und Familie",1046
B2-1047,etwas aushandeln,,,etwas aushandeln,B2,Linie B2 Beruf,Kapitel 13 – Konflikte lösen,v,To negotiate / hammer out,Einen Kompromiss oder Vertrag durch Diskussionen erreichen.,Die Gewerkschaft konnte bessere Lohnbedingungen für uns aushandeln.,,,,,,,,,,,,,,"beruf|Veränderte Rollen in Beruf, Partnerschaft und Familie",1047
B2-1048,Trendwende,die,-n,trendwende,B2,Linie B2 Beruf,Kapitel 13 – Konflikte lösen,n,Trend reversal / Turnaround,"Der Moment, in dem sich eine Entwicklung komplett umdreht.",Die steigenden Zahlen auf dem Arbeitsmarkt zeigen eine echte Trendwende.,,,,,,,,,,,,,,"beruf|Veränderte Rollen in Beruf, Partnerschaft und Familie",1048
B2-1049,Modell,das,-e,modell,B2,Linie B2 Beruf,Kapitel 13 – Konflikte lösen,n,Model,"Ein Entwurf, ein Muster oder eine flexible Arbeitszeitvariante.",Das Modell der Gleitzeit wird von vielen Angestellten bevorzugt.,,,,,,,,,,,,,,"beruf|Veränderte Rollen in Beruf, Partnerschaft und Familie",1049
B2-1050,sich qualifizieren,,,sich qualifizieren,B2,Linie B2 Beruf,Kapitel 13 – Konflikte lösen,v,To qualify (for),Die nötigen Fähigkeiten für eine Stelle erlangen.,Durch den Meisterkurs qualifiziert er sich für eine Führungsposition.,,,,,Verben mit Präposition,für,Akkusativ,,,,,,,"beruf|Veränderte Rollen in Beruf, Partnerschaft und Familie",1050
B2-1051,Nachwuchskraft,die,¨e,nachwuchskraft,B2,Linie B2 Beruf,Kapitel 13 – Konflikte lösen,n,Junior employee / Young talent,"Ein junger, gut ausgebildeter Mitarbeiter in einer Firma.",Wir müssen jede junge Nachwuchskraft im Betrieb intensiv fördern.,,,,,,,,,,,,,,"beruf|Veränderte Rollen in Beruf, Partnerschaft und Familie",1051
B2-1052,verteidigen,,,verteidigen,B2,Linie B2 Beruf,Kapitel 13 – Konflikte lösen,v,To defend,Eine eigene Meinung oder ein Recht gegen Kritik beschützen.,Der Chef musste seine unbeliebte Entscheidung vor dem Team verteidigen.,,,,,,,,,,,,,,"beruf|Veränderte Rollen in Beruf, Partnerschaft und Familie",1052
B2-1053,jemandem blind vertrauen,,,jemandem blind vertrauen,B2,Linie B2 Beruf,Kapitel 13 – Konflikte lösen,phrase,To trust someone blindly,Jemandem ohne jede Kontrolle vollkommen glauben.,In einer Partnerschaft muss man seinem Partner blind vertrauen können.,,,,,,,,,,,,,,"beruf|Veränderte Rollen in Beruf, Partnerschaft und Familie",1053
B2-1054,sich verwirklichen,,,sich verwirklichen,B2,Linie B2 Beruf,Kapitel 13 – Konflikte lösen,v,To fulfill oneself,"Seine eigenen Träume, Talente und Pläne in die Realität umsetzen.",Im Beruf als selbstständiger Designer kann er sich voll verwirrklichen.,,,,,,,,,,,,,,"beruf|Veränderte Rollen in Beruf, Partnerschaft und Familie",1054
B2-1055,Umschulung,die,-en,umschulung,B2,Linie B2 Beruf,Kapitel 14 – Weiterbildung,n,Retraining / Career change training,"Ausbildung für einen neuen, anderen Beruf.",Wegen seiner Verletzung macht er eine Umschulung zum Kaufmann.,,,,,,,,,,,,,,beruf|Bildungsgeschichten,1055
B2-1056,Pubertät,die,,pubertat,B2,Linie B2 Beruf,Kapitel 14 – Weiterbildung,n,Puberty,Die Phase des Heranwachsens bei Jugendlichen.,In der Pubertät verändern sich Jugendliche stark.,,,,,,,,,,,,,,beruf|Bildungsgeschichten|nur Singular,1056
B2-1057,Schwangerschaft,die,-en,schwangerschaft,B2,Linie B2 Beruf,Kapitel 14 – Weiterbildung,n,Pregnancy,"Die Zeit, in der eine Frau ein Kind erwartet.",Während ihrer Schwangerschaft hat sie viel gelesen.,,,,,,,,,,,,,,beruf|Bildungsgeschichten,1057
B2-1058,Weiterbildung,die,-en,weiterbildung,B2,Linie B2 Beruf,Kapitel 14 – Weiterbildung,n,Further education / Continuing training,Zusätzliches Lernen im bereits gelernten Beruf.,Die Firma bezahlt ihm eine Weiterbildung im Online-Marketing.,,,,,,,,,,,,,,beruf|Bildungsgeschichten,1058
B2-1059,Gesellenprüfung,die,-en,gesellenprufung,B2,Linie B2 Beruf,Kapitel 14 – Weiterbildung,n,Journeyman's examination,Die Abschlussprüfung in einem Handwerksberuf.,Nach drei Jahren Ausbildung hat er die Gesellenprüfung bestanden.,,,,,,,,,,,,,,beruf|Bildungsgeschichten,1059
B2-1060,Ausbildungsvergütung,die,-en,ausbildungsvergutung,B2,Linie B2 Beruf,Kapitel 14 – Weiterbildung,n,Training allowance / Apprentice salary,"Das Geld, das man während einer Ausbildung verdient.",Im dritten Lehrjahr steigt die Ausbildungsvergütung spürbar an.,,,,,,,,,,,,,,beruf|Bildungsgeschichten,1060
B2-1061,mehr als genug,,,mehr als genug,B2,Linie B2 Beruf,Kapitel 14 – Weiterbildung,phrase,More than enough,Sehr viel; mehr als eigentlich nötig ist.,Für das anstehende Projekt haben wir mehr als genug Zeit.,,,,,,,,,,,,,,beruf|Man lernt nie aus.,1061
B2-1062,sich weiterbilden,,,sich weiterbilden,B2,Linie B2 Beruf,Kapitel 14 – Weiterbildung,v,To continue one's education,Neue Fähigkeiten für den Beruf erlernen.,"Er möchte sich weiterbilden, um bessere Karrierechancen zu haben.",,,,,,,,,,,,,,beruf|Man lernt nie aus.,1062
B2-1063,Weiterbildungsangebot,das,-e,weiterbildungsangebot,B2,Linie B2 Beruf,Kapitel 14 – Weiterbildung,n,Range of continuing education,"Die Gesamtheit der Kurse, die angeboten werden.",Das Weiterbildungsangebot der Volkshochschule ist sehr groß.,,,,,,,,,,,,,,beruf|Man lernt nie aus.,1063
B2-1064,etwas erkennen,,,etwas erkennen,B2,Linie B2 Beruf,Kapitel 14 – Weiterbildung,v,To recognize / realize something,Eine Tatsache oder ein Problem klar sehen und verstehen.,"Man konnte sofort erkennen, dass der Plan fehlerhaft war.",,,,,,,,,,,,,,beruf|Man lernt nie aus.,1064
B2-1065,sich  fit fühlen,,,sich  fit fuhlen,B2,Linie B2 Beruf,Kapitel 14 – Weiterbildung,v,To feel (mentally) fit / sharp,"Geistig gesund, wach und konzentriert sein.",Trotz des hohen Alters fühlt er sich im Kopf absolut fit.,,,,,,,,,,,,,,beruf|Man lernt nie aus.,1065
B2-1066,offensichtlich,,,offensichtlich,B2,Linie B2 Beruf,Kapitel 14 – Weiterbildung,adj,Obviously / Apparent,"Klar erkennbar; so, dass es jeder sehen kann.",Das war offensichtlich ein großes Missverständnis im Team.,,,,,,,,,,,,,,beruf|Man lernt nie aus.,1066
B2-1067,erhalten bleiben,,,erhalten bleiben,B2,Linie B2 Beruf,Kapitel 14 – Weiterbildung,v,To be preserved / maintained,Nicht verloren gehen; in gutem Zustand bleiben.,Das historische Gebäude muss für die Stadt erhalten bleiben.,,,,,,,,,,,,,,beruf|Man lernt nie aus.,1067
B2-1068,Rollstuhl,der,¨e,rollstuhl,B2,Linie B2 Beruf,Kapitel 14 – Weiterbildung,n,Wheelchair,Ein Stuhl mit Rädern für gehbehinderte Menschen.,Seit dem schweren Unfall ist sie auf einen Rollstuhl angewiesen.,,,,,,,,,,,,,,beruf|Man lernt nie aus.,1068
B2-1069,etwas betonen,,,etwas betonen,B2,Linie B2 Beruf,Kapitel 14 – Weiterbildung,v,To emphasize / stress something,Einer Aussage besonderes Gewicht geben.,Der Chef möchte die Wichtigkeit dieses Termins nochmals betonen.,,,,,,,,,,,,,,beruf|Man lernt nie aus.,1069
B2-1070,Kontakte knüpfen,,,kontakte knupfen,B2,Linie B2 Beruf,Kapitel 14 – Weiterbildung,v,To network / make contacts,Neue Menschen kennenlernen (oft im Beruf).,Auf der Messe konnte ich viele wertvolle Kontakte knüpfen.,,,,,,,,,,,,,,beruf|Man lernt nie aus.,1070
B2-1071,diszipliniert,,,diszipliniert,B2,Linie B2 Beruf,Kapitel 14 – Weiterbildung,adj,Disciplined ≠ Undisciplined,Ordentlich und kontrolliert ≠ unorganisiert.,"Wer erfolgreich lernen will, muss sehr diszipliniert vorgehen.",,disziplinlos,,,,,,,,,,,,beruf|Man lernt nie aus.,1071
B2-1072,sozial,,,sozial,B2,Linie B2 Beruf,Kapitel 14 – Weiterbildung,adj,Social,Die Gesellschaft oder das Zusammenleben betreffend.,Die Arbeitsagentur unterstützt Projekte für soziale Berufe.,,,,,,,,,,,,,,beruf|Man lernt nie aus.,1072
B2-1073,tolerant,,,tolerant,B2,Linie B2 Beruf,Kapitel 14 – Weiterbildung,adj,Tolerant ≠ Intolerant,Andere Meinungen oder Kulturen respektierend ≠ engstirnig.,Im internationalen Team muss man absolut tolerant sein.,,intolerant,,,,,,,,,,,,beruf|Man lernt nie aus.,1073
B2-1074,kämpferisch,,,kampferisch,B2,Linie B2 Beruf,Kapitel 14 – Weiterbildung,adj,Feisty / Combative / Determined,Mit viel Energie und Kampfgeist für ein Ziel einstehend.,Sie zeigte sich im Gespräch über das Budget sehr kämpferisch.,,,,,,,,,,,,,,beruf|Man lernt nie aus.,1074
B2-1075,kollegial,,,kollegial,B2,Linie B2 Beruf,Kapitel 14 – Weiterbildung,adj,Collegial / Supportive ≠ Unsupportive,Hilfsbereit zu Kollegen ≠ egoistisch im Team.,Die Zusammenarbeit in unserer Abteilung ist sehr kollegial.,,unkollegial,,,,,,,,,,,,beruf|Man lernt nie aus.,1075
B2-1076,mobil,,,mobil,B2,Linie B2 Beruf,Kapitel 14 – Weiterbildung,adj,Mobile,Beweglich; flexibel den Ort wechseln können.,Als Reiseleiter muss man in diesem Job flexibel und mobil sein.,,,,,,,,,,,,,,beruf|Man lernt nie aus.,1076
B2-1077,temperamentvoll,,,temperamentvoll,B2,Linie B2 Beruf,Kapitel 14 – Weiterbildung,adj,High-spirited / Full of energy,"Mit viel Schwung, Energie und sichtbaren Gefühlen.",Seine temperamentvolle Art motiviert das gesamte Team.,,,,,,,,,,,,,,beruf|Man lernt nie aus.,1077
B2-1078,verantwortungsbewusst,,,verantwortungsbewusst,B2,Linie B2 Beruf,Kapitel 14 – Weiterbildung,adj,Responsible ≠ Irresponsible,Pflichtbewusst handelnd ≠ leichtsinnig.,Ein Arzt trägt eine sehr verantwortungsbewusste Aufgabe.,,verantwortungslos,,,,,,,,,,,,beruf|Man lernt nie aus.,1078
B2-1079,zielstrebig,,,zielstrebig,B2,Linie B2 Beruf,Kapitel 14 – Weiterbildung,adj,Purposeful / Driven ≠ Aimless,Ein klares Ziel vor Augen habend ≠ ohne Plan.,Sie arbeitet sehr zielstrebig an ihrer Beförderung.,,ziellos,,,,,,,,,,,,beruf|Man lernt nie aus.,1079
B2-1080,stellvertretend,,,stellvertretend,B2,Linie B2 Beruf,Kapitel 14 – Weiterbildung,adj,Representative / On behalf of,Als Vertretung für eine andere Person handeln.,Er hielt die Rede stellvertretend für den erkrankten Chef.,,,,,Adjektive mit Präposition,für,Akkusativ,,,,,,,beruf|Man lernt nie aus.,1080
B2-1081,etwas versäumen,,,etwas versaumen,B2,Linie B2 Beruf,Kapitel 14 – Weiterbildung,v,To miss out on / neglect something,Einen Termin verpassen oder eine Pflicht vergessen.,"Sie dürfen es nicht versäumen, den Antrag rechtzeitig abzugeben.",,,,,,,,,,,,,,beruf|Man lernt nie aus.,1081
B2-1082,Zelle,die,-n,zelle,B2,Linie B2 Beruf,Kapitel 14 – Weiterbildung,n,Cell (prison),Ein kleiner Raum in einer Justizvollzugsanstalt.,Der Gefangene verbrachte den Tag in seiner Zelle.,,,,,,,,,,,,,,beruf|Man lernt nie aus.,1082
B2-1083,Entlassung,die,-en,entlassung,B2,Linie B2 Beruf,Kapitel 14 – Weiterbildung,n,Dismissal / Discharge / Release,Das Kündigen eines Jobs oder das Freilassen aus der Haft.,Nach der Entlassung aus dem Betrieb suchte er sofort einen neuen Job.,,,,,,,,,,,,,,beruf|Man lernt nie aus.,1083
B2-1084,vermissen,,,vermissen,B2,Linie B2 Beruf,Kapitel 14 – Weiterbildung,v,To miss,Sich nach einer Person oder Sache sehnen.,Nach meinem Umzug vermisse ich meine alten Arbeitskollegen.,,,,,,,,,,,,,,beruf|Man lernt nie aus.,1084
B2-1085,erwerbstätig,,,erwerbstatig,B2,Linie B2 Beruf,Kapitel 14 – Weiterbildung,adj,Employed / Working,Berufstätig sein; Geld mit Arbeit verdienen.,In Deutschland sind viele Frauen in Teilzeit erwerbstätig.,,,,,,,,,,,,,,beruf|Hilfen für die berufliche Entwicklung,1085
B2-1086,Jahreseinkommen,das,,jahreseinkommen,B2,Linie B2 Beruf,Kapitel 14 – Weiterbildung,n,Annual income / salary,"Das gesamte Geld, das man in einem Jahr verdient.",Sein Jahreseinkommen hat sich durch den Jobwechsel erhöht.,,,,,,,,,,,,,,beruf|Hilfen für die berufliche Entwicklung,1086
B2-1087,versteuern,,,versteuern,B2,Linie B2 Beruf,Kapitel 14 – Weiterbildung,v,To pay tax on,Steuern an den Staat für ein Einkommen zahlen.,Man muss jeden verdienten Euro korrekt versteuern.,,,,,,,,,,,,,,beruf|Hilfen für die berufliche Entwicklung,1087
B2-1088,übersteigen,,,ubersteigen,B2,Linie B2 Beruf,Kapitel 14 – Weiterbildung,v,To exceed,Größer oder mehr sein als ein bestimmter Wert.,Die Kosten für den Kurs übersteigen unser Budget.,,,,,,,,,,,,,,beruf|Hilfen für die berufliche Entwicklung,1088
B2-1089,Anerkennungsverfahren,das,,anerkennungsverfahren,B2,Linie B2 Beruf,Kapitel 14 – Weiterbildung,n,Recognition procedure,Offizielle Prüfung von ausländischen Abschlüssen.,Das Anerkennungsverfahren für Ärzte dauert oft sehr lange.,,,,,,,,,,,,,,beruf|Hilfen für die berufliche Entwicklung,1089
B2-1090,entsprechen,,,entsprechen,B2,Linie B2 Beruf,Kapitel 14 – Weiterbildung,v,To correspond to / match,Mit einer Vorgabe oder Erwartung übereinstimmen.,Die Qualifikationen des Bewerbers entsprechen unserem Profil.,,,,,,,,,,,,,,beruf|Hilfen für die berufliche Entwicklung,1090
B2-1091,Unterstützung erhalten,,,unterstutzung erhalten,B2,Linie B2 Beruf,Kapitel 14 – Weiterbildung,v,To receive support,Hilfe oder finanzielle Förderung bekommen.,Junge Gründer können staatliche Unterstützung erhalten.,,,,,,,,,,,,,,beruf|Hilfen für die berufliche Entwicklung,1091
B2-1092,promovieren,,,promovieren,B2,Linie B2 Beruf,Kapitel 14 – Weiterbildung,v,To do a doctorate / PhD,Seine Doktorarbeit an einer Universität schreiben.,Nach dem Master-Abschluss möchte sie im Fach Chemie promovieren.,,,,,,,,,,,,,,beruf|Hilfen für die berufliche Entwicklung,1092
B2-1093,forschen,,,forschen,B2,Linie B2 Beruf,Kapitel 14 – Weiterbildung,v,To research,Wissenschaftliche Untersuchungen durchführen.,Die Wissenschaftler forschen an einem neuen Medikament.,,,,,,,,,,,,,,beruf|Hilfen für die berufliche Entwicklung,1093
B2-1094,Stipendium,das,Stipendien,stipendium,B2,Linie B2 Beruf,Kapitel 14 – Weiterbildung,n,Scholarship / Fellowship,Finanzielle Hilfe für begabte Studenten.,Dank eines Stipendiums konnte er in den USA studieren.,,,,,,,,,,,,,,beruf|Hilfen für die berufliche Entwicklung,1094
B2-1095,drohen,,,drohen,B2,Linie B2 Beruf,Kapitel 14 – Weiterbildung,v,To threaten / Loom,Wenn etwas Negatives sehr wahrscheinlich bald passiert.,Ohne neue Aufträge droht der Firma die Insolvenz.,,,,,,,,,,,,,,beruf|Hilfen für die berufliche Entwicklung,1095
B2-1096,etwas nachweisen,,,etwas nachweisen,B2,Linie B2 Beruf,Kapitel 14 – Weiterbildung,v,To prove / verify something,Einen offiziellen Nachweis oder Beweis für etwas liefern.,Für den Job müssen Sie Ihre Sprachkenntnisse nachweisen.,,,,,,,,,,,,,,beruf|Hilfen für die berufliche Entwicklung,1096
B2-1097,sich beraten lassen,,,sich beraten lassen,B2,Linie B2 Beruf,Kapitel 14 – Weiterbildung,v,To seek advice / consult,Hilfe und Tipps von einem Experten einholen.,Vor dem Hauskauf sollten Sie sich gründlich beraten lassen.,,,,,,,,,,,,,,beruf|Hilfen für die berufliche Entwicklung,1097
B2-1098,zunehmen + abnehmen,,,zunehmen + abnehmen,B2,Linie B2 Beruf,Kapitel 14 – Weiterbildung,phrase,To increase + decrease,Mehr werden + weniger werden (oder Gewicht ändern).,Die Nachfrage nach Kursen wird in der Zukunft weiter zunehmen.,,,,,,,,,,,,,,beruf|Luka möchte eine Weiterbildung machen.,1098
B2-1099,sich grundlegend ändern,,,sich grundlegend andern,B2,Linie B2 Beruf,Kapitel 14 – Weiterbildung,v,To change fundamentally,Sich komplett und in der Basis verändern.,Durch KI wird sich die Büroarbeit grundlegend ändern.,,,,,,,,,,,,,,beruf|Luka möchte eine Weiterbildung machen.,1099
B2-1100,Grundkenntnisse erwerben,,,grundkenntnisse erwerben,B2,Linie B2 Beruf,Kapitel 14 – Weiterbildung,v,To acquire basic knowledge,Die wichtigsten Basics eines Themas lernen.,Im Einführungskurs kann man solide Grundkenntnisse erwerben.,,,,,,,,,,,,,,beruf|Luka möchte eine Weiterbildung machen.,1100
B2-1101,Arbeitsfeld,das,-er,arbeitsfeld,B2,Linie B2 Beruf,Kapitel 14 – Weiterbildung,n,Field of work / Activity,"Ein bestimmter Bereich, in dem man beruflich arbeitet.",Die Altenpflege ist ein sehr anspruchsvolles Arbeitsfeld.,,,,,,,,,,,,,,beruf|Luka möchte eine Weiterbildung machen.,1101
B2-1102,Fachkraft,die,¨e,fachkraft,B2,Linie B2 Beruf,Kapitel 14 – Weiterbildung,n,Skilled worker / Professional,Eine Person mit einer abgeschlossenen Berufsausbildung.,Auf dem Arbeitsmarkt fehlt fast überall eine qualifizierte Fachkraft.,,,,,,,,,,,,,,beruf|Luka möchte eine Weiterbildung machen.,1102
B2-1103,zuständigen Stellen,die,,zustandigen stellen,B2,Linie B2 Beruf,Kapitel 14 – Weiterbildung,n,The competent authorities,"Die Behörden oder Abteilungen, die dafür verantwortlich sind.",Bitte senden Sie die Dokumente an die zuständigen Stellen.,,,,,,,,,,,,,,beruf|Luka möchte eine Weiterbildung machen.,1103
B2-1104,beantragen,,,beantragen,B2,Linie B2 Beruf,Kapitel 14 – Weiterbildung,v,To apply for (official),Einen offiziellen Antrag beim Amt oder Chef stellen.,Sie müssen die Förderung vor dem Kursbeginn beantragen.,,,,,,,,,,,,,,beruf|Luka möchte eine Weiterbildung machen.,1104
B2-1105,offene Fragen klären,,,offene fragen klaren,B2,Linie B2 Beruf,Kapitel 14 – Weiterbildung,phrase,To clarify open questions,Unklarheiten in einem Gespräch auflösen.,Wir müssen im Meeting noch ein paar offene Fragen klären.,,,,,,,,,,,,,,beruf|Luka möchte eine Weiterbildung machen.,1105
B2-1106,Anreise,die,-n,anreise,B2,Linie B2 Beruf,Kapitel 14 – Weiterbildung,n,Journey / Arrival,Die Fahrt zu einem bestimmten Veranstaltungsort.,Die Anreise zum Seminar erfolgt am Sonntagmorgen per Bahn.,,,,,,,,,,,,,,beruf|Luka möchte eine Weiterbildung machen.,1106
B2-1107,Anmeldeschluss,der,,anmeldeschluss,B2,Linie B2 Beruf,Kapitel 14 – Weiterbildung,n,Registration deadline,"Das letzte Datum, an dem man sich anmelden kann.",Der Anmeldeschluss für den Sprachkurs ist am kommenden Freitag.,,,,,,,,,,,,,,beruf|Luka möchte eine Weiterbildung machen.|nur Singular,1107
B2-1108,erste/zweite Jahreshälfte,die,,erste/zweite jahreshalfte,B2,Linie B2 Beruf,Kapitel 14 – Weiterbildung,n,The first/second half of the year,Die ersten oder letzten sechs Monate eines Kalenderjahres.,Das neue System wird in der zweiten Jahreshälfte installiert.,,,,,,,,,,,,,,beruf|Luka möchte eine Weiterbildung machen.|nur Singular,1108
B2-1109,aufmerksam machen,,,aufmerksam machen,B2,Linie B2 Beruf,Kapitel 14 – Weiterbildung,v,To draw attention (to),Das Interesse von Menschen auf ein Thema lenken.,Wir möchten auf die Wichtigkeit von Weiterbildung aufmerksam machen.,,,,,Verben mit Präposition,auf,Akkusativ,,,,,,,beruf|Luka möchte eine Weiterbildung machen.,1109
B2-1110,ausgleichen,,,ausgleichen,B2,Linie B2 Beruf,Kapitel 14 – Weiterbildung,v,To balance / compensate,Einen Nachteil durch einen Vorteil neutralisieren.,Mit viel Fleiß kann man fehlende Erfahrung gut ausgleichen.,,,,,,,,,,,,,,beruf|Luka möchte eine Weiterbildung machen.,1110
B2-1111,Einfluss,der,¨e,einfluss,B2,Linie B2 Beruf,Kapitel 14 – Weiterbildung,n,Influence / Impact (on),"Die Wirkung, die eine Sache auf etwas anderes hat.",Schlaf hat einen großen Einfluss auf die Konzentration.,,,,,Nomen mit Präposition,auf,Akkusativ,,,,,,,beruf|Was beim Lernen hilft.,1111
B2-1112,blockieren,,,blockieren,B2,Linie B2 Beruf,Kapitel 14 – Weiterbildung,v,To block,Den Ablauf von etwas komplett stoppen oder behindern.,Großer Stress kann das Gehirn beim Lernen total blockieren.,,,,,,,,,,,,,,beruf|Was beim Lernen hilft.,1112
B2-1113,intensiv,,,intensiv,B2,Linie B2 Beruf,Kapitel 14 – Weiterbildung,adj,Intensive / Thorough,"Mit sehr viel Energie, Zeit und Gründlichkeit getan.",Vor der Prüfung ist eine intensive Vorbereitung notwendig.,,,,,,,,,,,,,,beruf|Was beim Lernen hilft.,1113
B2-1114,die Ergebnisse belegen/zeigen,,,die ergebnisse belegen/zeigen,B2,Linie B2 Beruf,Kapitel 14 – Weiterbildung,phrase,The results prove/show,Wenn Daten eine Vermutung offiziell beweisen.,"Die Ergebnisse der Studie belegen, dass Pausen wichtig sind.",,,,,,,,,,,,,,beruf|Was beim Lernen hilft.,1114
B2-1115,verknüpfen,,,verknupfen,B2,Linie B2 Beruf,Kapitel 14 – Weiterbildung,v,To link / connect (with),Neue Infos mit bekanntem Wissen verbinden.,"Man lernt leichter, wenn man Vokabeln mit Bildern verknüpft.",,,,,Verben mit Präposition,mit,Dativ,,,,,,,beruf|Was beim Lernen hilft.,1115
B2-1116,einschränken,,,einschranken,B2,Linie B2 Beruf,Kapitel 14 – Weiterbildung,v,To limit / restrict,Grenzen setzen; weniger von etwas machen.,Während der Lernphase sollte man den Handykonsum einschränken.,,,,,,,,,,,,,,beruf|Was beim Lernen hilft.,1116
B2-1117,differenzieren,,,differenzieren,B2,Linie B2 Beruf,Kapitel 14 – Weiterbildung,v,To differentiate (between),Unterschiede zwischen zwei Dingen genau erkennen.,Man muss zwischen wichtigem und unwichtigem Wissen differenzieren.,,,,,Verben mit Präposition,zwischen,Dativ,,,,,,,beruf|Was beim Lernen hilft.,1117
B2-1118,signalisieren,,,signalisieren,B2,Linie B2 Beruf,Kapitel 14 – Weiterbildung,v,To signal / indicate,Ein deutliches Zeichen für etwas geben.,Pünktlichkeit signalisiert großes Interesse am Job.,,,,,,,,,,,,,,beruf|Was beim Lernen hilft.,1118
B2-1119,etwas senken / steigern,,,etwas senken / steigern,B2,Linie B2 Beruf,Kapitel 14 – Weiterbildung,phrase,To lower / to increase,Etwas weniger machen ≠ etwas mehr machen.,Wir wollen die Fehlerquote senken und die Effizienz steigern.,,,,,,,,,,,,,,beruf|Was beim Lernen hilft.,1119
B2-1120,messbar,,,messbar,B2,Linie B2 Beruf,Kapitel 14 – Weiterbildung,adj,Measurable,"So, dass man es in Zahlen oder Daten prüfen kann.",Der Erfolg einer Weiterbildung ist nicht immer sofort messbar.,,,,,,,,,,,,,,beruf|Was beim Lernen hilft.,1120
B2-1121,etwas verursachen,,,etwas verursachen,B2,Linie B2 Beruf,Kapitel 14 – Weiterbildung,v,To cause something,"Der Grund dafür sein, dass etwas passiert.",Schlafmangel kann Konzentrationsprobleme verursachen.,,,,,,,,,,,,,,beruf|Was beim Lernen hilft.,1121
B2-1122,einen Abschluss nachholen,,,einen abschluss nachholen,B2,Linie B2 Beruf,Kapitel 14 – Weiterbildung,phrase,To complete a degree later,Einen Schul- oder Berufsabschluss später im Leben machen.,Er möchte seinen Realschulabschluss an der Abendschule nachholen.,,,,,,,,,,,,,,beruf|Was beim Lernen hilft.,1122
B2-1123,"sich fühlen, als ob/wenn",,,"sich fuhlen, als ob/wenn",B2,Linie B2 Beruf,Kapitel 14 – Weiterbildung,v,To feel as if,Ein bestimmtes Gefühl oder einen Eindruck von sich selbst haben.,"Ich fühle mich, als ob ich die Prüfung schon bestanden hätte.",,,,,,,,,,,,,,beruf|Was beim Lernen hilft.,1123
B2-1124,Wettkampf,der,¨e,wettkampf,B2,Linie B2 Beruf,Kapitel 14 – Weiterbildung,n,Competition / Match,Ein sportlicher oder beruflicher Leistungsvergleich.,Am Wochenende nimmt er an einem wichtigen Wettkampf teil.,,,,,,,,,,,,,,beruf|Was beim Lernen hilft.,1124
B2-1125,innerhalb kürzester Zeit,,,innerhalb kurzester zeit,B2,Linie B2 Beruf,Kapitel 14 – Weiterbildung,phrase,Within a very short time,Extrem schnell; in einem ganz kurzen Zeitraum.,Sie hat die neue Software innerhalb kürzester Zeit gelernt.,,,,,,,,,,,,,,beruf|Was beim Lernen hilft.,1125
B2-1126,enorm viel,,,enorm viel,B2,Linie B2 Beruf,Kapitel 14 – Weiterbildung,phrase,An enormous amount,"Eine gigantische, sehr große Menge von etwas.",Für dieses komplexe Projekt müssen wir enorm viel lesen.,,,,,,,,,,,,,,beruf|Was beim Lernen hilft.,1126
B2-1127,Nutzen,der,,nutzen,B2,Linie B2 Beruf,Kapitel 14 – Weiterbildung,n,Benefit / Advantage,"Der Vorteil oder Gewinn, den man aus etwas zieht.",Welchen Nutzen hat diese teure Fortbildung für unsere Abteilung?,,,,,,,,,,,,,,beruf|Was beim Lernen hilft.|nur Singular,1127
B2-1128,Nutzen ziehen aus,,,nutzen ziehen aus,B2,Linie B2 Beruf,Kapitel 14 – Weiterbildung,phrase,To benefit from,Einen Vorteil aus einer Situation oder Sache bekommen.,Aus diesem Seminar können alle Mitarbeiter großen Nutzen ziehen.,,,,,,,,,,,,,,beruf|Was beim Lernen hilft.,1128
B2-1129,Durchhaltevermögen,das,,durchhaltevermogen,B2,Linie B2 Beruf,Kapitel 14 – Weiterbildung,n,Perseverance / Stamina,"Die Fähigkeit, bei langen, schweren Aufgaben nicht aufzugeben.",Beim Schreiben einer Doktorarbeit braucht man viel Durchhaltevermögen.,,,,,,,,,,,,,,beruf|Was beim Lernen hilft.|nur Singular,1129
B2-1130,Mitgefühl,das,,mitgefuhl,B2,Linie B2 Beruf,Kapitel 14 – Weiterbildung,n,Empathy / Compassion,Das Verstehen und Teilen der Gefühle von anderen.,Ein guter Vorgesetzter sollte echtes Mitgefühl zeigen können.,,,,,,,,,,,,,,beruf|Was beim Lernen hilft.|nur Singular,1130
B2-1131,wirken,,,wirken,B2,Linie B2 Beruf,Kapitel 14 – Weiterbildung,v,To seem / appear / have an effect,Einen bestimmten Eindruck machen oder eine Wirkung zeigen.,Die neuen Lernmethoden wirken sehr positiv auf die Noten.,,,,,,,,,,,,,,beruf|Was beim Lernen hilft.,1131
B2-1132,depressiv sein/werden,,,depressiv sein/werden,B2,Linie B2 Beruf,Kapitel 14 – Weiterbildung,v,To be/become depressed,"Eine tiefe, krankhafte Traurigkeit im Geist spüren.","Anhaltender, extremer Stress im Job kann dazu führen, dass Menschen depressiv werden.",,,,,,,,,,,,,,beruf|Was beim Lernen hilft.,1132
